$H ; Home all axes (move to limit switches)
$1=255 ; lock motors
G28.1 ; set new home after homing
G21 ; Set units to Millimeters
G90 ; Set to Absolute Positioning
G17 ; Select XY plane (standard for 2D plotting)
; lift up pen
G94F3000 ; Set feed rate mode to "units per minute"
; starting plotting
G0 X488.9 Y979.3
M3 S1000;put marker down
G4 P0.2
G1 X490.125 Y976.262
G1 X491.8 Y971.5
G1 X491.8 Y971.5
G1 X492.446 Y969.639
G1 X493.403 Y966.984
G1 X494.615 Y963.683
G1 X496.027 Y959.886
G1 X497.583 Y955.741
G1 X499.226 Y951.396
G1 X500.9 Y947.0
G1 X500.9 Y947.0
G1 X502.948 Y941.481
G1 X504.585 Y936.848
G1 X505.8 Y933.138
G1 X506.581 Y930.385
G1 X506.919 Y928.627
G1 X506.8 Y927.9
G1 X506.8 Y927.9
G1 X507.9 Y926.1
G1 X507.9 Y926.1
G1 X510.0 Y925.6
G1 X510.0 Y925.6
G1 X509.788 Y926.84
G1 X509.195 Y929.038
G1 X508.281 Y932.011
G1 X507.112 Y935.577
G1 X505.748 Y939.553
G1 X504.252 Y943.756
G1 X502.687 Y948.003
G1 X501.116 Y952.112
G1 X499.6 Y955.9
G1 X499.6 Y955.9
G1 X498.179 Y959.453
G1 X496.763 Y963.089
G1 X495.425 Y966.625
G1 X494.237 Y969.878
G1 X493.271 Y972.664
G1 X492.6 Y974.8
G1 X492.6 Y974.8
G1 X490.8 Y979.288
G1 X489.3 Y981.0
G1 X489.3 Y981.0
G1 X488.9 Y979.3
M5; lift marker up
G4 P0.08
G0 X496.5 Y977.4
M3 S1000;put marker down
G4 P0.2
G1 X496.926 Y975.884
G1 X497.812 Y973.341
G1 X499.066 Y970.001
G1 X500.593 Y966.092
G1 X502.298 Y961.843
G1 X504.087 Y957.482
G1 X505.866 Y953.238
G1 X507.541 Y949.339
G1 X509.018 Y946.014
G1 X510.202 Y943.492
G1 X511.0 Y942.0
G1 X511.0 Y942.0
G1 X512.752 Y941.381
G1 X514.948 Y944.452
G1 X517.5 Y951.1
G1 X517.5 Y951.1
G1 X519.188 Y956.025
G1 X519.9 Y957.5
G1 X519.9 Y957.5
G1 X519.588 Y955.634
G1 X518.6759999999999 Y952.097
G1 X517.38 Y947.643
G1 X515.9159999999999 Y943.026
G1 X514.5 Y939.0
G1 X514.5 Y939.0
G1 X513.5640000000001 Y936.244
G1 X513.3879999999999 Y933.9
G1 X514.092 Y930.731
G1 X515.8 Y925.5
G1 X515.8 Y925.5
G1 X518.1990000000001 Y918.402
G1 X520.296 Y912.214
G1 X522.123 Y906.858
G1 X523.713 Y902.257
G1 X525.096 Y898.33
G1 X526.306 Y894.999
G1 X527.373 Y892.187
G1 X528.329 Y889.813
G1 X529.206 Y887.801
G1 X530.037 Y886.07
G1 X530.8530000000001 Y884.543
G1 X531.685 Y883.142
G1 X532.566 Y881.786
G1 X533.527 Y880.398
G1 X534.6 Y878.9
G1 X534.6 Y878.9
G1 X534.952 Y878.373
G1 X535.364 Y877.678
G1 X535.837 Y876.812
G1 X536.375 Y875.769
G1 X536.977 Y874.547
G1 X537.6469999999999 Y873.14
G1 X538.385 Y871.546
G1 X539.193 Y869.76
G1 X540.0740000000001 Y867.778
G1 X541.029 Y865.596
G1 X542.059 Y863.209
G1 X543.1659999999999 Y860.615
G1 X544.352 Y857.809
G1 X545.619 Y854.787
G1 X546.9680000000001 Y851.544
G1 X548.4010000000001 Y848.077
G1 X549.9200000000001 Y844.383
G1 X551.5260000000001 Y840.456
G1 X553.221 Y836.292
G1 X555.008 Y831.889
G1 X556.887 Y827.241
G1 X558.86 Y822.345
G1 X560.929 Y817.197
G1 X563.096 Y811.792
G1 X565.3620000000001 Y806.127
G1 X567.73 Y800.198
G1 X570.2 Y794.0
G1 X570.2 Y794.0
G1 X572.227 Y789.012
G1 X574.112 Y784.7
G1 X575.642 Y781.512
G1 X576.6 Y779.9
G1 X576.6 Y779.9
G1 X576.7 Y777.1
G1 X576.7 Y777.1
G1 X577.2 Y776.5
G1 X577.2 Y776.5
G1 X579.812 Y775.338
G1 X581.0 Y771.1
G1 X581.0 Y771.1
G1 X581.9 Y769.0
G1 X581.9 Y769.0
G1 X581.812 Y772.8
G1 X579.4 Y778.1
G1 X579.4 Y778.1
G1 X578.739 Y779.19
G1 X577.615 Y781.522
G1 X576.112 Y784.888
G1 X574.319 Y789.078
G1 X572.319 Y793.885
G1 X570.2 Y799.1
G1 X570.2 Y799.1
G1 X569.2850000000001 Y801.375
G1 X568.267 Y803.901
G1 X567.158 Y806.649
G1 X565.97 Y809.589
G1 X564.7149999999999 Y812.693
G1 X563.405 Y815.93
G1 X562.052 Y819.273
G1 X560.6669999999999 Y822.692
G1 X559.2629999999999 Y826.158
G1 X557.852 Y829.641
G1 X556.4449999999999 Y833.112
G1 X555.054 Y836.543
G1 X553.692 Y839.904
G1 X552.37 Y843.166
G1 X551.1 Y846.3
G1 X551.1 Y846.3
G1 X548.063 Y853.792
G1 X545.633 Y859.836
G1 X543.75 Y864.62
G1 X542.354 Y868.332
G1 X541.3879999999999 Y871.162
G1 X540.79 Y873.3
G1 X540.501 Y874.934
G1 X540.463 Y876.252
G1 X540.616 Y877.445
G1 X540.9 Y878.7
G1 X540.9 Y878.7
G1 X541.588 Y883.562
G1 X539.8 Y879.8
G1 X539.8 Y879.8
G1 X538.3 Y875.5
G1 X538.3 Y875.5
G1 X536.6 Y878.7
G1 X536.6 Y878.7
G1 X534.7 Y882.075
G1 X532.5 Y885.6
G1 X532.5 Y885.6
G1 X530.87 Y888.622
G1 X529.063 Y892.911
G1 X527.5 Y897.6
G1 X527.5 Y897.6
G1 X525.941 Y903.03
G1 X525.559 Y906.237
G1 X526.2 Y908.6
G1 X526.2 Y908.6
G1 X527.421 Y911.15
G1 X528.986 Y913.942
G1 X530.836 Y916.886
G1 X532.913 Y919.893
G1 X535.155 Y922.874
G1 X537.504 Y925.739
G1 X539.9 Y928.4
G1 X539.9 Y928.4
G1 X543.325 Y932.363
G1 X542.4 Y932.2
G1 X542.4 Y932.2
G1 X540.308 Y930.529
G1 X537.9739999999999 Y928.274
G1 X535.52 Y925.585
G1 X533.072 Y922.613
G1 X530.7529999999999 Y919.508
G1 X528.687 Y916.42
G1 X527.0 Y913.5
G1 X527.0 Y913.5
G1 X524.1 Y907.9
G1 X524.1 Y907.9
G1 X522.4 Y911.7
G1 X522.4 Y911.7
G1 X521.5830000000001 Y913.914
G1 X520.438 Y917.113
G1 X519.123 Y920.855
G1 X517.8 Y924.7
G1 X517.8 Y924.7
G1 X514.8 Y934.0
G1 X514.8 Y934.0
G1 X517.6 Y943.7
G1 X517.6 Y943.7
G1 X518.669 Y947.808
G1 X519.55 Y951.738
G1 X520.131 Y955.048
G1 X520.3 Y957.3
G1 X520.3 Y957.3
G1 X520.8 Y960.5
G1 X520.8 Y960.5
G1 X522.6 Y963.7
G1 X522.6 Y963.7
G1 X523.5409999999999 Y966.559
G1 X524.9259999999999 Y970.374
G1 X526.4 Y974.3
G1 X526.4 Y974.3
G1 X527.988 Y979.05
G1 X528.0 Y980.8
G1 X528.0 Y980.8
G1 X527.329 Y979.912
G1 X526.203 Y977.729
G1 X524.752 Y974.57
G1 X523.106 Y970.754
G1 X521.394 Y966.601
G1 X519.748 Y962.43
G1 X518.297 Y958.559
G1 X517.171 Y955.31
G1 X516.5 Y953.0
G1 X516.5 Y953.0
G1 X515.475 Y949.412
G1 X514.0 Y945.6
G1 X514.0 Y945.6
G1 X511.2 Y944.0
G1 X511.2 Y944.0
G1 X510.581 Y945.481
G1 X509.51 Y948.07
G1 X508.09 Y951.51
G1 X506.419 Y955.539
G1 X504.6 Y959.9
G1 X504.6 Y959.9
G1 X502.794 Y964.33
G1 X501.165 Y968.553
G1 X499.819 Y972.291
G1 X498.862 Y975.266
G1 X498.4 Y977.2
G1 X498.4 Y977.2
G1 X496.8 Y981.0
G1 X496.8 Y981.0
G1 X496.5 Y977.4
M5; lift marker up
G4 P0.08
G0 X475.0 Y944.9
M3 S1000;put marker down
G4 P0.2
G1 X479.088 Y941.113
G1 X482.5 Y938.3
G1 X482.5 Y938.3
G1 X484.4 Y936.0
G1 X484.4 Y936.0
G1 X481.7 Y937.363
G1 X476.9 Y940.6
G1 X476.9 Y940.6
G1 X472.412 Y943.688
G1 X473.4 Y942.2
G1 X473.4 Y942.2
G1 X475.047 Y940.685
G1 X477.22 Y939.069
G1 X479.884 Y937.372
G1 X483.0 Y935.616
G1 X486.533 Y933.821
G1 X490.445 Y932.009
G1 X494.7 Y930.2
G1 X494.7 Y930.2
G1 X498.965 Y928.269
G1 X502.652 Y926.185
G1 X505.75 Y923.963
G1 X508.248 Y921.615
G1 X510.135 Y919.156
G1 X511.4 Y916.6
G1 X511.4 Y916.6
G1 X512.505 Y913.326
G1 X513.804 Y909.278
G1 X515.125 Y905.012
G1 X516.296 Y901.089
G1 X517.145 Y898.065
G1 X517.5 Y896.5
G1 X517.5 Y896.5
G1 X519.2 Y893.0
G1 X519.2 Y893.0
G1 X520.685 Y890.507
G1 X523.015 Y886.393
G1 X525.7 Y881.5
G1 X525.7 Y881.5
G1 X527.4780000000001 Y878.386
G1 X529.361 Y875.089
G1 X531.2149999999999 Y871.859
G1 X532.906 Y868.946
G1 X534.3 Y866.6
G1 X534.3 Y866.6
G1 X535.9159999999999 Y863.8
G1 X537.625 Y860.475
G1 X539.222 Y857.038
G1 X540.5 Y853.9
G1 X540.5 Y853.9
G1 X541.692 Y850.642
G1 X543.062 Y846.888
G1 X544.452 Y843.114
G1 X545.7 Y839.8
G1 X545.7 Y839.8
G1 X546.48 Y837.676
G1 X547.578 Y834.833
G1 X548.933 Y831.422
G1 X550.4839999999999 Y827.592
G1 X552.169 Y823.495
G1 X553.929 Y819.281
G1 X555.7 Y815.1
G1 X555.7 Y815.1
G1 X557.653 Y810.382
G1 X559.4590000000001 Y805.959
G1 X561.038 Y802.025
G1 X562.307 Y798.774
G1 X563.188 Y796.401
G1 X563.6 Y795.1
G1 X563.6 Y795.1
G1 X562.9 Y794.2
G1 X562.9 Y794.2
G1 X558.1 Y798.4
G1 X558.1 Y798.4
G1 X556.225 Y799.906
G1 X553.675 Y802.125
G1 X550.788 Y804.756
G1 X547.9 Y807.5
G1 X547.9 Y807.5
G1 X545.781 Y809.487
G1 X543.733 Y811.244
G1 X541.5840000000001 Y812.879
G1 X539.162 Y814.5
G1 X536.296 Y816.215
G1 X532.8109999999999 Y818.131
G1 X528.537 Y820.357
G1 X523.3 Y823.0
G1 X523.3 Y823.0
G1 X517.674 Y825.786
G1 X512.759 Y828.173
G1 X508.857 Y830.027
G1 X506.27 Y831.214
G1 X505.3 Y831.6
G1 X505.3 Y831.6
G1 X505.938 Y831.076
G1 X507.912 Y829.88
G1 X510.915 Y828.178
G1 X514.639 Y826.135
G1 X518.7760000000001 Y823.917
G1 X523.019 Y821.689
G1 X527.059 Y819.616
G1 X530.588 Y817.865
G1 X533.3 Y816.6
G1 X533.3 Y816.6
G1 X535.475 Y815.52
G1 X537.867 Y814.026
G1 X540.575 Y812.038
G1 X543.7 Y809.474
G1 X547.342 Y806.255
G1 X551.6 Y802.3
G1 X551.6 Y802.3
G1 X555.6279999999999 Y798.451
G1 X559.2719999999999 Y794.862
G1 X562.2919999999999 Y791.766
G1 X564.448 Y789.401
G1 X565.5 Y788.0
G1 X565.5 Y788.0
G1 X567.0 Y787.4
G1 X567.0 Y787.4
G1 X566.815 Y789.343
G1 X566.28 Y791.932
G1 X565.4259999999999 Y795.07
G1 X564.28 Y798.655
G1 X562.875 Y802.588
G1 X561.238 Y806.77
G1 X559.4 Y811.1
G1 X559.4 Y811.1
G1 X558.46 Y813.274
G1 X557.443 Y815.67
G1 X556.357 Y818.272
G1 X555.206 Y821.064
G1 X553.999 Y824.029
G1 X552.741 Y827.15
G1 X551.438 Y830.412
G1 X550.096 Y833.799
G1 X548.723 Y837.292
G1 X547.3240000000001 Y840.877
G1 X545.906 Y844.537
G1 X544.475 Y848.255
G1 X543.038 Y852.014
G1 X541.6 Y855.8
G1 X541.6 Y855.8
G1 X540.582 Y858.144
G1 X539.193 Y861.056
G1 X537.525 Y864.35
G1 X535.674 Y867.844
G1 X533.7339999999999 Y871.356
G1 X531.8 Y874.7
G1 X531.8 Y874.7
G1 X529.771 Y878.112
G1 X527.832 Y881.518
G1 X525.992 Y884.905
G1 X524.256 Y888.257
G1 X522.631 Y891.56
G1 X521.124 Y894.798
G1 X519.7429999999999 Y897.956
G1 X518.4929999999999 Y901.021
G1 X517.381 Y903.976
G1 X516.415 Y906.807
G1 X515.6 Y909.5
G1 X515.6 Y909.5
G1 X513.838 Y915.273
G1 X512.15 Y919.538
G1 X510.538 Y922.283
G1 X509.0 Y923.5
G1 X509.0 Y923.5
G1 X505.438 Y926.05
G1 X505.1 Y928.0
G1 X505.1 Y928.0
G1 X505.681 Y928.822
G1 X502.352 Y930.844
G1 X496.2 Y933.4
G1 X496.2 Y933.4
G1 X491.923 Y934.95
G1 X488.552 Y936.33
G1 X485.725 Y937.738
G1 X483.081 Y939.37
G1 X480.26 Y941.425
G1 X476.9 Y944.1
G1 X476.9 Y944.1
G1 X472.696 Y947.463
G1 X472.204 Y947.67
G1 X475.0 Y944.9
M5; lift marker up
G4 P0.08
G0 X494.1 Y932.9
M3 S1000;put marker down
G4 P0.2
G1 X498.47 Y931.215
G1 X501.863 Y929.752
G1 X503.5 Y928.8
G1 X503.5 Y928.8
G1 X502.5 Y928.5
G1 X502.5 Y928.5
G1 X500.485 Y929.256
G1 X497.115 Y930.544
G1 X493.1 Y932.1
G1 X493.1 Y932.1
G1 X486.138 Y934.988
G1 X485.1 Y936.0
G1 X485.1 Y936.0
G1 X487.95 Y935.088
G1 X494.1 Y932.9
M5; lift marker up
G4 P0.08
G0 X499.8 Y913.4
M3 S1000;put marker down
G4 P0.2
G1 X497.0 Y910.9
G1 X497.0 Y910.9
G1 X499.7 Y911.7
G1 X499.7 Y911.7
G1 X502.888 Y913.125
G1 X506.9 Y914.1
G1 X506.9 Y914.1
G1 X511.5 Y914.7
G1 X511.5 Y914.7
G1 X507.0 Y914.8
G1 X507.0 Y914.8
G1 X503.025 Y914.438
G1 X499.8 Y913.4
M5; lift marker up
G4 P0.08
G0 X493.8 Y905.0
M3 S1000;put marker down
G4 P0.2
G1 X491.581 Y902.693
G1 X489.352 Y899.607
G1 X487.3 Y896.1
G1 X485.615 Y892.526
G1 X484.485 Y889.241
G1 X484.1 Y886.6
G1 X484.1 Y886.6
G1 X485.4 Y888.0
G1 X485.4 Y888.0
G1 X486.614 Y891.717
G1 X488.029 Y895.03
G1 X489.727 Y898.066
G1 X491.79 Y900.947
G1 X494.3 Y903.8
G1 X494.3 Y903.8
G1 X497.437 Y907.222
G1 X497.263 Y907.644
G1 X493.8 Y905.0
M5; lift marker up
G4 P0.08
G0 X512.3 Y895.5
M3 S1000;put marker down
G4 P0.2
G1 X510.375 Y892.988
G1 X508.6 Y888.9
G1 X508.6 Y888.9
G1 X507.5 Y885.193
G1 X507.733 Y882.707
G1 X509.5 Y879.4
G1 X509.5 Y879.4
G1 X512.1 Y874.9
G1 X512.1 Y874.9
G1 X509.1 Y872.1
G1 X509.1 Y872.1
G1 X506.437 Y868.57
G1 X506.663 Y865.196
G1 X509.8 Y861.4
G1 X509.8 Y861.4
G1 X513.5889999999999 Y858.341
G1 X516.3779999999999 Y857.259
G1 X518.5 Y858.0
G1 X518.5 Y858.0
G1 X521.5 Y857.6
G1 X521.5 Y857.6
G1 X524.2 Y856.0
G1 X524.2 Y856.0
G1 X522.6 Y858.1
G1 X522.6 Y858.1
G1 X518.7 Y859.1
G1 X518.7 Y859.1
G1 X516.0 Y858.288
G1 X511.2 Y861.9
G1 X511.2 Y861.9
G1 X507.838 Y865.575
G1 X508.0 Y868.5
G1 X508.0 Y868.5
G1 X511.1 Y872.9
G1 X511.1 Y872.9
G1 X513.1 Y874.5
G1 X513.1 Y874.5
G1 X510.4 Y879.8
G1 X510.4 Y879.8
G1 X508.362 Y884.5
G1 X509.4 Y886.8
G1 X509.4 Y886.8
G1 X511.0 Y891.3
G1 X511.0 Y891.3
G1 X513.8 Y895.4
G1 X513.8 Y895.4
G1 X515.5 Y897.0
G1 X515.5 Y897.0
G1 X512.3 Y895.5
M5; lift marker up
G4 P0.08
G0 X534.0 Y861.0
M3 S1000;put marker down
G4 P0.2
G1 X530.8 Y858.0
G1 X530.8 Y858.0
G1 X529.3 Y856.0
G1 X529.3 Y856.0
G1 X532.825 Y857.9
G1 X535.0 Y861.0
G1 X535.0 Y861.0
G1 X534.5 Y862.0
G1 X534.5 Y862.0
G1 X534.0 Y861.0
M5; lift marker up
G4 P0.08
G0 X564.5 Y894.0
M3 S1000;put marker down
G4 P0.2
G1 X567.033 Y892.156
G1 X571.1 Y889.978
G1 X573.5 Y889.2
G1 X573.5 Y889.2
G1 X568.8 Y892.3
G1 X568.8 Y892.3
G1 X564.5 Y894.0
M5; lift marker up
G4 P0.08
G0 X563.9 Y932.8
M3 S1000;put marker down
G4 P0.2
G1 X565.452 Y930.604
G1 X565.915 Y927.963
G1 X565.6 Y923.3
G1 X565.6 Y923.3
G1 X565.1659999999999 Y920.169
G1 X564.525 Y916.625
G1 X563.7719999999999 Y913.119
G1 X563.0 Y910.1
G1 X563.0 Y910.1
G1 X561.6 Y904.988
G1 X561.1 Y901.6
G1 X561.1 Y901.6
G1 X561.399 Y901.048
G1 X562.1089999999999 Y902.685
G1 X563.078 Y905.919
G1 X564.154 Y910.159
G1 X565.185 Y914.813
G1 X566.017 Y919.29
G1 X566.5 Y923.0
G1 X566.5 Y923.0
G1 X566.863 Y928.326
G1 X566.27 Y930.941
G1 X564.3 Y933.0
G1 X564.3 Y933.0
G1 X561.5 Y935.5
G1 X561.5 Y935.5
G1 X563.9 Y932.8
M5; lift marker up
G4 P0.08
G0 X608.1 Y921.8
M3 S1000;put marker down
G4 P0.2
G1 X605.138 Y917.9
G1 X602.1 Y914.6
G1 X602.1 Y914.6
G1 X599.688 Y911.5
G1 X599.0 Y908.1
G1 X599.0 Y908.1
G1 X599.9 Y903.1
G1 X599.9 Y903.1
G1 X600.3 Y906.2
G1 X600.3 Y906.2
G1 X600.174 Y909.474
G1 X601.226 Y911.993
G1 X604.1 Y915.4
G1 X604.1 Y915.4
G1 X608.244 Y920.237
G1 X611.122 Y924.296
G1 X611.6 Y926.0
G1 X611.6 Y926.0
G1 X608.1 Y921.8
M5; lift marker up
G4 P0.08
G0 X611.4 Y916.0
M3 S1000;put marker down
G4 P0.2
G1 X614.0 Y910.5
G1 X614.0 Y910.5
G1 X615.875 Y906.888
G1 X614.9 Y902.9
G1 X614.9 Y902.9
G1 X616.1 Y898.6
G1 X616.1 Y898.6
G1 X616.0 Y900.0
G1 X616.0 Y900.0
G1 X615.9 Y902.8
G1 X615.9 Y902.8
G1 X616.912 Y907.6
G1 X615.0 Y911.5
G1 X615.0 Y911.5
G1 X613.0 Y914.9
G1 X613.0 Y914.9
G1 X611.9 Y918.0
G1 X611.9 Y918.0
G1 X611.4 Y916.0
M5; lift marker up
G4 P0.08
G0 X606.2 Y903.5
M3 S1000;put marker down
G4 P0.2
G1 X604.507 Y901.546
G1 X601.37 Y899.367
G1 X597.358 Y897.265
G1 X593.045 Y895.542
G1 X589.0 Y894.5
G1 X589.0 Y894.5
G1 X585.15 Y893.088
G1 X581.3 Y890.4
G1 X581.3 Y890.4
G1 X577.5 Y886.9
G1 X577.5 Y886.9
G1 X581.0 Y889.4
G1 X581.0 Y889.4
G1 X583.919 Y891.007
G1 X588.081 Y892.793
G1 X592.6 Y894.4
G1 X592.6 Y894.4
G1 X597.067 Y896.019
G1 X600.933 Y897.681
G1 X603.4 Y899.1
G1 X603.4 Y899.1
G1 X606.862 Y902.838
G1 X607.7 Y905.6
G1 X607.7 Y905.6
G1 X606.2 Y903.5
M5; lift marker up
G4 P0.08
G0 X602.5 Y904.0
M3 S1000;put marker down
G4 P0.2
G1 X603.4 Y903.6
G1 X603.4 Y903.6
G1 X604.1 Y905.0
G1 X604.1 Y905.0
G1 X602.5 Y904.0
M5; lift marker up
G4 P0.08
G0 X618.6 Y901.1
M3 S1000;put marker down
G4 P0.2
G1 X619.5 Y899.7
G1 X619.5 Y899.7
G1 X621.207 Y897.352
G1 X621.626 Y893.115
G1 X620.6 Y888.5
G1 X620.6 Y888.5
G1 X619.4 Y884.3
G1 X619.4 Y884.3
G1 X621.35 Y887.975
G1 X623.0 Y893.3
G1 X623.0 Y893.3
G1 X621.9 Y898.3
G1 X621.9 Y898.3
G1 X618.6 Y901.1
M5; lift marker up
G4 P0.08
G0 X635.1 Y885.9
M3 S1000;put marker down
G4 P0.2
G1 X634.1 Y880.6
G1 X634.1 Y880.6
G1 X635.5 Y883.5
G1 X635.5 Y883.5
G1 X636.538 Y888.6
G1 X635.1 Y885.9
M5; lift marker up
G4 P0.08
G0 X632.5 Y874.4
M3 S1000;put marker down
G4 P0.2
G1 X630.975 Y871.0
G1 X628.4 Y868.5
G1 X628.4 Y868.5
G1 X623.893 Y865.581
G1 X623.407 Y865.019
G1 X626.7 Y866.5
G1 X626.7 Y866.5
G1 X631.05 Y869.162
G1 X633.0 Y872.5
G1 X633.0 Y872.5
G1 X633.8 Y877.1
G1 X633.8 Y877.1
G1 X632.5 Y874.4
M5; lift marker up
G4 P0.08
G0 X631.8 Y858.3
M3 S1000;put marker down
G4 P0.2
G1 X635.8 Y858.3
G1 X635.8 Y858.3
G1 X633.5 Y858.7
G1 X633.5 Y858.7
G1 X631.8 Y858.3
M5; lift marker up
G4 P0.08
G0 X625.9 Y856.3
M3 S1000;put marker down
G4 P0.2
G1 X626.5 Y856.0
G1 X626.5 Y856.0
G1 X628.9 Y857.7
G1 X628.9 Y857.7
G1 X628.3 Y858.0
G1 X628.3 Y858.0
G1 X625.9 Y856.3
M5; lift marker up
G4 P0.08
G0 X618.0 Y863.0
M3 S1000;put marker down
G4 P0.2
G1 X617.5 Y862.0
G1 X617.5 Y862.0
G1 X620.0 Y863.0
G1 X620.0 Y863.0
G1 X620.5 Y864.0
G1 X620.5 Y864.0
G1 X618.0 Y863.0
M5; lift marker up
G4 P0.08
G0 X612.7 Y861.3
M3 S1000;put marker down
G4 P0.2
G1 X611.004 Y860.878
G1 X607.263 Y860.456
G1 X602.3 Y860.1
G1 X602.3 Y860.1
G1 X596.844 Y859.63
G1 X593.589 Y859.004
G1 X592.4 Y858.2
G1 X592.4 Y858.2
G1 X592.7 Y858.0
G1 X592.7 Y858.0
G1 X595.25 Y858.7
G1 X600.8 Y859.1
G1 X600.8 Y859.1
G1 X606.406 Y859.495
G1 X612.05 Y860.388
G1 X615.594 Y861.336
G1 X614.9 Y861.9
G1 X614.9 Y861.9
G1 X612.7 Y861.3
M5; lift marker up
G4 P0.08
G0 X601.5 Y849.0
M3 S1000;put marker down
G4 P0.2
G1 X600.1 Y846.6
G1 X600.1 Y846.6
G1 X602.3 Y848.6
G1 X602.3 Y848.6
G1 X601.5 Y849.0
M5; lift marker up
G4 P0.08
G0 X580.9 Y848.3
M3 S1000;put marker down
G4 P0.2
G1 X581.5 Y848.0
G1 X581.5 Y848.0
G1 X583.9 Y849.7
G1 X583.9 Y849.7
G1 X583.3 Y850.0
G1 X583.3 Y850.0
G1 X580.9 Y848.3
M5; lift marker up
G4 P0.08
G0 X587.8 Y823.3
M3 S1000;put marker down
G4 P0.2
G1 X589.7 Y823.4
G1 X589.7 Y823.4
G1 X588.4 Y823.9
G1 X588.4 Y823.9
G1 X587.8 Y823.3
M5; lift marker up
G4 P0.08
G0 X592.3 Y822.3
M3 S1000;put marker down
G4 P0.2
G1 X595.8 Y822.3
G1 X595.8 Y822.3
G1 X594.0 Y822.8
G1 X594.0 Y822.8
G1 X592.3 Y822.3
M5; lift marker up
G4 P0.08
G0 X580.4 Y803.4
M3 S1000;put marker down
G4 P0.2
G1 X582.1 Y798.7
G1 X582.1 Y798.7
G1 X582.7 Y798.6
G1 X582.7 Y798.6
G1 X581.062 Y801.963
G1 X582.2 Y804.8
G1 X582.2 Y804.8
G1 X582.2 Y806.0
G1 X582.2 Y806.0
G1 X580.4 Y803.4
M5; lift marker up
G4 P0.08
G0 X587.6 Y795.7
M3 S1000;put marker down
G4 P0.2
G1 X588.8 Y794.5
G1 X588.8 Y794.5
G1 X588.1 Y796.3
G1 X588.1 Y796.3
G1 X587.6 Y795.7
M5; lift marker up
G4 P0.08
G0 X589.0 Y790.1
M3 S1000;put marker down
G4 P0.2
G1 X591.5 Y788.1
G1 X591.5 Y788.1
G1 X590.4 Y789.8
G1 X590.4 Y789.8
G1 X589.0 Y790.1
M5; lift marker up
G4 P0.08
G0 X585.1 Y761.9
M3 S1000;put marker down
G4 P0.2
G1 X587.4 Y759.7
G1 X587.4 Y759.7
G1 X590.5 Y758.1
G1 X590.5 Y758.1
G1 X594.0 Y756.6
G1 X594.0 Y756.6
G1 X598.9 Y755.1
G1 X598.9 Y755.1
G1 X601.0 Y754.5
G1 X601.0 Y754.5
G1 X598.8 Y757.05
G1 X594.5 Y757.8
G1 X594.5 Y757.8
G1 X591.1 Y759.2
G1 X591.1 Y759.2
G1 X588.1 Y761.0
G1 X588.1 Y761.0
G1 X585.7 Y762.8
G1 X585.7 Y762.8
G1 X585.1 Y761.9
M5; lift marker up
G4 P0.08
G0 X590.0 Y742.9
M3 S1000;put marker down
G4 P0.2
G1 X593.577 Y737.9
G1 X596.198 Y734.628
G1 X598.302 Y732.676
G1 X600.323 Y731.636
G1 X602.7 Y731.1
G1 X602.7 Y731.1
G1 X607.1 Y727.5
G1 X607.1 Y727.5
G1 X607.8 Y724.5
G1 X607.8 Y724.5
G1 X607.9 Y727.6
G1 X607.9 Y727.6
G1 X606.688 Y731.725
G1 X602.4 Y733.0
G1 X602.4 Y733.0
G1 X599.93 Y733.504
G1 X597.37 Y735.83
G1 X593.3 Y741.2
G1 X593.3 Y741.2
G1 X590.193 Y745.363
G1 X587.641 Y748.437
G1 X586.2 Y749.8
G1 X586.2 Y749.8
G1 X586.75 Y747.925
G1 X590.0 Y742.9
M5; lift marker up
G4 P0.08
G0 X565.5 Y753.0
M3 S1000;put marker down
G4 P0.2
G1 X563.1 Y752.5
G1 X563.1 Y752.5
G1 X557.6 Y750.3
G1 X557.6 Y750.3
G1 X558.6 Y750.1
G1 X558.6 Y750.1
G1 X564.1 Y751.6
G1 X564.1 Y751.6
G1 X569.1 Y749.8
G1 X569.1 Y749.8
G1 X570.7 Y748.4
G1 X570.7 Y748.4
G1 X569.562 Y751.463
G1 X567.0 Y754.0
G1 X567.0 Y754.0
G1 X565.5 Y753.0
M5; lift marker up
G4 P0.08
G0 X550.6 Y741.9
M3 S1000;put marker down
G4 P0.2
G1 X548.971 Y741.439
G1 X546.977 Y740.735
G1 X544.656 Y739.81
G1 X542.047 Y738.684
G1 X539.1890000000001 Y737.377
G1 X536.119 Y735.911
G1 X532.876 Y734.306
G1 X529.498 Y732.583
G1 X526.025 Y730.762
G1 X522.494 Y728.865
G1 X518.9449999999999 Y726.911
G1 X515.415 Y724.922
G1 X511.943 Y722.918
G1 X508.567 Y720.92
G1 X505.327 Y718.949
G1 X502.26 Y717.024
G1 X499.405 Y715.168
G1 X496.8 Y713.4
G1 X496.8 Y713.4
G1 X492.925 Y710.651
G1 X489.125 Y707.921
G1 X485.438 Y705.239
G1 X481.9 Y702.633
G1 X478.55 Y700.132
G1 X475.425 Y697.762
G1 X472.562 Y695.554
G1 X470.0 Y693.533
G1 X467.775 Y691.73
G1 X465.925 Y690.171
G1 X464.488 Y688.885
G1 X463.5 Y687.9
G1 X463.5 Y687.9
G1 X462.051 Y686.319
G1 X461.511 Y685.589
G1 X462.338 Y686.025
G1 X464.989 Y687.944
G1 X469.924 Y691.664
G1 X477.6 Y697.5
G1 X477.6 Y697.5
G1 X480.559 Y699.755
G1 X483.776 Y702.169
G1 X487.114 Y704.645
G1 X490.441 Y707.084
G1 X493.62 Y709.388
G1 X496.518 Y711.459
G1 X499.0 Y713.2
G1 X499.0 Y713.2
G1 X501.474 Y714.87
G1 X504.217 Y716.638
G1 X507.187 Y718.484
G1 X510.342 Y720.383
G1 X513.64 Y722.313
G1 X517.037 Y724.251
G1 X520.492 Y726.175
G1 X523.962 Y728.062
G1 X527.406 Y729.89
G1 X530.78 Y731.635
G1 X534.043 Y733.274
G1 X537.152 Y734.786
G1 X540.0640000000001 Y736.147
G1 X542.738 Y737.335
G1 X545.13 Y738.327
G1 X547.2 Y739.1
G1 X547.2 Y739.1
G1 X553.356 Y741.338
G1 X556.025 Y742.6
G1 X555.131 Y742.812
G1 X550.6 Y741.9
M5; lift marker up
G4 P0.08
G0 X550.8 Y729.9
M3 S1000;put marker down
G4 P0.2
G1 X549.1 Y726.9
G1 X550.1 Y723.0
G1 X550.1 Y723.0
G1 X550.5 Y724.7
G1 X550.5 Y724.7
G1 X552.1 Y729.0
G1 X552.1 Y729.0
G1 X557.9 Y729.6
G1 X557.9 Y729.6
G1 X560.0 Y730.0
G1 X560.0 Y730.0
G1 X555.475 Y730.925
G1 X550.8 Y729.9
M5; lift marker up
G4 P0.08
G0 X538.6 Y719.4
M3 S1000;put marker down
G4 P0.2
G1 X538.5 Y717.2
G1 X538.5 Y717.2
G1 X539.0 Y717.9
G1 X539.0 Y717.9
G1 X541.3 Y720.0
G1 X541.3 Y720.0
G1 X541.4 Y720.9
G1 X541.4 Y720.9
G1 X538.6 Y719.4
M5; lift marker up
G4 P0.08
G0 X528.0 Y717.5
M3 S1000;put marker down
G4 P0.2
G1 X527.4 Y715.3
G1 X527.4 Y715.3
G1 X528.0 Y715.9
G1 X528.0 Y715.9
G1 X530.3 Y718.0
G1 X530.3 Y718.0
G1 X530.9 Y718.9
G1 X530.9 Y718.9
G1 X528.0 Y717.5
M5; lift marker up
G4 P0.08
G0 X522.8 Y688.3
M3 S1000;put marker down
G4 P0.2
G1 X525.3 Y688.3
G1 X525.3 Y688.3
G1 X524.0 Y688.8
G1 X524.0 Y688.8
G1 X522.8 Y688.3
M5; lift marker up
G4 P0.08
G0 X516.2 Y688.8
M3 S1000;put marker down
G4 P0.2
G1 X515.0 Y686.1
G1 X515.0 Y686.1
G1 X516.8 Y686.6
G1 X516.8 Y686.6
G1 X520.0 Y689.3
G1 X520.0 Y689.3
G1 X519.5 Y689.9
G1 X519.5 Y689.9
G1 X516.2 Y688.8
M5; lift marker up
G4 P0.08
G0 X511.0 Y677.7
M3 S1000;put marker down
G4 P0.2
G1 X508.148 Y673.889
G1 X507.452 Y670.878
G1 X508.4 Y666.6
G1 X508.4 Y666.6
G1 X509.267 Y662.887
G1 X509.767 Y659.093
G1 X509.9 Y655.288
G1 X509.667 Y651.541
G1 X509.067 Y647.922
G1 X508.1 Y644.5
G1 X508.1 Y644.5
G1 X506.707 Y639.944
G1 X507.026 Y639.456
G1 X508.9 Y643.3
G1 X508.9 Y643.3
G1 X510.192 Y646.749
G1 X511.067 Y650.289
G1 X511.525 Y653.912
G1 X511.567 Y657.611
G1 X511.192 Y661.376
G1 X510.4 Y665.2
G1 X510.4 Y665.2
G1 X508.6 Y671.9
G1 X508.6 Y671.9
G1 X511.5 Y676.0
G1 X511.5 Y676.0
G1 X513.8 Y680.262
G1 X511.0 Y677.7
M5; lift marker up
G4 P0.08
G0 X490.2 Y668.7
M3 S1000;put marker down
G4 P0.2
G1 X488.15 Y665.375
G1 X489.7 Y662.5
G1 X489.7 Y662.5
G1 X489.7 Y658.1
G1 X489.7 Y658.1
G1 X490.7 Y652.8
G1 X490.7 Y652.8
G1 X493.3 Y650.2
G1 X493.3 Y650.2
G1 X489.4 Y648.3
G1 X489.4 Y648.3
G1 X486.15 Y646.162
G1 X485.6 Y642.9
G1 X485.6 Y642.9
G1 X485.7 Y639.3
G1 X485.7 Y639.3
G1 X482.1 Y640.6
G1 X482.1 Y640.6
G1 X479.317 Y641.412
G1 X475.467 Y642.363
G1 X471.15 Y643.325
G1 X466.967 Y644.17
G1 X463.517 Y644.771
G1 X461.4 Y645.0
G1 X461.4 Y645.0
G1 X460.07 Y644.622
G1 X462.83 Y643.578
G1 X469.3 Y642.0
G1 X469.3 Y642.0
G1 X476.605 Y640.35
G1 X481.442 Y639.123
G1 X484.298 Y638.141
G1 X485.655 Y637.226
G1 X486.0 Y636.2
G1 X486.0 Y636.2
G1 X487.0 Y636.2
G1 X487.0 Y636.2
G1 X487.0 Y640.6
G1 X487.0 Y640.6
G1 X486.65 Y644.812
G1 X490.5 Y647.6
G1 X490.5 Y647.6
G1 X493.8 Y650.025
G1 X492.0 Y653.5
G1 X492.0 Y653.5
G1 X491.1 Y658.4
G1 X491.1 Y658.4
G1 X490.5 Y663.1
G1 X490.5 Y663.1
G1 X489.512 Y666.55
G1 X493.1 Y669.7
G1 X493.1 Y669.7
G1 X493.9 Y671.0
G1 X493.9 Y671.0
G1 X490.2 Y668.7
M5; lift marker up
G4 P0.08
G0 X467.6 Y681.1
M3 S1000;put marker down
G4 P0.2
G1 X466.2 Y677.3
G1 X466.2 Y677.3
G1 X471.4 Y676.0
G1 X471.4 Y676.0
G1 X470.6 Y676.4
G1 X470.6 Y676.4
G1 X468.7 Y680.2
G1 X468.7 Y680.2
G1 X469.8 Y682.5
G1 X469.8 Y682.5
G1 X467.6 Y681.1
M5; lift marker up
G4 P0.08
G0 X468.0 Y718.7
M3 S1000;put marker down
G4 P0.2
G1 X469.4 Y715.575
G1 X472.3 Y714.1
G1 X472.3 Y714.1
G1 X474.5 Y714.1
G1 X474.5 Y714.1
G1 X472.3 Y715.0
G1 X472.3 Y715.0
G1 X469.1 Y717.7
G1 X469.1 Y717.7
G1 X468.0 Y718.7
M5; lift marker up
G4 P0.08
G0 X466.1 Y735.1
M3 S1000;put marker down
G4 P0.2
G1 X464.296 Y732.07
G1 X464.47 Y728.73
G1 X466.6 Y725.3
G1 X466.6 Y725.3
G1 X469.2 Y722.5
G1 X469.2 Y722.5
G1 X467.6 Y725.3
G1 X467.6 Y725.3
G1 X466.2 Y731.3
G1 X466.2 Y731.3
G1 X470.7 Y734.5
G1 X470.7 Y734.5
G1 X474.088 Y735.088
G1 X470.8 Y736.5
G1 X470.8 Y736.5
G1 X466.1 Y735.1
M5; lift marker up
G4 P0.08
G0 X484.2 Y738.8
M3 S1000;put marker down
G4 P0.2
G1 X483.0 Y735.7
G1 X483.0 Y735.7
G1 X481.5 Y734.4
G1 X481.5 Y734.4
G1 X480.0 Y734.0
G1 X480.0 Y734.0
G1 X481.9 Y733.0
G1 X481.9 Y733.0
G1 X484.4 Y736.0
G1 X484.4 Y736.0
G1 X486.888 Y739.038
G1 X490.2 Y736.3
G1 X490.2 Y736.3
G1 X494.5 Y733.7
G1 X494.5 Y733.7
G1 X498.7 Y732.8
G1 X498.7 Y732.8
G1 X500.0 Y732.8
G1 X500.0 Y732.8
G1 X494.3 Y734.6
G1 X494.3 Y734.6
G1 X490.8 Y737.0
G1 X490.8 Y737.0
G1 X487.612 Y739.85
G1 X484.2 Y738.8
M5; lift marker up
G4 P0.08
G0 X484.1 Y752.6
M3 S1000;put marker down
G4 P0.2
G1 X490.0 Y751.7
G1 X490.0 Y751.7
G1 X493.0 Y752.0
G1 X493.0 Y752.0
G1 X487.312 Y752.863
G1 X484.1 Y752.6
M5; lift marker up
G4 P0.08
G0 X498.3 Y750.3
M3 S1000;put marker down
G4 P0.2
G1 X501.3 Y750.3
G1 X501.3 Y750.3
G1 X499.5 Y750.8
G1 X499.5 Y750.8
G1 X498.3 Y750.3
M5; lift marker up
G4 P0.08
G0 X503.8 Y751.3
M3 S1000;put marker down
G4 P0.2
G1 X506.3 Y751.3
G1 X506.3 Y751.3
G1 X505.0 Y751.8
G1 X505.0 Y751.8
G1 X503.8 Y751.3
M5; lift marker up
G4 P0.08
G0 X514.0 Y751.5
M3 S1000;put marker down
G4 P0.2
G1 X517.77 Y750.785
G1 X521.363 Y750.315
G1 X524.0 Y750.2
G1 X524.0 Y750.2
G1 X523.0 Y751.0
G1 X523.0 Y751.0
G1 X519.963 Y751.448
G1 X516.37 Y751.919
G1 X513.0 Y752.3
G1 X513.0 Y752.3
G1 X507.5 Y752.9
G1 X507.5 Y752.9
G1 X514.0 Y751.5
M5; lift marker up
G4 P0.08
G0 X529.5 Y749.4
M3 S1000;put marker down
G4 P0.2
G1 X534.7149999999999 Y748.907
G1 X539.485 Y748.859
G1 X541.3 Y749.3
G1 X541.3 Y749.3
G1 X539.062 Y749.75
G1 X534.2 Y749.9
G1 X534.2 Y749.9
G1 X529.5 Y749.4
M5; lift marker up
G4 P0.08
G0 X461.0 Y756.0
M3 S1000;put marker down
G4 P0.2
G1 X464.5 Y755.0
G1 X464.5 Y755.0
G1 X466.604 Y754.726
G1 X470.196 Y754.007
G1 X474.5 Y753.0
G1 X474.5 Y753.0
G1 X479.952 Y751.795
G1 X482.562 Y751.463
G1 X481.967 Y751.973
G1 X477.8 Y753.3
G1 X477.8 Y753.3
G1 X471.56 Y754.944
G1 X466.328 Y756.108
G1 X462.536 Y756.72
G1 X460.616 Y756.708
G1 X461.0 Y756.0
M5; lift marker up
G4 P0.08
G0 X466.2 Y839.8
M3 S1000;put marker down
G4 P0.2
G1 X466.871 Y838.991
G1 X468.39 Y837.807
G1 X470.642 Y836.31
G1 X473.517 Y834.562
G1 X476.9 Y832.625
G1 X480.679 Y830.562
G1 X484.742 Y828.436
G1 X488.974 Y826.309
G1 X493.265 Y824.243
G1 X497.5 Y822.3
G1 X497.5 Y822.3
G1 X501.194 Y820.6
G1 X504.956 Y818.767
G1 X508.6 Y816.9
G1 X511.944 Y815.1
G1 X514.806 Y813.467
G1 X517.0 Y812.1
G1 X517.0 Y812.1
G1 X519.4449999999999 Y810.46
G1 X522.302 Y808.532
G1 X525.338 Y806.484
G1 X528.315 Y804.484
G1 X531.0 Y802.7
G1 X531.0 Y802.7
G1 X533.355 Y801.025
G1 X535.933 Y799.037
G1 X538.678 Y796.788
G1 X541.533 Y794.33
G1 X544.443 Y791.716
G1 X547.35 Y789.0
G1 X550.1990000000001 Y786.234
G1 X552.933 Y783.47
G1 X555.4970000000001 Y780.762
G1 X557.8330000000001 Y778.163
G1 X559.886 Y775.725
G1 X561.6 Y773.5
G1 X561.6 Y773.5
G1 X565.119 Y769.067
G1 X565.748 Y769.167
G1 X563.6 Y773.8
G1 X563.6 Y773.8
G1 X562.533 Y775.605
G1 X561.031 Y777.709
G1 X559.146 Y780.059
G1 X556.934 Y782.601
G1 X554.448 Y785.282
G1 X551.7429999999999 Y788.05
G1 X548.8720000000001 Y790.852
G1 X545.89 Y793.634
G1 X542.85 Y796.344
G1 X539.808 Y798.928
G1 X536.815 Y801.335
G1 X533.928 Y803.509
G1 X531.2 Y805.4
G1 X531.2 Y805.4
G1 X527.905 Y807.63
G1 X524.5419999999999 Y809.893
G1 X521.358 Y812.031
G1 X518.595 Y813.886
G1 X516.5 Y815.3
G1 X516.5 Y815.3
G1 X514.329 Y816.656
G1 X511.25 Y818.348
G1 X507.558 Y820.232
G1 X503.543 Y822.164
G1 X499.5 Y824.0
G1 X499.5 Y824.0
G1 X495.434 Y825.786
G1 X491.353 Y827.683
G1 X487.555 Y829.537
G1 X484.338 Y831.194
G1 X482.0 Y832.5
G1 X482.0 Y832.5
G1 X478.13 Y834.766
G1 X474.083 Y837.047
G1 X470.401 Y839.045
G1 X467.626 Y840.462
G1 X466.3 Y841.0
G1 X466.3 Y841.0
G1 X466.2 Y839.8
M5; lift marker up
G4 P0.08
G0 X472.0 Y848.7
M3 S1000;put marker down
G4 P0.2
G1 X475.0 Y846.767
G1 X479.0 Y844.9
G1 X481.0 Y844.5
G1 X481.0 Y844.5
G1 X475.8 Y847.6
G1 X475.8 Y847.6
G1 X472.0 Y848.7
M5; lift marker up
G4 P0.08
G0 X618.7 Y936.5
M3 S1000;put marker down
G4 P0.2
G1 X614.141 Y934.844
G1 X610.493 Y932.922
G1 X609.0 Y931.4
G1 X609.0 Y931.4
G1 X611.4 Y932.3
G1 X611.4 Y932.3
G1 X613.933 Y933.605
G1 X617.23 Y934.774
G1 X620.988 Y935.738
G1 X624.904 Y936.426
G1 X628.675 Y936.77
G1 X632.0 Y936.7
G1 X632.0 Y936.7
G1 X636.0 Y937.0
G1 X636.0 Y937.0
G1 X633.942 Y937.639
G1 X630.645 Y937.89
G1 X626.647 Y937.77
G1 X622.486 Y937.301
G1 X618.7 Y936.5
M5; lift marker up
G4 P0.08
G0 X696.3 Y978.8
M3 S1000;put marker down
G4 P0.2
G1 X696.673 Y976.823
G1 X697.412 Y973.188
G1 X698.395 Y968.408
G1 X699.5 Y963.0
G1 X699.5 Y963.0
G1 X700.277 Y959.085
G1 X701.069 Y955.172
G1 X701.873 Y951.266
G1 X702.687 Y947.375
G1 X703.511 Y943.505
G1 X704.343 Y939.663
G1 X705.18 Y935.856
G1 X706.022 Y932.091
G1 X706.865 Y928.374
G1 X707.71 Y924.712
G1 X708.554 Y921.112
G1 X709.395 Y917.581
G1 X710.232 Y914.125
G1 X711.063 Y910.751
G1 X711.887 Y907.467
G1 X712.701 Y904.277
G1 X713.504 Y901.191
G1 X714.295 Y898.213
G1 X715.071 Y895.352
G1 X715.832 Y892.613
G1 X716.574 Y890.003
G1 X717.298 Y887.53
G1 X718.0 Y885.2
G1 X718.0 Y885.2
G1 X718.426 Y883.727
G1 X718.921 Y881.849
G1 X719.476 Y879.602
G1 X720.086 Y877.019
G1 X720.744 Y874.134
G1 X721.442 Y870.982
G1 X722.173 Y867.596
G1 X722.931 Y864.01
G1 X723.709 Y860.258
G1 X724.5 Y856.375
G1 X725.297 Y852.394
G1 X726.093 Y848.35
G1 X726.881 Y844.277
G1 X727.654 Y840.208
G1 X728.406 Y836.178
G1 X729.13 Y832.221
G1 X729.818 Y828.37
G1 X730.463 Y824.661
G1 X731.06 Y821.126
G1 X731.6 Y817.8
G1 X731.6 Y817.8
G1 X732.498 Y811.681
G1 X732.788 Y807.775
G1 X732.458 Y804.806
G1 X731.5 Y801.5
G1 X731.5 Y801.5
G1 X730.45 Y796.812
G1 X730.3 Y793.4
G1 X730.3 Y793.4
G1 X730.378 Y792.398
G1 X730.368 Y790.87
G1 X730.275 Y788.865
G1 X730.105 Y786.429
G1 X729.864 Y783.609
G1 X729.557 Y780.455
G1 X729.19 Y777.012
G1 X728.768 Y773.329
G1 X728.296 Y769.453
G1 X727.78 Y765.432
G1 X727.226 Y761.313
G1 X726.638 Y757.143
G1 X726.024 Y752.97
G1 X725.387 Y748.842
G1 X724.734 Y744.806
G1 X724.07 Y740.909
G1 X723.4 Y737.2
G1 X723.4 Y737.2
G1 X720.2 Y735.6
G1 X720.2 Y735.6
G1 X715.5 Y737.6
G1 X715.5 Y737.6
G1 X710.875 Y738.963
G1 X706.4 Y737.4
G1 X706.4 Y737.4
G1 X706.5 Y736.5
G1 X706.5 Y736.5
G1 X711.625 Y737.725
G1 X715.1 Y736.7
G1 X715.1 Y736.7
G1 X721.0 Y734.5
G1 X721.0 Y734.5
G1 X726.4 Y735.9
G1 X726.4 Y735.9
G1 X729.137 Y737.585
G1 X732.63 Y737.981
G1 X736.1 Y737.0
G1 X736.1 Y737.0
G1 X738.0 Y731.6
G1 X738.0 Y731.6
G1 X738.512 Y727.725
G1 X741.2 Y726.1
G1 X741.2 Y726.1
G1 X744.7 Y725.4
G1 X744.7 Y725.4
G1 X742.1 Y726.8
G1 X742.1 Y726.8
G1 X739.463 Y728.45
G1 X739.0 Y732.5
G1 X739.0 Y732.5
G1 X738.475 Y736.638
G1 X735.4 Y738.6
G1 X735.4 Y738.6
G1 X731.963 Y739.575
G1 X728.9 Y738.6
G1 X728.9 Y738.6
G1 X727.356 Y737.906
G1 X726.415 Y737.952
G1 X726.062 Y739.225
G1 X726.285 Y742.215
G1 X727.069 Y747.41
G1 X728.4 Y755.3
G1 X728.4 Y755.3
G1 X729.142 Y759.836
G1 X729.836 Y764.388
G1 X730.472 Y768.873
G1 X731.041 Y773.209
G1 X731.534 Y777.312
G1 X731.943 Y781.099
G1 X732.258 Y784.488
G1 X732.47 Y787.396
G1 X732.571 Y789.739
G1 X732.55 Y791.434
G1 X732.4 Y792.4
G1 X732.4 Y792.4
G1 X732.45 Y795.038
G1 X733.4 Y799.4
G1 X733.4 Y799.4
G1 X733.948 Y801.329
G1 X734.385 Y803.056
G1 X734.698 Y804.716
G1 X734.878 Y806.444
G1 X734.911 Y808.377
G1 X734.788 Y810.65
G1 X734.495 Y813.398
G1 X734.022 Y816.756
G1 X733.358 Y820.859
G1 X732.49 Y825.844
G1 X731.408 Y831.846
G1 X730.1 Y839.0
G1 X730.1 Y839.0
G1 X729.49 Y842.205
G1 X728.825 Y845.575
G1 X728.115 Y849.075
G1 X727.366 Y852.673
G1 X726.585 Y856.337
G1 X725.779 Y860.032
G1 X724.957 Y863.727
G1 X724.125 Y867.388
G1 X723.291 Y870.981
G1 X722.461 Y874.476
G1 X721.644 Y877.837
G1 X720.847 Y881.033
G1 X720.076 Y884.03
G1 X719.34 Y886.796
G1 X718.646 Y889.297
G1 X718.0 Y891.5
G1 X718.0 Y891.5
G1 X717.313 Y893.893
G1 X716.554 Y896.651
G1 X715.734 Y899.728
G1 X714.864 Y903.076
G1 X713.956 Y906.649
G1 X713.02 Y910.4
G1 X712.068 Y914.281
G1 X711.11 Y918.247
G1 X710.158 Y922.249
G1 X709.223 Y926.242
G1 X708.316 Y930.178
G1 X707.448 Y934.011
G1 X706.63 Y937.693
G1 X705.874 Y941.178
G1 X705.19 Y944.418
G1 X704.589 Y947.368
G1 X704.083 Y949.979
G1 X703.683 Y952.205
G1 X703.4 Y954.0
G1 X703.4 Y954.0
G1 X702.945 Y956.617
G1 X702.238 Y960.388
G1 X701.361 Y964.814
G1 X700.4 Y969.4
G1 X700.4 Y969.4
G1 X699.2 Y974.952
G1 X698.333 Y979.015
G1 X698.0 Y980.7
G1 X698.0 Y980.7
G1 X696.9 Y981.0
G1 X696.9 Y981.0
G1 X696.3 Y978.8
M5; lift marker up
G4 P0.08
G0 X702.5 Y978.8
M3 S1000;put marker down
G4 P0.2
G1 X702.815 Y977.533
G1 X703.422 Y975.163
G1 X704.262 Y971.888
G1 X705.278 Y967.904
G1 X706.41 Y963.409
G1 X707.6 Y958.6
G1 X707.6 Y958.6
G1 X708.796 Y953.934
G1 X709.881 Y949.917
G1 X710.9 Y946.419
G1 X711.896 Y943.311
G1 X712.915 Y940.464
G1 X714.0 Y937.748
G1 X715.196 Y935.035
G1 X716.548 Y932.196
G1 X718.1 Y929.1
G1 X718.1 Y929.1
G1 X720.941 Y923.738
G1 X722.659 Y920.807
G1 X723.25 Y920.238
G1 X722.707 Y921.959
G1 X721.026 Y925.903
G1 X718.2 Y932.0
G1 X718.2 Y932.0
G1 X717.173 Y934.312
G1 X716.154 Y936.798
G1 X715.137 Y939.485
G1 X714.115 Y942.399
G1 X713.081 Y945.567
G1 X712.03 Y949.015
G1 X710.953 Y952.769
G1 X709.846 Y956.855
G1 X708.7 Y961.3
G1 X708.7 Y961.3
G1 X707.36 Y966.509
G1 X706.078 Y971.207
G1 X704.912 Y975.2
G1 X703.922 Y978.293
G1 X703.165 Y980.291
G1 X702.7 Y981.0
G1 X702.7 Y981.0
G1 X702.5 Y978.8
M5; lift marker up
G4 P0.08
G0 X719.1 Y912.4
M3 S1000;put marker down
G4 P0.2
G1 X719.7 Y911.8
G1 X719.7 Y911.8
G1 X719.6 Y913.7
G1 X719.6 Y913.7
G1 X719.1 Y912.4
M5; lift marker up
G4 P0.08
G0 X734.9 Y883.8
M3 S1000;put marker down
G4 P0.2
G1 X736.375 Y878.963
G1 X737.4 Y874.8
G1 X737.4 Y874.8
G1 X739.1 Y871.0
G1 X739.1 Y871.0
G1 X739.7 Y872.8
G1 X739.7 Y872.8
G1 X738.147 Y878.286
G1 X736.758 Y882.779
G1 X735.574 Y886.149
G1 X734.641 Y888.266
G1 X734.0 Y889.0
G1 X734.0 Y889.0
G1 X734.9 Y883.8
M5; lift marker up
G4 P0.08
G0 X744.7 Y855.3
M3 S1000;put marker down
G4 P0.2
G1 X744.996 Y853.259
G1 X746.137 Y848.774
G1 X747.9 Y842.8
G1 X747.9 Y842.8
G1 X750.348 Y835.304
G1 X751.752 Y832.496
G1 X752.8 Y833.0
G1 X752.8 Y833.0
G1 X756.3 Y835.0
G1 X756.3 Y835.0
G1 X759.9 Y837.8
G1 X759.9 Y837.8
G1 X761.1 Y840.5
G1 X761.1 Y840.5
G1 X759.1 Y838.0
G1 X759.1 Y838.0
G1 X756.45 Y836.312
G1 X756.8 Y839.5
G1 X756.8 Y839.5
G1 X757.475 Y841.863
G1 X755.0 Y838.3
G1 X755.0 Y838.3
G1 X752.8 Y834.6
G1 X752.8 Y834.6
G1 X751.4 Y837.9
G1 X751.4 Y837.9
G1 X750.345 Y840.838
G1 X749.126 Y844.799
G1 X747.966 Y848.981
G1 X747.083 Y852.582
G1 X746.7 Y854.8
G1 X746.7 Y854.8
G1 X744.7 Y855.3
M5; lift marker up
G4 P0.08
G0 X768.9 Y863.3
M3 S1000;put marker down
G4 P0.2
G1 X766.053 Y858.463
G1 X763.422 Y853.77
G1 X761.175 Y849.55
G1 X759.478 Y846.13
G1 X758.497 Y843.837
G1 X758.4 Y843.0
G1 X758.4 Y843.0
G1 X759.178 Y844.016
G1 X761.025 Y846.775
G1 X763.659 Y850.847
G1 X766.8 Y855.8
G1 X766.8 Y855.8
G1 X770.001 Y861.002
G1 X772.578 Y865.452
G1 X774.488 Y869.062
G1 X775.689 Y871.748
G1 X776.14 Y873.423
G1 X775.8 Y874.0
G1 X775.8 Y874.0
G1 X774.678 Y872.537
G1 X772.222 Y868.696
G1 X768.9 Y863.3
M5; lift marker up
G4 P0.08
G0 X770.0 Y838.6
M3 S1000;put marker down
G4 P0.2
G1 X771.8 Y836.9
G1 X771.8 Y836.9
G1 X772.1 Y837.3
G1 X772.1 Y837.3
G1 X770.0 Y838.6
M5; lift marker up
G4 P0.08
G0 X794.5 Y830.0
M3 S1000;put marker down
G4 P0.2
G1 X791.8 Y827.0
G1 X791.8 Y827.0
G1 X791.0 Y825.5
G1 X791.0 Y825.5
G1 X789.7 Y822.704
G1 X786.733 Y820.13
G1 X783.5 Y819.0
G1 X783.5 Y819.0
G1 X779.3 Y821.0
G1 X779.3 Y821.0
G1 X776.8 Y822.796
G1 X773.7 Y821.704
G1 X768.8 Y817.3
G1 X768.8 Y817.3
G1 X764.955 Y813.745
G1 X763.238 Y812.788
G1 X763.752 Y814.361
G1 X766.6 Y818.4
G1 X766.6 Y818.4
G1 X769.7 Y823.6
G1 X769.7 Y823.6
G1 X768.213 Y822.58
G1 X765.525 Y819.412
G1 X762.725 Y815.514
G1 X760.9 Y812.3
G1 X760.9 Y812.3
G1 X760.508 Y811.085
G1 X759.982 Y809.215
G1 X759.339 Y806.769
G1 X758.597 Y803.822
G1 X757.774 Y800.452
G1 X756.889 Y796.736
G1 X755.958 Y792.752
G1 X755.0 Y788.575
G1 X754.033 Y784.284
G1 X753.074 Y779.954
G1 X752.141 Y775.664
G1 X751.253 Y771.491
G1 X750.427 Y767.51
G1 X749.681 Y763.8
G1 X749.033 Y760.438
G1 X748.5 Y757.5
G1 X748.5 Y757.5
G1 X747.54 Y751.66
G1 X746.763 Y746.147
G1 X746.171 Y741.059
G1 X745.766 Y736.494
G1 X745.55 Y732.55
G1 X745.526 Y729.326
G1 X745.697 Y726.921
G1 X746.065 Y725.433
G1 X746.632 Y724.96
G1 X747.4 Y725.6
G1 X747.4 Y725.6
G1 X749.162 Y726.225
G1 X753.1 Y723.1
G1 X753.1 Y723.1
G1 X756.512 Y720.275
G1 X758.5 Y719.1
G1 X758.5 Y719.1
G1 X757.178 Y721.048
G1 X753.056 Y724.952
G1 X749.2 Y727.9
G1 X749.2 Y727.9
G1 X747.8 Y733.6
G1 X747.8 Y733.6
G1 X748.009 Y736.42
G1 X748.364 Y739.823
G1 X748.843 Y743.682
G1 X749.423 Y747.872
G1 X750.083 Y752.264
G1 X750.799 Y756.732
G1 X751.55 Y761.15
G1 X752.313 Y765.39
G1 X753.066 Y769.326
G1 X753.787 Y772.83
G1 X754.453 Y775.777
G1 X755.042 Y778.038
G1 X755.532 Y779.488
G1 X755.9 Y780.0
G1 X755.9 Y780.0
G1 X757.112 Y777.275
G1 X759.0 Y770.8
G1 X759.0 Y770.8
G1 X759.594 Y768.573
G1 X760.38 Y765.792
G1 X761.322 Y762.568
G1 X762.388 Y759.012
G1 X763.542 Y755.237
G1 X764.752 Y751.352
G1 X765.982 Y747.469
G1 X767.2 Y743.7
G1 X767.2 Y743.7
G1 X768.791 Y738.833
G1 X770.226 Y734.263
G1 X771.45 Y730.188
G1 X772.407 Y726.804
G1 X773.043 Y724.309
G1 X773.3 Y722.9
G1 X773.3 Y722.9
G1 X776.6 Y720.6
G1 X776.6 Y720.6
G1 X780.925 Y719.838
G1 X783.0 Y716.9
G1 X783.0 Y716.9
G1 X786.5 Y717.0
G1 X786.5 Y717.0
G1 X785.7 Y717.4
G1 X785.7 Y717.4
G1 X782.7 Y719.4
G1 X782.7 Y719.4
G1 X777.8 Y722.2
G1 X777.8 Y722.2
G1 X774.85 Y723.325
G1 X773.4 Y728.5
G1 X773.4 Y728.5
G1 X772.79 Y731.006
G1 X771.859 Y734.361
G1 X770.693 Y738.263
G1 X769.378 Y742.41
G1 X768.0 Y746.5
G1 X768.0 Y746.5
G1 X766.986 Y749.573
G1 X765.864 Y753.036
G1 X764.683 Y756.741
G1 X763.496 Y760.538
G1 X762.353 Y764.28
G1 X761.304 Y767.817
G1 X760.4 Y771.0
G1 X760.4 Y771.0
G1 X756.8 Y783.5
G1 X756.8 Y783.5
G1 X759.1 Y795.5
G1 X759.1 Y795.5
G1 X761.4 Y807.5
G1 X761.4 Y807.5
G1 X768.6 Y814.9
G1 X768.6 Y814.9
G1 X775.8 Y822.3
G1 X775.8 Y822.3
G1 X778.5 Y820.2
G1 X778.5 Y820.2
G1 X783.4 Y818.0
G1 X783.4 Y818.0
G1 X783.862 Y816.788
G1 X779.3 Y812.2
G1 X779.3 Y812.2
G1 X776.633 Y809.652
G1 X773.938 Y806.888
G1 X771.523 Y804.255
G1 X769.7 Y802.1
G1 X769.7 Y802.1
G1 X766.95 Y797.9
G1 X767.2 Y794.3
G1 X767.2 Y794.3
G1 X767.7 Y787.7
G1 X767.7 Y787.7
G1 X768.075 Y784.388
G1 X770.7 Y780.7
G1 X770.7 Y780.7
G1 X773.175 Y777.15
G1 X774.0 Y773.9
G1 X774.0 Y773.9
G1 X774.274 Y771.304
G1 X774.993 Y767.463
G1 X776.0 Y763.2
G1 X776.0 Y763.2
G1 X776.657 Y760.767
G1 X777.546 Y757.712
G1 X778.622 Y754.175
G1 X779.837 Y750.296
G1 X781.145 Y746.216
G1 X782.5 Y742.075
G1 X783.855 Y738.013
G1 X785.163 Y734.17
G1 X786.378 Y730.688
G1 X787.454 Y727.705
G1 X788.343 Y725.362
G1 X789.0 Y723.8
G1 X789.0 Y723.8
G1 X788.9 Y719.3
G1 X788.9 Y719.3
G1 X789.3 Y718.9
G1 X789.3 Y718.9
G1 X791.0 Y722.2
G1 X791.0 Y722.2
G1 X793.0 Y724.7
G1 X793.0 Y724.7
G1 X794.4 Y726.1
G1 X794.4 Y726.1
G1 X791.7 Y726.5
G1 X791.7 Y726.5
G1 X790.751 Y726.411
G1 X789.878 Y727.019
G1 X788.888 Y728.738
G1 X787.589 Y731.981
G1 X785.79 Y737.164
G1 X783.3 Y744.7
G1 X783.3 Y744.7
G1 X782.039 Y748.615
G1 X780.823 Y752.561
G1 X779.681 Y756.43
G1 X778.638 Y760.113
G1 X777.721 Y763.5
G1 X776.958 Y766.483
G1 X776.375 Y768.953
G1 X776.0 Y770.8
G1 X776.0 Y770.8
G1 X775.03 Y775.5
G1 X773.77 Y778.8
G1 X772.0 Y781.3
G1 X772.0 Y781.3
G1 X770.241 Y783.815
G1 X769.326 Y786.685
G1 X768.9 Y791.0
G1 X768.9 Y791.0
G1 X768.938 Y796.113
G1 X769.5 Y799.2
G1 X769.5 Y799.2
G1 X770.662 Y800.602
G1 X773.025 Y803.213
G1 X776.25 Y806.667
G1 X780.0 Y810.6
G1 X780.0 Y810.6
G1 X783.087 Y813.804
G1 X785.978 Y816.912
G1 X788.474 Y819.708
G1 X790.381 Y821.976
G1 X791.5 Y823.5
G1 X791.5 Y823.5
G1 X793.575 Y826.738
G1 X795.8 Y829.9
G1 X795.8 Y829.9
G1 X797.3 Y833.0
G1 X797.3 Y833.0
G1 X794.5 Y830.0
M5; lift marker up
G4 P0.08
G0 X818.0 Y851.0
M3 S1000;put marker down
G4 P0.2
G1 X813.5 Y848.1
G1 X813.5 Y848.1
G1 X816.0 Y851.0
G1 X816.0 Y851.0
G1 X820.5 Y854.0
G1 X820.5 Y854.0
G1 X818.0 Y851.0
M5; lift marker up
G4 P0.08
G0 X828.5 Y856.2
M3 S1000;put marker down
G4 P0.2
G1 X823.6 Y854.9
G1 X823.6 Y854.9
G1 X821.6 Y855.2
G1 X821.6 Y855.2
G1 X818.3 Y854.0
G1 X818.3 Y854.0
G1 X815.365 Y851.925
G1 X811.822 Y849.033
G1 X808.213 Y845.825
G1 X805.078 Y842.8
G1 X802.96 Y840.458
G1 X802.4 Y839.3
G1 X802.4 Y839.3
G1 X807.1 Y843.3
G1 X807.1 Y843.3
G1 X810.25 Y846.625
G1 X812.2 Y848.0
G1 X812.2 Y848.0
G1 X809.1 Y843.3
G1 X809.1 Y843.3
G1 X805.0 Y838.5
G1 X805.0 Y838.5
G1 X814.6 Y836.3
G1 X814.6 Y836.3
G1 X817.736 Y835.488
G1 X820.991 Y834.504
G1 X824.317 Y833.37
G1 X827.666 Y832.108
G1 X830.988 Y830.738
G1 X834.234 Y829.28
G1 X837.358 Y827.756
G1 X840.309 Y826.188
G1 X843.039 Y824.596
G1 X845.5 Y823.0
G1 X845.5 Y823.0
G1 X850.6 Y820.3
G1 X850.6 Y820.3
G1 X849.884 Y821.268
G1 X847.296 Y823.196
G1 X843.436 Y825.7
G1 X838.904 Y828.396
G1 X834.3 Y830.9
G1 X834.3 Y830.9
G1 X831.826 Y832.022
G1 X828.671 Y833.279
G1 X825.113 Y834.565
G1 X821.43 Y835.774
G1 X817.9 Y836.8
G1 X817.9 Y836.8
G1 X807.8 Y839.7
G1 X807.8 Y839.7
G1 X810.9 Y843.2
G1 X810.9 Y843.2
G1 X813.816 Y846.185
G1 X817.063 Y848.881
G1 X820.488 Y851.2
G1 X823.937 Y853.052
G1 X827.259 Y854.348
G1 X830.3 Y855.0
G1 X830.3 Y855.0
G1 X833.938 Y856.012
G1 X828.5 Y856.2
M5; lift marker up
G4 P0.08
G0 X840.7 Y857.0
M3 S1000;put marker down
G4 P0.2
G1 X844.374 Y856.248
G1 X848.959 Y854.985
G1 X853.5 Y853.5
G1 X853.5 Y853.5
G1 X859.538 Y850.825
G1 X861.0 Y848.6
G1 X861.0 Y848.6
G1 X861.9 Y845.425
G1 X865.5 Y843.0
G1 X865.5 Y843.0
G1 X869.562 Y841.2
G1 X868.0 Y842.7
G1 X868.0 Y842.7
G1 X863.7 Y845.3
G1 X863.7 Y845.3
G1 X862.5 Y848.3
G1 X862.5 Y848.3
G1 X861.8 Y851.7
G1 X861.8 Y851.7
G1 X859.552 Y852.861
G1 X855.852 Y854.219
G1 X851.362 Y855.588
G1 X846.748 Y856.781
G1 X842.673 Y857.614
G1 X839.8 Y857.9
G1 X839.8 Y857.9
G1 X835.5 Y857.8
G1 X835.5 Y857.8
G1 X840.7 Y857.0
M5; lift marker up
G4 P0.08
G0 X830.6 Y868.4
M3 S1000;put marker down
G4 P0.2
G1 X829.1 Y865.588
G1 X830.6 Y862.4
G1 X830.6 Y862.4
G1 X831.1 Y862.7
G1 X831.1 Y862.7
G1 X830.6 Y866.4
G1 X830.6 Y866.4
G1 X835.1 Y868.4
G1 X835.1 Y868.4
G1 X836.0 Y868.9
G1 X836.0 Y868.9
G1 X830.6 Y868.4
M5; lift marker up
G4 P0.08
G0 X856.5 Y881.2
M3 S1000;put marker down
G4 P0.2
G1 X853.317 Y878.75
G1 X849.488 Y876.075
G1 X846.389 Y874.113
G1 X845.4 Y873.8
G1 X845.4 Y873.8
G1 X847.373 Y875.784
G1 X850.838 Y878.5
G1 X854.358 Y880.916
G1 X856.5 Y882.0
G1 X856.5 Y882.0
G1 X856.5 Y881.2
M5; lift marker up
G4 P0.08
G0 X856.0 Y883.0
M3 S1000;put marker down
G4 P0.2
G1 X849.931 Y879.186
G1 X846.15 Y876.338
G1 X844.469 Y874.295
G1 X844.7 Y872.9
G1 X844.7 Y872.9
G1 X849.7 Y874.7
G1 X849.7 Y874.7
G1 X852.441 Y876.748
G1 X855.959 Y879.152
G1 X859.5 Y881.4
G1 X859.5 Y881.4
G1 X863.796 Y884.163
G1 X864.337 Y884.97
G1 X860.9 Y883.4
G1 X860.9 Y883.4
G1 X857.2 Y882.4
G1 X857.2 Y882.4
G1 X857.6 Y883.0
G1 X857.6 Y883.0
G1 X860.975 Y884.963
G1 X863.0 Y887.0
G1 X863.0 Y887.0
G1 X860.738 Y885.825
G1 X856.0 Y883.0
M5; lift marker up
G4 P0.08
G0 X809.2 Y903.6
M3 S1000;put marker down
G4 P0.2
G1 X808.127 Y901.573
G1 X806.688 Y898.488
G1 X805.08 Y894.783
G1 X803.5 Y890.9
G1 X803.5 Y890.9
G1 X801.78 Y886.85
G1 X799.788 Y882.8
G1 X797.777 Y879.2
G1 X796.0 Y876.5
G1 X796.0 Y876.5
G1 X794.158 Y874.006
G1 X792.36 Y871.449
G1 X790.6 Y868.819
G1 X788.869 Y866.104
G1 X787.16 Y863.296
G1 X785.467 Y860.381
G1 X783.78 Y857.351
G1 X782.094 Y854.194
G1 X780.4 Y850.9
G1 X780.4 Y850.9
G1 X777.025 Y843.961
G1 X775.15 Y839.713
G1 X774.55 Y837.583
G1 X775.0 Y837.0
G1 X775.0 Y837.0
G1 X776.244 Y838.522
G1 X778.622 Y842.511
G1 X781.6 Y848.1
G1 X781.6 Y848.1
G1 X783.483 Y851.809
G1 X785.288 Y855.239
G1 X787.048 Y858.444
G1 X788.796 Y861.479
G1 X790.564 Y864.398
G1 X792.385 Y867.256
G1 X794.293 Y870.105
G1 X796.32 Y873.002
G1 X798.5 Y876.0
G1 X798.5 Y876.0
G1 X800.373 Y878.87
G1 X802.388 Y882.538
G1 X804.308 Y886.561
G1 X805.9 Y890.5
G1 X805.9 Y890.5
G1 X807.87 Y895.481
G1 X809.73 Y899.819
G1 X811.1 Y902.6
G1 X811.1 Y902.6
G1 X812.1 Y907.0
G1 X812.1 Y907.0
G1 X809.2 Y903.6
M5; lift marker up
G4 P0.08
G0 X827.7 Y925.9
M3 S1000;put marker down
G4 P0.2
G1 X828.8 Y924.9
G1 X828.8 Y924.9
G1 X828.2 Y927.2
G1 X828.2 Y927.2
G1 X827.7 Y925.9
M5; lift marker up
G4 P0.08
G0 X809.3 Y934.3
M3 S1000;put marker down
G4 P0.2
G1 X808.055 Y932.313
G1 X806.538 Y929.764
G1 X804.795 Y926.738
G1 X802.872 Y923.324
G1 X800.815 Y919.609
G1 X798.671 Y915.679
G1 X796.484 Y911.622
G1 X794.301 Y907.524
G1 X792.167 Y903.473
G1 X790.13 Y899.556
G1 X788.233 Y895.86
G1 X786.525 Y892.472
G1 X785.049 Y889.48
G1 X783.853 Y886.969
G1 X782.982 Y885.027
G1 X782.483 Y883.742
G1 X782.4 Y883.2
G1 X782.4 Y883.2
G1 X782.819 Y883.253
G1 X783.505 Y883.983
G1 X784.497 Y885.455
G1 X785.838 Y887.738
G1 X787.567 Y890.896
G1 X789.727 Y894.998
G1 X792.357 Y900.111
G1 X795.5 Y906.3
G1 X795.5 Y906.3
G1 X797.319 Y909.827
G1 X799.213 Y913.439
G1 X801.125 Y917.035
G1 X803.0 Y920.512
G1 X804.781 Y923.77
G1 X806.412 Y926.705
G1 X807.838 Y929.215
G1 X809.0 Y931.2
G1 X809.0 Y931.2
G1 X812.73 Y937.178
G1 X814.838 Y940.775
G1 X815.652 Y942.534
G1 X815.5 Y943.0
G1 X815.5 Y943.0
G1 X814.448 Y941.811
G1 X812.219 Y938.689
G1 X809.3 Y934.3
M5; lift marker up
G4 P0.08
G0 X789.8 Y931.3
M3 S1000;put marker down
G4 P0.2
G1 X794.3 Y931.3
G1 X794.3 Y931.3
G1 X792.0 Y931.7
G1 X792.0 Y931.7
G1 X789.8 Y931.3
M5; lift marker up
G4 P0.08
G0 X775.8 Y931.3
M3 S1000;put marker down
G4 P0.2
G1 X782.3 Y931.3
G1 X782.3 Y931.3
G1 X779.0 Y931.7
G1 X779.0 Y931.7
G1 X775.8 Y931.3
M5; lift marker up
G4 P0.08
G0 X769.8 Y930.3
M3 S1000;put marker down
G4 P0.2
G1 X771.7 Y930.4
G1 X771.7 Y930.4
G1 X770.4 Y930.9
G1 X770.4 Y930.9
G1 X769.8 Y930.3
M5; lift marker up
G4 P0.08
G0 X761.9 Y941.8
M3 S1000;put marker down
G4 P0.2
G1 X757.912 Y937.05
G1 X757.3 Y935.9
G1 X757.3 Y935.9
G1 X759.359 Y937.915
G1 X762.422 Y941.246
G1 X765.594 Y944.878
G1 X767.985 Y947.801
G1 X768.7 Y949.0
G1 X768.7 Y949.0
G1 X766.538 Y946.863
G1 X761.9 Y941.8
M5; lift marker up
G4 P0.08
G0 X773.7 Y955.7
M3 S1000;put marker down
G4 P0.2
G1 X770.585 Y951.637
G1 X770.381 Y951.196
G1 X773.0 Y954.0
G1 X773.0 Y954.0
G1 X776.326 Y957.807
G1 X778.474 Y960.793
G1 X778.8 Y962.0
G1 X778.8 Y962.0
G1 X777.15 Y960.162
G1 X773.7 Y955.7
M5; lift marker up
G4 P0.08
G0 X838.0 Y975.3
M3 S1000;put marker down
G4 P0.2
G1 X836.004 Y972.019
G1 X833.696 Y969.115
G1 X831.5 Y967.1
G1 X831.5 Y967.1
G1 X829.233 Y965.074
G1 X826.633 Y962.026
G1 X824.3 Y958.6
G1 X824.3 Y958.6
G1 X820.275 Y951.662
G1 X820.9 Y951.4
G1 X820.9 Y951.4
G1 X822.85 Y953.662
G1 X826.0 Y958.1
G1 X826.0 Y958.1
G1 X828.485 Y961.356
G1 X831.015 Y964.278
G1 X833.1 Y966.2
G1 X833.1 Y966.2
G1 X835.205 Y968.29
G1 X837.794 Y971.517
G1 X840.322 Y975.099
G1 X842.239 Y978.254
G1 X843.0 Y980.2
G1 X843.0 Y980.2
G1 X841.512 Y980.525
G1 X838.0 Y975.3
M5; lift marker up
G4 P0.08
G0 X853.0 Y972.9
M3 S1000;put marker down
G4 P0.2
G1 X851.838 Y970.698
G1 X850.293 Y968.033
G1 X848.448 Y965.028
G1 X846.383 Y961.808
G1 X844.182 Y958.498
G1 X841.927 Y955.22
G1 X839.7 Y952.1
G1 X839.7 Y952.1
G1 X835.35 Y946.197
G1 X831.847 Y941.38
G1 X829.107 Y937.526
G1 X827.05 Y934.512
G1 X825.593 Y932.216
G1 X824.653 Y930.514
G1 X824.15 Y929.283
G1 X824.0 Y928.4
G1 X824.0 Y928.4
G1 X824.915 Y928.859
G1 X827.319 Y931.807
G1 X830.7 Y936.6
G1 X830.7 Y936.6
G1 X832.655 Y939.495
G1 X834.837 Y942.663
G1 X837.125 Y945.925
G1 X839.396 Y949.104
G1 X841.529 Y952.021
G1 X843.4 Y954.5
G1 X843.4 Y954.5
G1 X845.384 Y957.219
G1 X847.587 Y960.441
G1 X849.889 Y963.967
G1 X852.169 Y967.596
G1 X854.305 Y971.13
G1 X856.178 Y974.367
G1 X857.665 Y977.107
G1 X858.646 Y979.152
G1 X859.0 Y980.3
G1 X859.0 Y980.3
G1 X858.0 Y981.0
G1 X858.0 Y981.0
G1 X856.138 Y978.6
G1 X853.0 Y972.9
M5; lift marker up
G4 P0.08
G0 X876.0 Y960.6
M3 S1000;put marker down
G4 P0.2
G1 X876.392 Y959.383
G1 X877.447 Y956.781
G1 X878.983 Y953.208
G1 X880.819 Y949.079
G1 X882.771 Y944.808
G1 X884.659 Y940.81
G1 X886.3 Y937.5
G1 X886.3 Y937.5
G1 X888.021 Y933.959
G1 X889.593 Y930.574
G1 X891.03 Y927.3
G1 X892.346 Y924.093
G1 X893.554 Y920.907
G1 X894.67 Y917.7
G1 X895.707 Y914.426
G1 X896.679 Y911.041
G1 X897.6 Y907.5
G1 X897.6 Y907.5
G1 X898.309 Y904.855
G1 X899.207 Y901.73
G1 X900.25 Y898.272
G1 X901.395 Y894.624
G1 X902.597 Y890.933
G1 X903.813 Y887.343
G1 X905.0 Y884.0
G1 X905.0 Y884.0
G1 X906.068 Y881.01
G1 X907.222 Y877.664
G1 X908.428 Y874.077
G1 X909.65 Y870.363
G1 X910.854 Y866.634
G1 X912.003 Y863.005
G1 X913.064 Y859.589
G1 X914.0 Y856.5
G1 X914.0 Y856.5
G1 X916.067 Y849.648
G1 X917.67 Y844.585
G1 X918.812 Y841.3
G1 X919.496 Y839.781
G1 X919.725 Y840.019
G1 X919.5 Y842.0
G1 X919.5 Y842.0
G1 X919.223 Y843.412
G1 X918.713 Y845.486
G1 X918.0 Y848.126
G1 X917.113 Y851.237
G1 X916.083 Y854.724
G1 X914.94 Y858.494
G1 X913.713 Y862.45
G1 X912.432 Y866.498
G1 X911.127 Y870.543
G1 X909.829 Y874.49
G1 X908.568 Y878.244
G1 X907.372 Y881.71
G1 X906.273 Y884.794
G1 X905.3 Y887.4
G1 X905.3 Y887.4
G1 X904.082 Y890.767
G1 X902.777 Y894.658
G1 X901.491 Y898.754
G1 X900.33 Y902.741
G1 X899.4 Y906.3
G1 X899.4 Y906.3
G1 X898.641 Y909.165
G1 X897.834 Y912.004
G1 X896.972 Y914.837
G1 X896.046 Y917.685
G1 X895.049 Y920.567
G1 X893.971 Y923.504
G1 X892.806 Y926.517
G1 X891.543 Y929.625
G1 X890.177 Y932.848
G1 X888.697 Y936.207
G1 X887.097 Y939.722
G1 X885.367 Y943.413
G1 X883.5 Y947.3
G1 X883.5 Y947.3
G1 X879.881 Y954.638
G1 X877.575 Y959.05
G1 X876.356 Y960.912
G1 X876.0 Y960.6
M5; lift marker up
G4 P0.08
G0 X879.9 Y957.7
M3 S1000;put marker down
G4 P0.2
G1 X880.62 Y955.83
G1 X881.726 Y953.241
G1 X883.138 Y950.113
G1 X884.774 Y946.626
G1 X886.555 Y942.962
G1 X888.4 Y939.3
G1 X888.4 Y939.3
G1 X889.982 Y936.048
G1 X891.6 Y932.556
G1 X893.194 Y928.964
G1 X894.702 Y925.413
G1 X896.063 Y922.042
G1 X897.216 Y918.991
G1 X898.1 Y916.4
G1 X898.1 Y916.4
G1 X899.129 Y913.065
G1 X900.243 Y909.495
G1 X901.43 Y905.728
G1 X902.677 Y901.8
G1 X903.973 Y897.75
G1 X905.303 Y893.615
G1 X906.657 Y889.432
G1 X908.021 Y885.239
G1 X909.383 Y881.073
G1 X910.73 Y876.973
G1 X912.05 Y872.975
G1 X913.33 Y869.117
G1 X914.559 Y865.437
G1 X915.722 Y861.972
G1 X916.808 Y858.76
G1 X917.805 Y855.837
G1 X918.699 Y853.243
G1 X919.479 Y851.014
G1 X920.131 Y849.187
G1 X920.644 Y847.801
G1 X921.004 Y846.893
G1 X921.2 Y846.5
G1 X921.2 Y846.5
G1 X921.449 Y846.396
G1 X921.464 Y846.906
G1 X921.227 Y848.092
G1 X920.72 Y850.015
G1 X919.925 Y852.738
G1 X918.824 Y856.321
G1 X917.399 Y860.827
G1 X915.632 Y866.318
G1 X913.505 Y872.855
G1 X911.0 Y880.5
G1 X911.0 Y880.5
G1 X909.693 Y884.517
G1 X908.368 Y888.6
G1 X907.049 Y892.677
G1 X905.76 Y896.676
G1 X904.525 Y900.525
G1 X903.368 Y904.152
G1 X902.313 Y907.485
G1 X901.384 Y910.452
G1 X900.605 Y912.981
G1 X900.0 Y915.0
G1 X900.0 Y915.0
G1 X899.171 Y917.495
G1 X898.127 Y920.356
G1 X896.897 Y923.508
G1 X895.512 Y926.875
G1 X894.001 Y930.383
G1 X892.392 Y933.956
G1 X890.715 Y937.52
G1 X889.0 Y941.0
G1 X889.0 Y941.0
G1 X886.94 Y945.219
G1 X885.019 Y949.252
G1 X883.325 Y952.912
G1 X881.948 Y956.015
G1 X880.977 Y958.373
G1 X880.5 Y959.8
G1 X880.5 Y959.8
G1 X879.0 Y963.0
G1 X879.0 Y963.0
G1 X879.9 Y957.7
M5; lift marker up
G4 P0.08
G0 X950.1 Y975.1
M3 S1000;put marker down
G4 P0.2
G1 X949.762 Y972.412
G1 X952.8 Y967.7
G1 X952.8 Y967.7
G1 X953.475 Y965.5
G1 X948.0 Y966.0
G1 X948.0 Y966.0
G1 X942.938 Y966.688
G1 X938.1 Y967.0
G1 X938.1 Y967.0
G1 X933.812 Y967.312
G1 X929.9 Y968.0
G1 X929.9 Y968.0
G1 X925.85 Y968.463
G1 X920.9 Y967.5
G1 X920.9 Y967.5
G1 X915.5 Y966.0
G1 X915.5 Y966.0
G1 X920.5 Y966.6
G1 X920.5 Y966.6
G1 X922.733 Y966.862
G1 X924.505 Y967.022
G1 X926.393 Y967.036
G1 X928.978 Y966.862
G1 X932.838 Y966.46
G1 X938.552 Y965.787
G1 X946.7 Y964.8
G1 X946.7 Y964.8
G1 X956.0 Y963.7
G1 X956.0 Y963.7
G1 X959.0 Y957.7
G1 X959.0 Y957.7
G1 X961.1 Y952.812
G1 X962.0 Y949.5
G1 X962.0 Y949.5
G1 X962.489 Y947.052
G1 X963.778 Y942.715
G1 X965.6 Y937.4
G1 X965.6 Y937.4
G1 X967.481 Y932.222
G1 X968.919 Y928.111
G1 X969.6 Y926.0
G1 X969.6 Y926.0
G1 X967.0 Y922.8
G1 X967.0 Y922.8
G1 X964.381 Y920.559
G1 X964.785 Y918.141
G1 X968.3 Y915.1
G1 X968.3 Y915.1
G1 X971.875 Y912.338
G1 X974.4 Y909.8
G1 X974.4 Y909.8
G1 X975.0 Y909.7
G1 X975.0 Y909.7
G1 X973.012 Y912.3
G1 X969.6 Y915.5
G1 X969.6 Y915.5
G1 X966.319 Y918.726
G1 X966.015 Y920.974
G1 X968.6 Y922.8
G1 X968.6 Y922.8
G1 X970.875 Y925.162
G1 X970.0 Y928.8
G1 X970.0 Y928.8
G1 X968.936 Y931.118
G1 X967.519 Y934.841
G1 X966.012 Y939.175
G1 X964.681 Y943.326
G1 X963.789 Y946.499
G1 X963.6 Y947.9
G1 X963.6 Y947.9
G1 X965.7 Y946.7
G1 X965.7 Y946.7
G1 X970.5 Y944.5
G1 X970.5 Y944.5
G1 X969.5 Y946.0
G1 X969.5 Y946.0
G1 X965.67 Y948.507
G1 X962.996 Y951.459
G1 X961.5 Y954.9
G1 X961.5 Y954.9
G1 X960.478 Y957.2
G1 X958.322 Y960.967
G1 X955.5 Y965.4
G1 X955.5 Y965.4
G1 X952.863 Y969.552
G1 X951.204 Y972.748
G1 X950.9 Y974.3
G1 X950.9 Y974.3
G1 X951.785 Y974.238
G1 X953.705 Y973.519
G1 X956.46 Y972.248
G1 X959.848 Y970.527
G1 X963.668 Y968.46
G1 X967.719 Y966.15
G1 X971.8 Y963.7
G1 X971.8 Y963.7
G1 X977.038 Y960.463
G1 X978.0 Y960.3
G1 X978.0 Y960.3
G1 X977.151 Y961.105
G1 X974.866 Y962.696
G1 X971.541 Y964.837
G1 X967.568 Y967.291
G1 X963.343 Y969.823
G1 X959.259 Y972.196
G1 X955.711 Y974.174
G1 X953.094 Y975.521
G1 X951.8 Y976.0
G1 X951.8 Y976.0
G1 X950.1 Y975.1
M5; lift marker up
G4 P0.08
G0 X981.6 Y956.9
M3 S1000;put marker down
G4 P0.2
G1 X984.9 Y953.7
G1 X984.9 Y953.7
G1 X982.0 Y957.3
G1 X982.0 Y957.3
G1 X978.6 Y960.5
G1 X978.6 Y960.5
G1 X981.6 Y956.9
M5; lift marker up
G4 P0.08
G0 X975.5 Y944.0
M3 S1000;put marker down
G4 P0.2
G1 X976.9 Y943.0
G1 X976.9 Y943.0
G1 X979.5 Y944.0
G1 X979.5 Y944.0
G1 X978.1 Y945.0
G1 X978.1 Y945.0
G1 X975.5 Y944.0
M5; lift marker up
G4 P0.08
G0 X990.1 Y938.6
M3 S1000;put marker down
G4 P0.2
G1 X990.416 Y936.611
G1 X991.377 Y932.94
G1 X992.748 Y928.327
G1 X994.291 Y923.515
G1 X995.772 Y919.246
G1 X996.954 Y916.26
G1 X997.6 Y915.3
G1 X997.6 Y915.3
G1 X997.248 Y917.111
G1 X995.985 Y921.522
G1 X994.1 Y927.6
G1 X994.1 Y927.6
G1 X992.107 Y933.452
G1 X990.693 Y937.415
G1 X990.1 Y938.6
M5; lift marker up
G4 P0.08
G0 X977.1 Y900.8
M3 S1000;put marker down
G4 P0.2
G1 X976.756 Y897.597
G1 X975.775 Y894.45
G1 X974.006 Y890.928
G1 X971.3 Y886.6
G1 X971.3 Y886.6
G1 X968.975 Y882.9
G1 X968.0 Y880.7
G1 X968.0 Y880.7
G1 X969.312 Y881.938
G1 X972.5 Y886.4
G1 X972.5 Y886.4
G1 X974.846 Y890.27
G1 X976.505 Y893.669
G1 X977.511 Y896.703
G1 X977.898 Y899.478
G1 X977.7 Y902.1
G1 X977.7 Y902.1
G1 X977.1 Y900.8
M5; lift marker up
G4 P0.08
G0 X979.1 Y883.3
M3 S1000;put marker down
G4 P0.2
G1 X980.6 Y879.6
G1 X980.6 Y879.6
G1 X981.8 Y879.8
G1 X981.8 Y879.8
G1 X979.7 Y883.5
G1 X979.7 Y883.5
G1 X979.1 Y883.3
M5; lift marker up
G4 P0.08
G0 X967.7 Y875.5
M3 S1000;put marker down
G4 P0.2
G1 X968.65 Y871.238
G1 X970.2 Y866.6
G1 X970.2 Y866.6
G1 X971.226 Y863.278
G1 X972.141 Y859.289
G1 X972.7 Y855.5
G1 X972.7 Y855.5
G1 X972.802 Y852.594
G1 X972.564 Y849.788
G1 X971.936 Y846.949
G1 X970.874 Y843.943
G1 X969.328 Y840.638
G1 X967.253 Y836.902
G1 X964.6 Y832.6
G1 X964.6 Y832.6
G1 X962.05 Y828.3
G1 X961.0 Y825.8
G1 X961.0 Y825.8
G1 X961.599 Y826.046
G1 X963.156 Y828.1
G1 X965.312 Y831.388
G1 X967.711 Y835.333
G1 X969.993 Y839.363
G1 X971.8 Y842.9
G1 X971.8 Y842.9
G1 X973.337 Y846.807
G1 X973.896 Y850.426
G1 X973.7 Y855.4
G1 X973.7 Y855.4
G1 X973.207 Y859.67
G1 X972.293 Y864.03
G1 X971.2 Y867.5
G1 X971.2 Y867.5
G1 X969.475 Y872.088
G1 X968.2 Y876.0
G1 X968.2 Y876.0
G1 X967.1 Y879.5
G1 X967.1 Y879.5
G1 X967.7 Y875.5
M5; lift marker up
G4 P0.08
G0 X994.0 Y870.4
M3 S1000;put marker down
G4 P0.2
G1 X995.563 Y867.219
G1 X998.704 Y866.348
G1 X1000.8 Y868.5
G1 X1000.8 Y868.5
G1 X999.6 Y868.5
G1 X999.6 Y868.5
G1 X996.0 Y869.0
G1 X996.0 Y869.0
G1 X994.0 Y870.4
M5; lift marker up
G4 P0.08
G0 X983.5 Y826.2
M3 S1000;put marker down
G4 P0.2
G1 X979.5 Y824.863
G1 X974.0 Y823.9
G1 X974.0 Y823.9
G1 X967.5 Y823.3
G1 X967.5 Y823.3
G1 X973.3 Y823.2
G1 X973.3 Y823.2
G1 X978.638 Y823.5
G1 X983.0 Y825.0
G1 X983.0 Y825.0
G1 X987.415 Y826.57
G1 X991.319 Y826.963
G1 X993.0 Y826.0
G1 X993.0 Y826.0
G1 X991.8 Y822.6
G1 X991.8 Y822.6
G1 X992.3 Y818.2
G1 X992.3 Y818.2
G1 X993.912 Y814.463
G1 X992.9 Y809.3
G1 X992.9 Y809.3
G1 X991.655 Y807.111
G1 X989.414 Y804.264
G1 X986.492 Y801.069
G1 X983.206 Y797.835
G1 X979.868 Y794.873
G1 X976.794 Y792.491
G1 X974.3 Y791.0
G1 X974.3 Y791.0
G1 X970.85 Y788.85
G1 X968.6 Y786.1
G1 X968.6 Y786.1
G1 X967.075 Y782.488
G1 X969.3 Y785.1
G1 X969.3 Y785.1
G1 X972.138 Y788.1
G1 X975.8 Y790.5
G1 X975.8 Y790.5
G1 X977.897 Y791.778
G1 X980.454 Y793.765
G1 X983.27 Y796.267
G1 X986.144 Y799.088
G1 X988.874 Y802.031
G1 X991.26 Y804.9
G1 X993.1 Y807.5
G1 X993.1 Y807.5
G1 X994.67 Y811.363
G1 X994.796 Y815.337
G1 X993.5 Y818.8
G1 X993.5 Y818.8
G1 X993.0 Y823.1
G1 X993.0 Y823.1
G1 X993.6 Y826.6
G1 X993.6 Y826.6
G1 X991.493 Y827.807
G1 X987.607 Y827.659
G1 X983.5 Y826.2
M5; lift marker up
G4 P0.08
G0 X964.8 Y822.3
M3 S1000;put marker down
G4 P0.2
G1 X966.7 Y822.4
G1 X966.7 Y822.4
G1 X965.4 Y822.9
G1 X965.4 Y822.9
G1 X964.8 Y822.3
M5; lift marker up
G4 P0.08
G0 X929.0 Y810.0
M3 S1000;put marker down
G4 P0.2
G1 X929.422 Y808.367
G1 X930.511 Y804.6
G1 X932.0 Y799.5
G1 X932.0 Y799.5
G1 X933.044 Y795.994
G1 X934.088 Y792.263
G1 X935.06 Y788.585
G1 X935.888 Y785.238
G1 X936.5 Y782.5
G1 X936.5 Y782.5
G1 X936.959 Y780.479
G1 X937.503 Y778.163
G1 X938.128 Y775.569
G1 X938.831 Y772.709
G1 X939.607 Y769.6
G1 X940.452 Y766.256
G1 X941.364 Y762.691
G1 X942.337 Y758.921
G1 X943.369 Y754.959
G1 X944.454 Y750.822
G1 X945.591 Y746.523
G1 X946.774 Y742.077
G1 X948.0 Y737.5
G1 X948.0 Y737.5
G1 X949.016 Y733.519
G1 X950.026 Y729.415
G1 X950.975 Y725.4
G1 X951.807 Y721.685
G1 X952.468 Y718.481
G1 X952.9 Y716.0
G1 X952.9 Y716.0
G1 X953.489 Y712.661
G1 X954.261 Y708.726
G1 X955.166 Y704.412
G1 X956.154 Y699.931
G1 X957.175 Y695.5
G1 X958.178 Y691.333
G1 X959.112 Y687.644
G1 X959.927 Y684.65
G1 X960.573 Y682.563
G1 X961.0 Y681.6
G1 X961.0 Y681.6
G1 X962.5 Y683.1
G1 X962.5 Y683.1
G1 X963.057 Y684.565
G1 X964.17 Y687.21
G1 X965.726 Y690.754
G1 X967.607 Y694.911
G1 X969.7 Y699.4
G1 X969.7 Y699.4
G1 X972.125 Y704.814
G1 X974.025 Y709.338
G1 X975.212 Y712.492
G1 X975.5 Y713.8
G1 X975.5 Y713.8
G1 X974.0 Y711.55
G1 X971.0 Y705.4
G1 X971.0 Y705.4
G1 X969.178 Y701.484
G1 X967.3 Y697.4
G1 X965.572 Y693.616
G1 X964.2 Y690.6
G1 X964.2 Y690.6
G1 X961.5 Y684.8
G1 X961.5 Y684.8
G1 X958.3 Y698.1
G1 X958.3 Y698.1
G1 X957.039 Y703.458
G1 X956.012 Y708.113
G1 X955.305 Y711.586
G1 X955.0 Y713.4
G1 X955.0 Y713.4
G1 X955.766 Y715.315
G1 X957.819 Y718.042
G1 X960.789 Y721.19
G1 X964.306 Y724.373
G1 X968.0 Y727.2
G1 X968.0 Y727.2
G1 X970.389 Y728.928
G1 X973.538 Y731.35
G1 X977.042 Y734.147
G1 X980.5 Y737.0
G1 X980.5 Y737.0
G1 X983.941 Y739.834
G1 X987.4 Y742.575
G1 X990.484 Y744.903
G1 X992.8 Y746.5
G1 X992.8 Y746.5
G1 X997.0 Y749.7
G1 X997.0 Y749.7
G1 X996.23 Y749.603
G1 X994.169 Y748.456
G1 X991.191 Y746.52
G1 X987.671 Y744.056
G1 X983.983 Y741.324
G1 X980.501 Y738.585
G1 X977.6 Y736.1
G1 X977.6 Y736.1
G1 X974.333 Y733.344
G1 X970.667 Y730.522
G1 X967.4 Y728.3
G1 X967.4 Y728.3
G1 X964.404 Y726.096
G1 X961.43 Y723.47
G1 X959.1 Y721.0
G1 X959.1 Y721.0
G1 X955.2 Y717.0
G1 X955.2 Y717.0
G1 X954.175 Y719.475
G1 X952.7 Y725.4
G1 X952.7 Y725.4
G1 X952.052 Y728.51
G1 X951.236 Y732.019
G1 X950.324 Y735.653
G1 X949.388 Y739.138
G1 X948.5 Y742.2
G1 X948.5 Y742.2
G1 X947.557 Y745.452
G1 X946.547 Y749.082
G1 X945.496 Y752.982
G1 X944.43 Y757.043
G1 X943.376 Y761.157
G1 X942.362 Y765.216
G1 X941.412 Y769.112
G1 X940.555 Y772.736
G1 X939.816 Y775.981
G1 X939.222 Y778.739
G1 X938.8 Y780.9
G1 X938.8 Y780.9
G1 X938.274 Y783.464
G1 X937.423 Y786.837
G1 X936.337 Y790.737
G1 X935.105 Y794.884
G1 X933.817 Y798.997
G1 X932.563 Y802.796
G1 X931.432 Y806.0
G1 X930.515 Y808.328
G1 X929.9 Y809.5
G1 X929.9 Y809.5
G1 X929.0 Y810.0
M5; lift marker up
G4 P0.08
G0 X926.0 Y807.6
M3 S1000;put marker down
G4 P0.2
G1 X926.092 Y806.888
G1 X926.357 Y805.557
G1 X926.781 Y803.667
G1 X927.347 Y801.277
G1 X928.04 Y798.446
G1 X928.844 Y795.233
G1 X929.746 Y791.699
G1 X930.728 Y787.901
G1 X931.775 Y783.9
G1 X932.872 Y779.754
G1 X934.004 Y775.523
G1 X935.156 Y771.267
G1 X936.31 Y767.043
G1 X937.453 Y762.912
G1 X938.569 Y758.933
G1 X939.643 Y755.165
G1 X940.658 Y751.668
G1 X941.6 Y748.5
G1 X941.6 Y748.5
G1 X942.286 Y746.035
G1 X943.064 Y743.039
G1 X943.908 Y739.628
G1 X944.792 Y735.918
G1 X945.688 Y732.025
G1 X946.568 Y728.066
G1 X947.406 Y724.158
G1 X948.176 Y720.417
G1 X948.85 Y716.959
G1 X949.4 Y713.9
G1 X949.4 Y713.9
G1 X947.0 Y709.0
G1 X947.0 Y709.0
G1 X945.2 Y706.9
G1 X945.2 Y706.9
G1 X948.5 Y706.6
G1 X948.5 Y706.6
G1 X949.948 Y706.248
G1 X951.152 Y703.119
G1 X952.8 Y695.3
G1 X952.8 Y695.3
G1 X953.583 Y690.798
G1 X954.193 Y686.427
G1 X954.63 Y682.211
G1 X954.894 Y678.174
G1 X954.988 Y674.338
G1 X954.91 Y670.726
G1 X954.661 Y667.364
G1 X954.243 Y664.273
G1 X953.656 Y661.477
G1 X952.9 Y659.0
G1 X952.9 Y659.0
G1 X951.77 Y655.63
G1 X950.73 Y652.037
G1 X950.0 Y649.0
G1 X950.0 Y649.0
G1 X949.683 Y647.502
G1 X949.263 Y645.797
G1 X948.739 Y643.884
G1 X948.111 Y641.765
G1 X947.379 Y639.439
G1 X946.543 Y636.907
G1 X945.604 Y634.169
G1 X944.561 Y631.224
G1 X943.413 Y628.074
G1 X942.163 Y624.719
G1 X940.808 Y621.158
G1 X939.349 Y617.393
G1 X937.787 Y613.423
G1 X936.121 Y609.248
G1 X934.351 Y604.869
G1 X932.478 Y600.286
G1 X930.5 Y595.5
G1 X930.5 Y595.5
G1 X927.539 Y588.379
G1 X924.937 Y582.177
G1 X922.666 Y576.833
G1 X920.696 Y572.285
G1 X919.001 Y568.474
G1 X917.55 Y565.338
G1 X916.316 Y562.816
G1 X915.27 Y560.848
G1 X914.384 Y559.373
G1 X913.63 Y558.331
G1 X912.978 Y557.66
G1 X912.4 Y557.3
G1 X912.4 Y557.3
G1 X911.058 Y556.159
G1 X909.611 Y553.838
G1 X908.145 Y550.546
G1 X906.746 Y546.497
G1 X905.5 Y541.9
G1 X905.5 Y541.9
G1 X904.836 Y539.299
G1 X903.939 Y536.303
G1 X902.848 Y533.019
G1 X901.604 Y529.554
G1 X900.248 Y526.017
G1 X898.819 Y522.515
G1 X897.357 Y519.156
G1 X895.904 Y516.049
G1 X894.5 Y513.3
G1 X894.5 Y513.3
G1 X892.0 Y508.5
G1 X892.0 Y508.5
G1 X892.5 Y523.5
G1 X892.5 Y523.5
G1 X892.735 Y530.719
G1 X892.917 Y536.364
G1 X893.05 Y540.718
G1 X893.138 Y544.062
G1 X893.183 Y546.681
G1 X893.189 Y548.855
G1 X893.16 Y550.867
G1 X893.1 Y553.0
G1 X893.1 Y553.0
G1 X893.025 Y557.588
G1 X893.1 Y560.9
G1 X893.1 Y560.9
G1 X891.1 Y564.9
G1 X891.1 Y564.9
G1 X889.05 Y567.8
G1 X887.0 Y572.5
G1 X887.0 Y572.5
G1 X885.612 Y577.725
G1 X886.7 Y579.5
G1 X886.7 Y579.5
G1 X891.2 Y583.3
G1 X891.2 Y583.3
G1 X895.5 Y586.0
G1 X895.5 Y586.0
G1 X897.0 Y587.1
G1 X897.0 Y587.1
G1 X894.9 Y587.5
G1 X894.9 Y587.5
G1 X889.3 Y588.5
G1 X889.3 Y588.5
G1 X885.888 Y589.65
G1 X883.0 Y587.5
G1 X883.0 Y587.5
G1 X877.9 Y586.0
G1 X877.9 Y586.0
G1 X874.422 Y588.311
G1 X871.944 Y590.889
G1 X871.0 Y593.2
G1 X871.0 Y593.2
G1 X873.0 Y597.0
G1 X873.0 Y597.0
G1 X873.5 Y599.0
G1 X873.5 Y599.0
G1 X869.9 Y595.5
G1 X869.9 Y595.5
G1 X867.45 Y592.588
G1 X863.5 Y592.0
G1 X863.5 Y592.0
G1 X859.675 Y591.475
G1 X856.6 Y589.9
G1 X856.6 Y589.9
G1 X853.362 Y588.288
G1 X848.7 Y587.8
G1 X848.7 Y587.8
G1 X846.0 Y587.1
G1 X846.0 Y587.1
G1 X848.2 Y584.0
G1 X848.2 Y584.0
G1 X846.3 Y579.875
G1 X842.9 Y578.0
G1 X842.9 Y578.0
G1 X840.5 Y576.0
G1 X840.5 Y576.0
G1 X836.9 Y571.5
G1 X836.9 Y571.5
G1 X835.4 Y569.0
G1 X835.4 Y569.0
G1 X839.7 Y572.6
G1 X839.7 Y572.6
G1 X842.5 Y575.512
G1 X845.3 Y577.6
G1 X845.3 Y577.6
G1 X847.75 Y579.725
G1 X849.6 Y582.6
G1 X849.6 Y582.6
G1 X852.1 Y586.0
G1 X852.1 Y586.0
G1 X856.0 Y588.0
G1 X856.0 Y588.0
G1 X859.525 Y589.562
G1 X864.1 Y590.6
G1 X864.1 Y590.6
G1 X869.213 Y590.638
G1 X872.9 Y587.6
G1 X872.9 Y587.6
G1 X876.722 Y584.659
G1 X880.278 Y584.207
G1 X883.7 Y586.2
G1 X883.7 Y586.2
G1 X888.5 Y587.2
G1 X888.5 Y587.2
G1 X891.0 Y585.1
G1 X891.0 Y585.1
G1 X889.581 Y583.478
G1 X886.452 Y580.789
G1 X883.3 Y578.5
G1 X883.3 Y578.5
G1 X883.478 Y576.861
G1 X884.751 Y573.33
G1 X886.605 Y569.09
G1 X888.526 Y565.319
G1 X890.0 Y563.2
G1 X890.0 Y563.2
G1 X891.0 Y559.0
G1 X891.0 Y559.0
G1 X890.25 Y555.7
G1 X891.0 Y549.4
G1 X891.0 Y549.4
G1 X891.67 Y544.652
G1 X891.696 Y540.948
G1 X891.1 Y537.6
G1 X891.1 Y537.6
G1 X890.755 Y535.455
G1 X890.454 Y532.226
G1 X890.214 Y528.218
G1 X890.057 Y523.741
G1 X890.0 Y519.1
G1 X890.0 Y519.1
G1 X890.0 Y505.0
G1 X890.0 Y505.0
G1 X886.3 Y499.29999999999995
G1 X886.3 Y499.29999999999995
G1 X884.544 Y496.412
G1 X882.45 Y492.85
G1 X880.281 Y489.062
G1 X878.3 Y485.5
G1 X878.3 Y485.5
G1 X875.288 Y480.362
G1 X874.0 Y479.2
G1 X874.0 Y479.2
G1 X874.156 Y480.775
G1 X874.575 Y483.85
G1 X875.181 Y487.975
G1 X875.9 Y492.7
G1 X875.9 Y492.7
G1 X876.347 Y495.436
G1 X876.85 Y498.69100000000003
G1 X877.391 Y502.34299999999996
G1 X877.95 Y506.275
G1 X878.509 Y510.366
G1 X879.05 Y514.497
G1 X879.553 Y518.548
G1 X880.0 Y522.4
G1 X880.0 Y522.4
G1 X880.63 Y527.659
G1 X881.1 Y532.012
G1 X881.42 Y535.654
G1 X881.6 Y538.775
G1 X881.648 Y541.568
G1 X881.575 Y544.225
G1 X881.389 Y546.938
G1 X881.1 Y549.9
G1 X881.1 Y549.9
G1 X880.336 Y554.94
G1 X879.319 Y559.985
G1 X878.162 Y564.625
G1 X876.981 Y568.448
G1 X875.889 Y571.044
G1 X875.0 Y572.0
G1 X875.0 Y572.0
G1 X876.1 Y566.3
G1 X876.1 Y566.3
G1 X876.902 Y563.547
G1 X877.622 Y560.343
G1 X878.25 Y556.802
G1 X878.775 Y553.038
G1 X879.188 Y549.162
G1 X879.477 Y545.29
G1 X879.633 Y541.535
G1 X879.646 Y538.009
G1 X879.505 Y534.826
G1 X879.2 Y532.1
G1 X879.2 Y532.1
G1 X878.723 Y528.963
G1 X878.238 Y525.375
G1 X877.808 Y521.75
G1 X877.5 Y518.5
G1 X877.5 Y518.5
G1 X877.192 Y515.264
G1 X876.818 Y511.764
G1 X876.39 Y508.072
G1 X875.915 Y504.255
G1 X875.404 Y500.384
G1 X874.866 Y496.528
G1 X874.31 Y492.756
G1 X873.746 Y489.138
G1 X873.183 Y485.743
G1 X872.631 Y482.64
G1 X872.1 Y479.9
G1 X872.1 Y479.9
G1 X871.324 Y476.477
G1 X870.489 Y473.585
G1 X869.438 Y470.888
G1 X868.011 Y468.048
G1 X866.051 Y464.731
G1 X863.4 Y460.6
G1 X863.4 Y460.6
G1 X861.234 Y457.285
G1 X859.107 Y454.005
G1 X857.027 Y450.774
G1 X855.002 Y447.608
G1 X853.041 Y444.521
G1 X851.153 Y441.529
G1 X849.346 Y438.645
G1 X847.628 Y435.886
G1 X846.009 Y433.265
G1 X844.497 Y430.798
G1 X843.1 Y428.5
G1 X843.1 Y428.5
G1 X840.778 Y425.17
G1 X838.522 Y422.863
G1 X836.2 Y421.4
G1 X836.2 Y421.4
G1 X832.3 Y420.4
G1 X832.3 Y420.4
G1 X832.293 Y421.488
G1 X832.56 Y424.183
G1 X833.037 Y428.033
G1 X833.657 Y432.588
G1 X834.354 Y437.394
G1 X835.063 Y442.0
G1 X835.717 Y445.954
G1 X836.252 Y448.805
G1 X836.6 Y450.1
G1 X836.6 Y450.1
G1 X836.79 Y451.216
G1 X836.995 Y453.772
G1 X837.205 Y457.48
G1 X837.41 Y462.052
G1 X837.6 Y467.2
G1 X837.6 Y467.2
G1 X837.74 Y471.137
G1 X837.899 Y475.137
G1 X838.072 Y479.055
G1 X838.254 Y482.745
G1 X838.44 Y486.063
G1 X838.623 Y488.863
G1 X838.8 Y491.0
G1 X838.8 Y491.0
G1 X838.998 Y493.75
G1 X839.099 Y496.559
G1 X839.102 Y499.44399999999996
G1 X839.004 Y502.424
G1 X838.803 Y505.51700000000005
G1 X838.496 Y508.74300000000005
G1 X838.081 Y512.119
G1 X837.556 Y515.665
G1 X836.92 Y519.398
G1 X836.168 Y523.337
G1 X835.3 Y527.5
G1 X835.3 Y527.5
G1 X834.724 Y530.244
G1 X834.236 Y532.688
G1 X833.829 Y534.945
G1 X833.496 Y537.129
G1 X833.229 Y539.35
G1 X833.022 Y541.722
G1 X832.865 Y544.358
G1 X832.754 Y547.369
G1 X832.679 Y550.868
G1 X832.633 Y554.969
G1 X832.61 Y559.783
G1 X832.601 Y565.422
G1 X832.6 Y572.0
G1 X832.6 Y572.0
G1 X832.612 Y577.136
G1 X832.645 Y582.113
G1 X832.697 Y586.857
G1 X832.766 Y591.294
G1 X832.85 Y595.35
G1 X832.946 Y598.95
G1 X833.051 Y602.019
G1 X833.163 Y604.483
G1 X833.28 Y606.268
G1 X833.4 Y607.3
G1 X833.4 Y607.3
G1 X833.65 Y611.088
G1 X831.5 Y615.1
G1 X831.5 Y615.1
G1 X829.694 Y618.189
G1 X828.681 Y621.244
G1 X828.475 Y624.4
G1 X829.085 Y627.789
G1 X830.523 Y631.544
G1 X832.8 Y635.8
G1 X832.8 Y635.8
G1 X835.837 Y640.622
G1 X837.763 Y642.444
G1 X839.8 Y642.4
G1 X839.8 Y642.4
G1 X844.1 Y640.4
G1 X844.1 Y640.4
G1 X847.688 Y639.062
G1 X851.8 Y640.5
G1 X851.8 Y640.5
G1 X855.9 Y641.0
G1 X855.9 Y641.0
G1 X858.7 Y640.0
G1 X858.7 Y640.0
G1 X856.7 Y641.6
G1 X856.7 Y641.6
G1 X851.5 Y641.6
G1 X851.5 Y641.6
G1 X847.838 Y640.113
G1 X844.7 Y641.7
G1 X844.7 Y641.7
G1 X841.7 Y643.6
G1 X841.7 Y643.6
G1 X838.3 Y643.8
G1 X838.3 Y643.8
G1 X835.0 Y647.5
G1 X835.0 Y647.5
G1 X832.938 Y650.812
G1 X829.9 Y649.4
G1 X829.9 Y649.4
G1 X827.262 Y648.075
G1 X823.5 Y647.2
G1 X823.5 Y647.2
G1 X818.9 Y646.7
G1 X818.9 Y646.7
G1 X817.3 Y650.9
G1 X817.3 Y650.9
G1 X813.4 Y654.6
G1 X813.4 Y654.6
G1 X809.412 Y654.775
G1 X807.0 Y657.5
G1 X807.0 Y657.5
G1 X802.8 Y660.2
G1 X802.8 Y660.2
G1 X797.5 Y661.5
G1 X797.5 Y661.5
G1 X796.9 Y660.7
G1 X796.9 Y660.7
G1 X801.6 Y659.0
G1 X801.6 Y659.0
G1 X805.0 Y657.5
G1 X805.0 Y657.5
G1 X807.612 Y654.412
G1 X812.4 Y653.2
G1 X812.4 Y653.2
G1 X816.8 Y650.0
G1 X816.8 Y650.0
G1 X818.95 Y647.025
G1 X823.2 Y646.6
G1 X823.2 Y646.6
G1 X827.175 Y647.075
G1 X829.8 Y648.3
G1 X829.8 Y648.3
G1 X832.425 Y649.775
G1 X834.0 Y646.3
G1 X834.0 Y646.3
G1 X834.563 Y643.389
G1 X833.637 Y640.478
G1 X830.6 Y635.5
G1 X830.6 Y635.5
G1 X828.197 Y631.559
G1 X826.678 Y628.17
G1 X826.025 Y625.088
G1 X826.222 Y622.063
G1 X827.253 Y618.85
G1 X829.1 Y615.2
G1 X829.1 Y615.2
G1 X831.126 Y611.259
G1 X831.641 Y608.607
G1 X831.0 Y605.4
G1 X831.0 Y605.4
G1 X830.751 Y604.241
G1 X830.543 Y602.654
G1 X830.376 Y600.595
G1 X830.25 Y598.021
G1 X830.162 Y594.888
G1 X830.114 Y591.151
G1 X830.105 Y586.768
G1 X830.133 Y581.694
G1 X830.198 Y575.886
G1 X830.3 Y569.3
G1 X830.3 Y569.3
G1 X830.424 Y563.034
G1 X830.548 Y557.537
G1 X830.677 Y552.738
G1 X830.815 Y548.563
G1 X830.967 Y544.941
G1 X831.138 Y541.8
G1 X831.331 Y539.067
G1 X831.552 Y536.67
G1 X831.805 Y534.538
G1 X832.094 Y532.596
G1 X832.424 Y530.775
G1 X832.8 Y529.0
G1 X832.8 Y529.0
G1 X833.752 Y524.737
G1 X834.568 Y520.697
G1 X835.252 Y516.862
G1 X835.808 Y513.214
G1 X836.238 Y509.73800000000006
G1 X836.544 Y506.414
G1 X836.73 Y503.225
G1 X836.8 Y500.155
G1 X836.756 Y497.18600000000004
G1 X836.6 Y494.3
G1 X836.6 Y494.3
G1 X836.466 Y492.176
G1 X836.294 Y489.48
G1 X836.094 Y486.321
G1 X835.875 Y482.812
G1 X835.647 Y479.065
G1 X835.419 Y475.189
G1 X835.2 Y471.297
G1 X835.0 Y467.5
G1 X835.0 Y467.5
G1 X834.757 Y463.185
G1 X834.465 Y458.832
G1 X834.137 Y454.598
G1 X833.784 Y450.641
G1 X833.418 Y447.117
G1 X833.053 Y444.184
G1 X832.7 Y442.0
G1 X832.7 Y442.0
G1 X832.033 Y438.503
G1 X831.412 Y434.5
G1 X830.886 Y430.497
G1 X830.5 Y427.0
G1 X830.5 Y427.0
G1 X830.138 Y423.462
G1 X829.658 Y419.863
G1 X829.064 Y416.227
G1 X828.363 Y412.574
G1 X827.56 Y408.929
G1 X826.662 Y405.312
G1 X825.675 Y401.749
G1 X824.604 Y398.259
G1 X823.455 Y394.867
G1 X822.234 Y391.595
G1 X820.947 Y388.465
G1 X819.6 Y385.5
G1 X819.6 Y385.5
G1 X818.259 Y382.582
G1 X816.784 Y379.072
G1 X815.236 Y375.15
G1 X813.674 Y370.991
G1 X812.159 Y366.775
G1 X810.75 Y362.677
G1 X809.508 Y358.877
G1 X808.491 Y355.552
G1 X807.761 Y352.879
G1 X807.378 Y351.036
G1 X807.4 Y350.2
G1 X807.4 Y350.2
G1 X808.008 Y349.978
G1 X808.812 Y351.275
G1 X810.311 Y355.234
G1 X813.0 Y363.0
G1 X813.0 Y363.0
G1 X814.304 Y366.648
G1 X815.763 Y370.552
G1 X817.3 Y374.5
G1 X818.837 Y378.281
G1 X820.296 Y381.685
G1 X821.6 Y384.5
G1 X821.6 Y384.5
G1 X823.224 Y388.091
G1 X824.769 Y391.875
G1 X826.191 Y395.715
G1 X827.45 Y399.475
G1 X828.502 Y403.02
G1 X829.306 Y406.213
G1 X829.82 Y408.918
G1 X830.0 Y411.0
G1 X830.0 Y411.0
G1 X830.793 Y414.426
G1 X833.141 Y417.074
G1 X837.0 Y418.9
G1 X837.0 Y418.9
G1 X838.257 Y419.346
G1 X839.452 Y419.986
G1 X840.676 Y420.942
G1 X842.024 Y422.335
G1 X843.588 Y424.288
G1 X845.46 Y426.921
G1 X847.734 Y430.357
G1 X850.504 Y434.718
G1 X853.862 Y440.125
G1 X857.9 Y446.7
G1 X857.9 Y446.7
G1 X859.531 Y449.393
G1 X861.444 Y452.544
G1 X863.525 Y455.963
G1 X865.656 Y459.456
G1 X867.719 Y462.832
G1 X869.6 Y465.9
G1 X869.6 Y465.9
G1 X871.785 Y469.432
G1 X873.926 Y473.012
G1 X875.886 Y476.376
G1 X877.523 Y479.26
G1 X878.7 Y481.4
G1 X878.7 Y481.4
G1 X879.7 Y483.244
G1 X881.137 Y485.852
G1 X882.912 Y489.038
G1 X884.93 Y492.615
G1 X887.091 Y496.398
G1 X889.3 Y500.20000000000005
G1 X889.3 Y500.20000000000005
G1 X891.34 Y503.79200000000003
G1 X893.261 Y507.278
G1 X895.065 Y510.66200000000003
G1 X896.755 Y513.948
G1 X898.331 Y517.14
G1 X899.796 Y520.243
G1 X901.152 Y523.261
G1 X902.4 Y526.197
G1 X903.544 Y529.056
G1 X904.583 Y531.841
G1 X905.521 Y534.558
G1 X906.359 Y537.209
G1 X907.1 Y539.8
G1 X907.1 Y539.8
G1 X908.642 Y545.158
G1 X910.199 Y549.667
G1 X911.665 Y553.077
G1 X912.934 Y555.138
G1 X913.9 Y555.6
G1 X913.9 Y555.6
G1 X914.621 Y555.813
G1 X915.723 Y557.085
G1 X917.159 Y559.334
G1 X918.882 Y562.48
G1 X920.845 Y566.444
G1 X923.0 Y571.144
G1 X925.3 Y576.5
G1 X925.3 Y576.5
G1 X926.347 Y579.041
G1 X927.583 Y582.019
G1 X928.962 Y585.324
G1 X930.438 Y588.85
G1 X931.965 Y592.488
G1 X933.498 Y596.131
G1 X934.992 Y599.671
G1 X936.4 Y603.0
G1 X936.4 Y603.0
G1 X938.395 Y607.821
G1 X940.268 Y612.446
G1 X942.016 Y616.863
G1 X943.634 Y621.059
G1 X945.119 Y625.025
G1 X946.467 Y628.746
G1 X947.672 Y632.213
G1 X948.732 Y635.413
G1 X949.642 Y638.335
G1 X950.398 Y640.966
G1 X950.995 Y643.295
G1 X951.431 Y645.31
G1 X951.7 Y647.0
G1 X951.7 Y647.0
G1 X952.75 Y652.05
G1 X954.4 Y656.5
G1 X954.4 Y656.5
G1 X955.466 Y658.975
G1 X956.175 Y661.975
G1 X956.622 Y666.062
G1 X956.9 Y671.8
G1 X956.9 Y671.8
G1 X956.981 Y675.57
G1 X956.951 Y678.905
G1 X956.782 Y682.054
G1 X956.449 Y685.268
G1 X955.925 Y688.797
G1 X955.184 Y692.891
G1 X954.2 Y697.8
G1 X954.2 Y697.8
G1 X953.34 Y701.933
G1 X952.489 Y706.096
G1 X951.688 Y710.088
G1 X950.978 Y713.704
G1 X950.401 Y716.742
G1 X950.0 Y719.0
G1 X950.0 Y719.0
G1 X949.793 Y720.104
G1 X949.465 Y721.65
G1 X949.023 Y723.605
G1 X948.478 Y725.934
G1 X947.837 Y728.604
G1 X947.109 Y731.58
G1 X946.304 Y734.83
G1 X945.429 Y738.318
G1 X944.495 Y742.012
G1 X943.509 Y745.876
G1 X942.481 Y749.879
G1 X941.419 Y753.984
G1 X940.332 Y758.159
G1 X939.23 Y762.37
G1 X938.12 Y766.583
G1 X937.011 Y770.764
G1 X935.913 Y774.878
G1 X934.834 Y778.893
G1 X933.783 Y782.774
G1 X932.769 Y786.488
G1 X931.8 Y790.0
G1 X931.8 Y790.0
G1 X930.62 Y794.422
G1 X929.562 Y798.675
G1 X928.748 Y802.291
G1 X928.3 Y804.8
G1 X928.3 Y804.8
G1 X926.963 Y808.863
G1 X926.0 Y807.6
M5; lift marker up
G4 P0.08
G0 X914.0 Y823.5
M3 S1000;put marker down
G4 P0.2
G1 X916.8 Y821.0
G1 X916.8 Y821.0
G1 X915.0 Y823.5
G1 X915.0 Y823.5
G1 X912.2 Y826.0
G1 X912.2 Y826.0
G1 X914.0 Y823.5
M5; lift marker up
G4 P0.08
G0 X922.1 Y828.7
M3 S1000;put marker down
G4 P0.2
G1 X922.689 Y825.03
G1 X924.078 Y820.937
G1 X925.4 Y819.0
G1 X925.4 Y819.0
G1 X924.5 Y823.3
G1 X924.5 Y823.3
G1 X922.7 Y829.5
G1 X922.7 Y829.5
G1 X922.1 Y828.7
M5; lift marker up
G4 P0.08
G0 X898.0 Y836.8
M3 S1000;put marker down
G4 P0.2
G1 X899.85 Y835.288
G1 X903.5 Y832.5
G1 X903.5 Y832.5
G1 X906.3 Y831.1
G1 X906.3 Y831.1
G1 X903.775 Y833.363
G1 X900.8 Y835.4
G1 X900.8 Y835.4
G1 X898.0 Y836.8
M5; lift marker up
G4 P0.08
G0 X866.0 Y805.3
M3 S1000;put marker down
G4 P0.2
G1 X868.115 Y802.419
G1 X870.519 Y798.381
G1 X872.7 Y794.1
G1 X872.7 Y794.1
G1 X875.063 Y788.949
G1 X877.271 Y784.192
G1 X879.304 Y779.878
G1 X881.138 Y776.052
G1 X882.754 Y772.763
G1 X884.13 Y770.056
G1 X885.243 Y767.978
G1 X886.074 Y766.577
G1 X886.6 Y765.9
G1 X886.6 Y765.9
G1 X886.288 Y767.475
G1 X883.8 Y772.5
G1 X883.8 Y772.5
G1 X882.346 Y775.392
G1 X880.709 Y778.836
G1 X879.019 Y782.544
G1 X877.406 Y786.228
G1 X876.0 Y789.6
G1 X876.0 Y789.6
G1 X873.916 Y794.266
G1 X871.593 Y798.763
G1 X869.225 Y802.788
G1 X867.007 Y806.037
G1 X865.134 Y808.209
G1 X863.8 Y809.0
G1 X863.8 Y809.0
G1 X866.0 Y805.3
M5; lift marker up
G4 P0.08
G0 X797.0 Y727.0
M3 S1000;put marker down
G4 P0.2
G1 X798.5 Y726.1
G1 X798.5 Y726.1
G1 X802.477 Y725.75
G1 X806.219 Y724.57
G1 X809.588 Y722.662
G1 X812.448 Y720.13
G1 X814.664 Y717.075
G1 X816.1 Y713.6
G1 X816.1 Y713.6
G1 X818.5 Y707.675
G1 X820.0 Y707.0
G1 X820.0 Y707.0
G1 X818.5 Y710.4
G1 X818.5 Y710.4
G1 X817.0 Y714.3
G1 X817.0 Y714.3
G1 X815.923 Y717.028
G1 X813.338 Y720.675
G1 X810.208 Y724.059
G1 X807.5 Y726.0
G1 X807.5 Y726.0
G1 X803.289 Y727.215
G1 X799.478 Y727.585
G1 X797.0 Y727.0
M5; lift marker up
G4 P0.08
G0 X768.2 Y724.4
M3 S1000;put marker down
G4 P0.2
G1 X770.9 Y723.1
G1 X770.9 Y723.1
G1 X769.2 Y724.8
G1 X769.2 Y724.8
G1 X768.2 Y724.4
M5; lift marker up
G4 P0.08
G0 X785.8 Y688.9
M3 S1000;put marker down
G4 P0.2
G1 X784.0 Y685.7
G1 X784.0 Y685.7
G1 X785.3 Y686.0
G1 X785.3 Y686.0
G1 X788.8 Y688.8
G1 X788.8 Y688.8
G1 X791.0 Y686.2
G1 X791.0 Y686.2
G1 X792.156 Y682.696
G1 X794.778 Y679.437
G1 X797.6 Y678.0
G1 X797.6 Y678.0
G1 X799.638 Y675.113
G1 X799.2 Y669.6
G1 X799.2 Y669.6
G1 X799.5 Y668.4
G1 X799.5 Y668.4
G1 X801.0 Y674.2
G1 X801.0 Y674.2
G1 X800.362 Y677.688
G1 X797.1 Y679.9
G1 X797.1 Y679.9
G1 X793.05 Y683.038
G1 X792.0 Y687.6
G1 X792.0 Y687.6
G1 X789.8 Y690.0
G1 X789.8 Y690.0
G1 X785.8 Y688.9
M5; lift marker up
G4 P0.08
G0 X780.2 Y684.3
M3 S1000;put marker down
G4 P0.2
G1 X781.293 Y681.884
G1 X782.628 Y678.709
G1 X784.138 Y674.956
G1 X785.756 Y670.807
G1 X787.415 Y666.445
G1 X789.05 Y662.05
G1 X790.593 Y657.805
G1 X791.978 Y653.893
G1 X793.138 Y650.494
G1 X794.006 Y647.791
G1 X794.515 Y645.966
G1 X794.6 Y645.2
G1 X794.6 Y645.2
G1 X793.452 Y645.542
G1 X790.588 Y646.738
G1 X786.43 Y648.589
G1 X781.4 Y650.9
G1 X781.4 Y650.9
G1 X776.43 Y653.269
G1 X772.312 Y655.15
G1 X769.489 Y656.356
G1 X768.4 Y656.7
G1 X768.4 Y656.7
G1 X769.409 Y656.048
G1 X772.425 Y654.412
G1 X776.978 Y652.045
G1 X782.6 Y649.2
G1 X782.6 Y649.2
G1 X797.2 Y641.9
G1 X797.2 Y641.9
G1 X796.5 Y645.2
G1 X796.5 Y645.2
G1 X795.942 Y647.228
G1 X794.963 Y650.325
G1 X793.702 Y654.059
G1 X792.3 Y658.0
G1 X792.3 Y658.0
G1 X791.047 Y661.43
G1 X789.646 Y665.277
G1 X788.21 Y669.239
G1 X786.857 Y673.014
G1 X785.7 Y676.3
G1 X785.7 Y676.3
G1 X783.038 Y682.525
G1 X781.2 Y685.0
G1 X781.2 Y685.0
G1 X780.2 Y684.3
M5; lift marker up
G4 P0.08
G0 X765.6 Y679.1
M3 S1000;put marker down
G4 P0.2
G1 X765.9 Y675.8
G1 X765.9 Y675.8
G1 X766.9 Y676.2
G1 X766.9 Y676.2
G1 X767.0 Y678.9
G1 X767.0 Y678.9
G1 X770.6 Y676.8
G1 X770.6 Y676.8
G1 X774.012 Y675.338
G1 X777.2 Y675.6
G1 X777.2 Y675.6
G1 X780.8 Y677.8
G1 X780.8 Y677.8
G1 X778.2 Y677.6
G1 X778.2 Y677.6
G1 X775.138 Y676.6
G1 X771.4 Y678.0
G1 X771.4 Y678.0
G1 X765.6 Y679.1
M5; lift marker up
G4 P0.08
G0 X754.7 Y673.2
M3 S1000;put marker down
G4 P0.2
G1 X753.0 Y670.4
G1 X753.0 Y670.4
G1 X754.1 Y671.3
G1 X754.1 Y671.3
G1 X757.025 Y672.95
G1 X759.5 Y671.0
G1 X759.5 Y671.0
G1 X765.0 Y670.0
G1 X765.0 Y670.0
G1 X763.9 Y670.5
G1 X763.9 Y670.5
G1 X759.6 Y672.4
G1 X759.6 Y672.4
G1 X754.7 Y673.2
M5; lift marker up
G4 P0.08
G0 X756.6 Y662.4
M3 S1000;put marker down
G4 P0.2
G1 X758.0 Y661.9
G1 X758.0 Y661.9
G1 X758.1 Y664.0
G1 X758.1 Y664.0
G1 X756.6 Y662.4
M5; lift marker up
G4 P0.08
G0 X766.5 Y652.4
M3 S1000;put marker down
G4 P0.2
G1 X769.307 Y650.707
G1 X772.826 Y648.726
G1 X776.3 Y646.9
G1 X776.3 Y646.9
G1 X780.963 Y644.395
G1 X785.149 Y641.958
G1 X788.808 Y639.621
G1 X791.892 Y637.415
G1 X794.351 Y635.372
G1 X796.137 Y633.523
G1 X797.2 Y631.9
G1 X797.2 Y631.9
G1 X797.826 Y630.123
G1 X798.587 Y627.262
G1 X799.425 Y623.598
G1 X800.282 Y619.417
G1 X801.1 Y615.0
G1 X801.1 Y615.0
G1 X801.559 Y612.054
G1 X801.958 Y609.27
G1 X802.299 Y606.569
G1 X802.586 Y603.87
G1 X802.824 Y601.093
G1 X803.015 Y598.158
G1 X803.163 Y594.984
G1 X803.272 Y591.492
G1 X803.346 Y587.6
G1 X803.387 Y583.23
G1 X803.4 Y578.3
G1 X803.4 Y578.3
G1 X803.455 Y573.004
G1 X803.53 Y568.1
G1 X803.623 Y563.735
G1 X803.73 Y560.055
G1 X803.848 Y557.208
G1 X803.972 Y555.341
G1 X804.1 Y554.6
G1 X804.1 Y554.6
G1 X804.312 Y555.284
G1 X804.572 Y557.624
G1 X804.856 Y561.332
G1 X805.14 Y566.12
G1 X805.4 Y571.7
G1 X805.4 Y571.7
G1 X805.537 Y575.438
G1 X805.628 Y579.027
G1 X805.67 Y582.487
G1 X805.664 Y585.84
G1 X805.607 Y589.107
G1 X805.499 Y592.31
G1 X805.338 Y595.468
G1 X805.123 Y598.604
G1 X804.853 Y601.738
G1 X804.526 Y604.893
G1 X804.141 Y608.088
G1 X803.698 Y611.345
G1 X803.194 Y614.685
G1 X802.628 Y618.13
G1 X802.0 Y621.7
G1 X802.0 Y621.7
G1 X800.9 Y627.156
G1 X799.875 Y630.85
G1 X798.738 Y633.344
G1 X797.3 Y635.2
G1 X797.3 Y635.2
G1 X796.321 Y636.102
G1 X794.947 Y637.164
G1 X793.126 Y638.419
G1 X790.803 Y639.901
G1 X787.926 Y641.644
G1 X784.441 Y643.681
G1 X780.294 Y646.048
G1 X775.431 Y648.776
G1 X769.8 Y651.9
G1 X769.8 Y651.9
G1 X764.633 Y654.474
G1 X763.333 Y654.693
G1 X766.5 Y652.4
M5; lift marker up
G4 P0.08
G0 X744.6 Y649.5
M3 S1000;put marker down
G4 P0.2
G1 X749.6 Y647.0
G1 X749.6 Y647.0
G1 X754.0 Y650.5
G1 X754.0 Y650.5
G1 X752.9 Y649.8
G1 X752.9 Y649.8
G1 X750.012 Y648.062
G1 X745.7 Y650.0
G1 X745.7 Y650.0
G1 X742.488 Y651.962
G1 X744.6 Y649.5
M5; lift marker up
G4 P0.08
G0 X735.4 Y652.6
M3 S1000;put marker down
G4 P0.2
G1 X739.4 Y651.1
G1 X739.4 Y651.1
G1 X738.8 Y652.0
G1 X738.8 Y652.0
G1 X734.8 Y653.5
G1 X734.8 Y653.5
G1 X735.4 Y652.6
M5; lift marker up
G4 P0.08
G0 X739.1 Y638.7
M3 S1000;put marker down
G4 P0.2
G1 X739.475 Y635.412
G1 X740.6 Y630.1
G1 X740.6 Y630.1
G1 X741.812 Y625.923
G1 X743.426 Y622.315
G1 X745.412 Y619.312
G1 X747.741 Y616.952
G1 X750.38 Y615.269
G1 X753.3 Y614.3
G1 X753.3 Y614.3
G1 X756.645 Y613.111
G1 X758.688 Y611.012
G1 X759.586 Y607.733
G1 X759.5 Y603.0
G1 X759.5 Y603.0
G1 X759.116 Y598.559
G1 X758.804 Y594.349
G1 X758.564 Y590.362
G1 X758.396 Y586.59
G1 X758.3 Y583.025
G1 X758.276 Y579.658
G1 X758.324 Y576.48
G1 X758.444 Y573.483
G1 X758.636 Y570.659
G1 X758.9 Y568.0
G1 X758.9 Y568.0
G1 X759.34 Y564.17
G1 X759.759 Y560.427
G1 X760.158 Y556.766
G1 X760.537 Y553.181
G1 X760.897 Y549.67
G1 X761.238 Y546.225
G1 X761.559 Y542.843
G1 X761.863 Y539.519
G1 X762.148 Y536.247
G1 X762.416 Y533.023
G1 X762.667 Y529.842
G1 X762.9 Y526.7
G1 X762.9 Y526.7
G1 X763.381 Y520.067
G1 X763.975 Y516.162
G1 X764.981 Y513.777
G1 X766.7 Y511.70000000000005
G1 X766.7 Y511.70000000000005
G1 X768.548 Y509.222
G1 X769.952 Y506.211
G1 X771.0 Y502.4
G1 X771.0 Y502.4
G1 X771.681 Y498.004
G1 X771.319 Y494.963
G1 X769.6 Y491.1
G1 X769.6 Y491.1
G1 X768.248 Y488.148
G1 X767.412 Y485.338
G1 X766.97 Y482.058
G1 X766.8 Y477.7
G1 X766.8 Y477.7
G1 X766.857 Y474.464
G1 X767.083 Y470.955
G1 X767.463 Y467.27
G1 X767.981 Y463.506
G1 X768.622 Y459.76
G1 X769.37 Y456.13
G1 X770.21 Y452.711
G1 X771.125 Y449.602
G1 X772.1 Y446.9
G1 X772.1 Y446.9
G1 X772.873 Y444.483
G1 X773.41 Y441.894
G1 X773.742 Y438.742
G1 X773.895 Y434.641
G1 X773.9 Y429.2
G1 X773.9 Y429.2
G1 X773.891 Y425.6
G1 X773.933 Y422.382
G1 X774.042 Y419.403
G1 X774.234 Y416.515
G1 X774.525 Y413.575
G1 X774.93 Y410.437
G1 X775.464 Y406.955
G1 X776.143 Y402.986
G1 X776.983 Y398.382
G1 X778.0 Y393.0
G1 X778.0 Y393.0
G1 X778.796 Y388.832
G1 X779.544 Y385.167
G1 X780.285 Y381.863
G1 X781.061 Y378.779
G1 X781.913 Y375.773
G1 X782.881 Y372.704
G1 X784.008 Y369.429
G1 X785.334 Y365.809
G1 X786.9 Y361.7
G1 X786.9 Y361.7
G1 X788.597 Y357.13
G1 X790.148 Y352.7
G1 X791.528 Y348.495
G1 X792.713 Y344.6
G1 X793.676 Y341.098
G1 X794.395 Y338.075
G1 X794.845 Y335.614
G1 X795.0 Y333.8
G1 X795.0 Y333.8
G1 X795.463 Y330.462
G1 X796.6 Y326.3
G1 X796.6 Y326.3
G1 X797.622 Y322.804
G1 X798.711 Y318.196
G1 X799.6 Y313.5
G1 X799.6 Y313.5
G1 X801.0 Y305.5
G1 X801.0 Y305.5
G1 X800.4 Y312.5
G1 X800.4 Y312.5
G1 X799.996 Y316.744
G1 X799.304 Y321.056
G1 X798.5 Y324.5
G1 X798.5 Y324.5
G1 X797.674 Y328.137
G1 X796.759 Y332.796
G1 X796.0 Y337.5
G1 X796.0 Y337.5
G1 X795.474 Y340.534
G1 X794.669 Y344.153
G1 X793.667 Y348.055
G1 X792.55 Y351.938
G1 X791.4 Y355.5
G1 X791.4 Y355.5
G1 X790.132 Y359.038
G1 X788.792 Y362.855
G1 X787.476 Y366.653
G1 X786.28 Y370.134
G1 X785.3 Y373.0
G1 X785.3 Y373.0
G1 X784.238 Y376.304
G1 X783.453 Y379.422
G1 X782.948 Y382.467
G1 X782.728 Y385.548
G1 X782.795 Y388.778
G1 X783.152 Y392.267
G1 X783.803 Y396.126
G1 X784.751 Y400.467
G1 X786.0 Y405.4
G1 X786.0 Y405.4
G1 X787.525 Y411.354
G1 X788.43 Y415.499
G1 X788.794 Y418.497
G1 X788.691 Y421.01
G1 X788.2 Y423.7
G1 X788.2 Y423.7
G1 X787.604 Y429.759
G1 X788.83 Y433.107
G1 X791.9 Y433.7
G1 X791.9 Y433.7
G1 X794.116 Y433.48
G1 X795.825 Y434.562
G1 X797.722 Y437.764
G1 X800.5 Y443.9
G1 X800.5 Y443.9
G1 X801.446 Y446.144
G1 X802.303 Y448.427
G1 X803.079 Y450.791
G1 X803.781 Y453.28
G1 X804.417 Y455.936
G1 X804.994 Y458.801
G1 X805.519 Y461.918
G1 X806.0 Y465.33
G1 X806.444 Y469.079
G1 X806.859 Y473.208
G1 X807.252 Y477.759
G1 X807.63 Y482.776
G1 X808.0 Y488.3
G1 X808.0 Y488.3
G1 X808.323 Y493.177
G1 X808.541 Y497.35299999999995
G1 X808.65 Y501.009
G1 X808.65 Y504.32500000000005
G1 X808.537 Y507.48199999999997
G1 X808.309 Y510.659
G1 X807.964 Y514.039
G1 X807.5 Y517.8
G1 X807.5 Y517.8
G1 X806.909 Y522.082
G1 X806.25 Y526.331
G1 X805.578 Y530.249
G1 X804.943 Y533.538
G1 X804.4 Y535.9
G1 X804.4 Y535.9
G1 X803.45 Y540.912
G1 X803.4 Y545.4
G1 X803.4 Y545.4
G1 X804.0 Y549.5
G1 X804.0 Y549.5
G1 X802.3 Y546.2
G1 X802.3 Y546.2
G1 X801.233 Y543.559
G1 X801.233 Y540.141
G1 X802.3 Y533.7
G1 X802.3 Y533.7
G1 X802.901 Y530.263
G1 X803.443 Y526.958
G1 X803.927 Y523.764
G1 X804.354 Y520.66
G1 X804.722 Y517.625
G1 X805.032 Y514.638
G1 X805.285 Y511.678
G1 X805.481 Y508.72400000000005
G1 X805.619 Y505.755
G1 X805.7 Y502.75
G1 X805.724 Y499.688
G1 X805.691 Y496.548
G1 X805.602 Y493.309
G1 X805.456 Y489.95
G1 X805.253 Y486.45
G1 X804.994 Y482.788
G1 X804.68 Y478.943
G1 X804.309 Y474.894
G1 X803.882 Y470.62
G1 X803.4 Y466.1
G1 X803.4 Y466.1
G1 X802.827 Y460.998
G1 X802.252 Y456.952
G1 X801.588 Y453.6
G1 X800.748 Y450.581
G1 X799.648 Y447.535
G1 X798.2 Y444.1
G1 X798.2 Y444.1
G1 X795.411 Y438.193
G1 X793.556 Y435.974
G1 X791.3 Y435.8
G1 X791.3 Y435.8
G1 X786.6 Y433.4
G1 X786.6 Y433.4
G1 X785.325 Y430.162
G1 X786.0 Y424.6
G1 X786.0 Y424.6
G1 X786.451 Y421.582
G1 X786.538 Y418.867
G1 X786.158 Y415.701
G1 X785.213 Y411.33
G1 X783.6 Y405.0
G1 X783.6 Y405.0
G1 X782.252 Y399.82
G1 X781.138 Y395.662
G1 X780.38 Y392.948
G1 X780.1 Y392.1
G1 X780.1 Y392.1
G1 X779.815 Y393.796
G1 X779.219 Y397.737
G1 X778.4 Y403.1
G1 X778.4 Y403.1
G1 X778.022 Y405.871
G1 X777.667 Y409.194
G1 X777.345 Y412.908
G1 X777.067 Y416.855
G1 X776.843 Y420.876
G1 X776.684 Y424.81
G1 X776.6 Y428.5
G1 X776.6 Y428.5
G1 X776.483 Y434.377
G1 X776.296 Y438.785
G1 X775.988 Y442.138
G1 X775.504 Y444.848
G1 X774.792 Y447.331
G1 X773.8 Y450.0
G1 X773.8 Y450.0
G1 X772.776 Y452.863
G1 X771.848 Y456.058
G1 X771.03 Y459.496
G1 X770.334 Y463.088
G1 X769.777 Y466.742
G1 X769.37 Y470.37
G1 X769.129 Y473.883
G1 X769.068 Y477.189
G1 X769.2 Y480.2
G1 X769.2 Y480.2
G1 X769.833 Y484.296
G1 X770.933 Y488.17
G1 X772.5 Y491.8
G1 X772.5 Y491.8
G1 X775.3 Y497.1
G1 X775.3 Y497.1
G1 X773.1 Y504.29999999999995
G1 X773.1 Y504.29999999999995
G1 X771.641 Y508.485
G1 X770.093 Y511.581
G1 X768.5 Y513.5
G1 X768.5 Y513.5
G1 X767.31 Y514.678
G1 X766.519 Y516.255
G1 X765.973 Y518.893
G1 X765.518 Y523.254
G1 X765.0 Y530.0
G1 X765.0 Y530.0
G1 X764.824 Y532.607
G1 X764.601 Y535.581
G1 X764.337 Y538.85
G1 X764.038 Y542.342
G1 X763.713 Y545.988
G1 X763.366 Y549.714
G1 X763.004 Y553.449
G1 X762.635 Y557.123
G1 X762.265 Y560.664
G1 X761.9 Y564.0
G1 X761.9 Y564.0
G1 X761.389 Y569.021
G1 X760.98 Y573.472
G1 X760.671 Y577.412
G1 X760.463 Y580.9
G1 X760.352 Y583.994
G1 X760.339 Y586.753
G1 X760.422 Y589.236
G1 X760.6 Y591.5
G1 X760.6 Y591.5
G1 X761.123 Y598.069
G1 X761.385 Y603.285
G1 X761.375 Y607.312
G1 X761.081 Y610.315
G1 X760.494 Y612.456
G1 X759.6 Y613.9
G1 X759.6 Y613.9
G1 X754.7 Y616.0
G1 X754.7 Y616.0
G1 X752.053 Y616.691
G1 X749.242 Y618.554
G1 X746.586 Y621.27
G1 X744.399 Y624.525
G1 X743.0 Y628.0
G1 X743.0 Y628.0
G1 X741.211 Y634.419
G1 X739.756 Y638.415
G1 X739.1 Y638.7
M5; lift marker up
G4 P0.08
G0 X717.9 Y665.5
M3 S1000;put marker down
G4 P0.2
G1 X719.144 Y663.733
G1 X721.522 Y661.033
G1 X724.5 Y658.0
G1 X724.5 Y658.0
G1 X727.158 Y655.236
G1 X729.099 Y652.76
G1 X730.401 Y650.299
G1 X731.144 Y647.577
G1 X731.405 Y644.319
G1 X731.264 Y640.252
G1 X730.8 Y635.1
G1 X730.8 Y635.1
G1 X730.573 Y632.341
G1 X730.405 Y629.135
G1 X730.293 Y625.567
G1 X730.236 Y621.724
G1 X730.229 Y617.692
G1 X730.273 Y613.555
G1 X730.362 Y609.4
G1 X730.497 Y605.312
G1 X730.673 Y601.378
G1 X730.889 Y597.682
G1 X731.142 Y594.31
G1 X731.43 Y591.349
G1 X731.75 Y588.884
G1 X732.1 Y587.0
G1 X732.1 Y587.0
G1 X732.465 Y584.926
G1 X732.93 Y581.787
G1 X733.454 Y577.885
G1 X733.991 Y573.522
G1 X734.5 Y569.0
G1 X734.5 Y569.0
G1 X734.888 Y565.592
G1 X735.351 Y561.816
G1 X735.867 Y557.833
G1 X736.413 Y553.8
G1 X736.965 Y549.878
G1 X737.502 Y546.224
G1 X738.0 Y543.0
G1 X738.0 Y543.0
G1 X738.777 Y537.856
G1 X739.412 Y533.125
G1 X739.842 Y529.331
G1 X740.0 Y527.0
G1 X740.0 Y527.0
G1 X740.333 Y524.17
G1 X741.2 Y520.23
G1 X742.4 Y516.0
G1 X742.4 Y516.0
G1 X743.321 Y513.03
G1 X744.159 Y510.139
G1 X744.922 Y507.28700000000003
G1 X745.615 Y504.437
G1 X746.244 Y501.54999999999995
G1 X746.816 Y498.58799999999997
G1 X747.338 Y495.513
G1 X747.815 Y492.286
G1 X748.254 Y488.869
G1 X748.661 Y485.224
G1 X749.043 Y481.314
G1 X749.406 Y477.098
G1 X749.756 Y472.54
G1 X750.1 Y467.6
G1 X750.1 Y467.6
G1 X750.502 Y461.831
G1 X750.961 Y456.73
G1 X751.439 Y452.602
G1 X751.898 Y449.757
G1 X752.3 Y448.5
G1 X752.3 Y448.5
G1 X752.7 Y452.2
G1 X752.7 Y452.2
G1 X752.45 Y454.393
G1 X752.185 Y457.646
G1 X751.915 Y461.654
G1 X751.65 Y466.107
G1 X751.4 Y470.7
G1 X751.4 Y470.7
G1 X751.217 Y474.257
G1 X750.971 Y477.883
G1 X750.666 Y481.55
G1 X750.306 Y485.232
G1 X749.895 Y488.902
G1 X749.437 Y492.534
G1 X748.938 Y496.1
G1 X748.399 Y499.57500000000005
G1 X747.827 Y502.93100000000004
G1 X747.225 Y506.14200000000005
G1 X746.597 Y509.18100000000004
G1 X745.948 Y512.021
G1 X745.28 Y514.637
G1 X744.6 Y517.0
G1 X744.6 Y517.0
G1 X743.625 Y520.497
G1 X742.725 Y524.5
G1 X742.012 Y528.503
G1 X741.6 Y532.0
G1 X741.6 Y532.0
G1 X741.282 Y534.89
G1 X740.829 Y538.437
G1 X740.275 Y542.339
G1 X739.654 Y546.294
G1 X739.0 Y550.0
G1 X739.0 Y550.0
G1 X738.394 Y553.785
G1 X737.803 Y557.958
G1 X737.265 Y562.19
G1 X736.818 Y566.147
G1 X736.5 Y569.5
G1 X736.5 Y569.5
G1 X736.254 Y572.766
G1 X735.897 Y576.377
G1 X735.463 Y580.055
G1 X734.986 Y583.522
G1 X734.5 Y586.5
G1 X734.5 Y586.5
G1 X734.015 Y589.54
G1 X733.565 Y592.998
G1 X733.155 Y596.777
G1 X732.789 Y600.781
G1 X732.473 Y604.917
G1 X732.213 Y609.088
G1 X732.012 Y613.198
G1 X731.878 Y617.152
G1 X731.814 Y620.855
G1 X731.826 Y624.211
G1 X731.92 Y627.124
G1 X732.1 Y629.5
G1 X732.1 Y629.5
G1 X732.584 Y634.763
G1 X732.837 Y639.504
G1 X732.862 Y643.65
G1 X732.663 Y647.13
G1 X732.241 Y649.87
G1 X731.6 Y651.8
G1 X731.6 Y651.8
G1 X729.944 Y654.052
G1 X727.022 Y657.348
G1 X723.5 Y661.0
G1 X723.5 Y661.0
G1 X719.088 Y665.012
G1 X717.9 Y665.5
M5; lift marker up
G4 P0.08
G0 X681.1 Y694.7
M3 S1000;put marker down
G4 P0.2
G1 X682.244 Y691.919
G1 X685.122 Y689.115
G1 X688.6 Y687.4
G1 X688.6 Y687.4
G1 X694.2 Y688.3
G1 X694.2 Y688.3
G1 X698.7 Y689.3
G1 X698.7 Y689.3
G1 X699.6 Y689.8
G1 X699.6 Y689.8
G1 X697.088 Y690.925
G1 X693.6 Y689.5
G1 X693.6 Y689.5
G1 X689.9 Y688.0
G1 X689.9 Y688.0
G1 X687.096 Y689.059
G1 X684.004 Y691.541
G1 X682.0 Y694.4
G1 X682.0 Y694.4
G1 X681.1 Y694.7
M5; lift marker up
G4 P0.08
G0 X675.6 Y700.3
M3 S1000;put marker down
G4 P0.2
G1 X671.7 Y698.2
G1 X671.7 Y698.2
G1 X668.5 Y697.0
G1 X668.5 Y697.0
G1 X671.8 Y697.5
G1 X671.8 Y697.5
G1 X677.25 Y699.438
G1 X677.9 Y701.0
G1 X677.9 Y701.0
G1 X675.6 Y700.3
M5; lift marker up
G4 P0.08
G0 X651.0 Y685.5
M3 S1000;put marker down
G4 P0.2
G1 X653.288 Y683.15
G1 X658.2 Y682.0
G1 X658.2 Y682.0
G1 X663.212 Y682.588
G1 X665.0 Y684.3
G1 X665.0 Y684.3
G1 X663.8 Y684.2
G1 X663.8 Y684.2
G1 X661.019 Y683.126
G1 X657.081 Y683.274
G1 X653.5 Y684.6
G1 X653.5 Y684.6
G1 X651.0 Y685.5
M5; lift marker up
G4 P0.08
G0 X628.7 Y684.3
M3 S1000;put marker down
G4 P0.2
G1 X629.389 Y682.863
G1 X630.698 Y680.617
G1 X632.493 Y677.763
G1 X634.638 Y674.499
G1 X636.999 Y671.024
G1 X639.441 Y667.537
G1 X641.828 Y664.238
G1 X644.026 Y661.326
G1 X645.9 Y659.0
G1 X645.9 Y659.0
G1 X648.025 Y656.419
G1 X650.45 Y653.425
G1 X652.875 Y650.394
G1 X655.0 Y647.7
G1 X655.0 Y647.7
G1 X656.832 Y645.453
G1 X659.322 Y642.674
G1 X662.282 Y639.542
G1 X665.525 Y636.241
G1 X668.862 Y632.95
G1 X672.107 Y629.851
G1 X675.071 Y627.126
G1 X677.566 Y624.954
G1 X679.405 Y623.519
G1 X680.4 Y623.0
G1 X680.4 Y623.0
G1 X680.05 Y623.706
G1 X678.419 Y625.669
G1 X675.713 Y628.659
G1 X672.138 Y632.446
G1 X667.9 Y636.8
G1 X667.9 Y636.8
G1 X665.031 Y639.719
G1 X662.103 Y642.788
G1 X659.199 Y645.912
G1 X656.4 Y649.0
G1 X653.789 Y651.956
G1 X651.447 Y654.688
G1 X649.457 Y657.1
G1 X647.9 Y659.1
G1 X647.9 Y659.1
G1 X644.251 Y664.067
G1 X641.205 Y668.236
G1 X638.691 Y671.709
G1 X636.638 Y674.588
G1 X634.973 Y676.974
G1 X633.627 Y678.97
G1 X632.526 Y680.678
G1 X631.6 Y682.2
G1 X631.6 Y682.2
G1 X628.912 Y685.838
G1 X628.7 Y684.3
M5; lift marker up
G4 P0.08
G0 X607.0 Y695.5
M3 S1000;put marker down
G4 P0.2
G1 X606.8 Y694.0
G1 X606.8 Y694.0
G1 X608.7 Y696.6
G1 X608.7 Y696.6
G1 X607.0 Y695.5
M5; lift marker up
G4 P0.08
G0 X596.9 Y696.5
M3 S1000;put marker down
G4 P0.2
G1 X594.412 Y695.388
G1 X588.7 Y696.0
G1 X588.7 Y696.0
G1 X583.904 Y696.585
G1 X580.663 Y696.148
G1 X576.8 Y694.4
G1 X576.8 Y694.4
G1 X573.027 Y692.365
G1 X568.852 Y689.885
G1 X564.788 Y687.3
G1 X561.348 Y684.948
G1 X559.048 Y683.169
G1 X558.4 Y682.3
G1 X558.4 Y682.3
G1 X561.8 Y683.8
G1 X561.8 Y683.8
G1 X563.614 Y685.038
G1 X566.412 Y686.8
G1 X569.8299999999999 Y688.863
G1 X573.5 Y691.0
G1 X573.5 Y691.0
G1 X578.344 Y693.673
G1 X581.885 Y695.152
G1 X584.438 Y695.375
G1 X586.315 Y694.281
G1 X587.831 Y691.81
G1 X589.3 Y687.9
G1 X589.3 Y687.9
G1 X590.74 Y684.198
G1 X592.556 Y680.281
G1 X594.588 Y676.438
G1 X596.678 Y672.952
G1 X598.668 Y670.111
G1 X600.4 Y668.2
G1 X600.4 Y668.2
G1 X599.2 Y672.0
G1 X599.2 Y672.0
G1 X596.92 Y676.024
G1 X594.759 Y680.126
G1 X592.838 Y684.05
G1 X591.274 Y687.541
G1 X590.188 Y690.343
G1 X589.7 Y692.2
G1 X589.7 Y692.2
G1 X593.1 Y694.2
G1 X593.1 Y694.2
G1 X597.9 Y695.4
G1 X597.9 Y695.4
G1 X601.3 Y695.5
G1 X601.3 Y695.5
G1 X602.7 Y696.0
G1 X602.7 Y696.0
G1 X599.425 Y697.9
G1 X596.9 Y696.5
M5; lift marker up
G4 P0.08
G0 X607.0 Y716.1
M3 S1000;put marker down
G4 P0.2
G1 X609.978 Y710.539
G1 X612.15 Y706.938
G1 X613.497 Y705.342
G1 X614.0 Y705.8
G1 X614.0 Y705.8
G1 X613.306 Y707.697
G1 X611.552 Y711.207
G1 X609.225 Y715.463
G1 X606.815 Y719.593
G1 X604.81 Y722.728
G1 X603.7 Y724.0
G1 X603.7 Y724.0
G1 X604.338 Y721.7
G1 X607.0 Y716.1
M5; lift marker up
G4 P0.08
G0 X648.7 Y735.9
M3 S1000;put marker down
G4 P0.2
G1 X645.825 Y734.588
G1 X641.3 Y732.9
G1 X641.3 Y732.9
G1 X637.15 Y731.238
G1 X633.735 Y729.303
G1 X630.925 Y726.989
G1 X628.59 Y724.19
G1 X626.6 Y720.8
G1 X626.6 Y720.8
G1 X624.0 Y717.0
G1 X624.0 Y717.0
G1 X624.65 Y719.494
G1 X626.275 Y722.925
G1 X628.388 Y726.394
G1 X630.5 Y729.0
G1 X630.5 Y729.0
G1 X632.767 Y730.5
G1 X636.433 Y732.333
G1 X640.7 Y734.1
G1 X640.7 Y734.1
G1 X647.063 Y736.256
G1 X649.804 Y736.878
G1 X648.7 Y735.9
M5; lift marker up
G4 P0.08
G0 X647.7 Y738.0
M3 S1000;put marker down
G4 P0.2
G1 X642.896 Y736.403
G1 X638.798 Y734.898
G1 X635.337 Y733.423
G1 X632.441 Y731.916
G1 X630.038 Y730.317
G1 X628.058 Y728.562
G1 X626.429 Y726.59
G1 X625.08 Y724.34
G1 X623.94 Y721.749
G1 X622.937 Y718.757
G1 X622.0 Y715.3
G1 X622.0 Y715.3
G1 X621.162 Y710.825
G1 X621.9 Y708.6
G1 X621.9 Y708.6
G1 X625.0 Y709.8
G1 X625.0 Y709.8
G1 X625.342 Y712.998
G1 X626.299 Y716.427
G1 X627.765 Y719.837
G1 X629.634 Y722.978
G1 X631.8 Y725.6
G1 X631.8 Y725.6
G1 X633.328 Y726.956
G1 X635.195 Y728.272
G1 X637.487 Y729.583
G1 X640.288 Y730.925
G1 X643.684 Y732.332
G1 X647.761 Y733.841
G1 X652.604 Y735.485
G1 X658.3 Y737.3
G1 X658.3 Y737.3
G1 X663.525 Y739.363
G1 X665.0 Y741.2
G1 X665.0 Y741.2
G1 X663.8 Y742.9
G1 X663.8 Y742.9
G1 X662.634 Y742.65
G1 X660.163 Y741.953
G1 X656.665 Y740.891
G1 X652.418 Y739.546
G1 X647.7 Y738.0
M5; lift marker up
G4 P0.08
G0 X659.7 Y739.4
M3 S1000;put marker down
G4 P0.2
G1 X657.8 Y739.3
G1 X657.8 Y739.3
G1 X658.4 Y739.9
G1 X658.4 Y739.9
G1 X659.7 Y739.4
M5; lift marker up
G4 P0.08
G0 X667.9 Y755.7
M3 S1000;put marker down
G4 P0.2
G1 X665.2 Y752.5
G1 X665.2 Y752.5
G1 X666.5 Y752.8
G1 X666.5 Y752.8
G1 X669.875 Y754.875
G1 X673.7 Y752.3
G1 X673.7 Y752.3
G1 X676.0 Y749.5
G1 X676.0 Y749.5
G1 X677.6 Y751.8
G1 X677.6 Y751.8
G1 X680.326 Y753.837
G1 X683.274 Y753.563
G1 X685.8 Y751.0
G1 X685.8 Y751.0
G1 X687.975 Y748.525
G1 X691.8 Y748.0
G1 X691.8 Y748.0
G1 X696.422 Y747.104
G1 X699.178 Y744.696
G1 X699.6 Y741.2
G1 X699.6 Y741.2
G1 X700.0 Y740.0
G1 X700.0 Y740.0
G1 X700.877 Y743.178
G1 X699.588 Y746.075
G1 X696.555 Y748.184
G1 X692.2 Y749.0
G1 X692.2 Y749.0
G1 X688.0 Y750.3
G1 X688.0 Y750.3
G1 X685.975 Y753.438
G1 X682.0 Y755.0
G1 X682.0 Y755.0
G1 X677.7 Y753.3
G1 X677.7 Y753.3
G1 X674.9 Y753.3
G1 X674.9 Y753.3
G1 X671.85 Y756.038
G1 X667.9 Y755.7
M5; lift marker up
G4 P0.08
G0 X718.0 Y797.6
M3 S1000;put marker down
G4 P0.2
G1 X719.8 Y795.9
G1 X719.8 Y795.9
G1 X720.1 Y796.3
G1 X720.1 Y796.3
G1 X718.0 Y797.6
M5; lift marker up
G4 P0.08
G0 X711.0 Y805.7
M3 S1000;put marker down
G4 P0.2
G1 X714.3 Y802.4
G1 X714.3 Y802.4
G1 X717.5 Y799.5
G1 X717.5 Y799.5
G1 X714.6 Y802.8
G1 X714.6 Y802.8
G1 X711.0 Y805.7
M5; lift marker up
G4 P0.08
G0 X706.0 Y811.6
M3 S1000;put marker down
G4 P0.2
G1 X707.8 Y809.9
G1 X707.8 Y809.9
G1 X708.1 Y810.3
G1 X708.1 Y810.3
G1 X706.0 Y811.6
M5; lift marker up
G4 P0.08
G0 X703.0 Y815.5
M3 S1000;put marker down
G4 P0.2
G1 X705.8 Y813.0
G1 X705.8 Y813.0
G1 X704.0 Y815.5
G1 X704.0 Y815.5
G1 X701.2 Y818.0
G1 X701.2 Y818.0
G1 X703.0 Y815.5
M5; lift marker up
G4 P0.08
G0 X698.0 Y821.6
M3 S1000;put marker down
G4 P0.2
G1 X699.8 Y819.9
G1 X699.8 Y819.9
G1 X700.1 Y820.3
G1 X700.1 Y820.3
G1 X698.0 Y821.6
M5; lift marker up
G4 P0.08
G0 X684.0 Y842.5
M3 S1000;put marker down
G4 P0.2
G1 X686.608 Y838.227
G1 X689.262 Y834.188
G1 X691.411 Y831.18
G1 X692.5 Y830.0
G1 X692.5 Y830.0
G1 X691.846 Y831.478
G1 X689.713 Y835.053
G1 X686.927 Y839.439
G1 X684.314 Y843.35
G1 X682.7 Y845.5
G1 X682.7 Y845.5
G1 X684.0 Y842.5
M5; lift marker up
G4 P0.08
G0 X676.9 Y846.5
M3 S1000;put marker down
G4 P0.2
G1 X680.9 Y845.0
G1 X680.9 Y845.0
G1 X678.962 Y846.488
G1 X675.0 Y847.9
G1 X675.0 Y847.9
G1 X676.9 Y846.5
M5; lift marker up
G4 P0.08
G0 X676.5 Y861.1
M3 S1000;put marker down
G4 P0.2
G1 X677.453 Y856.991
G1 X679.025 Y852.3
G1 X680.634 Y848.584
G1 X681.7 Y847.4
G1 X681.7 Y847.4
G1 X680.6 Y850.9
G1 X680.6 Y850.9
G1 X679.012 Y854.775
G1 X677.5 Y859.7
G1 X677.5 Y859.7
G1 X676.362 Y863.775
G1 X676.5 Y861.1
M5; lift marker up
G4 P0.08
G0 X663.0 Y851.0
M3 S1000;put marker down
G4 P0.2
G1 X666.5 Y851.0
G1 X666.5 Y851.0
G1 X662.5 Y851.8
G1 X662.5 Y851.8
G1 X663.0 Y851.0
M5; lift marker up
G4 P0.08
G0 X614.0 Y649.0
M3 S1000;put marker down
G4 P0.2
G1 X616.9 Y645.8
G1 X616.9 Y645.8
G1 X618.774 Y644.032
G1 X620.279 Y642.048
G1 X621.717 Y639.248
G1 X623.39 Y635.032
G1 X625.6 Y628.8
G1 X625.6 Y628.8
G1 X626.74 Y625.54
G1 X627.896 Y622.389
G1 X629.076 Y619.328
G1 X630.29 Y616.338
G1 X631.546 Y613.399
G1 X632.855 Y610.493
G1 X634.225 Y607.6
G1 X635.665 Y604.701
G1 X637.185 Y601.776
G1 X638.794 Y598.807
G1 X640.501 Y595.774
G1 X642.314 Y592.658
G1 X644.244 Y589.44
G1 X646.3 Y586.1
G1 X646.3 Y586.1
G1 X648.566 Y582.378
G1 X650.577 Y578.932
G1 X652.348 Y575.712
G1 X653.899 Y572.666
G1 X655.247 Y569.746
G1 X656.409 Y566.899
G1 X657.402 Y564.076
G1 X658.244 Y561.225
G1 X658.952 Y558.297
G1 X659.544 Y555.242
G1 X660.038 Y552.007
G1 X660.451 Y548.543
G1 X660.8 Y544.8
G1 X660.8 Y544.8
G1 X661.206 Y541.106
G1 X661.774 Y537.371
G1 X662.495 Y533.62
G1 X663.362 Y529.879
G1 X664.363 Y526.174
G1 X665.492 Y522.531
G1 X666.738 Y518.975
G1 X668.092 Y515.532
G1 X669.546 Y512.229
G1 X671.092 Y509.09000000000003
G1 X672.718 Y506.14200000000005
G1 X674.418 Y503.40999999999997
G1 X676.182 Y500.92100000000005
G1 X678.0 Y498.70000000000005
G1 X678.0 Y498.70000000000005
G1 X680.412 Y495.312
G1 X682.3 Y491.7
G1 X682.3 Y491.7
G1 X684.116 Y488.534
G1 X686.55 Y485.8
G1 X689.359 Y483.741
G1 X692.3 Y482.6
G1 X692.3 Y482.6
G1 X694.875 Y480.875
G1 X693.4 Y477.2
G1 X693.4 Y477.2
G1 X692.646 Y475.87
G1 X692.333 Y474.263
G1 X692.538 Y471.9
G1 X693.333 Y468.304
G1 X694.796 Y462.996
G1 X697.0 Y455.5
G1 X697.0 Y455.5
G1 X697.789 Y452.918
G1 X698.672 Y449.962
G1 X699.626 Y446.719
G1 X700.627 Y443.272
G1 X701.651 Y439.709
G1 X702.674 Y436.115
G1 X703.673 Y432.575
G1 X704.622 Y429.175
G1 X705.5 Y426.0
G1 X705.5 Y426.0
G1 X706.606 Y422.11
G1 X707.706 Y418.476
G1 X708.815 Y415.067
G1 X709.949 Y411.852
G1 X711.122 Y408.798
G1 X712.351 Y405.875
G1 X713.65 Y403.05
G1 X715.035 Y400.293
G1 X716.52 Y397.571
G1 X718.122 Y394.854
G1 X719.856 Y392.11
G1 X721.737 Y389.307
G1 X723.78 Y386.414
G1 X726.0 Y383.4
G1 X726.0 Y383.4
G1 X728.066 Y380.63
G1 X729.75 Y378.258
G1 X731.117 Y376.1
G1 X732.237 Y373.971
G1 X733.175 Y371.688
G1 X733.999 Y369.065
G1 X734.777 Y365.919
G1 X735.574 Y362.066
G1 X736.46 Y357.321
G1 X737.5 Y351.5
G1 X737.5 Y351.5
G1 X738.187 Y347.81
G1 X738.94 Y343.876
G1 X739.728 Y339.855
G1 X740.519 Y335.908
G1 X741.283 Y332.194
G1 X741.987 Y328.871
G1 X742.6 Y326.1
G1 X742.6 Y326.1
G1 X743.442 Y322.442
G1 X744.251 Y318.511
G1 X744.969 Y314.609
G1 X745.538 Y311.038
G1 X745.9 Y308.1
G1 X745.9 Y308.1
G1 X746.6 Y300.5
G1 X746.6 Y300.5
G1 X747.5 Y306.4
G1 X747.5 Y306.4
G1 X747.78 Y309.606
G1 X747.713 Y312.7
G1 X747.289 Y316.019
G1 X746.5 Y319.9
G1 X746.5 Y319.9
G1 X745.886 Y322.815
G1 X745.161 Y326.326
G1 X744.383 Y330.138
G1 X743.61 Y333.961
G1 X742.9 Y337.5
G1 X742.9 Y337.5
G1 X741.557 Y344.458
G1 X740.357 Y350.615
G1 X739.282 Y356.037
G1 X738.316 Y360.79
G1 X737.441 Y364.941
G1 X736.639 Y368.554
G1 X735.894 Y371.697
G1 X735.188 Y374.435
G1 X734.505 Y376.834
G1 X733.826 Y378.959
G1 X733.135 Y380.878
G1 X732.414 Y382.655
G1 X731.646 Y384.357
G1 X730.814 Y386.05
G1 X729.9 Y387.8
G1 X729.9 Y387.8
G1 X727.162 Y393.463
G1 X726.0 Y396.8
G1 X726.0 Y396.8
G1 X727.95 Y401.65
G1 X730.8 Y405.0
G1 X730.8 Y405.0
G1 X731.758 Y404.256
G1 X733.546 Y402.234
G1 X735.933 Y399.248
G1 X738.691 Y395.613
G1 X741.59 Y391.643
G1 X744.4 Y387.652
G1 X746.891 Y383.955
G1 X748.835 Y380.866
G1 X750.0 Y378.7
G1 X750.0 Y378.7
G1 X750.759 Y376.773
G1 X751.505 Y374.456
G1 X752.237 Y371.744
G1 X752.957 Y368.633
G1 X753.665 Y365.116
G1 X754.363 Y361.189
G1 X755.051 Y356.847
G1 X755.729 Y352.086
G1 X756.4 Y346.9
G1 X756.4 Y346.9
G1 X757.13 Y342.109
G1 X758.038 Y337.525
G1 X759.002 Y333.653
G1 X759.9 Y331.0
G1 X759.9 Y331.0
G1 X760.727 Y328.823
G1 X761.571 Y326.042
G1 X762.408 Y322.791
G1 X763.214 Y319.203
G1 X763.963 Y315.412
G1 X764.63 Y311.553
G1 X765.193 Y307.758
G1 X765.625 Y304.162
G1 X765.902 Y300.898
G1 X766.0 Y298.1
G1 X766.0 Y298.1
G1 X765.921 Y295.055
G1 X765.67 Y292.188
G1 X765.223 Y289.455
G1 X764.559 Y286.807
G1 X763.655 Y284.2
G1 X762.488 Y281.588
G1 X761.035 Y278.923
G1 X759.274 Y276.159
G1 X757.183 Y273.252
G1 X754.738 Y270.153
G1 X751.918 Y266.818
G1 X748.7 Y263.2
G1 X748.7 Y263.2
G1 X745.652 Y259.666
G1 X742.988 Y256.225
G1 X740.98 Y253.272
G1 X739.9 Y251.2
G1 X739.9 Y251.2
G1 X739.342 Y248.832
G1 X738.944 Y245.64499999999998
G1 X738.705 Y241.889
G1 X738.625 Y237.812
G1 X738.705 Y233.666
G1 X738.944 Y229.698
G1 X739.342 Y226.16
G1 X739.9 Y223.3
G1 X739.9 Y223.3
G1 X740.453 Y220.514
G1 X741.025 Y216.838
G1 X741.559 Y212.767
G1 X742.0 Y208.8
G1 X742.0 Y208.8
G1 X742.456 Y203.126
G1 X742.711 Y202.207
G1 X742.9 Y205.6
G1 X742.9 Y205.6
G1 X742.792 Y208.689
G1 X742.488 Y212.538
G1 X742.014 Y216.667
G1 X741.4 Y220.6
G1 X741.4 Y220.6
G1 X740.778 Y224.63
G1 X740.314 Y228.576
G1 X740.011 Y232.419
G1 X739.871 Y236.14
G1 X739.896 Y239.723
G1 X740.089 Y243.14800000000002
G1 X740.452 Y246.39800000000002
G1 X740.988 Y249.45499999999998
G1 X741.7 Y252.3
G1 X741.7 Y252.3
G1 X742.642 Y253.86599999999999
G1 X744.812 Y256.65
G1 X747.902 Y260.259
G1 X751.6 Y264.3
G1 X751.6 Y264.3
G1 X754.806 Y267.834
G1 X757.572 Y271.057
G1 X759.929 Y274.034
G1 X761.909 Y276.825
G1 X763.541 Y279.493
G1 X764.859 Y282.1
G1 X765.891 Y284.708
G1 X766.671 Y287.38
G1 X767.228 Y290.178
G1 X767.594 Y293.164
G1 X767.8 Y296.4
G1 X767.8 Y296.4
G1 X767.84 Y299.533
G1 X767.722 Y302.795
G1 X767.45 Y306.158
G1 X767.029 Y309.594
G1 X766.463 Y313.075
G1 X765.755 Y316.574
G1 X764.911 Y320.064
G1 X763.934 Y323.517
G1 X762.829 Y326.905
G1 X761.6 Y330.2
G1 X761.6 Y330.2
G1 X760.531 Y333.378
G1 X759.5 Y337.325
G1 X758.619 Y341.534
G1 X758.0 Y345.5
G1 X758.0 Y345.5
G1 X757.344 Y350.822
G1 X756.715 Y355.613
G1 X756.094 Y359.925
G1 X755.464 Y363.814
G1 X754.806 Y367.333
G1 X754.103 Y370.537
G1 X753.336 Y373.478
G1 X752.488 Y376.213
G1 X751.539 Y378.793
G1 X750.474 Y381.274
G1 X749.272 Y383.71
G1 X747.917 Y386.155
G1 X746.39 Y388.662
G1 X744.674 Y391.286
G1 X742.75 Y394.08
G1 X740.6 Y397.1
G1 X740.6 Y397.1
G1 X733.0 Y407.8
G1 X733.0 Y407.8
G1 X733.2 Y426.1
G1 X733.2 Y426.1
G1 X733.25 Y430.194
G1 X733.268 Y434.359
G1 X733.256 Y438.565
G1 X733.214 Y442.784
G1 X733.145 Y446.99
G1 X733.048 Y451.152
G1 X732.926 Y455.243
G1 X732.781 Y459.235
G1 X732.612 Y463.1
G1 X732.423 Y466.809
G1 X732.213 Y470.335
G1 X731.985 Y473.648
G1 X731.74 Y476.722
G1 X731.478 Y479.527
G1 X731.202 Y482.035
G1 X730.913 Y484.219
G1 X730.612 Y486.05
G1 X730.3 Y487.5
G1 X730.3 Y487.5
G1 X729.207 Y491.462
G1 X727.99 Y494.791
G1 X726.498 Y497.789
G1 X724.585 Y500.75800000000004
G1 X722.1 Y504.0
G1 X722.1 Y504.0
G1 X720.232 Y506.327
G1 X718.48 Y508.597
G1 X716.808 Y510.86300000000006
G1 X715.184 Y513.176
G1 X713.573 Y515.589
G1 X711.942 Y518.155
G1 X710.257 Y520.926
G1 X708.484 Y523.953
G1 X706.59 Y527.29
G1 X704.54 Y530.988
G1 X702.3 Y535.1
G1 X702.3 Y535.1
G1 X700.747 Y538.069
G1 X699.12 Y541.284
G1 X697.468 Y544.645
G1 X695.838 Y548.05
G1 X694.278 Y551.399
G1 X692.836 Y554.591
G1 X691.561 Y557.525
G1 X690.5 Y560.1
G1 X690.5 Y560.1
G1 X688.73 Y564.393
G1 X686.963 Y568.45
G1 X685.201 Y572.269
G1 X683.446 Y575.849
G1 X681.7 Y579.188
G1 X679.966 Y582.283
G1 X678.247 Y585.134
G1 X676.545 Y587.738
G1 X674.862 Y590.094
G1 X673.2 Y592.2
G1 X673.2 Y592.2
G1 X671.13 Y594.811
G1 X668.712 Y598.012
G1 X666.239 Y601.383
G1 X664.0 Y604.5
G1 X664.0 Y604.5
G1 X662.184 Y607.101
G1 X659.984 Y610.066
G1 X657.592 Y613.162
G1 X655.2 Y616.151
G1 X653.0 Y618.8
G1 X653.0 Y618.8
G1 X649.285 Y623.481
G1 X647.815 Y626.119
G1 X648.1 Y627.6
G1 X648.1 Y627.6
G1 X646.2 Y628.0
G1 X646.2 Y628.0
G1 X644.0 Y626.2
G1 X644.0 Y626.2
G1 X649.3 Y619.8
G1 X649.3 Y619.8
G1 X651.321 Y617.368
G1 X653.658 Y614.432
G1 X656.126 Y611.232
G1 X658.535 Y608.008
G1 X660.7 Y605.0
G1 X660.7 Y605.0
G1 X662.806 Y602.062
G1 X665.047 Y599.037
G1 X667.245 Y596.151
G1 X669.222 Y593.63
G1 X670.8 Y591.7
G1 X670.8 Y591.7
G1 X672.209 Y589.844
G1 X673.743 Y587.586
G1 X675.375 Y584.977
G1 X677.077 Y582.072
G1 X678.821 Y578.924
G1 X680.579 Y575.585
G1 X682.323 Y572.109
G1 X684.025 Y568.55
G1 X685.657 Y564.96
G1 X687.191 Y561.392
G1 X688.6 Y557.9
G1 X688.6 Y557.9
G1 X689.612 Y555.42
G1 X690.892 Y552.444
G1 X692.376 Y549.115
G1 X694.002 Y545.575
G1 X695.706 Y541.964
G1 X697.427 Y538.425
G1 X699.1 Y535.1
G1 X699.1 Y535.1
G1 X701.969 Y529.578
G1 X703.857 Y525.727
G1 X704.713 Y523.075
G1 X704.485 Y521.148
G1 X703.125 Y519.475
G1 X700.58 Y517.583
G1 X696.8 Y515.0
G1 X696.8 Y515.0
G1 X694.109 Y513.255
G1 X690.95 Y511.46299999999997
G1 X687.716 Y509.83900000000006
G1 X684.8 Y508.6
G1 X684.8 Y508.6
G1 X680.078 Y506.53
G1 X680.689 Y506.23699999999997
G1 X686.3 Y507.9
G1 X686.3 Y507.9
G1 X689.391 Y509.19399999999996
G1 X693.063 Y511.08900000000006
G1 X696.862 Y513.3
G1 X700.337 Y515.544
G1 X703.034 Y517.539
G1 X704.5 Y519.0
G1 X704.5 Y519.0
G1 X708.7 Y517.7
G1 X708.7 Y517.7
G1 X709.684 Y516.092
G1 X711.55 Y513.463
G1 X714.016 Y510.177
G1 X716.8 Y506.6
G1 X716.8 Y506.6
G1 X718.425 Y504.56899999999996
G1 X719.905 Y502.649
G1 X721.248 Y500.804
G1 X722.462 Y498.996
G1 X723.553 Y497.187
G1 X724.53 Y495.339
G1 X725.4 Y493.415
G1 X726.171 Y491.377
G1 X726.85 Y489.188
G1 X727.444 Y486.809
G1 X727.962 Y484.204
G1 X728.412 Y481.335
G1 X728.799 Y478.163
G1 X729.133 Y474.652
G1 X729.421 Y470.763
G1 X729.67 Y466.46
G1 X729.888 Y461.704
G1 X730.082 Y456.457
G1 X730.261 Y450.683
G1 X730.431 Y444.343
G1 X730.6 Y437.4
G1 X730.6 Y437.4
G1 X731.3 Y408.2
G1 X731.3 Y408.2
G1 X729.2 Y407.1
G1 X729.2 Y407.1
G1 X726.741 Y404.541
G1 X724.793 Y400.426
G1 X724.0 Y396.2
G1 X724.0 Y396.2
G1 X724.775 Y393.062
G1 X726.6 Y389.1
G1 X726.6 Y389.1
G1 X729.1 Y384.5
G1 X729.1 Y384.5
G1 X725.5 Y388.4
G1 X725.5 Y388.4
G1 X724.152 Y389.98
G1 X722.825 Y391.723
G1 X721.515 Y393.636
G1 X720.22 Y395.725
G1 X718.938 Y397.994
G1 X717.666 Y400.451
G1 X716.401 Y403.101
G1 X715.141 Y405.949
G1 X713.884 Y409.003
G1 X712.626 Y412.266
G1 X711.366 Y415.746
G1 X710.1 Y419.449
G1 X708.826 Y423.379
G1 X707.542 Y427.544
G1 X706.244 Y431.948
G1 X704.931 Y436.598
G1 X703.6 Y441.5
G1 X703.6 Y441.5
G1 X702.18 Y446.812
G1 X700.862 Y451.6
G1 X699.789 Y455.338
G1 X699.1 Y457.5
G1 X699.1 Y457.5
G1 X697.544 Y462.226
G1 X696.372 Y466.391
G1 X695.608 Y469.913
G1 X695.276 Y472.71
G1 X695.4 Y474.7
G1 X695.4 Y474.7
G1 X696.704 Y480.663
G1 X695.896 Y483.27
G1 X692.2 Y485.1
G1 X692.2 Y485.1
G1 X687.925 Y487.5
G1 X685.6 Y490.5
G1 X685.6 Y490.5
G1 X684.0 Y494.9
G1 X684.0 Y494.9
G1 X682.688 Y497.11199999999997
G1 X679.5 Y500.9
G1 X679.5 Y500.9
G1 X677.653 Y503.145
G1 X675.887 Y505.58799999999997
G1 X674.206 Y508.21799999999996
G1 X672.614 Y511.025
G1 X671.115 Y513.998
G1 X669.713 Y517.126
G1 X668.412 Y520.4
G1 X667.218 Y523.808
G1 X666.133 Y527.341
G1 X665.162 Y530.987
G1 X664.309 Y534.737
G1 X663.578 Y538.579
G1 X662.974 Y542.504
G1 X662.5 Y546.5
G1 X662.5 Y546.5
G1 X661.989 Y550.764
G1 X661.336 Y554.969
G1 X660.563 Y559.033
G1 X659.691 Y562.875
G1 X658.742 Y566.414
G1 X657.737 Y569.567
G1 X656.697 Y572.253
G1 X655.645 Y574.391
G1 X654.6 Y575.9
G1 X654.6 Y575.9
G1 X653.688 Y577.149
G1 X652.326 Y579.26
G1 X650.606 Y582.065
G1 X648.623 Y585.401
G1 X646.472 Y589.102
G1 X644.246 Y593.002
G1 X642.04 Y596.936
G1 X639.949 Y600.738
G1 X638.065 Y604.243
G1 X636.484 Y607.285
G1 X635.3 Y609.7
G1 X635.3 Y609.7
G1 X633.557 Y613.65
G1 X631.751 Y618.001
G1 X630.002 Y622.431
G1 X628.432 Y626.618
G1 X627.162 Y630.239
G1 X626.31 Y632.974
G1 X626.0 Y634.5
G1 X626.0 Y634.5
G1 X623.5 Y639.7
G1 X623.5 Y639.7
G1 X620.834 Y643.08
G1 X617.7 Y646.412
G1 X615.091 Y648.714
G1 X614.0 Y649.0
M5; lift marker up
G4 P0.08
G0 X600.2 Y648.5
M3 S1000;put marker down
G4 P0.2
G1 X600.23 Y644.63
G1 X598.97 Y641.27
G1 X596.8 Y639.4
G1 X596.8 Y639.4
G1 X593.55 Y639.5
G1 X588.5 Y640.5
G1 X588.5 Y640.5
G1 X583.941 Y641.63
G1 X581.026 Y641.604
G1 X577.6 Y640.4
G1 X577.6 Y640.4
G1 X573.6 Y637.0
G1 X573.6 Y637.0
G1 X575.1 Y632.5
G1 X575.1 Y632.5
G1 X575.6 Y633.6
G1 X575.6 Y633.6
G1 X575.812 Y637.35
G1 X578.5 Y639.3
G1 X578.5 Y639.3
G1 X582.15 Y640.288
G1 X587.6 Y639.4
G1 X587.6 Y639.4
G1 X592.412 Y638.438
G1 X595.8 Y638.0
G1 X595.8 Y638.0
G1 X598.793 Y639.567
G1 X601.074 Y643.2
G1 X601.6 Y647.3
G1 X601.6 Y647.3
G1 X603.8 Y649.4
G1 X603.8 Y649.4
G1 X607.3 Y648.3
G1 X607.3 Y648.3
G1 X607.915 Y647.62
G1 X608.769 Y646.142
G1 X609.838 Y643.921
G1 X611.1 Y641.012
G1 X612.53 Y637.471
G1 X614.106 Y633.352
G1 X615.804 Y628.71
G1 X617.6 Y623.6
G1 X617.6 Y623.6
G1 X619.638 Y617.793
G1 X621.401 Y612.846
G1 X622.931 Y608.656
G1 X624.27 Y605.125
G1 X625.462 Y602.15
G1 X626.55 Y599.631
G1 X627.574 Y597.468
G1 X628.579 Y595.558
G1 X629.607 Y593.803
G1 X630.7 Y592.1
G1 X630.7 Y592.1
G1 X633.799 Y587.316
G1 X636.558 Y582.927
G1 X638.991 Y578.908
G1 X641.109 Y575.234
G1 X642.926 Y571.879
G1 X644.454 Y568.816
G1 X645.705 Y566.021
G1 X646.693 Y563.468
G1 X647.429 Y561.13
G1 X647.928 Y558.983
G1 X648.2 Y557.0
G1 X648.2 Y557.0
G1 X646.5 Y553.8
G1 X646.5 Y553.8
G1 X640.9 Y556.6
G1 X640.9 Y556.6
G1 X636.841 Y558.752
G1 X634.159 Y557.681
G1 X631.5 Y552.9
G1 X631.5 Y552.9
G1 X629.641 Y548.219
G1 X630.293 Y545.848
G1 X634.1 Y543.5
G1 X634.1 Y543.5
G1 X636.299 Y541.988
G1 X638.686 Y539.756
G1 X641.062 Y537.02
G1 X643.233 Y533.996
G1 X645.0 Y530.9
G1 X645.0 Y530.9
G1 X646.535 Y527.636
G1 X648.281 Y523.552
G1 X650.0 Y519.262
G1 X651.452 Y515.381
G1 X652.398 Y512.523
G1 X652.6 Y511.29999999999995
G1 X652.6 Y511.29999999999995
G1 X652.145 Y511.41999999999996
G1 X651.193 Y512.393
G1 X649.612 Y514.388
G1 X647.274 Y517.574
G1 X644.047 Y522.122
G1 X639.8 Y528.2
G1 X639.8 Y528.2
G1 X638.268 Y530.3
G1 X636.444 Y532.687
G1 X634.381 Y535.293
G1 X632.136 Y538.049
G1 X629.764 Y540.888
G1 X627.319 Y543.741
G1 X624.856 Y546.539
G1 X622.432 Y549.215
G1 X620.1 Y551.7
G1 X620.1 Y551.7
G1 X616.822 Y555.193
G1 X613.774 Y558.474
G1 X611.088 Y561.4
G1 X608.893 Y563.826
G1 X607.32 Y565.607
G1 X606.5 Y566.6
G1 X606.5 Y566.6
G1 X606.022 Y568.393
G1 X607.744 Y571.141
G1 X612.8 Y576.6
G1 X612.8 Y576.6
G1 X618.171 Y582.253
G1 X621.738 Y586.158
G1 X623.398 Y588.178
G1 X623.053 Y588.171
G1 X620.6 Y586.0
G1 X620.6 Y586.0
G1 X617.767 Y583.322
G1 X615.067 Y580.644
G1 X613.1 Y578.5
G1 X613.1 Y578.5
G1 X609.181 Y574.296
G1 X605.819 Y571.204
G1 X603.9 Y570.0
G1 X603.9 Y570.0
G1 X602.914 Y570.621
G1 X601.28 Y572.321
G1 X599.18 Y574.857
G1 X596.798 Y577.986
G1 X594.318 Y581.465
G1 X591.924 Y585.051
G1 X589.8 Y588.5
G1 X589.8 Y588.5
G1 X587.498 Y592.308
G1 X585.298 Y595.731
G1 X583.171 Y598.808
G1 X581.088 Y601.575
G1 X579.018 Y604.07
G1 X576.933 Y606.331
G1 X574.803 Y608.395
G1 X572.6 Y610.3
G1 X572.6 Y610.3
G1 X570.634 Y611.826
G1 X568.679 Y613.138
G1 X566.476 Y614.354
G1 X563.765 Y615.591
G1 X560.288 Y616.966
G1 X555.7860000000001 Y618.597
G1 X550.0 Y620.6
G1 X550.0 Y620.6
G1 X550.4 Y622.6
G1 X550.4 Y622.6
G1 X554.562 Y623.888
G1 X558.2 Y621.5
G1 X558.2 Y621.5
G1 X561.6 Y619.0
G1 X561.6 Y619.0
G1 X564.1800000000001 Y619.912
G1 X568.3620000000001 Y622.025
G1 X572.414 Y624.4
G1 X574.6 Y626.1
G1 X574.6 Y626.1
G1 X573.975 Y626.75
G1 X568.4 Y623.5
G1 X568.4 Y623.5
G1 X564.312 Y621.038
G1 X562.1 Y620.0
G1 X562.1 Y620.0
G1 X558.7 Y623.0
G1 X558.7 Y623.0
G1 X555.975 Y625.288
G1 X552.8 Y624.8
G1 X552.8 Y624.8
G1 X547.5 Y622.3
G1 X547.5 Y622.3
G1 X543.6379999999999 Y621.138
G1 X539.1 Y623.5
G1 X539.1 Y623.5
G1 X533.6 Y624.5
G1 X533.6 Y624.5
G1 X530.1 Y623.088
G1 X526.9 Y624.6
G1 X526.9 Y624.6
G1 X527.1 Y628.1
G1 X527.1 Y628.1
G1 X530.1 Y630.0
G1 X530.1 Y630.0
G1 X530.4 Y631.1
G1 X530.4 Y631.1
G1 X527.1 Y629.6
G1 X527.1 Y629.6
G1 X525.268 Y628.129
G1 X523.172 Y627.286
G1 X520.332 Y627.03
G1 X516.268 Y627.315
G1 X510.5 Y628.1
G1 X510.5 Y628.1
G1 X505.004 Y629.237
G1 X503.13 Y630.73
G1 X504.3 Y633.0
G1 X504.3 Y633.0
G1 X503.3 Y632.7
G1 X503.3 Y632.7
G1 X500.0 Y627.9
G1 X500.0 Y627.9
G1 X496.6 Y624.9
G1 X496.6 Y624.9
G1 X495.8 Y624.3
G1 X495.8 Y624.3
G1 X496.9 Y622.965
G1 X496.872 Y620.41
G1 X495.764 Y616.834
G1 X493.624 Y612.431
G1 X490.5 Y607.4
G1 X490.5 Y607.4
G1 X488.725 Y603.888
G1 X488.0 Y600.6
G1 X488.0 Y600.6
G1 X486.9 Y599.0
G1 X486.9 Y599.0
G1 X486.2 Y599.1
G1 X486.2 Y599.1
G1 X489.2 Y600.8
G1 X489.2 Y600.8
G1 X489.978 Y603.519
G1 X491.489 Y606.815
G1 X493.4 Y610.0
G1 X493.4 Y610.0
G1 X495.378 Y613.137
G1 X497.089 Y616.43
G1 X498.2 Y619.1
G1 X498.2 Y619.1
G1 X500.9 Y622.4
G1 X500.9 Y622.4
G1 X503.061 Y621.59
G1 X506.402 Y620.477
G1 X510.354 Y619.239
G1 X514.3430000000001 Y618.054
G1 X517.8 Y617.1
G1 X517.8 Y617.1
G1 X522.0 Y615.9
G1 X522.0 Y615.9
G1 X509.2 Y603.2
G1 X509.2 Y603.2
G1 X505.789 Y599.725
G1 X502.644 Y596.396
G1 X499.9 Y593.362
G1 X497.689 Y590.77
G1 X496.144 Y588.767
G1 X495.4 Y587.5
G1 X495.4 Y587.5
G1 X493.657 Y582.476
G1 X492.243 Y578.325
G1 X491.094 Y574.842
G1 X490.149 Y571.823
G1 X489.343 Y569.063
G1 X488.615 Y566.357
G1 X487.9 Y563.5
G1 X487.9 Y563.5
G1 X486.47 Y557.133
G1 X486.063 Y554.367
G1 X486.5 Y554.2
G1 X486.5 Y554.2
G1 X487.122 Y555.711
G1 X488.211 Y559.156
G1 X489.5 Y563.8
G1 X489.5 Y563.8
G1 X490.526 Y567.532
G1 X491.509 Y570.885
G1 X492.486 Y573.914
G1 X493.493 Y576.674
G1 X494.567 Y579.222
G1 X495.745 Y581.613
G1 X497.064 Y583.902
G1 X498.56 Y586.144
G1 X500.271 Y588.395
G1 X502.233 Y590.711
G1 X504.483 Y593.147
G1 X507.058 Y595.758
G1 X509.995 Y598.601
G1 X513.3299999999999 Y601.729
G1 X517.1 Y605.2
G1 X517.1 Y605.2
G1 X526.8 Y614.0
G1 X526.8 Y614.0
G1 X535.7 Y610.2
G1 X535.7 Y610.2
G1 X538.644 Y608.934
G1 X541.9110000000001 Y607.443
G1 X545.4300000000001 Y605.765
G1 X549.131 Y603.938
G1 X552.944 Y602.0
G1 X556.8009999999999 Y599.99
G1 X560.63 Y597.947
G1 X564.3620000000001 Y595.909
G1 X567.927 Y593.914
G1 X571.256 Y592.0
G1 X574.277 Y590.206
G1 X576.922 Y588.571
G1 X579.121 Y587.133
G1 X580.804 Y585.93
G1 X581.9 Y585.0
G1 X581.9 Y585.0
G1 X583.5 Y581.3
G1 X583.5 Y581.3
G1 X581.655 Y581.139
G1 X578.112 Y580.838
G1 X573.389 Y580.442
G1 X568.0 Y580.0
G1 X568.0 Y580.0
G1 X564.5509999999999 Y579.647
G1 X560.979 Y579.195
G1 X557.327 Y578.653
G1 X553.633 Y578.03
G1 X549.94 Y577.334
G1 X546.288 Y576.575
G1 X542.716 Y575.762
G1 X539.267 Y574.904
G1 X535.98 Y574.009
G1 X532.896 Y573.088
G1 X530.056 Y572.148
G1 X527.5 Y571.2
G1 X527.5 Y571.2
G1 X526.238 Y570.668
G1 X524.386 Y569.867
G1 X522.02 Y568.831
G1 X519.2139999999999 Y567.592
G1 X516.0450000000001 Y566.185
G1 X512.586 Y564.643
G1 X508.912 Y563.0
G1 X505.1 Y561.29
G1 X501.223 Y559.546
G1 X497.357 Y557.802
G1 X493.577 Y556.092
G1 X489.957 Y554.449
G1 X486.573 Y552.907
G1 X483.5 Y551.5
G1 X483.5 Y551.5
G1 X480.845 Y550.331
G1 X477.262 Y548.9
G1 X473.248 Y547.394
G1 X469.3 Y546.0
G1 X469.3 Y546.0
G1 X464.622 Y544.248
G1 X461.278 Y542.785
G1 X460.0 Y541.9
G1 X460.0 Y541.9
G1 X460.8 Y541.0
G1 X460.8 Y541.0
G1 X462.114 Y541.342
G1 X464.994 Y542.24
G1 X468.874 Y543.503
G1 X473.19 Y544.942
G1 X477.376 Y546.364
G1 X480.868 Y547.581
G1 X483.1 Y548.4
G1 X483.1 Y548.4
G1 X483.5 Y544.2
G1 X483.5 Y544.2
G1 X483.023 Y541.731
G1 X482.544 Y538.063
G1 X482.089 Y533.604
G1 X481.686 Y528.762
G1 X481.362 Y523.946
G1 X481.144 Y519.563
G1 X481.06 Y516.022
G1 X481.136 Y513.732
G1 X481.4 Y513.1
G1 X481.4 Y513.1
G1 X481.691 Y514.373
G1 X482.075 Y517.438
G1 X482.497 Y521.833
G1 X482.9 Y527.1
G1 X482.9 Y527.1
G1 X483.243 Y531.574
G1 X483.654 Y535.913
G1 X484.102 Y539.815
G1 X484.561 Y542.978
G1 X485.0 Y545.1
G1 X485.0 Y545.1
G1 X486.2 Y549.7
G1 X486.2 Y549.7
G1 X495.8 Y554.0
G1 X495.8 Y554.0
G1 X500.392 Y555.993
G1 X504.842 Y557.912
G1 X509.112 Y559.739
G1 X513.1669999999999 Y561.459
G1 X516.967 Y563.056
G1 X520.475 Y564.512
G1 X523.654 Y565.813
G1 X526.467 Y566.941
G1 X528.875 Y567.88
G1 X530.842 Y568.613
G1 X532.329 Y569.126
G1 X533.3 Y569.4
G1 X533.3 Y569.4
G1 X534.312 Y568.762
G1 X529.1 Y563.4
G1 X529.1 Y563.4
G1 X524.752 Y559.159
G1 X522.588 Y556.4
G1 X522.28 Y554.541
G1 X523.5 Y553.0
G1 X523.5 Y553.0
G1 X524.546 Y550.714
G1 X523.975 Y547.555
G1 X522.1610000000001 Y544.209
G1 X519.4780000000001 Y541.362
G1 X516.3 Y539.7
G1 X516.3 Y539.7
G1 X516.3 Y539.1
G1 X516.3 Y539.1
G1 X518.98 Y539.816
G1 X521.838 Y541.9
G1 X524.302 Y544.809
G1 X525.8 Y548.0
G1 X525.8 Y548.0
G1 X524.8 Y553.6
G1 X524.8 Y553.6
G1 X523.822 Y555.137
G1 X525.244 Y557.563
G1 X530.2 Y562.7
G1 X530.2 Y562.7
G1 X534.0840000000001 Y566.439
G1 X537.125 Y568.912
G1 X539.903 Y570.505
G1 X543.0 Y571.6
G1 X543.0 Y571.6
G1 X546.389 Y572.509
G1 X550.1410000000001 Y573.331
G1 X554.153 Y574.059
G1 X558.326 Y574.685
G1 X562.558 Y575.201
G1 X566.75 Y575.6
G1 X570.8 Y575.874
G1 X574.607 Y576.015
G1 X578.072 Y576.016
G1 X581.093 Y575.869
G1 X583.569 Y575.566
G1 X585.4 Y575.1
G1 X585.4 Y575.1
G1 X588.262 Y572.812
G1 X591.8 Y568.8
G1 X591.8 Y568.8
G1 X594.27 Y565.652
G1 X596.896 Y562.481
G1 X599.1 Y560.0
G1 X599.1 Y560.0
G1 X600.404 Y558.596
G1 X602.091 Y556.724
G1 X604.101 Y554.456
G1 X606.37 Y551.864
G1 X608.837 Y549.019
G1 X611.439 Y545.995
G1 X614.114 Y542.863
G1 X616.8 Y539.695
G1 X619.434 Y536.564
G1 X621.955 Y533.542
G1 X624.3 Y530.7
G1 X624.3 Y530.7
G1 X626.322 Y528.054
G1 X628.551 Y524.967
G1 X630.809 Y521.693
G1 X632.918 Y518.486
G1 X634.7 Y515.6
G1 X634.7 Y515.6
G1 X636.653 Y512.297
G1 X638.389 Y509.5
G1 X640.026 Y507.078
G1 X641.68 Y504.9
G1 X643.468 Y502.837
G1 X645.507 Y500.756
G1 X647.915 Y498.52599999999995
G1 X650.806 Y496.018
G1 X654.3 Y493.1
G1 X654.3 Y493.1
G1 X658.175 Y489.728
G1 X661.6 Y486.6
G1 X664.2 Y484.072
G1 X665.6 Y482.5
G1 X665.6 Y482.5
G1 X666.516 Y480.553
G1 X667.638 Y477.343
G1 X668.843 Y473.345
G1 X670.006 Y469.036
G1 X671.002 Y464.892
G1 X671.708 Y461.388
G1 X672.0 Y459.0
G1 X672.0 Y459.0
G1 X672.519 Y456.422
G1 X673.881 Y452.111
G1 X675.8 Y447.0
G1 X675.8 Y447.0
G1 X676.872 Y444.25
G1 X678.091 Y440.86
G1 X679.403 Y437.003
G1 X680.756 Y432.855
G1 X682.099 Y428.587
G1 X683.379 Y424.374
G1 X684.543 Y420.388
G1 X685.539 Y416.805
G1 X686.316 Y413.797
G1 X686.82 Y411.537
G1 X687.0 Y410.2
G1 X687.0 Y410.2
G1 X687.195 Y408.8
G1 X687.751 Y406.761
G1 X688.626 Y404.178
G1 X689.776 Y401.143
G1 X691.158 Y397.75
G1 X692.731 Y394.092
G1 X694.45 Y390.262
G1 X696.273 Y386.355
G1 X698.158 Y382.463
G1 X700.061 Y378.68
G1 X701.94 Y375.098
G1 X703.751 Y371.812
G1 X705.452 Y368.915
G1 X707.0 Y366.5
G1 X707.0 Y366.5
G1 X707.869 Y365.085
G1 X709.141 Y362.82
G1 X710.739 Y359.846
G1 X712.59 Y356.305
G1 X714.617 Y352.34
G1 X716.745 Y348.091
G1 X718.9 Y343.7
G1 X718.9 Y343.7
G1 X720.837 Y339.779
G1 X722.786 Y335.884
G1 X724.696 Y332.116
G1 X726.512 Y328.575
G1 X728.184 Y325.362
G1 X729.658 Y322.578
G1 X730.881 Y320.324
G1 X731.8 Y318.7
G1 X731.8 Y318.7
G1 X734.222 Y314.713
G1 X736.052 Y311.616
G1 X737.333 Y309.107
G1 X738.111 Y306.885
G1 X738.43 Y304.648
G1 X738.333 Y302.093
G1 X737.867 Y298.918
G1 X737.074 Y294.821
G1 X736.0 Y289.5
G1 X736.0 Y289.5
G1 X735.101 Y285.044
G1 X734.144 Y280.619
G1 X733.188 Y276.438
G1 X732.289 Y272.715
G1 X731.507 Y269.664
G1 X730.9 Y267.5
G1 X730.9 Y267.5
G1 X729.833 Y263.774
G1 X728.967 Y259.759
G1 X728.5 Y256.3
G1 X728.5 Y256.3
G1 X727.3 Y249.8
G1 X727.3 Y249.8
G1 X726.944 Y247.748
G1 X726.722 Y243.58499999999998
G1 X726.7 Y238.2
G1 X726.7 Y238.2
G1 X726.733 Y233.891
G1 X726.578 Y230.058
G1 X726.218 Y226.478
G1 X725.631 Y222.933
G1 X724.8 Y219.2
G1 X724.8 Y219.2
G1 X724.221 Y216.466
G1 X723.732 Y213.341
G1 X723.333 Y209.898
G1 X723.024 Y206.206
G1 X722.805 Y202.339
G1 X722.679 Y198.366
G1 X722.644 Y194.359
G1 X722.702 Y190.39
G1 X722.853 Y186.53
G1 X723.098 Y182.849
G1 X723.437 Y179.42
G1 X723.871 Y176.313
G1 X724.4 Y173.6
G1 X724.4 Y173.6
G1 X725.215 Y169.707
G1 X725.785 Y165.993
G1 X726.0 Y163.3
G1 X726.0 Y163.3
G1 X725.772 Y160.248
G1 X725.141 Y156.581
G1 X724.188 Y152.588
G1 X722.993 Y148.552
G1 X721.637 Y144.761
G1 X720.2 Y141.5
G1 X720.2 Y141.5
G1 X719.24 Y139.405
G1 X718.522 Y137.274
G1 X717.988 Y134.738
G1 X717.578 Y131.426
G1 X717.235 Y126.97
G1 X716.9 Y121.0
G1 X716.9 Y121.0
G1 X716.669 Y116.701
G1 X716.389 Y112.444
G1 X716.075 Y108.438
G1 X715.744 Y104.889
G1 X715.414 Y102.007
G1 X715.1 Y100.0
G1 X715.1 Y100.0
G1 X714.052 Y93.311
G1 X713.612 Y88.638
G1 X713.792 Y85.895
G1 X714.6 Y85.0
G1 X714.6 Y85.0
G1 X716.1 Y87.3
G1 X716.1 Y87.3
G1 X716.4 Y90.612
G1 X717.0 Y95.5
G1 X717.0 Y95.5
G1 X717.28 Y97.656
G1 X717.604 Y100.681
G1 X717.95 Y104.362
G1 X718.296 Y108.485
G1 X718.62 Y112.836
G1 X718.9 Y117.19999999999999
G1 X718.9 Y117.19999999999999
G1 X719.301 Y122.63300000000001
G1 X719.687 Y126.882
G1 X720.115 Y130.257
G1 X720.642 Y133.066
G1 X721.327 Y135.62
G1 X722.227 Y138.228
G1 X723.4 Y141.2
G1 X723.4 Y141.2
G1 X725.058 Y145.364
G1 X726.376 Y149.07
G1 X727.37 Y152.437
G1 X728.056 Y155.584
G1 X728.448 Y158.631
G1 X728.563 Y161.696
G1 X728.416 Y164.9
G1 X728.023 Y168.362
G1 X727.4 Y172.2
G1 X727.4 Y172.2
G1 X726.889 Y175.499
G1 X726.463 Y178.998
G1 X726.123 Y182.65
G1 X725.869 Y186.409
G1 X725.702 Y190.229
G1 X725.62 Y194.065
G1 X725.626 Y197.871
G1 X725.719 Y201.601
G1 X725.899 Y205.208
G1 X726.167 Y208.648
G1 X726.523 Y211.874
G1 X726.967 Y214.84
G1 X727.5 Y217.5
G1 X727.5 Y217.5
G1 X728.082 Y220.59
G1 X728.607 Y224.361
G1 X729.041 Y228.487
G1 X729.35 Y232.642
G1 X729.5 Y236.5
G1 X729.5 Y236.5
G1 X729.671 Y240.975
G1 X729.917 Y245.207
G1 X730.241 Y249.204
G1 X730.643 Y252.973
G1 X731.127 Y256.523
G1 X731.693 Y259.863
G1 X732.342 Y263.0
G1 X733.078 Y265.943
G1 X733.9 Y268.7
G1 X733.9 Y268.7
G1 X734.593 Y270.882
G1 X735.205 Y272.994
G1 X735.786 Y275.246
G1 X736.388 Y277.85
G1 X737.059 Y281.016
G1 X737.852 Y284.956
G1 X738.815 Y289.88
G1 X740.0 Y296.0
G1 X740.0 Y296.0
G1 X741.8 Y305.5
G1 X741.8 Y305.5
G1 X735.7 Y317.0
G1 X735.7 Y317.0
G1 X734.602 Y319.104
G1 X733.309 Y321.593
G1 X731.855 Y324.401
G1 X730.274 Y327.462
G1 X728.6 Y330.712
G1 X726.866 Y334.086
G1 X725.105 Y337.516
G1 X723.351 Y340.939
G1 X721.638 Y344.289
G1 X720.0 Y347.5
G1 X720.0 Y347.5
G1 X717.993 Y351.444
G1 X715.983 Y355.336
G1 X714.022 Y359.075
G1 X712.162 Y362.562
G1 X710.458 Y365.698
G1 X708.961 Y368.383
G1 X707.724 Y370.517
G1 X706.8 Y372.0
G1 X706.8 Y372.0
G1 X705.448 Y374.157
G1 X704.123 Y376.397
G1 X702.822 Y378.728
G1 X701.544 Y381.155
G1 X700.286 Y383.684
G1 X699.044 Y386.322
G1 X697.818 Y389.075
G1 X696.604 Y391.949
G1 X695.4 Y394.95
G1 X694.203 Y398.084
G1 X693.012 Y401.358
G1 X691.822 Y404.778
G1 X690.633 Y408.349
G1 X689.441 Y412.079
G1 X688.244 Y415.972
G1 X687.04 Y420.036
G1 X685.826 Y424.277
G1 X684.6 Y428.7
G1 X684.6 Y428.7
G1 X683.778 Y431.484
G1 X682.756 Y434.704
G1 X681.6 Y438.162
G1 X680.378 Y441.663
G1 X679.156 Y445.008
G1 X678.0 Y448.0
G1 X678.0 Y448.0
G1 X675.985 Y453.407
G1 X674.548 Y457.793
G1 X674.0 Y460.2
G1 X674.0 Y460.2
G1 X673.663 Y462.537
G1 X672.77 Y466.896
G1 X671.5 Y472.3
G1 X671.5 Y472.3
G1 X670.747 Y475.376
G1 X670.074 Y477.885
G1 X669.336 Y480.011
G1 X668.393 Y481.938
G1 X667.1 Y483.85
G1 X665.315 Y485.93
G1 X662.896 Y488.361
G1 X659.698 Y491.327
G1 X655.581 Y495.012
G1 X650.4 Y499.6
G1 X650.4 Y499.6
G1 X647.189 Y502.61
G1 X644.438 Y505.485
G1 X642.034 Y508.355
G1 X639.859 Y511.35
G1 X637.8 Y514.6
G1 X637.8 Y514.6
G1 X636.221 Y517.267
G1 X634.625 Y519.841
G1 X632.984 Y522.364
G1 X631.265 Y524.876
G1 X629.438 Y527.417
G1 X627.473 Y530.031
G1 X625.339 Y532.756
G1 X623.006 Y535.634
G1 X620.442 Y538.707
G1 X617.617 Y542.015
G1 X614.5 Y545.6
G1 X614.5 Y545.6
G1 X611.742 Y548.722
G1 X608.867 Y551.974
G1 X606.025 Y555.188
G1 X603.367 Y558.193
G1 X601.042 Y560.82
G1 X599.2 Y562.9
G1 X599.2 Y562.9
G1 X596.104 Y566.552
G1 X593.43 Y569.848
G1 X591.8 Y572.1
G1 X591.8 Y572.1
G1 X590.083 Y574.397
G1 X588.033 Y576.044
G1 X585.35 Y577.125
G1 X581.733 Y577.722
G1 X576.883 Y577.919
G1 X570.5 Y577.8
G1 X570.5 Y577.8
G1 X557.5 Y577.3
G1 X557.5 Y577.3
G1 X567.0 Y578.5
G1 X567.0 Y578.5
G1 X571.098 Y579.014
G1 X575.263 Y579.463
G1 X578.995 Y579.78
G1 X581.8 Y579.9
G1 X581.8 Y579.9
G1 X587.1 Y580.0
G1 X587.1 Y580.0
G1 X585.3 Y583.1
G1 X585.3 Y583.1
G1 X582.85 Y586.225
G1 X579.5 Y589.2
G1 X579.5 Y589.2
G1 X577.992 Y590.248
G1 X576.085 Y591.452
G1 X573.819 Y592.793
G1 X571.2370000000001 Y594.251
G1 X568.379 Y595.806
G1 X565.287 Y597.438
G1 X562.001 Y599.128
G1 X558.5640000000001 Y600.856
G1 X555.015 Y602.602
G1 X551.3969999999999 Y604.346
G1 X547.751 Y606.068
G1 X544.117 Y607.749
G1 X540.538 Y609.369
G1 X537.053 Y610.908
G1 X533.7049999999999 Y612.347
G1 X530.534 Y613.665
G1 X527.582 Y614.843
G1 X524.8910000000001 Y615.861
G1 X522.5 Y616.7
G1 X522.5 Y616.7
G1 X516.6120000000001 Y618.875
G1 X516.5 Y619.4
G1 X516.5 Y619.4
G1 X518.135 Y619.09
G1 X520.075 Y618.594
G1 X522.303 Y617.917
G1 X524.807 Y617.065
G1 X527.572 Y616.045
G1 X530.5830000000001 Y614.863
G1 X533.825 Y613.525
G1 X537.2850000000001 Y612.037
G1 X540.948 Y610.405
G1 X544.799 Y608.635
G1 X548.8240000000001 Y606.733
G1 X553.009 Y604.706
G1 X557.3389999999999 Y602.56
G1 X561.8 Y600.3
G1 X561.8 Y600.3
G1 X567.15 Y597.608
G1 X571.97 Y595.2
G1 X576.062 Y593.175
G1 X579.23 Y591.633
G1 X581.275 Y590.675
G1 X582.0 Y590.4
G1 X582.0 Y590.4
G1 X580.75 Y592.963
G1 X577.7 Y598.6
G1 X577.7 Y598.6
G1 X575.918 Y601.644
G1 X574.095 Y604.241
G1 X572.115 Y606.486
G1 X569.8620000000001 Y608.475
G1 X567.221 Y610.305
G1 X564.073 Y612.072
G1 X560.3050000000001 Y613.871
G1 X555.8 Y615.8
G1 X555.8 Y615.8
G1 X551.012 Y617.912
G1 X549.0 Y619.2
G1 X549.0 Y619.2
G1 X550.472 Y619.195
G1 X554.152 Y618.13
G1 X558.9359999999999 Y616.406
G1 X563.72 Y614.429
G1 X567.4 Y612.6
G1 X567.4 Y612.6
G1 X570.044 Y610.843
G1 X572.595 Y608.804
G1 X575.083 Y606.447
G1 X577.538 Y603.735
G1 X579.989 Y600.631
G1 X582.466 Y597.098
G1 X585.0 Y593.1
G1 X585.0 Y593.1
G1 X586.696 Y590.348
G1 X588.393 Y587.678
G1 X590.106 Y585.074
G1 X591.849 Y582.517
G1 X593.637 Y579.989
G1 X595.485 Y577.471
G1 X597.407 Y574.946
G1 X599.417 Y572.395
G1 X601.531 Y569.801
G1 X603.763 Y567.144
G1 X606.127 Y564.408
G1 X608.638 Y561.574
G1 X611.311 Y558.623
G1 X614.16 Y555.538
G1 X617.2 Y552.3
G1 X617.2 Y552.3
G1 X619.882 Y549.46
G1 X622.517 Y546.593
G1 X625.087 Y543.721
G1 X627.574 Y540.866
G1 X629.962 Y538.05
G1 X632.234 Y535.294
G1 X634.37 Y532.619
G1 X636.355 Y530.047
G1 X638.171 Y527.6
G1 X639.8 Y525.3
G1 X639.8 Y525.3
G1 X643.573 Y519.933
G1 X646.448 Y515.933
G1 X648.662 Y513.0
G1 X650.452 Y510.83299999999997
G1 X652.052 Y509.13300000000004
G1 X653.7 Y507.6
G1 X653.7 Y507.6
G1 X655.5 Y508.6
G1 X655.5 Y508.6
G1 X654.995 Y510.918
G1 X653.997 Y514.214
G1 X652.637 Y518.143
G1 X651.046 Y522.361
G1 X649.356 Y526.523
G1 X647.697 Y530.284
G1 X646.2 Y533.3
G1 X646.2 Y533.3
G1 X644.73 Y535.625
G1 X642.612 Y538.325
G1 X640.139 Y541.062
G1 X637.6 Y543.5
G1 X637.6 Y543.5
G1 X631.6 Y548.9
G1 X631.6 Y548.9
G1 X633.5 Y552.9
G1 X633.5 Y552.9
G1 X635.8 Y557.0
G1 X635.8 Y557.0
G1 X639.9 Y554.6
G1 X639.9 Y554.6
G1 X644.074 Y552.181
G1 X647.093 Y551.452
G1 X649.4 Y552.3
G1 X649.4 Y552.3
G1 X650.209 Y553.243
G1 X650.635 Y554.618
G1 X650.681 Y556.42
G1 X650.348 Y558.644
G1 X649.637 Y561.285
G1 X648.55 Y564.338
G1 X647.088 Y567.796
G1 X645.252 Y571.656
G1 X643.044 Y575.911
G1 X640.465 Y580.557
G1 X637.516 Y585.588
G1 X634.2 Y591.0
G1 X634.2 Y591.0
G1 X632.125 Y594.383
G1 X630.352 Y597.441
G1 X628.805 Y600.334
G1 X627.412 Y603.225
G1 X626.099 Y606.275
G1 X624.792 Y609.647
G1 X623.417 Y613.501
G1 X621.9 Y618.0
G1 X621.9 Y618.0
G1 X620.636 Y621.741
G1 X619.278 Y625.582
G1 X617.883 Y629.377
G1 X616.503 Y632.982
G1 X615.193 Y636.251
G1 X614.007 Y639.038
G1 X613.0 Y641.2
G1 X613.0 Y641.2
G1 X610.575 Y647.025
G1 X610.4 Y649.4
G1 X610.4 Y649.4
G1 X608.9 Y649.9
G1 X608.9 Y649.9
G1 X603.0 Y650.7
G1 X603.0 Y650.7
G1 X600.2 Y648.5
M5; lift marker up
G4 P0.08
G0 X629.3 Y632.5
M3 S1000;put marker down
G4 P0.2
G1 X632.0 Y627.4
G1 X632.0 Y627.4
G1 X637.025 Y625.6
G1 X635.0 Y627.4
G1 X635.0 Y627.4
G1 X631.275 Y629.988
G1 X629.8 Y633.1
G1 X629.8 Y633.1
G1 X629.3 Y632.5
M5; lift marker up
G4 P0.08
G0 X694.8 Y614.3
M3 S1000;put marker down
G4 P0.2
G1 X696.8 Y612.063
G1 X698.333 Y609.27
G1 X699.6 Y605.5
G1 X699.6 Y605.5
G1 X700.678 Y601.926
G1 X702.089 Y598.307
G1 X703.5 Y595.4
G1 X703.5 Y595.4
G1 X704.848 Y592.433
G1 X706.085 Y588.667
G1 X706.9 Y584.9
G1 X706.9 Y584.9
G1 X707.539 Y581.817
G1 X708.469 Y578.439
G1 X709.657 Y574.824
G1 X711.073 Y571.029
G1 X712.684 Y567.11
G1 X714.459 Y563.126
G1 X716.366 Y559.133
G1 X718.374 Y555.189
G1 X720.45 Y551.35
G1 X722.563 Y547.674
G1 X724.682 Y544.219
G1 X726.774 Y541.041
G1 X728.808 Y538.197
G1 X730.753 Y535.745
G1 X732.576 Y533.743
G1 X734.246 Y532.246
G1 X735.731 Y531.313
G1 X737.0 Y531.0
G1 X737.0 Y531.0
G1 X734.9 Y534.3
G1 X734.9 Y534.3
G1 X732.656 Y536.541
G1 X730.278 Y539.293
G1 X728.3 Y542.0
G1 X728.3 Y542.0
G1 X726.765 Y544.4
G1 X725.137 Y547.182
G1 X723.444 Y550.28
G1 X721.716 Y553.627
G1 X719.982 Y557.155
G1 X718.271 Y560.798
G1 X716.612 Y564.488
G1 X715.035 Y568.157
G1 X713.567 Y571.74
G1 X712.239 Y575.169
G1 X711.079 Y578.377
G1 X710.116 Y581.296
G1 X709.38 Y583.859
G1 X708.9 Y586.0
G1 X708.9 Y586.0
G1 X707.919 Y589.644
G1 X706.381 Y593.956
G1 X704.6 Y598.0
G1 X704.6 Y598.0
G1 X702.852 Y601.774
G1 X701.415 Y605.393
G1 X700.6 Y608.1
G1 X700.6 Y608.1
G1 X699.511 Y611.367
G1 X697.422 Y613.833
G1 X694.0 Y615.9
G1 X694.0 Y615.9
G1 X694.8 Y614.3
M5; lift marker up
G4 P0.08
G0 X771.0 Y582.6
M3 S1000;put marker down
G4 P0.2
G1 X772.8 Y580.9
G1 X772.8 Y580.9
G1 X773.1 Y581.3
G1 X773.1 Y581.3
G1 X771.0 Y582.6
M5; lift marker up
G4 P0.08
G0 X776.5 Y578.0
M3 S1000;put marker down
G4 P0.2
G1 X778.8 Y576.0
G1 X778.8 Y576.0
G1 X777.5 Y578.0
G1 X777.5 Y578.0
G1 X775.2 Y580.0
G1 X775.2 Y580.0
G1 X776.5 Y578.0
M5; lift marker up
G4 P0.08
G0 X780.1 Y575.5
M3 S1000;put marker down
G4 P0.2
G1 X782.6 Y571.5
G1 X782.6 Y571.5
G1 X784.2 Y570.5
G1 X784.2 Y570.5
G1 X781.55 Y574.538
G1 X780.1 Y575.5
M5; lift marker up
G4 P0.08
G0 X788.0 Y565.1
M3 S1000;put marker down
G4 P0.2
G1 X790.359 Y562.959
G1 X793.207 Y560.307
G1 X795.9 Y557.7
G1 X795.9 Y557.7
G1 X799.175 Y554.762
G1 X798.1 Y556.7
G1 X798.1 Y556.7
G1 X795.35 Y559.862
G1 X791.7 Y563.1
G1 X791.7 Y563.1
G1 X787.096 Y566.552
G1 X785.804 Y567.248
G1 X788.0 Y565.1
M5; lift marker up
G4 P0.08
G0 X870.0 Y578.6
M3 S1000;put marker down
G4 P0.2
G1 X871.5 Y577.0
G1 X871.5 Y577.0
G1 X873.0 Y576.8
G1 X873.0 Y576.8
G1 X871.5 Y578.4
G1 X871.5 Y578.4
G1 X870.0 Y578.6
M5; lift marker up
G4 P0.08
G0 X868.8 Y645.7
M3 S1000;put marker down
G4 P0.2
G1 X870.3 Y639.7
G1 X870.3 Y639.7
G1 X871.0 Y638.7
G1 X871.0 Y638.7
G1 X871.475 Y642.85
G1 X868.8 Y647.6
G1 X868.8 Y647.6
G1 X866.8 Y649.5
G1 X866.8 Y649.5
G1 X868.8 Y645.7
M5; lift marker up
G4 P0.08
G0 X853.1 Y659.6
M3 S1000;put marker down
G4 P0.2
G1 X855.4 Y655.9
G1 X855.4 Y655.9
G1 X858.4 Y650.6
G1 X858.4 Y650.6
G1 X860.0 Y646.5
G1 X860.0 Y646.5
G1 X865.0 Y649.4
G1 X865.0 Y649.4
G1 X863.2 Y648.7
G1 X863.2 Y648.7
G1 X860.55 Y647.275
G1 X859.4 Y651.1
G1 X859.4 Y651.1
G1 X856.4 Y656.6
G1 X856.4 Y656.6
G1 X853.7 Y659.8
G1 X853.7 Y659.8
G1 X853.1 Y659.6
M5; lift marker up
G4 P0.08
G0 X841.0 Y662.8
M3 S1000;put marker down
G4 P0.2
G1 X841.9 Y662.0
G1 X841.9 Y662.0
G1 X843.4 Y662.8
G1 X843.4 Y662.8
G1 X842.5 Y663.7
G1 X842.5 Y663.7
G1 X841.0 Y662.8
M5; lift marker up
G4 P0.08
G0 X833.0 Y670.8
M3 S1000;put marker down
G4 P0.2
G1 X835.7 Y670.6
G1 X835.7 Y670.6
G1 X839.7 Y669.4
G1 X839.7 Y669.4
G1 X840.8 Y669.5
G1 X840.8 Y669.5
G1 X836.7 Y671.6
G1 X836.7 Y671.6
G1 X833.0 Y670.8
M5; lift marker up
G4 P0.08
G0 X822.6 Y689.1
M3 S1000;put marker down
G4 P0.2
G1 X825.5 Y687.8
G1 X825.5 Y687.8
G1 X827.3 Y684.7
G1 X827.3 Y684.7
G1 X828.4 Y682.0
G1 X828.4 Y682.0
G1 X832.3 Y685.0
G1 X832.3 Y685.0
G1 X830.5 Y684.0
G1 X830.5 Y684.0
G1 X828.7 Y685.4
G1 X828.7 Y685.4
G1 X825.9 Y688.9
G1 X825.9 Y688.9
G1 X822.6 Y689.1
M5; lift marker up
G4 P0.08
G0 X815.1 Y701.6
M3 S1000;put marker down
G4 P0.2
G1 X814.762 Y698.5
G1 X818.4 Y696.0
G1 X818.4 Y696.0
G1 X822.8 Y692.7
G1 X822.8 Y692.7
G1 X823.9 Y692.1
G1 X823.9 Y692.1
G1 X822.162 Y695.3
G1 X818.7 Y697.0
G1 X818.7 Y697.0
G1 X816.2 Y701.8
G1 X816.2 Y701.8
G1 X816.8 Y703.0
G1 X816.8 Y703.0
G1 X815.1 Y701.6
M5; lift marker up
G4 P0.08
G0 X920.5 Y696.6
M3 S1000;put marker down
G4 P0.2
G1 X917.592 Y695.395
G1 X914.324 Y694.018
G1 X910.96 Y692.582
G1 X907.764 Y691.205
G1 X905.0 Y690.0
G1 X905.0 Y690.0
G1 X901.433 Y688.62
G1 X897.238 Y687.288
G1 X892.948 Y686.161
G1 X889.1 Y685.4
G1 X889.1 Y685.4
G1 X885.823 Y684.763
G1 X882.685 Y683.99
G1 X879.661 Y683.069
G1 X876.726 Y681.988
G1 X873.856 Y680.733
G1 X871.026 Y679.294
G1 X868.21 Y677.658
G1 X865.384 Y675.813
G1 X862.524 Y673.746
G1 X859.604 Y671.446
G1 X856.6 Y668.9
G1 X856.6 Y668.9
G1 X851.4 Y665.3
G1 X851.4 Y665.3
G1 X852.004 Y666.275
G1 X854.176 Y668.338
G1 X857.424 Y671.096
G1 X861.261 Y674.155
G1 X865.196 Y677.121
G1 X868.739 Y679.6
G1 X871.4 Y681.2
G1 X871.4 Y681.2
G1 X874.483 Y682.672
G1 X877.496 Y683.907
G1 X880.538 Y684.938
G1 X883.704 Y685.793
G1 X887.092 Y686.503
G1 X890.8 Y687.1
G1 X890.8 Y687.1
G1 X893.722 Y687.64
G1 X896.821 Y688.42
G1 X900.059 Y689.44
G1 X903.398 Y690.7
G1 X906.8 Y692.2
G1 X906.8 Y692.2
G1 X911.657 Y694.402
G1 X916.059 Y696.285
G1 X919.9 Y697.812
G1 X923.074 Y698.948
G1 X925.476 Y699.656
G1 X927.0 Y699.9
G1 X927.0 Y699.9
G1 X925.7 Y698.925
G1 X920.5 Y696.6
M5; lift marker up
G4 P0.08
G0 X928.0 Y702.1
M3 S1000;put marker down
G4 P0.2
G1 X924.144 Y700.714
G1 X920.115 Y699.211
G1 X916.125 Y697.675
G1 X912.385 Y696.189
G1 X909.106 Y694.836
G1 X906.5 Y693.7
G1 X906.5 Y693.7
G1 X902.842 Y692.108
G1 X898.988 Y690.712
G1 X895.264 Y689.636
G1 X892.0 Y689.0
G1 X892.0 Y689.0
G1 X888.144 Y688.392
G1 X884.606 Y687.695
G1 X881.321 Y686.876
G1 X878.226 Y685.906
G1 X875.257 Y684.754
G1 X872.35 Y683.389
G1 X869.441 Y681.781
G1 X866.465 Y679.898
G1 X863.359 Y677.711
G1 X860.059 Y675.189
G1 X856.5 Y672.3
G1 X856.5 Y672.3
G1 X852.711 Y669.43
G1 X849.589 Y667.47
G1 X847.8 Y666.8
G1 X847.8 Y666.8
G1 X849.0 Y664.5
G1 X849.0 Y664.5
G1 X852.1 Y662.7
G1 X852.1 Y662.7
G1 X852.8 Y663.2
G1 X852.8 Y663.2
G1 X853.77 Y664.499
G1 X855.759 Y666.395
G1 X858.513 Y668.697
G1 X861.775 Y671.212
G1 X865.29 Y673.752
G1 X868.803 Y676.123
G1 X872.058 Y678.137
G1 X874.8 Y679.6
G1 X874.8 Y679.6
G1 X877.68 Y680.736
G1 X881.488 Y681.938
G1 X885.727 Y683.045
G1 X889.9 Y683.9
G1 X889.9 Y683.9
G1 X893.583 Y684.674
G1 X897.262 Y685.649
G1 X900.858 Y686.787
G1 X904.297 Y688.05
G1 X907.5 Y689.4
G1 X907.5 Y689.4
G1 X910.408 Y690.75
G1 X913.676 Y692.205
G1 X917.04 Y693.655
G1 X920.236 Y694.99
G1 X923.0 Y696.1
G1 X923.0 Y696.1
G1 X930.648 Y699.18
G1 X935.138 Y701.162
G1 X937.133 Y702.414
G1 X937.3 Y703.3
G1 X937.3 Y703.3
G1 X938.3 Y703.7
G1 X938.3 Y703.7
G1 X942.55 Y704.162
G1 X943.8 Y706.2
G1 X943.8 Y706.2
G1 X942.0 Y706.8
G1 X942.0 Y706.8
G1 X940.727 Y706.417
G1 X937.662 Y705.388
G1 X933.267 Y703.889
G1 X928.0 Y702.1
M5; lift marker up
G4 P0.08
G0 X932.0 Y701.0
M3 S1000;put marker down
G4 P0.2
G1 X929.5 Y700.0
G1 X929.5 Y700.0
G1 X930.0 Y701.0
G1 X930.0 Y701.0
G1 X932.5 Y702.0
G1 X932.5 Y702.0
G1 X932.0 Y701.0
M5; lift marker up
G4 P0.08
G0 X942.0 Y705.0
M3 S1000;put marker down
G4 P0.2
G1 X939.5 Y704.0
G1 X939.5 Y704.0
G1 X940.0 Y705.0
G1 X940.0 Y705.0
G1 X942.5 Y706.0
G1 X942.5 Y706.0
G1 X942.0 Y705.0
M5; lift marker up
G4 P0.08
G0 X931.2 Y651.0
M3 S1000;put marker down
G4 P0.2
G1 X929.285 Y648.448
G1 X926.881 Y644.585
G1 X924.5 Y640.3
G1 X924.5 Y640.3
G1 X922.67 Y636.756
G1 X920.512 Y632.875
G1 X918.298 Y629.106
G1 X916.3 Y625.9
G1 X916.3 Y625.9
G1 X914.801 Y623.473
G1 X913.366 Y620.886
G1 X911.972 Y618.09
G1 X910.6 Y615.038
G1 X909.228 Y611.68
G1 X907.834 Y607.97
G1 X906.399 Y603.86
G1 X904.9 Y599.3
G1 X904.9 Y599.3
G1 X903.362 Y594.838
G1 X902.5 Y593.0
G1 X902.5 Y593.0
G1 X899.6 Y595.5
G1 X899.6 Y595.5
G1 X896.0 Y598.0
G1 X896.0 Y598.0
G1 X899.0 Y594.4
G1 X899.0 Y594.4
G1 X903.4 Y591.1
G1 X903.4 Y591.1
G1 X904.213 Y593.275
G1 X905.7 Y598.0
G1 X905.7 Y598.0
G1 X906.764 Y601.139
G1 X907.993 Y604.493
G1 X909.348 Y607.963
G1 X910.787 Y611.453
G1 X912.269 Y614.866
G1 X913.752 Y618.104
G1 X915.196 Y621.07
G1 X916.559 Y623.668
G1 X917.8 Y625.8
G1 X917.8 Y625.8
G1 X919.312 Y628.348
G1 X921.275 Y631.788
G1 X923.425 Y635.658
G1 X925.5 Y639.5
G1 X925.5 Y639.5
G1 X927.583 Y643.228
G1 X929.638 Y646.675
G1 X931.448 Y649.484
G1 X932.8 Y651.3
G1 X932.8 Y651.3
G1 X934.6 Y654.0
G1 X934.6 Y654.0
G1 X931.2 Y651.0
M5; lift marker up
G4 P0.08
G0 X985.1 Y584.4
M3 S1000;put marker down
G4 P0.2
G1 X985.7 Y583.8
G1 X985.7 Y583.8
G1 X985.6 Y585.7
G1 X985.6 Y585.7
G1 X985.1 Y584.4
M5; lift marker up
G4 P0.08
G0 X984.3 Y569.0
M3 S1000;put marker down
G4 P0.2
G1 X984.7 Y564.8
G1 X984.7 Y564.8
G1 X984.85 Y569.012
G1 X984.7 Y573.3
G1 X984.7 Y573.3
G1 X984.3 Y569.0
M5; lift marker up
G4 P0.08
G0 X986.4 Y567.5
M3 S1000;put marker down
G4 P0.2
G1 X986.7 Y562.7
G1 X986.7 Y562.7
G1 X986.85 Y567.088
G1 X986.7 Y571.7
G1 X986.7 Y571.7
G1 X986.4 Y567.5
M5; lift marker up
G4 P0.08
G0 X985.7 Y557.3
M3 S1000;put marker down
G4 P0.2
G1 X985.1 Y553.6
G1 X985.1 Y553.6
G1 X985.2 Y550.5
G1 X985.2 Y550.5
G1 X986.0 Y554.0
G1 X986.0 Y554.0
G1 X985.7 Y557.3
M5; lift marker up
G4 P0.08
G0 X981.0 Y547.5
M3 S1000;put marker down
G4 P0.2
G1 X982.0 Y545.0
G1 X982.0 Y545.0
G1 X983.0 Y544.5
G1 X983.0 Y544.5
G1 X982.0 Y547.0
G1 X982.0 Y547.0
G1 X981.0 Y547.5
M5; lift marker up
G4 P0.08
G0 X984.0 Y545.7
M3 S1000;put marker down
G4 P0.2
G1 X985.538 Y541.312
G1 X987.9 Y537.6
G1 X987.9 Y537.6
G1 X989.0 Y537.7
G1 X989.0 Y537.7
G1 X986.538 Y542.488
G1 X984.0 Y545.7
M5; lift marker up
G4 P0.08
G0 X989.0 Y535.5
M3 S1000;put marker down
G4 P0.2
G1 X990.0 Y533.0
G1 X990.0 Y533.0
G1 X991.0 Y532.5
G1 X991.0 Y532.5
G1 X990.0 Y535.0
G1 X990.0 Y535.0
G1 X989.0 Y535.5
M5; lift marker up
G4 P0.08
G0 X1019.0 Y491.4
M3 S1000;put marker down
G4 P0.2
G1 X1023.37 Y485.581
G1 X1025.762 Y481.75
G1 X1026.298 Y479.644
G1 X1025.1 Y479.0
G1 X1025.1 Y479.0
G1 X1023.819 Y480.278
G1 X1021.315 Y483.622
G1 X1018.1 Y488.3
G1 X1018.1 Y488.3
G1 X1014.219 Y493.99
G1 X1011.126 Y498.303
G1 X1008.862 Y501.18100000000004
G1 X1007.473 Y502.56600000000003
G1 X1007.0 Y502.4
G1 X1007.0 Y502.4
G1 X1008.5 Y500.0
G1 X1008.5 Y500.0
G1 X1009.616 Y498.75199999999995
G1 X1011.575 Y496.162
G1 X1014.097 Y492.617
G1 X1016.9 Y488.5
G1 X1016.9 Y488.5
G1 X1024.0 Y478.2
G1 X1024.0 Y478.2
G1 X1019.7 Y474.7
G1 X1019.7 Y474.7
G1 X1017.104 Y472.522
G1 X1014.33 Y470.144
G1 X1012.0 Y468.1
G1 X1012.0 Y468.1
G1 X1009.745 Y466.153
G1 X1007.031 Y464.033
G1 X1003.97 Y461.812
G1 X1000.675 Y459.562
G1 X997.258 Y457.355
G1 X993.831 Y455.261
G1 X990.508 Y453.352
G1 X987.4 Y451.7
G1 X987.4 Y451.7
G1 X984.637 Y450.274
G1 X981.326 Y448.503
G1 X977.738 Y446.545
G1 X974.139 Y444.558
G1 X970.8 Y442.7
G1 X970.8 Y442.7
G1 X966.916 Y440.522
G1 X963.2 Y438.625
G1 X960.084 Y437.216
G1 X958.0 Y436.5
G1 X958.0 Y436.5
G1 X956.246 Y435.994
G1 X953.445 Y434.921
G1 X949.871 Y433.411
G1 X945.798 Y431.594
G1 X941.5 Y429.6
G1 X941.5 Y429.6
G1 X937.24 Y427.532
G1 X933.172 Y425.608
G1 X929.584 Y423.948
G1 X926.764 Y422.672
G1 X925.0 Y421.9
G1 X925.0 Y421.9
G1 X922.898 Y420.909
G1 X919.738 Y419.15
G1 X915.958 Y416.866
G1 X912.0 Y414.3
G1 X912.0 Y414.3
G1 X908.128 Y411.758
G1 X904.575 Y409.412
G1 X901.734 Y407.536
G1 X900.0 Y406.4
G1 X900.0 Y406.4
G1 X898.905 Y405.81
G1 X899.09 Y406.266
G1 X900.356 Y407.593
G1 X902.509 Y409.621
G1 X905.35 Y412.175
G1 X908.683 Y415.083
G1 X912.312 Y418.173
G1 X916.038 Y421.27
G1 X919.667 Y424.204
G1 X923.0 Y426.8
G1 X923.0 Y426.8
G1 X926.157 Y429.221
G1 X928.844 Y431.365
G1 X931.181 Y433.356
G1 X933.292 Y435.317
G1 X935.297 Y437.372
G1 X937.319 Y439.644
G1 X939.478 Y442.258
G1 X941.898 Y445.335
G1 X944.7 Y449.0
G1 X944.7 Y449.0
G1 X947.075 Y452.121
G1 X949.408 Y455.09
G1 X951.71 Y457.918
G1 X953.993 Y460.618
G1 X956.267 Y463.2
G1 X958.543 Y465.675
G1 X960.834 Y468.055
G1 X963.149 Y470.35
G1 X965.501 Y472.573
G1 X967.9 Y474.733
G1 X970.358 Y476.843
G1 X972.886 Y478.914
G1 X975.494 Y480.956
G1 X978.195 Y482.981
G1 X981.0 Y485.0
G1 X981.0 Y485.0
G1 X984.031 Y487.163
G1 X987.215 Y489.47
G1 X990.388 Y491.8
G1 X993.385 Y494.03
G1 X996.044 Y496.037
G1 X998.2 Y497.70000000000005
G1 X998.2 Y497.70000000000005
G1 X1003.25 Y501.438
G1 X1005.9 Y503.0
G1 X1005.9 Y503.0
G1 X1007.0 Y504.20000000000005
G1 X1007.0 Y504.20000000000005
G1 X1007.422 Y504.626
G1 X1008.747 Y503.669
G1 X1011.061 Y501.21900000000005
G1 X1014.45 Y497.16600000000005
G1 X1019.0 Y491.4
M5; lift marker up
G4 P0.08
G0 X1033.1 Y463.7
M3 S1000;put marker down
G4 P0.2
G1 X1033.229 Y462.498
G1 X1033.7179999999998 Y460.342
G1 X1034.512 Y457.401
G1 X1035.5549999999998 Y453.842
G1 X1036.7910000000002 Y449.835
G1 X1038.1660000000002 Y445.547
G1 X1039.623 Y441.146
G1 X1041.108 Y436.801
G1 X1042.5639999999999 Y432.68
G1 X1043.937 Y428.951
G1 X1045.171 Y425.783
G1 X1046.21 Y423.343
G1 X1047.0 Y421.8
G1 X1047.0 Y421.8
G1 X1049.0 Y420.0
G1 X1049.0 Y420.0
G1 X1047.0 Y424.0
G1 X1047.0 Y424.0
G1 X1045.0 Y428.3
G1 X1045.0 Y428.3
G1 X1044.15 Y431.812
G1 X1042.1 Y437.8
G1 X1042.1 Y437.8
G1 X1041.0259999999998 Y440.702
G1 X1039.7930000000001 Y444.171
G1 X1038.507 Y447.909
G1 X1037.274 Y451.618
G1 X1036.2 Y455.0
G1 X1036.2 Y455.0
G1 X1034.012 Y461.45
G1 X1033.1 Y463.7
M5; lift marker up
G4 P0.08
G0 X1051.2 Y414.1
M3 S1000;put marker down
G4 P0.2
G1 X1053.8 Y410.4
G1 X1053.8 Y410.4
G1 X1052.288 Y414.425
G1 X1049.8 Y418.0
G1 X1049.8 Y418.0
G1 X1051.2 Y414.1
M5; lift marker up
G4 P0.08
G0 X1058.6 Y412.5
M3 S1000;put marker down
G4 P0.2
G1 X1060.53 Y406.756
G1 X1061.97 Y403.278
G1 X1062.7 Y402.6
G1 X1062.7 Y402.6
G1 X1062.2 Y404.988
G1 X1060.5 Y409.1
G1 X1060.5 Y409.1
G1 X1058.6 Y412.5
M5; lift marker up
G4 P0.08
G0 X1058.7 Y379.2
M3 S1000;put marker down
G4 P0.2
G1 X1060.1 Y376.4
G1 X1060.1 Y376.4
G1 X1059.5 Y379.6
G1 X1059.5 Y379.6
G1 X1058.7 Y379.2
M5; lift marker up
G4 P0.08
G0 X1061.0 Y374.6
M3 S1000;put marker down
G4 P0.2
G1 X1063.1 Y369.8
G1 X1063.1 Y369.8
G1 X1064.6 Y363.5
G1 X1064.6 Y363.5
G1 X1064.539 Y361.956
G1 X1064.921 Y359.698
G1 X1065.694 Y356.85
G1 X1066.804 Y353.536
G1 X1068.2 Y349.88
G1 X1069.827 Y346.006
G1 X1071.634 Y342.037
G1 X1073.567 Y338.098
G1 X1075.574 Y334.313
G1 X1077.603 Y330.806
G1 X1079.6 Y327.7
G1 X1079.6 Y327.7
G1 X1082.363 Y324.263
G1 X1082.637 Y325.537
G1 X1080.4 Y331.5
G1 X1080.4 Y331.5
G1 X1079.3980000000001 Y333.903
G1 X1078.147 Y336.974
G1 X1076.757 Y340.442
G1 X1075.338 Y344.041
G1 X1074.0 Y347.5
G1 X1074.0 Y347.5
G1 X1072.29 Y351.889
G1 X1070.424 Y356.393
G1 X1068.496 Y360.815
G1 X1066.604 Y364.957
G1 X1064.841 Y368.624
G1 X1063.304 Y371.619
G1 X1062.088 Y373.744
G1 X1061.288 Y374.803
G1 X1061.0 Y374.6
M5; lift marker up
G4 P0.08
G0 X1071.5 Y349.7
M3 S1000;put marker down
G4 P0.2
G1 X1073.1219999999998 Y345.428
G1 X1074.725 Y341.325
G1 X1076.141 Y337.859
G1 X1077.2 Y335.5
G1 X1077.2 Y335.5
G1 X1079.1 Y331.5
G1 X1079.1 Y331.5
G1 X1077.1 Y334.0
G1 X1077.1 Y334.0
G1 X1076.208 Y335.508
G1 X1074.836 Y338.314
G1 X1073.141 Y342.044
G1 X1071.281 Y346.323
G1 X1069.412 Y350.774
G1 X1067.693 Y355.022
G1 X1066.279 Y358.693
G1 X1065.329 Y361.411
G1 X1065.0 Y362.8
G1 X1065.0 Y362.8
G1 X1065.608 Y362.877
G1 X1067.088 Y360.338
G1 X1069.1480000000001 Y355.755
G1 X1071.5 Y349.7
M5; lift marker up
G4 P0.08
G0 X1027.0 Y378.7
M3 S1000;put marker down
G4 P0.2
G1 X1024.4450000000002 Y377.366
G1 X1023.406 Y376.089
G1 X1024.106 Y374.279
G1 X1026.763 Y371.346
G1 X1031.6 Y366.7
G1 X1031.6 Y366.7
G1 X1035.042 Y363.4
G1 X1038.329 Y360.182
G1 X1041.4569999999999 Y357.046
G1 X1044.426 Y353.995
G1 X1047.233 Y351.03
G1 X1049.8780000000002 Y348.151
G1 X1052.359 Y345.361
G1 X1054.674 Y342.661
G1 X1056.8220000000001 Y340.053
G1 X1058.8 Y337.537
G1 X1060.608 Y335.115
G1 X1062.243 Y332.79
G1 X1063.705 Y330.561
G1 X1064.991 Y328.43
G1 X1066.1 Y326.4
G1 X1066.1 Y326.4
G1 X1069.51 Y319.848
G1 X1071.225 Y315.96
G1 X1071.255 Y314.088
G1 X1069.6100000000001 Y313.584
G1 X1066.3 Y313.8
G1 X1066.3 Y313.8
G1 X1064.06 Y314.059
G1 X1061.4189999999999 Y314.549
G1 X1058.444 Y315.248
G1 X1055.2 Y316.133
G1 X1051.754 Y317.183
G1 X1048.17 Y318.375
G1 X1044.5149999999999 Y319.688
G1 X1040.855 Y321.099
G1 X1037.255 Y322.586
G1 X1033.7820000000002 Y324.127
G1 X1030.5 Y325.7
G1 X1030.5 Y325.7
G1 X1027.363 Y327.204
G1 X1024.0059999999999 Y328.756
G1 X1020.686 Y330.236
G1 X1017.665 Y331.524
G1 X1015.2 Y332.5
G1 X1015.2 Y332.5
G1 X1012.095 Y333.791
G1 X1008.212 Y335.55
G1 X1004.048 Y337.534
G1 X1000.1 Y339.5
G1 X1000.1 Y339.5
G1 X994.567 Y342.563
G1 X991.433 Y344.937
G1 X989.9 Y347.2
G1 X989.9 Y347.2
G1 X988.2 Y349.1
G1 X988.2 Y349.1
G1 X989.0 Y346.5
G1 X989.0 Y346.5
G1 X989.7 Y345.0
G1 X989.7 Y345.0
G1 X988.292 Y345.51
G1 X985.167 Y346.848
G1 X980.949 Y348.731
G1 X976.261 Y350.873
G1 X971.725 Y352.988
G1 X967.964 Y354.792
G1 X965.6 Y356.0
G1 X965.6 Y356.0
G1 X963.498 Y356.977
G1 X960.13 Y358.303
G1 X955.962 Y359.821
G1 X951.463 Y361.375
G1 X947.099 Y362.807
G1 X943.339 Y363.959
G1 X940.65 Y364.676
G1 X939.5 Y364.8
G1 X939.5 Y364.8
G1 X941.638 Y363.725
G1 X947.3 Y361.6
G1 X947.3 Y361.6
G1 X949.28 Y360.866
G1 X951.778 Y359.892
G1 X954.693 Y358.719
G1 X957.925 Y357.388
G1 X961.372 Y355.939
G1 X964.934 Y354.414
G1 X968.511 Y352.854
G1 X972.0 Y351.3
G1 X972.0 Y351.3
G1 X976.785 Y349.138
G1 X980.756 Y347.336
G1 X984.092 Y345.81
G1 X986.968 Y344.476
G1 X989.562 Y343.25
G1 X992.052 Y342.048
G1 X994.614 Y340.786
G1 X997.424 Y339.38
G1 X1000.66 Y337.746
G1 X1004.5 Y335.8
G1 X1004.5 Y335.8
G1 X1008.331 Y333.938
G1 X1012.05 Y332.225
G1 X1015.244 Y330.85
G1 X1017.5 Y330.0
G1 X1017.5 Y330.0
G1 X1021.425 Y328.375
G1 X1025.2 Y326.3
G1 X1025.2 Y326.3
G1 X1027.241 Y325.158
G1 X1029.931 Y323.861
G1 X1033.141 Y322.455
G1 X1036.7440000000001 Y320.985
G1 X1040.615 Y319.498
G1 X1044.625 Y318.038
G1 X1048.6480000000001 Y316.65
G1 X1052.556 Y315.381
G1 X1056.222 Y314.277
G1 X1059.519 Y313.381
G1 X1062.321 Y312.74
G1 X1064.5 Y312.4
G1 X1064.5 Y312.4
G1 X1068.563 Y311.733
G1 X1071.937 Y310.733
G1 X1074.6 Y309.4
G1 X1074.6 Y309.4
G1 X1078.0 Y308.5
G1 X1078.0 Y308.5
G1 X1076.6 Y310.7
G1 X1076.6 Y310.7
G1 X1075.5520000000001 Y311.975
G1 X1073.762 Y314.9
G1 X1071.467 Y319.025
G1 X1068.9 Y323.9
G1 X1068.9 Y323.9
G1 X1066.848 Y327.871
G1 X1064.989 Y331.238
G1 X1063.2089999999998 Y334.17
G1 X1061.393 Y336.834
G1 X1059.429 Y339.399
G1 X1057.203 Y342.031
G1 X1054.6 Y344.9
G1 X1054.6 Y344.9
G1 X1052.0259999999998 Y347.622
G1 X1049.3980000000001 Y350.369
G1 X1046.745 Y353.112
G1 X1044.098 Y355.819
G1 X1041.484 Y358.462
G1 X1038.9360000000001 Y361.011
G1 X1036.481 Y363.436
G1 X1034.15 Y365.707
G1 X1031.9740000000002 Y367.794
G1 X1029.98 Y369.669
G1 X1028.2 Y371.3
G1 X1028.2 Y371.3
G1 X1024.625 Y375.475
G1 X1027.5 Y377.4
G1 X1027.5 Y377.4
G1 X1029.1799999999998 Y377.45
G1 X1031.338 Y376.45
G1 X1034.6019999999999 Y374.025
G1 X1039.6 Y369.8
G1 X1039.6 Y369.8
G1 X1042.3809999999999 Y367.357
G1 X1045.415 Y364.722
G1 X1048.538 Y362.038
G1 X1051.585 Y359.444
G1 X1054.394 Y357.085
G1 X1056.8 Y355.1
G1 X1056.8 Y355.1
G1 X1064.5 Y348.8
G1 X1064.5 Y348.8
G1 X1057.9 Y355.1
G1 X1057.9 Y355.1
G1 X1055.8020000000001 Y357.093
G1 X1053.2150000000001 Y359.474
G1 X1050.3 Y362.1
G1 X1047.219 Y364.826
G1 X1044.1309999999999 Y367.507
G1 X1041.2 Y370.0
G1 X1041.2 Y370.0
G1 X1037.353 Y373.366
G1 X1034.275 Y376.225
G1 X1032.284 Y378.297
G1 X1031.7 Y379.3
G1 X1031.7 Y379.3
G1 X1027.0 Y378.7
M5; lift marker up
G4 P0.08
G0 X1014.4 Y372.5
M3 S1000;put marker down
G4 P0.2
G1 X1017.0 Y372.5
G1 X1017.0 Y372.5
G1 X1017.9 Y374.0
G1 X1017.9 Y374.0
G1 X1014.4 Y372.5
M5; lift marker up
G4 P0.08
G0 X1000.8 Y367.3
M3 S1000;put marker down
G4 P0.2
G1 X1002.7 Y367.4
G1 X1002.7 Y367.4
G1 X1001.4 Y367.9
G1 X1001.4 Y367.9
G1 X1000.8 Y367.3
M5; lift marker up
G4 P0.08
G0 X986.7 Y363.3
M3 S1000;put marker down
G4 P0.2
G1 X981.325 Y361.35
G1 X979.4 Y360.3
G1 X979.4 Y360.3
G1 X981.326 Y360.573
G1 X985.517 Y361.69
G1 X990.495 Y363.202
G1 X994.782 Y364.655
G1 X996.9 Y365.6
G1 X996.9 Y365.6
G1 X996.322 Y365.915
G1 X992.811 Y365.119
G1 X986.7 Y363.3
M5; lift marker up
G4 P0.08
G0 X970.0 Y366.4
M3 S1000;put marker down
G4 P0.2
G1 X971.122 Y364.848
G1 X974.044 Y361.652
G1 X978.1 Y357.5
G1 X978.1 Y357.5
G1 X982.104 Y353.685
G1 X984.73 Y351.381
G1 X985.4 Y351.1
G1 X985.4 Y351.1
G1 X983.6 Y353.567
G1 X980.563 Y357.0
G1 X976.988 Y360.7
G1 X973.57 Y363.967
G1 X971.009 Y366.1
G1 X970.0 Y366.4
M5; lift marker up
G4 P0.08
G0 X967.3 Y376.5
M3 S1000;put marker down
G4 P0.2
G1 X967.7 Y374.3
G1 X967.7 Y374.3
G1 X967.7 Y379.3
G1 X967.7 Y379.3
G1 X967.3 Y376.5
M5; lift marker up
G4 P0.08
G0 X970.7 Y388.8
M3 S1000;put marker down
G4 P0.2
G1 X968.0 Y383.1
G1 X968.0 Y383.1
G1 X970.1 Y385.5
G1 X970.1 Y385.5
G1 X972.062 Y388.85
G1 X973.8 Y391.3
G1 X973.8 Y391.3
G1 X974.4 Y393.0
G1 X974.4 Y393.0
G1 X970.7 Y388.8
M5; lift marker up
G4 P0.08
G0 X955.4 Y393.5
M3 S1000;put marker down
G4 P0.2
G1 X950.026 Y390.741
G1 X946.407 Y388.759
G1 X945.3 Y388.0
G1 X945.3 Y388.0
G1 X942.7 Y383.9
G1 X942.7 Y383.9
G1 X940.445 Y380.775
G1 X937.786 Y376.422
G1 X935.306 Y371.89
G1 X933.583 Y368.233
G1 X933.2 Y366.5
G1 X933.2 Y366.5
G1 X936.0 Y365.5
G1 X936.0 Y365.5
G1 X936.6 Y366.3
G1 X936.6 Y366.3
G1 X935.288 Y368.412
G1 X937.8 Y374.2
G1 X937.8 Y374.2
G1 X939.513 Y377.432
G1 X941.354 Y380.315
G1 X943.389 Y382.919
G1 X945.685 Y385.311
G1 X948.307 Y387.56
G1 X951.324 Y389.734
G1 X954.8 Y391.9
G1 X954.8 Y391.9
G1 X958.199 Y393.706
G1 X961.625 Y395.182
G1 X965.083 Y396.327
G1 X968.576 Y397.141
G1 X972.108 Y397.624
G1 X975.681 Y397.778
G1 X979.3 Y397.6
G1 X979.3 Y397.6
G1 X983.5 Y397.9
G1 X983.5 Y397.9
G1 X979.863 Y398.588
G1 X973.9 Y398.9
G1 X973.9 Y398.9
G1 X970.171 Y398.886
G1 X967.23 Y398.569
G1 X964.302 Y397.719
G1 X960.617 Y396.106
G1 X955.4 Y393.5
M5; lift marker up
G4 P0.08
G0 X941.0 Y387.0
M3 S1000;put marker down
G4 P0.2
G1 X940.5 Y386.0
G1 X940.5 Y386.0
G1 X943.0 Y387.0
G1 X943.0 Y387.0
G1 X943.5 Y388.0
G1 X943.5 Y388.0
G1 X941.0 Y387.0
M5; lift marker up
G4 P0.08
G0 X936.4 Y384.7
M3 S1000;put marker down
G4 P0.2
G1 X933.196 Y382.541
G1 X930.304 Y380.093
G1 X928.5 Y378.0
G1 X928.5 Y378.0
G1 X931.1 Y379.5
G1 X931.1 Y379.5
G1 X934.275 Y382.15
G1 X937.0 Y384.2
G1 X937.0 Y384.2
G1 X936.4 Y384.7
M5; lift marker up
G4 P0.08
G0 X925.5 Y369.0
M3 S1000;put marker down
G4 P0.2
G1 X928.0 Y369.0
G1 X928.0 Y369.0
G1 X925.0 Y369.9
G1 X925.0 Y369.9
G1 X925.5 Y369.0
M5; lift marker up
G4 P0.08
G0 X916.5 Y365.0
M3 S1000;put marker down
G4 P0.2
G1 X916.512 Y360.975
G1 X918.1 Y358.0
G1 X918.1 Y358.0
G1 X919.0 Y356.5
G1 X919.0 Y356.5
G1 X915.3 Y355.0
G1 X915.3 Y355.0
G1 X913.3 Y353.9
G1 X913.3 Y353.9
G1 X917.8 Y353.2
G1 X917.8 Y353.2
G1 X920.2 Y356.5
G1 X920.2 Y356.5
G1 X918.8 Y360.1
G1 X918.8 Y360.1
G1 X918.5 Y362.0
G1 X918.5 Y362.0
G1 X918.2 Y362.6
G1 X918.2 Y362.6
G1 X917.0 Y362.9
G1 X917.0 Y362.9
G1 X918.2 Y364.2
G1 X918.2 Y364.2
G1 X918.3 Y365.3
G1 X918.3 Y365.3
G1 X916.5 Y365.0
M5; lift marker up
G4 P0.08
G0 X915.5 Y371.0
M3 S1000;put marker down
G4 P0.2
G1 X916.0 Y369.3
G1 X916.0 Y369.3
G1 X919.989 Y367.806
G1 X924.416 Y366.234
G1 X928.997 Y364.677
G1 X933.45 Y363.225
G1 X937.49 Y361.97
G1 X940.834 Y361.003
G1 X943.199 Y360.416
G1 X944.3 Y360.3
G1 X944.3 Y360.3
G1 X939.6 Y362.4
G1 X939.6 Y362.4
G1 X936.661 Y363.333
G1 X932.963 Y364.538
G1 X928.983 Y365.873
G1 X925.2 Y367.2
G1 X925.2 Y367.2
G1 X918.788 Y369.825
G1 X918.6 Y371.1
G1 X918.6 Y371.1
G1 X919.0 Y371.9
G1 X919.0 Y371.9
G1 X915.5 Y371.0
M5; lift marker up
G4 P0.08
G0 X912.0 Y372.0
M3 S1000;put marker down
G4 P0.2
G1 X914.5 Y372.0
G1 X914.5 Y372.0
G1 X915.0 Y372.9
G1 X915.0 Y372.9
G1 X912.0 Y372.0
M5; lift marker up
G4 P0.08
G0 X907.5 Y350.9
M3 S1000;put marker down
G4 P0.2
G1 X903.638 Y349.55
G1 X900.0 Y349.4
G1 X900.0 Y349.4
G1 X898.0 Y349.0
G1 X898.0 Y349.0
G1 X902.2 Y348.0
G1 X902.2 Y348.0
G1 X906.074 Y348.8
G1 X910.126 Y350.533
G1 X912.0 Y352.2
G1 X912.0 Y352.2
G1 X911.8 Y352.9
G1 X911.8 Y352.9
G1 X907.5 Y350.9
M5; lift marker up
G4 P0.08
G0 X912.7 Y339.1
M3 S1000;put marker down
G4 P0.2
G1 X909.211 Y337.856
G1 X905.789 Y336.144
G1 X903.1 Y334.3
G1 X903.1 Y334.3
G1 X899.3 Y331.612
G1 X895.5 Y329.6
G1 X895.5 Y329.6
G1 X892.2 Y327.5
G1 X892.2 Y327.5
G1 X896.325 Y328.513
G1 X900.6 Y331.1
G1 X900.6 Y331.1
G1 X902.719 Y333.064
G1 X906.3 Y335.338
G1 X910.106 Y337.217
G1 X912.9 Y338.0
G1 X912.9 Y338.0
G1 X918.0 Y339.5
G1 X918.0 Y339.5
G1 X919.288 Y340.763
G1 X912.7 Y339.1
M5; lift marker up
G4 P0.08
G0 X929.1 Y341.3
M3 S1000;put marker down
G4 P0.2
G1 X929.726 Y339.322
G1 X931.507 Y335.211
G1 X934.0 Y329.9
G1 X934.0 Y329.9
G1 X936.541 Y324.978
G1 X938.326 Y321.856
G1 X939.0 Y321.2
G1 X939.0 Y321.2
G1 X938.274 Y323.432
G1 X936.456 Y327.589
G1 X934.088 Y332.562
G1 X931.711 Y337.244
G1 X929.868 Y340.526
G1 X929.1 Y341.3
M5; lift marker up
G4 P0.08
G0 X930.5 Y357.0
M3 S1000;put marker down
G4 P0.2
G1 X929.608 Y354.684
G1 X928.367 Y351.995
G1 X926.826 Y349.015
G1 X925.036 Y345.83
G1 X923.046 Y342.525
G1 X920.907 Y339.185
G1 X918.67 Y335.894
G1 X916.384 Y332.738
G1 X914.1 Y329.8
G1 X914.1 Y329.8
G1 X910.989 Y326.385
G1 X907.744 Y323.615
G1 X904.5 Y321.6
G1 X904.5 Y321.6
G1 X901.091 Y319.601
G1 X897.893 Y317.141
G1 X895.1 Y314.425
G1 X892.907 Y311.659
G1 X891.509 Y309.049
G1 X891.1 Y306.8
G1 X891.1 Y306.8
G1 X892.5 Y308.5
G1 X892.5 Y308.5
G1 X894.65 Y312.008
G1 X897.775 Y315.488
G1 X901.162 Y318.273
G1 X904.1 Y319.7
G1 X904.1 Y319.7
G1 X905.936 Y320.562
G1 X908.379 Y322.392
G1 X911.203 Y324.961
G1 X914.183 Y328.037
G1 X917.093 Y331.39
G1 X919.707 Y334.787
G1 X921.8 Y338.0
G1 X921.8 Y338.0
G1 X924.463 Y342.3
G1 X927.2 Y346.3
G1 X927.2 Y346.3
G1 X929.381 Y350.134
G1 X931.3 Y354.625
G1 X932.544 Y358.703
G1 X932.7 Y361.3
G1 X932.7 Y361.3
G1 X930.5 Y357.0
M5; lift marker up
G4 P0.08
G0 X947.6 Y346.9
M3 S1000;put marker down
G4 P0.2
G1 X945.0 Y343.0
G1 X945.0 Y343.0
G1 X944.4 Y340.6
G1 X944.4 Y340.6
G1 X944.9 Y339.0
G1 X944.9 Y339.0
G1 X946.0 Y341.4
G1 X946.0 Y341.4
G1 X948.6 Y346.9
G1 X948.6 Y346.9
G1 X950.7 Y350.0
G1 X950.7 Y350.0
G1 X947.6 Y346.9
M5; lift marker up
G4 P0.08
G0 X953.4 Y351.4
M3 S1000;put marker down
G4 P0.2
G1 X952.8 Y350.5
G1 X952.8 Y350.5
G1 X956.8 Y352.0
G1 X956.8 Y352.0
G1 X957.4 Y352.9
G1 X957.4 Y352.9
G1 X953.4 Y351.4
M5; lift marker up
G4 P0.08
G0 X954.5 Y356.7
M3 S1000;put marker down
G4 P0.2
G1 X956.629 Y355.841
G1 X959.125 Y354.736
G1 X961.925 Y353.419
G1 X964.967 Y351.922
G1 X968.188 Y350.28
G1 X971.525 Y348.525
G1 X974.917 Y346.691
G1 X978.3 Y344.811
G1 X981.613 Y342.919
G1 X984.792 Y341.047
G1 X987.775 Y339.23
G1 X990.5 Y337.5
G1 X990.5 Y337.5
G1 X993.019 Y335.933
G1 X996.048 Y334.196
G1 X999.4 Y332.388
G1 X1002.885 Y330.604
G1 X1006.315 Y328.942
G1 X1009.5 Y327.5
G1 X1009.5 Y327.5
G1 X1012.704 Y326.113
G1 X1016.1 Y324.607
G1 X1019.512 Y323.062
G1 X1022.767 Y321.559
G1 X1025.688 Y320.178
G1 X1028.1 Y319.0
G1 X1028.1 Y319.0
G1 X1030.031 Y318.099
G1 X1032.45 Y317.074
G1 X1035.2820000000002 Y315.952
G1 X1038.449 Y314.758
G1 X1041.877 Y313.517
G1 X1045.487 Y312.256
G1 X1049.205 Y310.999
G1 X1052.954 Y309.773
G1 X1056.658 Y308.603
G1 X1060.241 Y307.515
G1 X1063.626 Y306.535
G1 X1066.738 Y305.688
G1 X1069.5 Y305.0
G1 X1069.5 Y305.0
G1 X1073.065 Y303.982
G1 X1076.222 Y302.693
G1 X1079.062 Y301.075
G1 X1081.6779999999999 Y299.074
G1 X1084.16 Y296.634
G1 X1086.6 Y293.7
G1 X1086.6 Y293.7
G1 X1091.0 Y287.8
G1 X1091.0 Y287.8
G1 X1091.0 Y278.8
G1 X1091.0 Y278.8
G1 X1090.917 Y275.343
G1 X1090.67 Y271.858
G1 X1090.266 Y268.41
G1 X1089.707 Y265.069
G1 X1089.0 Y261.9
G1 X1089.0 Y261.9
G1 X1087.941 Y257.308
G1 X1087.558 Y253.724
G1 X1087.906 Y250.596
G1 X1089.035 Y247.372
G1 X1091.0 Y243.5
G1 X1091.0 Y243.5
G1 X1092.112 Y241.20100000000002
G1 X1093.048 Y238.703
G1 X1093.814 Y235.966
G1 X1094.412 Y232.95
G1 X1094.847 Y229.615
G1 X1095.12 Y225.922
G1 X1095.237 Y221.83
G1 X1095.2 Y217.3
G1 X1095.2 Y217.3
G1 X1095.159 Y212.436
G1 X1095.4 Y208.838
G1 X1096.016 Y205.895
G1 X1097.1 Y203.0
G1 X1097.1 Y203.0
G1 X1098.222 Y200.1
G1 X1098.8 Y197.35
G1 X1098.928 Y194.0
G1 X1098.7 Y189.3
G1 X1098.7 Y189.3
G1 X1098.333 Y185.262
G1 X1097.863 Y180.85
G1 X1097.336 Y176.588
G1 X1096.8 Y173.0
G1 X1096.8 Y173.0
G1 X1095.5 Y165.5
G1 X1095.5 Y165.5
G1 X1091.0 Y164.9
G1 X1091.0 Y164.9
G1 X1086.5 Y164.3
G1 X1086.5 Y164.3
G1 X1090.8 Y164.2
G1 X1090.8 Y164.2
G1 X1094.341 Y163.507
G1 X1094.393 Y161.059
G1 X1091.0 Y155.7
G1 X1091.0 Y155.7
G1 X1088.4 Y150.0
G1 X1088.4 Y150.0
G1 X1090.463 Y151.575
G1 X1093.5 Y155.4
G1 X1093.5 Y155.4
G1 X1095.372 Y158.447
G1 X1096.625 Y161.25
G1 X1097.466 Y164.428
G1 X1098.1 Y168.6
G1 X1098.1 Y168.6
G1 X1098.748 Y173.152
G1 X1099.419 Y177.415
G1 X1100.0 Y180.5
G1 X1100.0 Y180.5
G1 X1100.565 Y183.802
G1 X1100.893 Y187.606
G1 X1100.994 Y191.631
G1 X1100.877 Y195.594
G1 X1100.55 Y199.214
G1 X1100.021 Y202.21
G1 X1099.3 Y204.3
G1 X1099.3 Y204.3
G1 X1098.47 Y206.334
G1 X1097.912 Y209.025
G1 X1097.598 Y212.653
G1 X1097.5 Y217.5
G1 X1097.5 Y217.5
G1 X1097.381 Y222.445
G1 X1097.167 Y226.812
G1 X1096.848 Y230.655
G1 X1096.412 Y234.025
G1 X1095.851 Y236.973
G1 X1095.152 Y239.55
G1 X1094.305 Y241.80900000000003
G1 X1093.3 Y243.8
G1 X1093.3 Y243.8
G1 X1091.275 Y247.675
G1 X1090.086 Y250.87400000000002
G1 X1089.678 Y253.894
G1 X1090.001 Y257.237
G1 X1091.0 Y261.4
G1 X1091.0 Y261.4
G1 X1091.746 Y264.356
G1 X1092.309 Y267.48
G1 X1092.699 Y270.796
G1 X1092.926 Y274.328
G1 X1093.0 Y278.1
G1 X1093.0 Y278.1
G1 X1092.967 Y282.844
G1 X1092.738 Y286.052
G1 X1092.114 Y288.468
G1 X1090.901 Y290.836
G1 X1088.9 Y293.9
G1 X1088.9 Y293.9
G1 X1086.459 Y297.226
G1 X1083.9070000000002 Y300.174
G1 X1081.8 Y302.1
G1 X1081.8 Y302.1
G1 X1079.033 Y303.624
G1 X1074.854 Y305.436
G1 X1070.23 Y307.176
G1 X1066.123 Y308.484
G1 X1063.5 Y309.0
G1 X1063.5 Y309.0
G1 X1062.095 Y309.197
G1 X1059.8400000000001 Y309.75
G1 X1056.8899999999999 Y310.605
G1 X1053.402 Y311.706
G1 X1049.53 Y312.999
G1 X1045.432 Y314.428
G1 X1041.2640000000001 Y315.94
G1 X1037.1799999999998 Y317.477
G1 X1033.337 Y318.987
G1 X1029.892 Y320.412
G1 X1027.0 Y321.7
G1 X1027.0 Y321.7
G1 X1023.294 Y323.442
G1 X1019.339 Y325.223
G1 X1015.437 Y326.913
G1 X1011.89 Y328.382
G1 X1009.0 Y329.5
G1 X1009.0 Y329.5
G1 X1006.157 Y330.724
G1 X1002.742 Y332.38
G1 X999.05 Y334.324
G1 X995.371 Y336.412
G1 X992.0 Y338.5
G1 X992.0 Y338.5
G1 X989.037 Y340.352
G1 X985.768 Y342.285
G1 X982.267 Y344.264
G1 X978.609 Y346.253
G1 X974.866 Y348.216
G1 X971.114 Y350.119
G1 X967.425 Y351.925
G1 X963.874 Y353.6
G1 X960.535 Y355.107
G1 X957.481 Y356.413
G1 X954.787 Y357.48
G1 X952.526 Y358.274
G1 X950.772 Y358.759
G1 X949.6 Y358.9
G1 X949.6 Y358.9
G1 X954.5 Y356.7
M5; lift marker up
G4 P0.08
G0 X947.0 Y338.8
M3 S1000;put marker down
G4 P0.2
G1 X948.1 Y335.7
G1 X948.1 Y335.7
G1 X948.725 Y332.738
G1 X948.3 Y328.8
G1 X948.3 Y328.8
G1 X947.85 Y324.9
G1 X948.3 Y321.9
G1 X948.3 Y321.9
G1 X948.427 Y319.013
G1 X947.662 Y314.775
G1 X946.317 Y310.425
G1 X944.7 Y307.2
G1 X944.7 Y307.2
G1 X944.3 Y305.3
G1 X944.3 Y305.3
G1 X947.1 Y309.6
G1 X947.1 Y309.6
G1 X948.058 Y312.485
G1 X948.823 Y316.197
G1 X949.38 Y320.411
G1 X949.713 Y324.8
G1 X949.806 Y329.039
G1 X949.645 Y332.803
G1 X949.215 Y335.765
G1 X948.5 Y337.6
G1 X948.5 Y337.6
G1 X947.0 Y338.8
M5; lift marker up
G4 P0.08
G0 X964.5 Y338.3
M3 S1000;put marker down
G4 P0.2
G1 X964.159 Y335.341
G1 X963.65 Y331.575
G1 X963.066 Y327.472
G1 X962.5 Y323.5
G1 X962.5 Y323.5
G1 X961.925 Y319.814
G1 X961.372 Y316.147
G1 X960.843 Y312.502
G1 X960.337 Y308.882
G1 X959.854 Y305.288
G1 X959.396 Y301.723
G1 X958.961 Y298.189
G1 X958.552 Y294.689
G1 X958.168 Y291.225
G1 X957.808 Y287.798
G1 X957.475 Y284.412
G1 X957.168 Y281.069
G1 X956.887 Y277.772
G1 X956.632 Y274.521
G1 X956.405 Y271.32
G1 X956.205 Y268.171
G1 X956.033 Y265.077
G1 X955.889 Y262.039
G1 X955.773 Y259.06
G1 X955.686 Y256.142
G1 X955.628 Y253.288
G1 X955.6 Y250.5
G1 X955.6 Y250.5
G1 X955.579 Y244.69400000000002
G1 X955.667 Y240.522
G1 X955.938 Y237.45
G1 X956.467 Y234.944
G1 X957.329 Y232.472
G1 X958.6 Y229.5
G1 X958.6 Y229.5
G1 X961.362 Y224.188
G1 X963.6 Y222.1
G1 X963.6 Y222.1
G1 X963.4 Y224.1
G1 X963.4 Y224.1
G1 X961.723 Y226.346
G1 X960.292 Y228.966
G1 X959.11 Y231.956
G1 X958.178 Y235.309
G1 X957.498 Y239.021
G1 X957.071 Y243.087
G1 X956.9 Y247.5
G1 X956.9 Y247.5
G1 X956.905 Y249.54000000000002
G1 X956.949 Y251.83499999999998
G1 X957.03 Y254.36700000000002
G1 X957.146 Y257.114
G1 X957.297 Y260.056
G1 X957.48 Y263.174
G1 X957.693 Y266.448
G1 X957.935 Y269.857
G1 X958.205 Y273.381
G1 X958.5 Y277.0
G1 X958.819 Y280.694
G1 X959.161 Y284.443
G1 X959.523 Y288.227
G1 X959.904 Y292.026
G1 X960.303 Y295.819
G1 X960.718 Y299.586
G1 X961.146 Y303.308
G1 X961.587 Y306.965
G1 X962.039 Y310.535
G1 X962.5 Y314.0
G1 X962.5 Y314.0
G1 X963.42 Y320.902
G1 X964.183 Y326.779
G1 X964.796 Y331.689
G1 X965.267 Y335.687
G1 X965.6 Y338.831
G1 X965.804 Y341.178
G1 X965.884 Y342.784
G1 X965.847 Y343.705
G1 X965.7 Y344.0
G1 X965.7 Y344.0
G1 X964.5 Y338.3
M5; lift marker up
G4 P0.08
G0 X970.8 Y317.8
M3 S1000;put marker down
G4 P0.2
G1 X966.838 Y314.712
G1 X965.5 Y313.2
G1 X965.5 Y313.2
G1 X970.1 Y315.6
G1 X970.1 Y315.6
G1 X974.619 Y318.644
G1 X977.6 Y320.225
G1 X980.056 Y320.719
G1 X983.0 Y320.5
G1 X983.0 Y320.5
G1 X985.5 Y320.9
G1 X985.5 Y320.9
G1 X982.177 Y321.892
G1 X978.712 Y321.712
G1 X974.967 Y320.352
G1 X970.8 Y317.8
M5; lift marker up
G4 P0.08
G0 X964.0 Y299.5
M3 S1000;put marker down
G4 P0.2
G1 X965.3 Y299.1
G1 X965.3 Y299.1
G1 X971.5 Y298.6
G1 X971.5 Y298.6
G1 X976.248 Y297.226
G1 X979.885 Y297.007
G1 X979.7 Y298.1
G1 X979.7 Y298.1
G1 X976.6 Y298.7
G1 X976.6 Y298.7
G1 X972.9 Y299.6
G1 X972.9 Y299.6
G1 X968.45 Y300.862
G1 X964.0 Y299.5
M5; lift marker up
G4 P0.08
G0 X985.9 Y296.0
M3 S1000;put marker down
G4 P0.2
G1 X989.673 Y294.467
G1 X993.738 Y293.188
G1 X997.108 Y292.414
G1 X998.8 Y292.4
G1 X998.8 Y292.4
G1 X997.55 Y293.057
G1 X994.203 Y294.294
G1 X989.901 Y295.734
G1 X985.786 Y296.995
G1 X983.0 Y297.7
G1 X983.0 Y297.7
G1 X985.9 Y296.0
M5; lift marker up
G4 P0.08
G0 X1004.6 Y300.1
M3 S1000;put marker down
G4 P0.2
G1 X1008.5 Y299.8
G1 X1008.5 Y299.8
G1 X1014.8 Y298.8
G1 X1014.8 Y298.8
G1 X1018.078 Y296.537
G1 X1021.822 Y294.763
G1 X1024.7 Y294.1
G1 X1024.7 Y294.1
G1 X1022.7 Y295.5
G1 X1022.7 Y295.5
G1 X1019.238 Y297.1
G1 X1016.3 Y299.0
G1 X1016.3 Y299.0
G1 X1012.289 Y300.619
G1 X1007.478 Y301.081
G1 X1004.6 Y300.1
M5; lift marker up
G4 P0.08
G0 X1029.5 Y288.1
M3 S1000;put marker down
G4 P0.2
G1 X1030.0 Y286.5
G1 X1030.0 Y286.5
G1 X1031.0 Y287.4
G1 X1031.0 Y287.4
G1 X1029.5 Y288.1
M5; lift marker up
G4 P0.08
G0 X1022.5 Y272.3
M3 S1000;put marker down
G4 P0.2
G1 X1025.5 Y270.6
G1 X1025.5 Y270.6
G1 X1029.0 Y268.05
G1 X1033.4 Y267.0
G1 X1033.4 Y267.0
G1 X1036.1 Y264.3
G1 X1036.1 Y264.3
G1 X1036.7 Y263.8
G1 X1036.7 Y263.8
G1 X1041.5 Y268.0
G1 X1041.5 Y268.0
G1 X1046.4 Y270.9
G1 X1046.4 Y270.9
G1 X1041.9 Y269.6
G1 X1041.9 Y269.6
G1 X1037.45 Y267.688
G1 X1032.7 Y268.1
G1 X1032.7 Y268.1
G1 X1027.0 Y271.1
G1 X1027.0 Y271.1
G1 X1023.2 Y272.9
G1 X1023.2 Y272.9
G1 X1022.5 Y272.3
M5; lift marker up
G4 P0.08
G0 X1014.6 Y269.3
M3 S1000;put marker down
G4 P0.2
G1 X1013.6 Y263.5
G1 X1013.6 Y263.5
G1 X1014.5 Y265.0
G1 X1014.5 Y265.0
G1 X1015.5 Y270.8
G1 X1015.5 Y270.8
G1 X1014.6 Y269.3
M5; lift marker up
G4 P0.08
G0 X1011.1 Y267.4
M3 S1000;put marker down
G4 P0.2
G1 X1011.7 Y266.8
G1 X1011.7 Y266.8
G1 X1011.6 Y268.7
G1 X1011.6 Y268.7
G1 X1011.1 Y267.4
M5; lift marker up
G4 P0.08
G0 X1010.2 Y262.5
M3 S1000;put marker down
G4 P0.2
G1 X1010.7 Y261.3
G1 X1010.7 Y261.3
G1 X1010.7 Y264.3
G1 X1010.7 Y264.3
G1 X1010.2 Y262.5
M5; lift marker up
G4 P0.08
G0 X1009.3 Y255.5
M3 S1000;put marker down
G4 P0.2
G1 X1009.7 Y253.8
G1 X1009.7 Y253.8
G1 X1009.7 Y257.8
G1 X1009.7 Y257.8
G1 X1009.3 Y255.5
M5; lift marker up
G4 P0.08
G0 X1012.3 Y255.0
M3 S1000;put marker down
G4 P0.2
G1 X1012.7 Y252.8
G1 X1012.7 Y252.8
G1 X1012.7 Y257.3
G1 X1012.7 Y257.3
G1 X1012.3 Y255.0
M5; lift marker up
G4 P0.08
G0 X1011.1 Y247.39999999999998
M3 S1000;put marker down
G4 P0.2
G1 X1011.7 Y246.8
G1 X1011.7 Y246.8
G1 X1011.6 Y248.7
G1 X1011.6 Y248.7
G1 X1011.1 Y247.39999999999998
M5; lift marker up
G4 P0.08
G0 X1008.3 Y245.5
M3 S1000;put marker down
G4 P0.2
G1 X1008.7 Y242.8
G1 X1008.7 Y242.8
G1 X1008.7 Y248.8
G1 X1008.7 Y248.8
G1 X1008.3 Y245.5
M5; lift marker up
G4 P0.08
G0 X1021.0 Y245.39999999999998
M3 S1000;put marker down
G4 P0.2
G1 X1020.275 Y243.175
G1 X1015.5 Y243.2
G1 X1015.5 Y243.2
G1 X1010.738 Y243.27499999999998
G1 X1010.1 Y241.10000000000002
G1 X1010.1 Y241.10000000000002
G1 X1010.7 Y240.3
G1 X1010.7 Y240.3
G1 X1015.6 Y242.0
G1 X1015.6 Y242.0
G1 X1019.425 Y241.562
G1 X1020.1 Y238.8
G1 X1020.1 Y238.8
G1 X1021.0 Y233.0
G1 X1021.0 Y233.0
G1 X1021.6 Y233.263
G1 X1021.9 Y239.3
G1 X1021.9 Y239.3
G1 X1021.85 Y245.45
G1 X1021.5 Y248.0
G1 X1021.5 Y248.0
G1 X1021.0 Y245.39999999999998
M5; lift marker up
G4 P0.08
G0 X1024.0 Y243.10000000000002
M3 S1000;put marker down
G4 P0.2
G1 X1026.5 Y242.3
G1 X1026.5 Y242.3
G1 X1029.0 Y243.10000000000002
G1 X1029.0 Y243.10000000000002
G1 X1026.5 Y244.0
G1 X1026.5 Y244.0
G1 X1024.0 Y243.10000000000002
M5; lift marker up
G4 P0.08
G0 X1031.1 Y245.8
M3 S1000;put marker down
G4 P0.2
G1 X1031.17 Y239.863
G1 X1031.396 Y235.504
G1 X1031.8 Y233.7
G1 X1031.8 Y233.7
G1 X1032.225 Y236.15
G1 X1032.2 Y242.8
G1 X1032.2 Y242.8
G1 X1031.9940000000001 Y249.029
G1 X1031.781 Y253.0
G1 X1031.575 Y254.688
G1 X1031.385 Y254.067
G1 X1031.223 Y251.11200000000002
G1 X1031.1 Y245.8
M5; lift marker up
G4 P0.08
G0 X1034.5 Y241.8
M3 S1000;put marker down
G4 P0.2
G1 X1035.007 Y236.996
G1 X1035.626 Y233.304
G1 X1036.2 Y231.5
G1 X1036.2 Y231.5
G1 X1036.6 Y234.5
G1 X1036.6 Y234.5
G1 X1036.3110000000001 Y237.37
G1 X1036.089 Y241.063
G1 X1036.0 Y244.8
G1 X1036.0 Y244.8
G1 X1034.9 Y251.0
G1 X1034.9 Y251.0
G1 X1034.288 Y248.76299999999998
G1 X1034.5 Y241.8
M5; lift marker up
G4 P0.08
G0 X1038.0 Y243.2
M3 S1000;put marker down
G4 P0.2
G1 X1042.0 Y242.8
G1 X1042.0 Y242.8
G1 X1046.0 Y243.60000000000002
G1 X1046.0 Y243.60000000000002
G1 X1042.0 Y244.0
G1 X1042.0 Y244.0
G1 X1038.0 Y243.2
M5; lift marker up
G4 P0.08
G0 X1049.7 Y246.3
M3 S1000;put marker down
G4 P0.2
G1 X1049.0 Y241.3
G1 X1049.0 Y241.3
G1 X1051.0 Y237.5
G1 X1051.0 Y237.5
G1 X1053.1 Y232.8
G1 X1053.1 Y232.8
G1 X1053.1770000000001 Y228.029
G1 X1053.3139999999999 Y223.372
G1 X1053.496 Y219.04
G1 X1053.71 Y215.245
G1 X1053.941 Y212.199
G1 X1054.176 Y210.114
G1 X1054.4 Y209.2
G1 X1054.4 Y209.2
G1 X1054.8020000000001 Y209.244
G1 X1055.069 Y210.488
G1 X1055.2350000000001 Y213.34
G1 X1055.3339999999998 Y218.208
G1 X1055.4 Y225.5
G1 X1055.4 Y225.5
G1 X1055.574 Y233.267
G1 X1056.059 Y236.633
G1 X1057.1 Y237.2
G1 X1057.1 Y237.2
G1 X1059.288 Y238.538
G1 X1059.3 Y243.39999999999998
G1 X1059.3 Y243.39999999999998
G1 X1058.25 Y246.51299999999998
G1 X1054.5 Y247.0
G1 X1054.5 Y247.0
G1 X1049.7 Y246.3
M5; lift marker up
G4 P0.08
G0 X1058.0 Y242.5
M3 S1000;put marker down
G4 P0.2
G1 X1057.462 Y239.475
G1 X1054.0 Y239.0
G1 X1054.0 Y239.0
G1 X1050.538 Y239.475
G1 X1050.0 Y242.5
G1 X1050.0 Y242.5
G1 X1050.538 Y245.52499999999998
G1 X1054.0 Y246.0
G1 X1054.0 Y246.0
G1 X1057.462 Y245.52499999999998
G1 X1058.0 Y242.5
M5; lift marker up
G4 P0.08
G0 X1063.8 Y242.3
M3 S1000;put marker down
G4 P0.2
G1 X1068.3 Y242.3
G1 X1068.3 Y242.3
G1 X1066.0 Y242.7
G1 X1066.0 Y242.7
G1 X1063.8 Y242.3
M5; lift marker up
G4 P0.08
G0 X1073.3 Y242.3
M3 S1000;put marker down
G4 P0.2
G1 X1078.3 Y242.3
G1 X1078.3 Y242.3
G1 X1075.5 Y242.7
G1 X1075.5 Y242.7
G1 X1073.3 Y242.3
M5; lift marker up
G4 P0.08
G0 X1081.8 Y243.3
M3 S1000;put marker down
G4 P0.2
G1 X1084.3 Y243.3
G1 X1084.3 Y243.3
G1 X1083.0 Y243.8
G1 X1083.0 Y243.8
G1 X1081.8 Y243.3
M5; lift marker up
G4 P0.08
G0 X1078.1 Y225.6
M3 S1000;put marker down
G4 P0.2
G1 X1083.5 Y224.7
G1 X1083.5 Y224.7
G1 X1086.5 Y225.0
G1 X1086.5 Y225.0
G1 X1081.25 Y225.9
G1 X1078.1 Y225.6
M5; lift marker up
G4 P0.08
G0 X1072.5 Y225.0
M3 S1000;put marker down
G4 P0.2
G1 X1073.4 Y224.0
G1 X1073.4 Y224.0
G1 X1075.0 Y225.0
G1 X1075.0 Y225.0
G1 X1074.1 Y226.0
G1 X1074.1 Y226.0
G1 X1072.5 Y225.0
M5; lift marker up
G4 P0.08
G0 X1084.8 Y220.3
M3 S1000;put marker down
G4 P0.2
G1 X1086.7 Y220.4
G1 X1086.7 Y220.4
G1 X1085.4 Y220.9
G1 X1085.4 Y220.9
G1 X1084.8 Y220.3
M5; lift marker up
G4 P0.08
G0 X1084.3 Y210.3
M3 S1000;put marker down
G4 P0.2
G1 X1087.3 Y210.3
G1 X1087.3 Y210.3
G1 X1085.5 Y210.8
G1 X1085.5 Y210.8
G1 X1084.3 Y210.3
M5; lift marker up
G4 P0.08
G0 X1086.0 Y202.0
M3 S1000;put marker down
G4 P0.2
G1 X1085.3 Y201.0
G1 X1085.3 Y201.0
G1 X1080.3 Y200.1
G1 X1080.3 Y200.1
G1 X1075.6 Y199.8
G1 X1075.6 Y199.8
G1 X1077.25 Y201.925
G1 X1081.0 Y204.2
G1 X1081.0 Y204.2
G1 X1086.0 Y202.0
M5; lift marker up
G4 P0.08
G0 X1088.0 Y198.6
M3 S1000;put marker down
G4 P0.2
G1 X1089.9 Y192.8
G1 X1089.9 Y192.8
G1 X1091.0 Y189.652
G1 X1091.967 Y185.615
G1 X1092.6 Y181.6
G1 X1092.6 Y181.6
G1 X1092.777 Y176.641
G1 X1091.838 Y173.725
G1 X1089.38 Y172.347
G1 X1085.0 Y172.0
G1 X1085.0 Y172.0
G1 X1080.838 Y172.488
G1 X1078.1 Y174.4
G1 X1078.1 Y174.4
G1 X1076.4 Y177.8
G1 X1076.4 Y177.8
G1 X1076.1 Y181.6
G1 X1076.1 Y181.6
G1 X1076.1 Y186.8
G1 X1076.1 Y186.8
G1 X1076.038 Y188.913
G1 X1073.5 Y185.1
G1 X1073.5 Y185.1
G1 X1070.712 Y180.95
G1 X1067.4 Y180.7
G1 X1067.4 Y180.7
G1 X1066.6 Y182.9
G1 X1066.6 Y182.9
G1 X1067.712 Y185.875
G1 X1069.5 Y190.8
G1 X1069.5 Y190.8
G1 X1071.275 Y195.4
G1 X1072.3 Y197.6
G1 X1072.3 Y197.6
G1 X1077.9 Y198.5
G1 X1077.9 Y198.5
G1 X1082.1 Y199.125
G1 X1084.8 Y199.9
G1 X1084.8 Y199.9
G1 X1088.0 Y198.6
M5; lift marker up
G4 P0.08
G0 X1074.6 Y202.2
M3 S1000;put marker down
G4 P0.2
G1 X1071.0 Y204.0
G1 X1071.0 Y204.0
G1 X1073.5 Y204.8
G1 X1073.5 Y204.8
G1 X1074.6 Y202.2
M5; lift marker up
G4 P0.08
G0 X1059.8 Y211.3
M3 S1000;put marker down
G4 P0.2
G1 X1065.8 Y211.3
G1 X1065.8 Y211.3
G1 X1062.5 Y211.7
G1 X1062.5 Y211.7
G1 X1059.8 Y211.3
M5; lift marker up
G4 P0.08
G0 X1059.7 Y221.3
M3 S1000;put marker down
G4 P0.2
G1 X1063.125 Y221.15
G1 X1066.7 Y221.3
G1 X1066.7 Y221.3
G1 X1063.5 Y221.7
G1 X1063.5 Y221.7
G1 X1059.7 Y221.3
M5; lift marker up
G4 P0.08
G0 X1057.1 Y225.6
M3 S1000;put marker down
G4 P0.2
G1 X1060.674 Y224.844
G1 X1066.159 Y224.556
G1 X1069.0 Y225.0
G1 X1069.0 Y225.0
G1 X1062.8 Y226.0
G1 X1062.8 Y226.0
G1 X1057.1 Y225.6
M5; lift marker up
G4 P0.08
G0 X1048.8 Y221.3
M3 S1000;put marker down
G4 P0.2
G1 X1050.7 Y221.4
G1 X1050.7 Y221.4
G1 X1049.4 Y221.9
G1 X1049.4 Y221.9
G1 X1048.8 Y221.3
M5; lift marker up
G4 P0.08
G0 X1046.3 Y225.3
M3 S1000;put marker down
G4 P0.2
G1 X1049.8 Y225.3
G1 X1049.8 Y225.3
G1 X1048.0 Y225.8
G1 X1048.0 Y225.8
G1 X1046.3 Y225.3
M5; lift marker up
G4 P0.08
G0 X1035.8 Y222.3
M3 S1000;put marker down
G4 P0.2
G1 X1037.7 Y222.4
G1 X1037.7 Y222.4
G1 X1036.4 Y222.9
G1 X1036.4 Y222.9
G1 X1035.8 Y222.3
M5; lift marker up
G4 P0.08
G0 X1029.8 Y225.3
M3 S1000;put marker down
G4 P0.2
G1 X1033.8 Y225.3
G1 X1033.8 Y225.3
G1 X1031.5 Y225.7
G1 X1031.5 Y225.7
G1 X1029.8 Y225.3
M5; lift marker up
G4 P0.08
G0 X1026.5 Y213.9
M3 S1000;put marker down
G4 P0.2
G1 X1032.5 Y213.2
G1 X1032.5 Y213.2
G1 X1032.0 Y214.0
G1 X1032.0 Y214.0
G1 X1026.0 Y214.8
G1 X1026.0 Y214.8
G1 X1022.5 Y214.8
G1 X1022.5 Y214.8
G1 X1026.5 Y213.9
M5; lift marker up
G4 P0.08
G0 X1034.5 Y211.4
M3 S1000;put marker down
G4 P0.2
G1 X1032.613 Y208.462
G1 X1032.0 Y205.0
G1 X1032.0 Y205.0
G1 X1031.338 Y201.45
G1 X1029.1 Y198.2
G1 X1029.1 Y198.2
G1 X1027.528 Y195.948
G1 X1025.7559999999999 Y192.385
G1 X1024.0 Y188.1
G1 X1022.478 Y183.681
G1 X1021.406 Y179.719
G1 X1021.0 Y176.8
G1 X1021.0 Y176.8
G1 X1019.692 Y175.582
G1 X1016.392 Y174.067
G1 X1012.036 Y172.581
G1 X1007.56 Y171.45
G1 X1003.9 Y171.0
G1 X1003.9 Y171.0
G1 X1000.355 Y170.663
G1 X995.712 Y169.875
G1 X991.764 Y168.975
G1 X990.3 Y168.3
G1 X990.3 Y168.3
G1 X991.738 Y168.133
G1 X994.883 Y168.345
G1 X999.14 Y168.851
G1 X1003.915 Y169.565
G1 X1008.613 Y170.402
G1 X1012.64 Y171.276
G1 X1015.4 Y172.1
G1 X1015.4 Y172.1
G1 X1020.9 Y173.3
G1 X1020.9 Y173.3
G1 X1020.3 Y172.3
G1 X1020.3 Y172.3
G1 X1019.0 Y170.8
G1 X1019.0 Y170.8
G1 X1020.4 Y170.9
G1 X1020.4 Y170.9
G1 X1023.2 Y169.4
G1 X1023.2 Y169.4
G1 X1026.0 Y166.2
G1 X1026.0 Y166.2
G1 X1026.1 Y167.3
G1 X1026.1 Y167.3
G1 X1025.8 Y170.3
G1 X1025.8 Y170.3
G1 X1027.8 Y175.0
G1 X1027.8 Y175.0
G1 X1028.8 Y178.5
G1 X1028.8 Y178.5
G1 X1029.0 Y174.5
G1 X1029.0 Y174.5
G1 X1029.1 Y168.5
G1 X1029.1 Y168.5
G1 X1030.3 Y164.6
G1 X1030.3 Y164.6
G1 X1032.039 Y163.453
G1 X1035.0810000000001 Y162.668
G1 X1039.059 Y162.23
G1 X1043.6109999999999 Y162.122
G1 X1048.371 Y162.33
G1 X1052.9740000000002 Y162.837
G1 X1057.057 Y163.628
G1 X1060.2530000000002 Y164.688
G1 X1062.2 Y166.0
G1 X1062.2 Y166.0
G1 X1064.2 Y169.2
G1 X1064.2 Y169.2
G1 X1069.6 Y168.3
G1 X1069.6 Y168.3
G1 X1073.73 Y166.673
G1 X1077.125 Y165.722
G1 X1080.155 Y165.406
G1 X1083.19 Y165.679
G1 X1086.6 Y166.5
G1 X1086.6 Y166.5
G1 X1091.6 Y169.5
G1 X1091.6 Y169.5
G1 X1092.8 Y171.9
G1 X1092.8 Y171.9
G1 X1093.969 Y173.366
G1 X1094.524 Y175.905
G1 X1094.533 Y179.268
G1 X1094.066 Y183.205
G1 X1093.193 Y187.465
G1 X1091.982 Y191.797
G1 X1090.503 Y195.953
G1 X1088.826 Y199.681
G1 X1087.021 Y202.732
G1 X1085.155 Y204.855
G1 X1083.3 Y205.8
G1 X1083.3 Y205.8
G1 X1080.6 Y209.1
G1 X1080.6 Y209.1
G1 X1078.981 Y212.17
G1 X1075.9850000000001 Y213.73
G1 X1072.3 Y213.4
G1 X1072.3 Y213.4
G1 X1069.2 Y211.2
G1 X1069.2 Y211.2
G1 X1071.4 Y211.5
G1 X1071.4 Y211.5
G1 X1074.926 Y212.596
G1 X1077.807 Y211.537
G1 X1079.0 Y208.7
G1 X1079.0 Y208.7
G1 X1077.938 Y205.725
G1 X1072.9 Y207.1
G1 X1072.9 Y207.1
G1 X1067.812 Y208.862
G1 X1067.0 Y208.0
G1 X1067.0 Y208.0
G1 X1068.4 Y207.0
G1 X1068.4 Y207.0
G1 X1069.3 Y204.7
G1 X1069.3 Y204.7
G1 X1070.4 Y200.7
G1 X1070.4 Y200.7
G1 X1071.1 Y198.5
G1 X1071.1 Y198.5
G1 X1069.762 Y196.062
G1 X1067.9 Y191.0
G1 X1067.9 Y191.0
G1 X1065.8 Y185.625
G1 X1064.0 Y184.0
G1 X1064.0 Y184.0
G1 X1060.1 Y181.6
G1 X1060.1 Y181.6
G1 X1058.9 Y177.1
G1 X1058.9 Y177.1
G1 X1059.5 Y175.0
G1 X1059.5 Y175.0
G1 X1057.326 Y176.722
G1 X1054.574 Y180.778
G1 X1052.4 Y185.5
G1 X1052.4 Y185.5
G1 X1050.562 Y190.411
G1 X1048.725 Y194.338
G1 X1047.0 Y197.045
G1 X1045.5 Y198.3
G1 X1045.5 Y198.3
G1 X1045.1 Y201.3
G1 X1045.1 Y201.3
G1 X1045.1 Y207.8
G1 X1045.1 Y207.8
G1 X1043.412 Y211.913
G1 X1039.7 Y213.4
G1 X1039.7 Y213.4
G1 X1034.5 Y211.4
M5; lift marker up
G4 P0.08
G0 X1042.5 Y211.0
M3 S1000;put marker down
G4 P0.2
G1 X1040.6 Y207.9
G1 X1040.6 Y207.9
G1 X1038.512 Y205.362
G1 X1038.0 Y201.4
G1 X1038.0 Y201.4
G1 X1040.3 Y197.1
G1 X1040.3 Y197.1
G1 X1043.403 Y197.086
G1 X1045.7 Y195.788
G1 X1047.6970000000001 Y192.67
G1 X1049.9 Y187.2
G1 X1049.9 Y187.2
G1 X1052.374 Y179.993
G1 X1052.759 Y177.341
G1 X1051.3 Y177.4
G1 X1051.3 Y177.4
G1 X1048.9 Y176.8
G1 X1048.9 Y176.8
G1 X1047.7 Y176.913
G1 X1046.2 Y184.0
G1 X1046.2 Y184.0
G1 X1045.2 Y186.0
G1 X1045.2 Y186.0
G1 X1045.325 Y182.425
G1 X1045.9 Y178.7
G1 X1045.9 Y178.7
G1 X1044.7 Y173.5
G1 X1044.7 Y173.5
G1 X1041.512 Y172.388
G1 X1036.9 Y171.5
G1 X1036.9 Y171.5
G1 X1031.3 Y170.8
G1 X1031.3 Y170.8
G1 X1030.6 Y177.2
G1 X1030.6 Y177.2
G1 X1029.925 Y182.525
G1 X1029.1 Y186.5
G1 X1029.1 Y186.5
G1 X1028.0 Y185.0
G1 X1028.0 Y185.0
G1 X1027.241 Y178.931
G1 X1025.75 Y174.325
G1 X1024.034 Y172.231
G1 X1022.6 Y173.7
G1 X1022.6 Y173.7
G1 X1022.635 Y175.804
G1 X1023.311 Y179.367
G1 X1024.438 Y183.712
G1 X1025.8220000000001 Y188.167
G1 X1027.274 Y192.054
G1 X1028.6 Y194.7
G1 X1028.6 Y194.7
G1 X1030.4 Y197.5
G1 X1030.4 Y197.5
G1 X1031.0 Y194.5
G1 X1031.0 Y194.5
G1 X1032.15 Y191.95
G1 X1036.3 Y191.5
G1 X1036.3 Y191.5
G1 X1041.0 Y193.1
G1 X1041.0 Y193.1
G1 X1038.0 Y194.5
G1 X1038.0 Y194.5
G1 X1034.3 Y193.0
G1 X1034.3 Y193.0
G1 X1032.3 Y196.3
G1 X1032.3 Y196.3
G1 X1033.0 Y200.025
G1 X1033.7 Y204.5
G1 X1033.7 Y204.5
G1 X1035.3 Y210.8
G1 X1035.3 Y210.8
G1 X1038.938 Y211.988
G1 X1042.5 Y211.0
M5; lift marker up
G4 P0.08
G0 X1044.0 Y204.1
M3 S1000;put marker down
G4 P0.2
G1 X1042.938 Y200.462
G1 X1040.3 Y199.0
G1 X1040.3 Y199.0
G1 X1039.062 Y201.388
G1 X1040.6 Y205.8
G1 X1040.6 Y205.8
G1 X1044.0 Y204.1
M5; lift marker up
G4 P0.08
G0 X1056.8 Y201.3
M3 S1000;put marker down
G4 P0.2
G1 X1061.3 Y201.3
G1 X1061.3 Y201.3
G1 X1059.0 Y201.7
G1 X1059.0 Y201.7
G1 X1056.8 Y201.3
M5; lift marker up
G4 P0.08
G0 X1065.4 Y179.8
M3 S1000;put marker down
G4 P0.2
G1 X1069.7 Y179.0
G1 X1069.7 Y179.0
G1 X1074.4 Y176.1
G1 X1074.4 Y176.1
G1 X1076.4450000000002 Y173.212
G1 X1078.988 Y171.3
G1 X1082.036 Y170.362
G1 X1085.6 Y170.4
G1 X1085.6 Y170.4
G1 X1089.912 Y170.025
G1 X1087.4 Y168.0
G1 X1087.4 Y168.0
G1 X1084.29 Y167.269
G1 X1080.739 Y167.188
G1 X1076.931 Y167.706
G1 X1073.049 Y168.776
G1 X1069.278 Y170.347
G1 X1065.8 Y172.371
G1 X1062.8 Y174.8
G1 X1062.8 Y174.8
G1 X1060.15 Y178.425
G1 X1061.7 Y181.6
G1 X1061.7 Y181.6
G1 X1063.9 Y181.9
G1 X1063.9 Y181.9
G1 X1065.4 Y179.8
M5; lift marker up
G4 P0.08
G0 X1060.3 Y172.2
M3 S1000;put marker down
G4 P0.2
G1 X1061.912 Y168.7
G1 X1058.8 Y166.1
G1 X1058.8 Y166.1
G1 X1055.9850000000001 Y165.422
G1 X1051.748 Y164.678
G1 X1047.0 Y164.0
G1 X1047.0 Y164.0
G1 X1041.422 Y163.491
G1 X1036.867 Y163.626
G1 X1033.421 Y164.374
G1 X1031.17 Y165.709
G1 X1030.2 Y167.6
G1 X1030.2 Y167.6
G1 X1031.0 Y169.5
G1 X1036.9 Y170.2
G1 X1036.9 Y170.2
G1 X1042.512 Y170.85
G1 X1045.5 Y172.1
G1 X1045.5 Y172.1
G1 X1048.3609999999999 Y173.297
G1 X1052.788 Y173.725
G1 X1057.27 Y173.366
G1 X1060.3 Y172.2
M5; lift marker up
G4 P0.08
G0 X1053.3 Y175.3
M3 S1000;put marker down
G4 P0.2
G1 X1050.8 Y175.3
G1 X1050.8 Y175.3
G1 X1052.0 Y175.8
G1 X1052.0 Y175.8
G1 X1053.3 Y175.3
M5; lift marker up
G4 P0.08
G0 X1075.0 Y180.5
M3 S1000;put marker down
G4 P0.2
G1 X1074.0 Y179.0
G1 X1074.0 Y179.0
G1 X1073.0 Y180.5
G1 X1073.0 Y180.5
G1 X1074.0 Y182.0
G1 X1074.0 Y182.0
G1 X1075.0 Y180.5
M5; lift marker up
G4 P0.08
G0 X1082.5 Y150.3
M3 S1000;put marker down
G4 P0.2
G1 X1075.56 Y148.812
G1 X1070.2440000000001 Y147.626
G1 X1066.412 Y146.712
G1 X1063.922 Y146.041
G1 X1062.632 Y145.58
G1 X1062.4 Y145.3
G1 X1062.4 Y145.3
G1 X1063.9279999999999 Y145.272
G1 X1067.385 Y145.764
G1 X1071.983 Y146.609
G1 X1076.932 Y147.642
G1 X1081.444 Y148.695
G1 X1084.729 Y149.603
G1 X1086.0 Y150.2
G1 X1086.0 Y150.2
G1 X1082.5 Y150.3
M5; lift marker up
G4 P0.08
G0 X1082.0 Y135.1
M3 S1000;put marker down
G4 P0.2
G1 X1080.838 Y131.925
G1 X1076.9 Y131.0
G1 X1076.9 Y131.0
G1 X1073.212 Y131.788
G1 X1075.3 Y134.3
G1 X1075.3 Y134.3
G1 X1079.55 Y135.9
G1 X1082.0 Y135.1
M5; lift marker up
G4 P0.08
G0 X1074.2 Y135.0
M3 S1000;put marker down
G4 P0.2
G1 X1071.412 Y131.912
G1 X1074.4 Y129.5
G1 X1074.4 Y129.5
G1 X1078.133 Y129.344
G1 X1081.267 Y131.122
G1 X1082.8 Y134.3
G1 X1082.8 Y134.3
G1 X1080.3 Y137.0
G1 X1080.3 Y137.0
G1 X1074.2 Y135.0
M5; lift marker up
G4 P0.08
G0 X1081.1 Y114.69999999999999
M3 S1000;put marker down
G4 P0.2
G1 X1078.838 Y112.35
G1 X1082.8 Y111.2
G1 X1082.8 Y111.2
G1 X1087.0 Y111.9
G1 X1087.0 Y111.9
G1 X1083.3 Y112.4
G1 X1083.3 Y112.4
G1 X1081.0 Y112.9
G1 X1081.0 Y112.9
G1 X1084.8 Y114.0
G1 X1084.8 Y114.0
G1 X1086.5 Y115.0
G1 X1086.5 Y115.0
G1 X1081.1 Y114.69999999999999
M5; lift marker up
G4 P0.08
G0 X1094.0 Y114.30000000000001
M3 S1000;put marker down
G4 P0.2
G1 X1096.9 Y113.4
G1 X1096.9 Y113.4
G1 X1097.2 Y111.8
G1 X1097.2 Y111.8
G1 X1094.4 Y112.1
G1 X1094.4 Y112.1
G1 X1093.2 Y112.0
G1 X1093.2 Y112.0
G1 X1098.6 Y111.1
G1 X1098.6 Y111.1
G1 X1098.912 Y113.637
G1 X1095.1 Y114.9
G1 X1095.1 Y114.9
G1 X1094.0 Y114.30000000000001
M5; lift marker up
G4 P0.08
G0 X1103.0 Y97.2
M3 S1000;put marker down
G4 P0.2
G1 X1104.3 Y95.7
G1 X1104.3 Y95.7
G1 X1103.7 Y95.1
G1 X1103.7 Y95.1
G1 X1099.7 Y96.1
G1 X1099.7 Y96.1
G1 X1099.8 Y95.1
G1 X1099.8 Y95.1
G1 X1104.3 Y93.9
G1 X1104.3 Y93.9
G1 X1104.8 Y97.8
G1 X1104.8 Y97.8
G1 X1103.0 Y97.2
M5; lift marker up
G4 P0.08
G0 X1084.3 Y89.0
M3 S1000;put marker down
G4 P0.2
G1 X1082.0 Y87.0
G1 X1082.0 Y87.0
G1 X1086.1 Y87.5
G1 X1086.1 Y87.5
G1 X1089.9 Y86.9
G1 X1089.9 Y86.9
G1 X1091.3 Y86.3
G1 X1091.3 Y86.3
G1 X1090.0 Y89.0
G1 X1090.0 Y89.0
G1 X1084.3 Y89.0
M5; lift marker up
G4 P0.08
G0 X1059.8 Y85.3
M3 S1000;put marker down
G4 P0.2
G1 X1064.3 Y85.3
G1 X1064.3 Y85.3
G1 X1062.0 Y85.7
G1 X1062.0 Y85.7
G1 X1059.8 Y85.3
M5; lift marker up
G4 P0.08
G0 X1056.2 Y103.8
M3 S1000;put marker down
G4 P0.2
G1 X1054.967 Y100.793
G1 X1056.467 Y98.141
G1 X1060.1 Y97.0
G1 X1060.1 Y97.0
G1 X1063.5 Y99.8
G1 X1063.5 Y99.8
G1 X1062.3 Y99.3
G1 X1062.3 Y99.3
G1 X1056.9 Y99.6
G1 X1056.9 Y99.6
G1 X1057.9 Y103.1
G1 X1057.9 Y103.1
G1 X1058.8 Y105.0
G1 X1058.8 Y105.0
G1 X1056.2 Y103.8
M5; lift marker up
G4 P0.08
G0 X1045.1 Y116.30000000000001
M3 S1000;put marker down
G4 P0.2
G1 X1042.9 Y114.5
G1 X1042.9 Y114.5
G1 X1046.5 Y114.4
G1 X1046.5 Y114.4
G1 X1049.8 Y115.80000000000001
G1 X1049.8 Y115.80000000000001
G1 X1045.1 Y116.30000000000001
M5; lift marker up
G4 P0.08
G0 X1047.3 Y136.0
M3 S1000;put marker down
G4 P0.2
G1 X1048.8519999999999 Y133.433
G1 X1046.981 Y131.467
G1 X1043.0 Y131.5
G1 X1043.0 Y131.5
G1 X1042.3 Y135.3
G1 X1042.3 Y135.3
G1 X1042.2 Y135.9
G1 X1042.2 Y135.9
G1 X1041.0 Y131.5
G1 X1041.0 Y131.5
G1 X1044.638 Y130.075
G1 X1048.8 Y130.9
G1 X1048.8 Y130.9
G1 X1049.8 Y134.15
G1 X1047.5 Y136.8
G1 X1047.5 Y136.8
G1 X1047.3 Y136.0
M5; lift marker up
G4 P0.08
G0 X1023.7 Y142.3
M3 S1000;put marker down
G4 P0.2
G1 X1023.2 Y141.4
G1 X1023.2 Y141.4
G1 X1022.0 Y141.1
G1 X1022.0 Y141.1
G1 X1024.0 Y140.0
G1 X1024.0 Y140.0
G1 X1026.0 Y142.0
G1 X1026.0 Y142.0
G1 X1024.5 Y144.0
G1 X1024.5 Y144.0
G1 X1023.7 Y142.3
M5; lift marker up
G4 P0.08
G0 X1003.8 Y146.9
M3 S1000;put marker down
G4 P0.2
G1 X1002.0 Y144.5
G1 X1002.0 Y144.5
G1 X1004.7 Y144.9
G1 X1004.7 Y144.9
G1 X1008.2 Y147.3
G1 X1008.2 Y147.3
G1 X1008.0 Y147.8
G1 X1008.0 Y147.8
G1 X1003.8 Y146.9
M5; lift marker up
G4 P0.08
G0 X1008.7 Y159.9
M3 S1000;put marker down
G4 P0.2
G1 X1010.5 Y159.2
G1 X1010.5 Y159.2
G1 X1009.3 Y160.4
G1 X1009.3 Y160.4
G1 X1008.7 Y159.9
M5; lift marker up
G4 P0.08
G0 X1019.0 Y167.0
M3 S1000;put marker down
G4 P0.2
G1 X1023.5 Y165.2
G1 X1023.5 Y165.2
G1 X1021.4 Y166.7
G1 X1021.4 Y166.7
G1 X1019.0 Y167.0
M5; lift marker up
G4 P0.08
G0 X998.4 Y184.6
M3 S1000;put marker down
G4 P0.2
G1 X997.3 Y182.4
G1 X997.3 Y182.4
G1 X998.0 Y182.8
G1 X998.0 Y182.8
G1 X1000.6 Y184.0
G1 X1000.6 Y184.0
G1 X1002.5 Y182.3
G1 X1002.5 Y182.3
G1 X1003.1 Y181.7
G1 X1003.1 Y181.7
G1 X1003.0 Y184.5
G1 X1003.0 Y184.5
G1 X998.4 Y184.6
M5; lift marker up
G4 P0.08
G0 X989.5 Y171.9
M3 S1000;put marker down
G4 P0.2
G1 X989.3 Y170.4
G1 X989.3 Y170.4
G1 X990.3 Y171.5
G1 X990.3 Y171.5
G1 X989.5 Y171.9
M5; lift marker up
G4 P0.08
G0 X985.5 Y167.1
M3 S1000;put marker down
G4 P0.2
G1 X985.789 Y165.781
G1 X989.211 Y164.819
G1 X996.9 Y163.9
G1 X996.9 Y163.9
G1 X1001.1 Y163.427
G1 X1005.15 Y162.812
G1 X1008.6 Y162.142
G1 X1011.0 Y161.5
G1 X1011.0 Y161.5
G1 X1015.338 Y160.45
G1 X1019.9 Y160.0
G1 X1019.9 Y160.0
G1 X1022.843 Y159.899
G1 X1026.129 Y159.605
G1 X1029.671 Y159.134
G1 X1033.386 Y158.503
G1 X1037.1860000000001 Y157.726
G1 X1040.9859999999999 Y156.82
G1 X1044.7 Y155.8
G1 X1044.7 Y155.8
G1 X1051.9 Y153.7
G1 X1051.9 Y153.7
G1 X1056.9 Y155.9
G1 X1056.9 Y155.9
G1 X1061.125 Y157.362
G1 X1064.3 Y158.0
G1 X1064.3 Y158.0
G1 X1067.7 Y158.6
G1 X1072.6 Y160.1
G1 X1072.6 Y160.1
G1 X1076.1 Y161.23
G1 X1079.667 Y162.27
G1 X1082.5 Y163.0
G1 X1082.5 Y163.0
G1 X1086.5 Y163.8
G1 X1086.5 Y163.8
G1 X1082.9 Y163.9
G1 X1082.9 Y163.9
G1 X1078.775 Y163.45
G1 X1073.9 Y162.1
G1 X1073.9 Y162.1
G1 X1070.4850000000001 Y161.07
G1 X1066.915 Y160.13
G1 X1063.9 Y159.5
G1 X1063.9 Y159.5
G1 X1059.7 Y158.55
G1 X1055.8 Y157.3
G1 X1055.8 Y157.3
G1 X1052.9 Y156.459
G1 X1049.467 Y156.641
G1 X1043.5 Y158.0
G1 X1043.5 Y158.0
G1 X1040.816 Y158.627
G1 X1037.5929999999998 Y159.285
G1 X1034.025 Y159.938
G1 X1030.307 Y160.548
G1 X1026.634 Y161.081
G1 X1023.2 Y161.5
G1 X1023.2 Y161.5
G1 X1019.242 Y162.033
G1 X1015.245 Y162.642
G1 X1011.507 Y163.286
G1 X1008.326 Y163.919
G1 X1006.0 Y164.5
G1 X1006.0 Y164.5
G1 X1002.293 Y165.244
G1 X997.807 Y165.789
G1 X993.5 Y166.0
G1 X993.5 Y166.0
G1 X988.0 Y167.0
G1 X988.0 Y167.0
G1 X987.8 Y168.0
G1 X987.8 Y168.0
G1 X985.5 Y167.1
M5; lift marker up
G4 P0.08
G0 X979.1 Y173.6
M3 S1000;put marker down
G4 P0.2
G1 X982.4 Y170.6
G1 X982.4 Y170.6
G1 X982.8 Y173.8
G1 X982.8 Y173.8
G1 X979.1 Y173.6
M5; lift marker up
G4 P0.08
G0 X970.9 Y177.8
M3 S1000;put marker down
G4 P0.2
G1 X971.6 Y174.0
G1 X971.6 Y174.0
G1 X973.0 Y176.0
G1 X973.0 Y176.0
G1 X972.0 Y178.0
G1 X972.0 Y178.0
G1 X970.9 Y177.8
M5; lift marker up
G4 P0.08
G0 X955.6 Y170.5
M3 S1000;put marker down
G4 P0.2
G1 X956.5 Y169.0
G1 X956.5 Y169.0
G1 X958.0 Y170.5
G1 X958.0 Y170.5
G1 X957.1 Y172.0
G1 X957.1 Y172.0
G1 X955.6 Y170.5
M5; lift marker up
G4 P0.08
G0 X941.0 Y163.1
M3 S1000;put marker down
G4 P0.2
G1 X944.4 Y161.7
G1 X944.4 Y161.7
G1 X944.4 Y163.1
G1 X944.4 Y163.1
G1 X941.0 Y163.1
M5; lift marker up
G4 P0.08
G0 X934.2 Y169.1
M3 S1000;put marker down
G4 P0.2
G1 X934.5 Y167.6
G1 X934.5 Y167.6
G1 X937.0 Y168.5
G1 X937.0 Y168.5
G1 X934.2 Y169.1
M5; lift marker up
G4 P0.08
G0 X930.5 Y149.1
M3 S1000;put marker down
G4 P0.2
G1 X934.4 Y148.1
G1 X934.4 Y148.1
G1 X937.5 Y146.3
G1 X937.5 Y146.3
G1 X940.4 Y145.3
G1 X940.4 Y145.3
G1 X941.0 Y148.0
G1 X941.0 Y148.0
G1 X940.0 Y146.8
G1 X940.0 Y146.8
G1 X938.3 Y147.3
G1 X938.3 Y147.3
G1 X932.5 Y149.4
G1 X932.5 Y149.4
G1 X930.5 Y149.1
M5; lift marker up
G4 P0.08
G0 X949.3 Y150.8
M3 S1000;put marker down
G4 P0.2
G1 X948.8 Y148.6
G1 X948.8 Y148.6
G1 X947.4 Y148.1
G1 X947.4 Y148.1
G1 X952.9 Y148.3
G1 X952.9 Y148.3
G1 X952.8 Y150.812
G1 X949.1 Y151.9
G1 X949.1 Y151.9
G1 X946.5 Y151.8
G1 X946.5 Y151.8
G1 X949.3 Y150.8
M5; lift marker up
G4 P0.08
G0 X968.4 Y152.0
M3 S1000;put marker down
G4 P0.2
G1 X969.8 Y150.0
G1 X969.8 Y150.0
G1 X970.8 Y151.7
G1 X970.8 Y151.7
G1 X968.4 Y152.0
M5; lift marker up
G4 P0.08
G0 X984.0 Y145.1
M3 S1000;put marker down
G4 P0.2
G1 X987.0 Y144.0
G1 X987.0 Y144.0
G1 X990.0 Y143.0
G1 X990.0 Y143.0
G1 X991.0 Y142.0
G1 X991.0 Y142.0
G1 X992.0 Y142.9
G1 X992.0 Y142.9
G1 X990.925 Y144.025
G1 X985.8 Y145.6
G1 X985.8 Y145.6
G1 X984.0 Y145.1
M5; lift marker up
G4 P0.08
G0 X993.5 Y127.0
M3 S1000;put marker down
G4 P0.2
G1 X994.8 Y126.1
G1 X994.8 Y126.1
G1 X998.0 Y127.0
G1 X998.0 Y127.0
G1 X993.5 Y127.0
M5; lift marker up
G4 P0.08
G0 X989.0 Y119.5
M3 S1000;put marker down
G4 P0.2
G1 X988.8 Y118.0
G1 X988.8 Y118.0
G1 X990.7 Y120.6
G1 X990.7 Y120.6
G1 X989.0 Y119.5
M5; lift marker up
G4 P0.08
G0 X984.2 Y119.4
M3 S1000;put marker down
G4 P0.2
G1 X986.4 Y118.1
G1 X986.4 Y118.1
G1 X984.7 Y119.9
G1 X984.7 Y119.9
G1 X984.2 Y119.4
M5; lift marker up
G4 P0.08
G0 X979.2 Y123.1
M3 S1000;put marker down
G4 P0.2
G1 X979.2 Y121.80000000000001
G1 X979.2 Y121.80000000000001
G1 X981.8 Y122.6
G1 X981.8 Y122.6
G1 X981.8 Y124.0
G1 X981.8 Y124.0
G1 X979.2 Y123.1
M5; lift marker up
G4 P0.08
G0 X974.0 Y127.0
M3 S1000;put marker down
G4 P0.2
G1 X975.0 Y126.0
G1 X975.0 Y126.0
G1 X976.0 Y127.0
G1 X976.0 Y127.0
G1 X975.0 Y128.0
G1 X975.0 Y128.0
G1 X974.0 Y127.0
M5; lift marker up
G4 P0.08
G0 X971.0 Y125.9
M3 S1000;put marker down
G4 P0.2
G1 X972.0 Y125.5
G1 X972.0 Y125.5
G1 X973.0 Y126.6
G1 X973.0 Y126.6
G1 X972.0 Y127.0
G1 X972.0 Y127.0
G1 X971.0 Y125.9
M5; lift marker up
G4 P0.08
G0 X976.0 Y103.6
M3 S1000;put marker down
G4 P0.2
G1 X976.9 Y101.6
G1 X976.9 Y101.6
G1 X977.3 Y103.0
G1 X977.3 Y103.0
G1 X976.0 Y103.6
M5; lift marker up
G4 P0.08
G0 X982.2 Y102.0
M3 S1000;put marker down
G4 P0.2
G1 X984.4 Y100.0
G1 X984.4 Y100.0
G1 X983.5 Y102.0
G1 X983.5 Y102.0
G1 X981.3 Y104.0
G1 X981.3 Y104.0
G1 X982.2 Y102.0
M5; lift marker up
G4 P0.08
G0 X984.0 Y95.6
M3 S1000;put marker down
G4 P0.2
G1 X988.6 Y93.0
G1 X988.6 Y93.0
G1 X990.0 Y94.0
G1 X990.0 Y94.0
G1 X988.5 Y94.4
G1 X988.5 Y94.4
G1 X986.4 Y95.4
G1 X986.4 Y95.4
G1 X984.0 Y95.6
M5; lift marker up
G4 P0.08
G0 X989.0 Y87.0
M3 S1000;put marker down
G4 P0.2
G1 X987.5 Y85.1
G1 X987.5 Y85.1
G1 X991.9 Y88.4
G1 X991.9 Y88.4
G1 X989.0 Y87.0
M5; lift marker up
G4 P0.08
G0 X1006.5 Y94.0
M3 S1000;put marker down
G4 P0.2
G1 X1007.9 Y93.0
G1 X1007.9 Y93.0
G1 X1010.0 Y91.9
G1 X1010.0 Y91.9
G1 X1007.5 Y91.4
G1 X1007.5 Y91.4
G1 X1005.0 Y91.0
G1 X1005.0 Y91.0
G1 X1009.5 Y90.0
G1 X1009.5 Y90.0
G1 X1013.812 Y90.925
G1 X1011.0 Y93.5
G1 X1011.0 Y93.5
G1 X1006.5 Y94.0
M5; lift marker up
G4 P0.08
G0 X1015.0 Y108.4
M3 S1000;put marker down
G4 P0.2
G1 X1018.178 Y107.137
G1 X1022.089 Y107.43
G1 X1024.0 Y109.1
G1 X1024.0 Y109.1
G1 X1022.0 Y108.8
G1 X1022.0 Y108.8
G1 X1016.9 Y108.7
G1 X1016.9 Y108.7
G1 X1015.0 Y108.4
M5; lift marker up
G4 P0.08
G0 X1024.1 Y86.3
M3 S1000;put marker down
G4 P0.2
G1 X1029.6 Y85.9
G1 X1029.6 Y85.9
G1 X1026.0 Y87.2
G1 X1026.0 Y87.2
G1 X1024.1 Y86.3
M5; lift marker up
G4 P0.08
G0 X1038.0 Y95.0
M3 S1000;put marker down
G4 P0.2
G1 X1037.7 Y94.0
G1 X1037.7 Y94.0
G1 X1039.5 Y95.0
G1 X1039.5 Y95.0
G1 X1038.0 Y95.0
M5; lift marker up
G4 P0.08
G0 X1042.4 Y94.0
M3 S1000;put marker down
G4 P0.2
G1 X1043.8 Y92.0
G1 X1043.8 Y92.0
G1 X1044.8 Y93.7
G1 X1044.8 Y93.7
G1 X1042.4 Y94.0
M5; lift marker up
G4 P0.08
G0 X1104.0 Y134.2
M3 S1000;put marker down
G4 P0.2
G1 X1105.2 Y132.8
G1 X1105.2 Y132.8
G1 X1102.5 Y129.0
G1 X1102.5 Y129.0
G1 X1102.3 Y131.0
G1 X1102.3 Y131.0
G1 X1103.0 Y131.9
G1 X1103.0 Y131.9
G1 X1100.0 Y131.0
G1 X1100.0 Y131.0
G1 X1099.662 Y128.925
G1 X1103.6 Y128.2
G1 X1103.6 Y128.2
G1 X1106.5 Y131.4
G1 X1106.5 Y131.4
G1 X1105.3 Y134.8
G1 X1105.3 Y134.8
G1 X1104.0 Y134.2
M5; lift marker up
G4 P0.08
G0 X1116.0 Y147.5
M3 S1000;put marker down
G4 P0.2
G1 X1118.3 Y145.9
G1 X1118.3 Y145.9
G1 X1119.1 Y146.3
G1 X1119.1 Y146.3
G1 X1116.0 Y147.5
M5; lift marker up
G4 P0.08
G0 X1131.6 Y132.3
M3 S1000;put marker down
G4 P0.2
G1 X1131.075 Y129.188
G1 X1132.5 Y126.0
G1 X1132.5 Y126.0
G1 X1136.7 Y125.80000000000001
G1 X1136.7 Y125.80000000000001
G1 X1139.5 Y126.80000000000001
G1 X1139.5 Y126.80000000000001
G1 X1136.2 Y126.9
G1 X1136.2 Y126.9
G1 X1132.462 Y128.462
G1 X1133.0 Y131.0
G1 X1133.0 Y131.0
G1 X1133.2 Y132.3
G1 X1133.2 Y132.3
G1 X1131.6 Y132.3
M5; lift marker up
G4 P0.08
G0 X1139.5 Y129.0
M3 S1000;put marker down
G4 P0.2
G1 X1140.6 Y128.0
G1 X1140.6 Y128.0
G1 X1141.0 Y129.0
G1 X1141.0 Y129.0
G1 X1139.9 Y130.0
G1 X1139.9 Y130.0
G1 X1139.5 Y129.0
M5; lift marker up
G4 P0.08
G0 X1127.8 Y119.4
M3 S1000;put marker down
G4 P0.2
G1 X1130.0 Y116.4
G1 X1130.0 Y116.4
G1 X1127.512 Y115.03800000000001
G1 X1124.2 Y116.6
G1 X1124.2 Y116.6
G1 X1120.9 Y117.80000000000001
G1 X1120.9 Y117.80000000000001
G1 X1120.5 Y116.6
G1 X1120.5 Y116.6
G1 X1124.2 Y114.9
G1 X1124.2 Y114.9
G1 X1128.738 Y114.025
G1 X1131.7 Y115.69999999999999
G1 X1131.7 Y115.69999999999999
G1 X1130.25 Y118.94999999999999
G1 X1126.7 Y121.0
G1 X1126.7 Y121.0
G1 X1127.8 Y119.4
M5; lift marker up
G4 P0.08
G0 X1152.1 Y110.4
M3 S1000;put marker down
G4 P0.2
G1 X1149.262 Y108.525
G1 X1152.8 Y109.2
G1 X1152.8 Y109.2
G1 X1156.1 Y108.1
G1 X1156.1 Y108.1
G1 X1155.8 Y106.6
G1 X1155.8 Y106.6
G1 X1158.6 Y110.5
G1 X1158.6 Y110.5
G1 X1156.738 Y111.875
G1 X1152.1 Y110.4
M5; lift marker up
G4 P0.08
G0 X1149.5 Y95.3
M3 S1000;put marker down
G4 P0.2
G1 X1149.4 Y93.6
G1 X1149.4 Y93.6
G1 X1152.6 Y93.1
G1 X1152.6 Y93.1
G1 X1148.4 Y92.0
G1 X1148.4 Y92.0
G1 X1145.5 Y91.0
G1 X1145.5 Y91.0
G1 X1148.63 Y89.956
G1 X1152.87 Y91.044
G1 X1155.0 Y93.4
G1 X1155.0 Y93.4
G1 X1151.7 Y95.9
G1 X1151.7 Y95.9
G1 X1149.5 Y95.3
M5; lift marker up
G4 P0.08
G0 X1175.4 Y91.9
M3 S1000;put marker down
G4 P0.2
G1 X1175.9 Y89.7
G1 X1175.9 Y89.7
G1 X1176.5 Y90.2
G1 X1176.5 Y90.2
G1 X1177.7 Y92.3
G1 X1177.7 Y92.3
G1 X1177.8 Y92.9
G1 X1177.8 Y92.9
G1 X1175.4 Y91.9
M5; lift marker up
G4 P0.08
G0 X1182.2 Y89.0
M3 S1000;put marker down
G4 P0.2
G1 X1182.0 Y87.0
G1 X1182.0 Y87.0
G1 X1183.7 Y88.5
G1 X1183.7 Y88.5
G1 X1182.2 Y89.0
M5; lift marker up
G4 P0.08
G0 X1190.5 Y105.0
M3 S1000;put marker down
G4 P0.2
G1 X1187.8 Y104.7
G1 X1187.8 Y104.7
G1 X1187.0 Y104.2
G1 X1187.0 Y104.2
G1 X1190.9 Y103.7
G1 X1190.9 Y103.7
G1 X1195.4 Y103.1
G1 X1195.4 Y103.1
G1 X1198.0 Y102.9
G1 X1198.0 Y102.9
G1 X1195.075 Y104.775
G1 X1190.5 Y105.0
M5; lift marker up
G4 P0.08
G0 X1192.0 Y118.5
M3 S1000;put marker down
G4 P0.2
G1 X1194.412 Y115.5
G1 X1198.4 Y114.6
G1 X1198.4 Y114.6
G1 X1197.0 Y116.19999999999999
G1 X1197.0 Y116.19999999999999
G1 X1194.0 Y117.9
G1 X1194.0 Y117.9
G1 X1193.0 Y120.0
G1 X1193.0 Y120.0
G1 X1192.0 Y118.5
M5; lift marker up
G4 P0.08
G0 X1212.5 Y142.9
M3 S1000;put marker down
G4 P0.2
G1 X1214.5 Y141.4
G1 X1214.5 Y141.4
G1 X1215.5 Y143.0
G1 X1215.5 Y143.0
G1 X1212.5 Y142.9
M5; lift marker up
G4 P0.08
G0 X1205.0 Y155.0
M3 S1000;put marker down
G4 P0.2
G1 X1205.4 Y152.5
G1 X1205.4 Y152.5
G1 X1209.4 Y151.1
G1 X1209.4 Y151.1
G1 X1209.2 Y151.7
G1 X1209.2 Y151.7
G1 X1207.5 Y154.1
G1 X1207.5 Y154.1
G1 X1205.0 Y155.0
M5; lift marker up
G4 P0.08
G0 X1200.5 Y167.9
M3 S1000;put marker down
G4 P0.2
G1 X1202.5 Y166.4
G1 X1202.5 Y166.4
G1 X1203.5 Y168.0
G1 X1203.5 Y168.0
G1 X1200.5 Y167.9
M5; lift marker up
G4 P0.08
G0 X1183.6 Y171.1
M3 S1000;put marker down
G4 P0.2
G1 X1184.6 Y169.6
G1 X1184.6 Y169.6
G1 X1186.5 Y170.9
G1 X1186.5 Y170.9
G1 X1183.6 Y171.1
M5; lift marker up
G4 P0.08
G0 X1177.0 Y165.0
M3 S1000;put marker down
G4 P0.2
G1 X1179.0 Y164.0
G1 X1179.0 Y164.0
G1 X1181.0 Y165.0
G1 X1181.0 Y165.0
G1 X1179.0 Y166.0
G1 X1179.0 Y166.0
G1 X1177.0 Y165.0
M5; lift marker up
G4 P0.08
G0 X1186.9 Y153.1
M3 S1000;put marker down
G4 P0.2
G1 X1186.9 Y151.7
G1 X1186.9 Y151.7
G1 X1187.8 Y151.1
G1 X1187.8 Y151.1
G1 X1190.0 Y152.5
G1 X1190.0 Y152.5
G1 X1187.8 Y154.0
G1 X1187.8 Y154.0
G1 X1186.9 Y153.1
M5; lift marker up
G4 P0.08
G0 X1197.1 Y191.6
M3 S1000;put marker down
G4 P0.2
G1 X1202.5 Y191.0
G1 X1202.5 Y191.0
G1 X1199.3 Y192.0
G1 X1199.3 Y192.0
G1 X1197.1 Y191.6
M5; lift marker up
G4 P0.08
G0 X1196.0 Y195.0
M3 S1000;put marker down
G4 P0.2
G1 X1197.0 Y194.0
G1 X1197.0 Y194.0
G1 X1198.0 Y195.0
G1 X1198.0 Y195.0
G1 X1197.0 Y196.0
G1 X1197.0 Y196.0
G1 X1196.0 Y195.0
M5; lift marker up
G4 P0.08
G0 X1206.3 Y190.3
M3 S1000;put marker down
G4 P0.2
G1 X1209.8 Y190.3
G1 X1209.8 Y190.3
G1 X1208.0 Y190.8
G1 X1208.0 Y190.8
G1 X1206.3 Y190.3
M5; lift marker up
G4 P0.08
G0 X1211.8 Y209.3
M3 S1000;put marker down
G4 P0.2
G1 X1213.7 Y209.4
G1 X1213.7 Y209.4
G1 X1212.4 Y209.9
G1 X1212.4 Y209.9
G1 X1211.8 Y209.3
M5; lift marker up
G4 P0.08
G0 X1205.8 Y216.0
M3 S1000;put marker down
G4 P0.2
G1 X1206.2 Y213.541
G1 X1207.067 Y209.526
G1 X1208.2 Y204.8
G1 X1208.2 Y204.8
G1 X1209.593 Y198.256
G1 X1209.541 Y195.378
G1 X1208.0 Y195.5
G1 X1208.0 Y195.5
G1 X1208.0 Y197.5
G1 X1208.0 Y197.5
G1 X1208.341 Y199.081
G1 X1207.459 Y202.085
G1 X1205.2 Y207.2
G1 X1205.2 Y207.2
G1 X1201.3 Y215.5
G1 X1201.3 Y215.5
G1 X1199.4 Y207.3
G1 X1199.4 Y207.3
G1 X1197.812 Y201.425
G1 X1196.6 Y199.0
G1 X1196.6 Y199.0
G1 X1196.301 Y200.558
G1 X1196.318 Y204.405
G1 X1196.586 Y209.303
G1 X1197.035 Y214.014
G1 X1197.6 Y217.3
G1 X1197.6 Y217.3
G1 X1201.8 Y218.7
G1 X1201.8 Y218.7
G1 X1205.8 Y216.0
M5; lift marker up
G4 P0.08
G0 X1209.7 Y227.6
M3 S1000;put marker down
G4 P0.2
G1 X1209.1 Y223.0
G1 X1209.1 Y223.0
G1 X1208.0 Y226.3
G1 X1208.0 Y226.3
G1 X1207.4 Y232.0
G1 X1207.4 Y232.0
G1 X1208.0 Y233.3
G1 X1208.0 Y233.3
G1 X1209.7 Y227.6
M5; lift marker up
G4 P0.08
G0 X1226.7 Y218.7
M3 S1000;put marker down
G4 P0.2
G1 X1225.8 Y214.4
G1 X1225.8 Y214.4
G1 X1225.225 Y210.3
G1 X1226.9 Y206.5
G1 X1226.9 Y206.5
G1 X1228.425 Y202.312
G1 X1225.0 Y204.5
G1 X1225.0 Y204.5
G1 X1222.588 Y207.675
G1 X1221.9 Y211.9
G1 X1221.9 Y211.9
G1 X1220.9 Y214.0
G1 X1220.9 Y214.0
G1 X1220.444 Y211.626
G1 X1220.322 Y207.874
G1 X1220.6 Y203.3
G1 X1220.6 Y203.3
G1 X1220.875 Y196.338
G1 X1219.5 Y195.0
G1 X1219.5 Y195.0
G1 X1218.9 Y196.4
G1 X1218.9 Y196.4
G1 X1219.538 Y198.675
G1 X1218.6 Y203.2
G1 X1218.6 Y203.2
G1 X1217.789 Y206.681
G1 X1217.044 Y210.719
G1 X1216.5 Y214.4
G1 X1216.5 Y214.4
G1 X1215.8 Y220.3
G1 X1215.8 Y220.3
G1 X1221.1 Y219.6
G1 X1221.1 Y219.6
G1 X1226.7 Y218.7
M5; lift marker up
G4 P0.08
G0 X1230.0 Y220.6
M3 S1000;put marker down
G4 P0.2
G1 X1229.0 Y219.5
G1 X1229.0 Y219.5
G1 X1228.0 Y219.9
G1 X1228.0 Y219.9
G1 X1229.0 Y221.0
G1 X1229.0 Y221.0
G1 X1230.0 Y220.6
M5; lift marker up
G4 P0.08
G0 X1246.3 Y213.3
M3 S1000;put marker down
G4 P0.2
G1 X1249.3 Y213.3
G1 X1249.3 Y213.3
G1 X1247.5 Y213.8
G1 X1247.5 Y213.8
G1 X1246.3 Y213.3
M5; lift marker up
G4 P0.08
G0 X1245.8 Y207.3
M3 S1000;put marker down
G4 P0.2
G1 X1248.3 Y207.3
G1 X1248.3 Y207.3
G1 X1247.0 Y207.8
G1 X1247.0 Y207.8
G1 X1245.8 Y207.3
M5; lift marker up
G4 P0.08
G0 X1255.8 Y213.3
M3 S1000;put marker down
G4 P0.2
G1 X1258.3 Y213.3
G1 X1258.3 Y213.3
G1 X1257.0 Y213.8
G1 X1257.0 Y213.8
G1 X1255.8 Y213.3
M5; lift marker up
G4 P0.08
G0 X1261.5 Y213.0
M3 S1000;put marker down
G4 P0.2
G1 X1264.0 Y213.0
G1 X1264.0 Y213.0
G1 X1261.0 Y213.9
G1 X1261.0 Y213.9
G1 X1261.5 Y213.0
M5; lift marker up
G4 P0.08
G0 X1261.3 Y206.3
M3 S1000;put marker down
G4 P0.2
G1 X1264.3 Y206.3
G1 X1264.3 Y206.3
G1 X1262.5 Y206.8
G1 X1262.5 Y206.8
G1 X1261.3 Y206.3
M5; lift marker up
G4 P0.08
G0 X1265.0 Y189.5
M3 S1000;put marker down
G4 P0.2
G1 X1260.8 Y187.6
G1 X1260.8 Y187.6
G1 X1256.6 Y190.4
G1 X1256.6 Y190.4
G1 X1261.1 Y192.0
G1 X1261.1 Y192.0
G1 X1265.0 Y189.5
M5; lift marker up
G4 P0.08
G0 X1270.0 Y189.0
M3 S1000;put marker down
G4 P0.2
G1 X1267.6 Y186.6
G1 X1267.6 Y186.6
G1 X1266.7 Y191.3
G1 X1266.7 Y191.3
G1 X1270.0 Y189.0
M5; lift marker up
G4 P0.08
G0 X1277.3 Y189.3
M3 S1000;put marker down
G4 P0.2
G1 X1280.3 Y189.3
G1 X1280.3 Y189.3
G1 X1278.5 Y189.8
G1 X1278.5 Y189.8
G1 X1277.3 Y189.3
M5; lift marker up
G4 P0.08
G0 X1288.8 Y188.3
M3 S1000;put marker down
G4 P0.2
G1 X1291.3 Y188.3
G1 X1291.3 Y188.3
G1 X1290.0 Y188.8
G1 X1290.0 Y188.8
G1 X1288.8 Y188.3
M5; lift marker up
G4 P0.08
G0 X1294.7 Y188.3
M3 S1000;put marker down
G4 P0.2
G1 X1294.0 Y184.4
G1 X1294.0 Y184.4
G1 X1294.433 Y181.707
G1 X1296.933 Y180.393
G1 X1303.3 Y179.5
G1 X1303.3 Y179.5
G1 X1309.0 Y178.9
G1 X1309.0 Y178.9
G1 X1309.0 Y183.0
G1 X1309.0 Y183.0
G1 X1307.8 Y187.4
G1 X1307.8 Y187.4
G1 X1303.293 Y188.167
G1 X1297.741 Y188.533
G1 X1294.7 Y188.3
M5; lift marker up
G4 P0.08
G0 X1302.8 Y184.3
M3 S1000;put marker down
G4 P0.2
G1 X1299.7 Y182.0
G1 X1299.7 Y182.0
G1 X1295.7 Y185.1
G1 X1295.7 Y185.1
G1 X1299.4 Y186.988
G1 X1302.8 Y184.3
M5; lift marker up
G4 P0.08
G0 X1307.0 Y183.4
M3 S1000;put marker down
G4 P0.2
G1 X1306.0 Y181.5
G1 X1306.0 Y181.5
G1 X1305.0 Y184.1
G1 X1305.0 Y184.1
G1 X1306.0 Y186.0
G1 X1306.0 Y186.0
G1 X1307.0 Y183.4
M5; lift marker up
G4 P0.08
G0 X1303.5 Y203.0
M3 S1000;put marker down
G4 P0.2
G1 X1305.107 Y202.496
G1 X1309.159 Y202.37
G1 X1315.7 Y202.6
G1 X1315.7 Y202.6
G1 X1327.3 Y203.3
G1 X1327.3 Y203.3
G1 X1324.4 Y198.4
G1 X1324.4 Y198.4
G1 X1320.989 Y192.672
G1 X1318.188 Y188.5
G1 X1316.117 Y186.053
G1 X1314.9 Y185.5
G1 X1314.9 Y185.5
G1 X1312.838 Y188.1
G1 X1309.2 Y193.4
G1 X1309.2 Y193.4
G1 X1305.488 Y198.413
G1 X1303.2 Y200.2
G1 X1303.2 Y200.2
G1 X1303.6 Y196.8
G1 X1303.6 Y196.8
G1 X1304.6 Y193.3
G1 X1304.6 Y193.3
G1 X1302.35 Y193.262
G1 X1297.7 Y193.9
G1 X1297.7 Y193.9
G1 X1292.262 Y194.675
G1 X1288.1 Y195.0
G1 X1288.1 Y195.0
G1 X1284.0 Y197.6
G1 X1284.0 Y197.6
G1 X1283.225 Y201.938
G1 X1286.8 Y203.2
G1 X1286.8 Y203.2
G1 X1292.434 Y203.582
G1 X1296.955 Y203.763
G1 X1300.329 Y203.733
G1 X1302.522 Y203.482
G1 X1303.5 Y203.0
M5; lift marker up
G4 P0.08
G0 X1301.0 Y211.0
M3 S1000;put marker down
G4 P0.2
G1 X1302.1 Y210.0
G1 X1302.1 Y210.0
G1 X1302.5 Y211.0
G1 X1302.5 Y211.0
G1 X1301.4 Y212.0
G1 X1301.4 Y212.0
G1 X1301.0 Y211.0
M5; lift marker up
G4 P0.08
G0 X1307.8 Y211.3
M3 S1000;put marker down
G4 P0.2
G1 X1312.3 Y211.3
G1 X1312.3 Y211.3
G1 X1310.0 Y211.7
G1 X1310.0 Y211.7
G1 X1307.8 Y211.3
M5; lift marker up
G4 P0.08
G0 X1312.3 Y204.3
M3 S1000;put marker down
G4 P0.2
G1 X1307.8 Y204.3
G1 X1307.8 Y204.3
G1 X1310.0 Y204.7
G1 X1310.0 Y204.7
G1 X1312.3 Y204.3
M5; lift marker up
G4 P0.08
G0 X1325.0 Y213.0
M3 S1000;put marker down
G4 P0.2
G1 X1326.1 Y212.0
G1 X1326.1 Y212.0
G1 X1326.5 Y213.0
G1 X1326.5 Y213.0
G1 X1325.4 Y214.0
G1 X1325.4 Y214.0
G1 X1325.0 Y213.0
M5; lift marker up
G4 P0.08
G0 X1328.5 Y206.0
M3 S1000;put marker down
G4 P0.2
G1 X1325.2 Y205.1
G1 X1325.2 Y205.1
G1 X1324.5 Y206.0
G1 X1324.5 Y206.0
G1 X1328.5 Y206.0
M5; lift marker up
G4 P0.08
G0 X1332.6 Y196.0
M3 S1000;put marker down
G4 P0.2
G1 X1334.0 Y193.4
G1 X1334.0 Y193.4
G1 X1331.8 Y191.4
G1 X1331.8 Y191.4
G1 X1328.3 Y192.0
G1 X1328.3 Y192.0
G1 X1327.7 Y196.4
G1 X1327.7 Y196.4
G1 X1329.8 Y196.5
G1 X1329.8 Y196.5
G1 X1332.6 Y196.0
M5; lift marker up
G4 P0.08
G0 X1340.1 Y195.0
M3 S1000;put marker down
G4 P0.2
G1 X1341.0 Y193.0
G1 X1341.0 Y193.0
G1 X1338.6 Y191.0
G1 X1338.6 Y191.0
G1 X1335.4 Y194.7
G1 X1335.4 Y194.7
G1 X1337.6 Y195.6
G1 X1337.6 Y195.6
G1 X1340.1 Y195.0
M5; lift marker up
G4 P0.08
G0 X1340.3 Y183.3
M3 S1000;put marker down
G4 P0.2
G1 X1343.3 Y183.3
G1 X1343.3 Y183.3
G1 X1341.5 Y183.8
G1 X1341.5 Y183.8
G1 X1340.3 Y183.3
M5; lift marker up
G4 P0.08
G0 X1346.3 Y182.3
M3 S1000;put marker down
G4 P0.2
G1 X1349.3 Y182.3
G1 X1349.3 Y182.3
G1 X1347.5 Y182.8
G1 X1347.5 Y182.8
G1 X1346.3 Y182.3
M5; lift marker up
G4 P0.08
G0 X1349.5 Y203.9
M3 S1000;put marker down
G4 P0.2
G1 X1349.7 Y200.4
G1 X1349.7 Y200.4
G1 X1348.05 Y200.306
G1 X1344.296 Y200.544
G1 X1339.488 Y201.0
G1 X1334.67 Y201.556
G1 X1330.892 Y202.094
G1 X1329.2 Y202.5
G1 X1329.2 Y202.5
G1 X1330.0 Y204.9
G1 X1330.0 Y204.9
G1 X1331.259 Y206.289
G1 X1334.074 Y206.878
G1 X1340.0 Y207.0
G1 X1340.0 Y207.0
G1 X1348.8 Y207.0
G1 X1348.8 Y207.0
G1 X1349.5 Y203.9
M5; lift marker up
G4 P0.08
G0 X1353.0 Y204.3
M3 S1000;put marker down
G4 P0.2
G1 X1352.488 Y201.3
G1 X1351.0 Y204.9
G1 X1351.0 Y204.9
G1 X1351.6 Y208.0
G1 X1351.6 Y208.0
G1 X1353.0 Y204.3
M5; lift marker up
G4 P0.08
G0 X1340.5 Y214.0
M3 S1000;put marker down
G4 P0.2
G1 X1342.1 Y213.0
G1 X1342.1 Y213.0
G1 X1342.5 Y214.0
G1 X1342.5 Y214.0
G1 X1340.9 Y215.0
G1 X1340.9 Y215.0
G1 X1340.5 Y214.0
M5; lift marker up
G4 P0.08
G0 X1323.0 Y232.5
M3 S1000;put marker down
G4 P0.2
G1 X1325.4 Y226.9
G1 X1325.4 Y226.9
G1 X1330.725 Y227.338
G1 X1331.1 Y230.4
G1 X1331.1 Y230.4
G1 X1329.6 Y229.5
G1 X1329.6 Y229.5
G1 X1325.4 Y229.2
G1 X1325.4 Y229.2
G1 X1326.8 Y232.1
G1 X1326.8 Y232.1
G1 X1329.0 Y235.1
G1 X1329.0 Y235.1
G1 X1327.0 Y234.5
G1 X1327.0 Y234.5
G1 X1325.0 Y234.3
G1 X1325.0 Y234.3
G1 X1324.0 Y236.5
G1 X1324.0 Y236.5
G1 X1323.0 Y232.5
M5; lift marker up
G4 P0.08
G0 X1323.4 Y242.3
M3 S1000;put marker down
G4 P0.2
G1 X1320.1 Y241.8
G1 X1320.1 Y241.8
G1 X1317.5 Y242.0
G1 X1317.5 Y242.0
G1 X1316.6 Y240.4
G1 X1316.6 Y240.4
G1 X1315.6 Y238.9
G1 X1315.6 Y238.9
G1 X1317.1 Y238.5
G1 X1317.1 Y238.5
G1 X1318.638 Y237.362
G1 X1317.1 Y233.6
G1 X1317.1 Y233.6
G1 X1316.5 Y230.4
G1 X1316.5 Y230.4
G1 X1318.0 Y228.5
G1 X1318.0 Y228.5
G1 X1319.0 Y225.5
G1 X1319.0 Y225.5
G1 X1319.725 Y226.9
G1 X1320.0 Y231.9
G1 X1320.0 Y231.9
G1 X1320.338 Y237.725
G1 X1321.8 Y239.2
G1 X1321.8 Y239.2
G1 X1324.5 Y239.5
G1 X1324.5 Y239.5
G1 X1327.3 Y239.9
G1 X1327.3 Y239.9
G1 X1327.5 Y242.0
G1 X1327.5 Y242.0
G1 X1326.0 Y243.0
G1 X1326.0 Y243.0
G1 X1323.4 Y242.3
M5; lift marker up
G4 P0.08
G0 X1320.1 Y254.89999999999998
M3 S1000;put marker down
G4 P0.2
G1 X1319.0 Y251.60000000000002
G1 X1319.0 Y251.60000000000002
G1 X1323.1 Y251.3
G1 X1323.1 Y251.3
G1 X1326.5 Y252.0
G1 X1326.5 Y252.0
G1 X1326.9 Y253.0
G1 X1326.9 Y253.0
G1 X1328.0 Y252.0
G1 X1328.0 Y252.0
G1 X1328.8 Y251.0
G1 X1328.8 Y251.0
G1 X1329.2 Y254.5
G1 X1329.2 Y254.5
G1 X1326.9 Y258.0
G1 X1326.9 Y258.0
G1 X1324.9 Y254.8
G1 X1324.9 Y254.8
G1 X1324.8 Y251.5
G1 X1324.8 Y251.5
G1 X1323.4 Y254.8
G1 X1323.4 Y254.8
G1 X1321.6 Y258.0
G1 X1321.6 Y258.0
G1 X1320.1 Y254.89999999999998
M5; lift marker up
G4 P0.08
G0 X1315.7 Y257.3
M3 S1000;put marker down
G4 P0.2
G1 X1315.1 Y253.10000000000002
G1 X1315.1 Y253.10000000000002
G1 X1315.7 Y251.0
G1 X1315.7 Y251.0
G1 X1317.8 Y253.60000000000002
G1 X1317.8 Y253.60000000000002
G1 X1318.7 Y256.4
G1 X1318.7 Y256.4
G1 X1315.7 Y257.3
M5; lift marker up
G4 P0.08
G0 X1306.0 Y253.39999999999998
M3 S1000;put marker down
G4 P0.2
G1 X1308.5 Y250.39999999999998
G1 X1308.5 Y250.39999999999998
G1 X1311.0 Y252.5
G1 X1311.0 Y252.5
G1 X1309.0 Y254.3
G1 X1309.0 Y254.3
G1 X1307.5 Y254.39999999999998
G1 X1307.5 Y254.39999999999998
G1 X1306.0 Y253.39999999999998
M5; lift marker up
G4 P0.08
G0 X1301.0 Y254.5
M3 S1000;put marker down
G4 P0.2
G1 X1300.512 Y250.988
G1 X1302.8 Y249.2
G1 X1302.8 Y249.2
G1 X1303.3 Y253.0
G1 X1303.3 Y253.0
G1 X1303.0 Y252.0
G1 X1303.0 Y252.0
G1 X1303.4 Y251.0
G1 X1303.4 Y251.0
G1 X1302.7 Y254.2
G1 X1302.7 Y254.2
G1 X1303.3 Y256.0
G1 X1303.3 Y256.0
G1 X1301.0 Y254.5
M5; lift marker up
G4 P0.08
G0 X1298.3 Y252.5
M3 S1000;put marker down
G4 P0.2
G1 X1298.7 Y250.8
G1 X1298.7 Y250.8
G1 X1298.7 Y254.8
G1 X1298.7 Y254.8
G1 X1298.3 Y252.5
M5; lift marker up
G4 P0.08
G0 X1292.0 Y252.0
M3 S1000;put marker down
G4 P0.2
G1 X1292.9 Y249.89999999999998
G1 X1292.9 Y249.89999999999998
G1 X1295.4 Y250.10000000000002
G1 X1295.4 Y250.10000000000002
G1 X1297.0 Y251.89999999999998
G1 X1297.0 Y251.89999999999998
G1 X1294.7 Y253.8
G1 X1294.7 Y253.8
G1 X1293.1 Y254.0
G1 X1293.1 Y254.0
G1 X1292.0 Y252.0
M5; lift marker up
G4 P0.08
G0 X1283.6 Y252.8
M3 S1000;put marker down
G4 P0.2
G1 X1285.25 Y248.75
G1 X1286.0 Y250.7
G1 X1286.0 Y250.7
G1 X1287.3 Y254.3
G1 X1287.3 Y254.3
G1 X1285.7 Y254.89999999999998
G1 X1285.7 Y254.89999999999998
G1 X1283.6 Y252.8
M5; lift marker up
G4 P0.08
G0 X1278.0 Y251.8
M3 S1000;put marker down
G4 P0.2
G1 X1280.5 Y248.5
G1 X1280.5 Y248.5
G1 X1281.8 Y252.5
G1 X1281.8 Y252.5
G1 X1279.3 Y254.962
G1 X1278.0 Y251.8
M5; lift marker up
G4 P0.08
G0 X1276.0 Y263.6
M3 S1000;put marker down
G4 P0.2
G1 X1278.0 Y261.8
G1 X1278.0 Y261.8
G1 X1279.5 Y261.6
G1 X1279.5 Y261.6
G1 X1281.0 Y263.3
G1 X1281.0 Y263.3
G1 X1280.0 Y267.0
G1 X1280.0 Y267.0
G1 X1279.0 Y265.9
G1 X1279.0 Y265.9
G1 X1277.5 Y266.0
G1 X1277.5 Y266.0
G1 X1276.0 Y263.6
M5; lift marker up
G4 P0.08
G0 X1271.0 Y266.1
M3 S1000;put marker down
G4 P0.2
G1 X1271.35 Y260.6
G1 X1274.4 Y259.9
G1 X1274.4 Y259.9
G1 X1273.5 Y261.4
G1 X1273.5 Y261.4
G1 X1273.5 Y266.0
G1 X1273.5 Y266.0
G1 X1275.0 Y267.0
G1 X1275.0 Y267.0
G1 X1271.0 Y266.1
M5; lift marker up
G4 P0.08
G0 X1269.0 Y274.0
M3 S1000;put marker down
G4 P0.2
G1 X1267.762 Y271.638
G1 X1266.9 Y266.8
G1 X1266.9 Y266.8
G1 X1266.3 Y260.5
G1 X1266.3 Y260.5
G1 X1266.2 Y267.2
G1 X1266.2 Y267.2
G1 X1266.35 Y272.775
G1 X1267.7 Y274.9
G1 X1267.7 Y274.9
G1 X1269.0 Y274.0
M5; lift marker up
G4 P0.08
G0 X1281.3 Y275.3
M3 S1000;put marker down
G4 P0.2
G1 X1276.8 Y275.3
G1 X1276.8 Y275.3
G1 X1279.0 Y275.7
G1 X1279.0 Y275.7
G1 X1281.3 Y275.3
M5; lift marker up
G4 P0.08
G0 X1283.3 Y282.0
M3 S1000;put marker down
G4 P0.2
G1 X1283.0 Y279.5
G1 X1283.0 Y279.5
G1 X1282.1 Y284.25
G1 X1282.4 Y286.9
G1 X1282.4 Y286.9
G1 X1283.3 Y282.0
M5; lift marker up
G4 P0.08
G0 X1282.7 Y267.3
M3 S1000;put marker down
G4 P0.2
G1 X1282.0 Y263.3
G1 X1282.0 Y263.3
G1 X1284.3 Y260.1
G1 X1284.3 Y260.1
G1 X1284.8 Y260.7
G1 X1284.8 Y260.7
G1 X1284.3 Y263.0
G1 X1284.3 Y263.0
G1 X1284.0 Y264.1
G1 X1284.0 Y264.1
G1 X1283.8 Y265.7
G1 X1283.8 Y265.7
G1 X1285.0 Y267.1
G1 X1285.0 Y267.1
G1 X1282.7 Y267.3
M5; lift marker up
G4 P0.08
G0 X1287.0 Y264.8
M3 S1000;put marker down
G4 P0.2
G1 X1288.9 Y261.4
G1 X1288.9 Y261.4
G1 X1290.8 Y264.412
G1 X1288.8 Y267.8
G1 X1288.8 Y267.8
G1 X1287.0 Y264.8
M5; lift marker up
G4 P0.08
G0 X1292.0 Y265.0
M3 S1000;put marker down
G4 P0.2
G1 X1294.1 Y261.0
G1 X1294.1 Y261.0
G1 X1296.1 Y261.9
G1 X1296.1 Y261.9
G1 X1295.4 Y263.9
G1 X1295.4 Y263.9
G1 X1294.9 Y265.0
G1 X1294.9 Y265.0
G1 X1295.0 Y266.5
G1 X1295.0 Y266.5
G1 X1294.1 Y268.0
G1 X1294.1 Y268.0
G1 X1292.0 Y265.0
M5; lift marker up
G4 P0.08
G0 X1297.0 Y268.0
M3 S1000;put marker down
G4 P0.2
G1 X1298.5 Y263.5
G1 X1298.5 Y263.5
G1 X1300.0 Y262.1
G1 X1300.0 Y262.1
G1 X1301.2 Y265.8
G1 X1301.2 Y265.8
G1 X1301.6 Y267.7
G1 X1301.6 Y267.7
G1 X1299.9 Y267.0
G1 X1299.9 Y267.0
G1 X1298.0 Y267.0
G1 X1298.0 Y267.0
G1 X1297.0 Y268.0
M5; lift marker up
G4 P0.08
G0 X1306.0 Y265.0
M3 S1000;put marker down
G4 P0.2
G1 X1308.0 Y261.0
G1 X1308.0 Y261.0
G1 X1310.0 Y265.0
G1 X1310.0 Y265.0
G1 X1308.0 Y269.0
G1 X1308.0 Y269.0
G1 X1306.0 Y265.0
M5; lift marker up
G4 P0.08
G0 X1309.0 Y266.0
M3 S1000;put marker down
G4 P0.2
G1 X1308.6 Y265.0
G1 X1308.6 Y265.0
G1 X1307.5 Y266.0
G1 X1307.5 Y266.0
G1 X1307.9 Y267.0
G1 X1307.9 Y267.0
G1 X1309.0 Y266.0
M5; lift marker up
G4 P0.08
G0 X1333.5 Y257.0
M3 S1000;put marker down
G4 P0.2
G1 X1331.9 Y256.5
G1 X1331.9 Y256.5
G1 X1331.1 Y253.8
G1 X1331.1 Y253.8
G1 X1331.7 Y251.8
G1 X1331.7 Y251.8
G1 X1333.6 Y251.89999999999998
G1 X1333.6 Y251.89999999999998
G1 X1335.7 Y251.39999999999998
G1 X1335.7 Y251.39999999999998
G1 X1335.1 Y252.89999999999998
G1 X1335.1 Y252.89999999999998
G1 X1334.5 Y255.89999999999998
G1 X1334.5 Y255.89999999999998
G1 X1333.5 Y257.0
M5; lift marker up
G4 P0.08
G0 X1337.0 Y268.9
M3 S1000;put marker down
G4 P0.2
G1 X1335.0 Y268.5
G1 X1335.0 Y268.5
G1 X1333.0 Y268.3
G1 X1333.0 Y268.3
G1 X1331.5 Y265.4
G1 X1331.5 Y265.4
G1 X1330.0 Y265.8
G1 X1330.0 Y265.8
G1 X1331.2 Y267.4
G1 X1331.2 Y267.4
G1 X1331.6 Y267.8
G1 X1331.6 Y267.8
G1 X1328.0 Y267.5
G1 X1328.0 Y267.5
G1 X1326.9 Y266.0
G1 X1326.9 Y266.0
G1 X1326.4 Y267.5
G1 X1326.4 Y267.5
G1 X1325.5 Y269.0
G1 X1325.5 Y269.0
G1 X1325.2 Y265.2
G1 X1325.2 Y265.2
G1 X1322.5 Y265.6
G1 X1322.5 Y265.6
G1 X1322.0 Y268.0
G1 X1322.0 Y268.0
G1 X1321.8 Y269.0
G1 X1321.8 Y269.0
G1 X1319.6 Y268.1
G1 X1319.6 Y268.1
G1 X1317.0 Y267.7
G1 X1317.0 Y267.7
G1 X1315.0 Y265.6
G1 X1315.0 Y265.6
G1 X1312.3 Y265.8
G1 X1312.3 Y265.8
G1 X1311.2 Y268.5
G1 X1311.2 Y268.5
G1 X1311.1 Y265.3
G1 X1311.1 Y265.3
G1 X1312.0 Y261.5
G1 X1312.0 Y261.5
G1 X1315.738 Y261.712
G1 X1318.8 Y264.1
G1 X1318.8 Y264.1
G1 X1321.0 Y265.0
G1 X1321.0 Y265.0
G1 X1321.0 Y263.0
G1 X1321.0 Y263.0
G1 X1323.0 Y262.3
G1 X1323.0 Y262.3
G1 X1327.7 Y263.3
G1 X1327.7 Y263.3
G1 X1329.5 Y263.0
G1 X1329.5 Y263.0
G1 X1332.1 Y263.6
G1 X1332.1 Y263.6
G1 X1334.0 Y264.1
G1 X1334.0 Y264.1
G1 X1335.7 Y264.6
G1 X1335.7 Y264.6
G1 X1338.1 Y264.4
G1 X1338.1 Y264.4
G1 X1338.9 Y264.7
G1 X1338.9 Y264.7
G1 X1341.0 Y266.3
G1 X1341.0 Y266.3
G1 X1343.0 Y264.8
G1 X1343.0 Y264.8
G1 X1341.4 Y264.4
G1 X1341.4 Y264.4
G1 X1340.5 Y264.0
G1 X1340.5 Y264.0
G1 X1344.0 Y265.0
G1 X1344.0 Y265.0
G1 X1342.5 Y267.0
G1 X1342.5 Y267.0
G1 X1342.8 Y269.3
G1 X1342.8 Y269.3
G1 X1342.3 Y269.9
G1 X1342.3 Y269.9
G1 X1339.7 Y268.8
G1 X1339.7 Y268.8
G1 X1339.1 Y268.8
G1 X1339.1 Y268.8
G1 X1337.0 Y268.9
M5; lift marker up
G4 P0.08
G0 X1344.8 Y271.5
M3 S1000;put marker down
G4 P0.2
G1 X1345.416 Y269.086
G1 X1345.9 Y265.688
G1 X1346.234 Y261.445
G1 X1346.4 Y256.5
G1 X1346.4 Y256.5
G1 X1346.541 Y251.16199999999998
G1 X1346.85 Y247.25
G1 X1347.384 Y244.462
G1 X1348.2 Y242.5
G1 X1348.2 Y242.5
G1 X1348.919 Y240.445
G1 X1349.675 Y237.088
G1 X1350.394 Y232.811
G1 X1351.0 Y228.0
G1 X1351.0 Y228.0
G1 X1351.758 Y221.296
G1 X1352.213 Y216.683
G1 X1352.21 Y213.757
G1 X1351.592 Y212.112
G1 X1350.206 Y211.341
G1 X1347.893 Y211.039
G1 X1344.5 Y210.8
G1 X1344.5 Y210.8
G1 X1341.398 Y210.517
G1 X1337.591 Y210.166
G1 X1333.405 Y209.778
G1 X1329.166 Y209.379
G1 X1325.2 Y209.0
G1 X1325.2 Y209.0
G1 X1320.1 Y208.544
G1 X1315.033 Y208.122
G1 X1310.053 Y207.736
G1 X1305.21 Y207.39
G1 X1300.559 Y207.085
G1 X1296.151 Y206.825
G1 X1292.038 Y206.612
G1 X1288.272 Y206.451
G1 X1284.906 Y206.342
G1 X1281.992 Y206.29
G1 X1279.582 Y206.297
G1 X1277.728 Y206.366
G1 X1276.484 Y206.499
G1 X1275.9 Y206.7
G1 X1275.9 Y206.7
G1 X1275.505 Y207.333
G1 X1275.114 Y208.479
G1 X1274.715 Y210.204
G1 X1274.296 Y212.575
G1 X1273.845 Y215.662
G1 X1273.352 Y219.53
G1 X1272.804 Y224.247
G1 X1272.191 Y229.881
G1 X1271.5 Y236.5
G1 X1271.5 Y236.5
G1 X1271.136 Y240.375
G1 X1270.74 Y244.35899999999998
G1 X1270.33 Y248.30200000000002
G1 X1269.923 Y252.05700000000002
G1 X1269.538 Y255.474
G1 X1269.191 Y258.404
G1 X1268.9 Y260.7
G1 X1268.9 Y260.7
G1 X1268.333 Y266.525
G1 X1268.488 Y270.325
G1 X1269.448 Y272.513
G1 X1271.3 Y273.5
G1 X1271.3 Y273.5
G1 X1272.087 Y273.603
G1 X1273.634 Y273.723
G1 X1275.86 Y273.855
G1 X1278.683 Y273.997
G1 X1282.02 Y274.148
G1 X1285.791 Y274.303
G1 X1289.912 Y274.461
G1 X1294.302 Y274.619
G1 X1298.879 Y274.774
G1 X1303.562 Y274.924
G1 X1308.267 Y275.066
G1 X1312.913 Y275.197
G1 X1317.418 Y275.316
G1 X1321.7 Y275.418
G1 X1325.678 Y275.502
G1 X1329.269 Y275.564
G1 X1332.39 Y275.603
G1 X1334.962 Y275.616
G1 X1336.9 Y275.6
G1 X1336.9 Y275.6
G1 X1343.3 Y275.5
G1 X1343.3 Y275.5
G1 X1344.8 Y271.5
M5; lift marker up
G4 P0.08
G0 X1335.9 Y277.6
M3 S1000;put marker down
G4 P0.2
G1 X1335.19 Y277.508
G1 X1333.331 Y277.406
G1 X1330.471 Y277.296
G1 X1326.759 Y277.178
G1 X1322.345 Y277.055
G1 X1317.375 Y276.928
G1 X1312.0 Y276.8
G1 X1312.0 Y276.8
G1 X1304.863 Y276.667
G1 X1299.138 Y276.626
G1 X1295.13 Y276.67
G1 X1293.149 Y276.797
G1 X1293.5 Y277.0
G1 X1293.5 Y277.0
G1 X1295.442 Y277.172
G1 X1298.502 Y277.336
G1 X1302.431 Y277.488
G1 X1306.981 Y277.622
G1 X1311.904 Y277.736
G1 X1316.95 Y277.825
G1 X1321.871 Y277.885
G1 X1326.419 Y277.911
G1 X1330.344 Y277.9
G1 X1333.398 Y277.847
G1 X1335.333 Y277.749
G1 X1335.9 Y277.6
M5; lift marker up
G4 P0.08
G0 X1332.4 Y290.8
M3 S1000;put marker down
G4 P0.2
G1 X1333.538 Y287.888
G1 X1334.0 Y284.0
G1 X1334.0 Y284.0
G1 X1334.0 Y279.5
G1 X1334.0 Y279.5
G1 X1315.2 Y279.3
G1 X1315.2 Y279.3
G1 X1310.768 Y279.208
G1 X1306.401 Y279.104
G1 X1302.248 Y278.988
G1 X1298.462 Y278.859
G1 X1295.191 Y278.718
G1 X1292.587 Y278.565
G1 X1290.8 Y278.4
G1 X1290.8 Y278.4
G1 X1285.0 Y277.8
G1 X1285.0 Y277.8
G1 X1285.0 Y283.7
G1 X1285.0 Y283.7
G1 X1285.25 Y288.138
G1 X1285.8 Y290.7
G1 X1285.8 Y290.7
G1 X1286.469 Y291.347
G1 X1287.707 Y291.845
G1 X1289.78 Y292.217
G1 X1292.952 Y292.485
G1 X1297.487 Y292.674
G1 X1303.648 Y292.804
G1 X1311.7 Y292.9
G1 X1311.7 Y292.9
G1 X1319.657 Y292.932
G1 X1325.089 Y292.889
G1 X1328.538 Y292.712
G1 X1330.544 Y292.344
G1 X1331.651 Y291.726
G1 X1332.4 Y290.8
M5; lift marker up
G4 P0.08
G0 X1327.0 Y320.6
M3 S1000;put marker down
G4 P0.2
G1 X1329.4 Y314.7
G1 X1329.4 Y314.7
G1 X1331.4 Y308.7
G1 X1331.4 Y308.7
G1 X1332.6 Y306.9
G1 X1332.6 Y306.9
G1 X1333.7 Y307.5
G1 X1333.7 Y307.5
G1 X1332.272 Y311.634
G1 X1330.45 Y316.05
G1 X1328.778 Y319.566
G1 X1327.8 Y321.0
G1 X1327.8 Y321.0
G1 X1327.0 Y320.6
M5; lift marker up
G4 P0.08
G0 X1325.1 Y328.0
M3 S1000;put marker down
G4 P0.2
G1 X1326.6 Y324.0
G1 X1326.6 Y324.0
G1 X1328.1 Y321.5
G1 X1328.1 Y321.5
G1 X1327.4 Y324.0
G1 X1327.4 Y324.0
G1 X1325.9 Y328.0
G1 X1325.9 Y328.0
G1 X1325.1 Y328.0
M5; lift marker up
G4 P0.08
G0 X1314.6 Y315.9
M3 S1000;put marker down
G4 P0.2
G1 X1315.959 Y314.659
G1 X1319.007 Y312.307
G1 X1323.1 Y309.4
G1 X1323.1 Y309.4
G1 X1327.27 Y306.293
G1 X1330.663 Y303.541
G1 X1332.5 Y301.7
G1 X1332.5 Y301.7
G1 X1333.76 Y299.4
G1 X1335.415 Y295.726
G1 X1337.236 Y291.278
G1 X1338.994 Y286.653
G1 X1340.461 Y282.449
G1 X1341.406 Y279.266
G1 X1341.6 Y277.7
G1 X1341.6 Y277.7
G1 X1341.1 Y277.8
G1 X1341.1 Y277.8
G1 X1338.5 Y279.0
G1 X1338.5 Y279.0
G1 X1336.388 Y279.775
G1 X1336.0 Y284.3
G1 X1336.0 Y284.3
G1 X1335.772 Y287.789
G1 X1335.048 Y290.442
G1 X1333.636 Y292.366
G1 X1331.346 Y293.667
G1 X1327.987 Y294.452
G1 X1323.369 Y294.827
G1 X1317.3 Y294.9
G1 X1317.3 Y294.9
G1 X1313.794 Y294.834
G1 X1309.922 Y294.737
G1 X1305.9 Y294.612
G1 X1301.944 Y294.463
G1 X1298.272 Y294.291
G1 X1295.1 Y294.1
G1 X1295.1 Y294.1
G1 X1289.088 Y293.706
G1 X1285.775 Y293.2
G1 X1284.075 Y292.244
G1 X1282.9 Y290.5
G1 X1282.9 Y290.5
G1 X1281.625 Y287.025
G1 X1281.1 Y282.8
G1 X1281.1 Y282.8
G1 X1281.0 Y278.1
G1 X1281.0 Y278.1
G1 X1275.3 Y277.5
G1 X1275.3 Y277.5
G1 X1269.163 Y276.585
G1 X1266.337 Y275.248
G1 X1265.0 Y272.6
G1 X1265.0 Y272.6
G1 X1264.754 Y271.716
G1 X1264.573 Y270.679
G1 X1264.46 Y269.416
G1 X1264.422 Y267.855
G1 X1264.461 Y265.923
G1 X1264.582 Y263.55
G1 X1264.79 Y260.662
G1 X1265.089 Y257.188
G1 X1265.483 Y253.05599999999998
G1 X1265.977 Y248.19299999999998
G1 X1266.575 Y242.527
G1 X1267.281 Y235.987
G1 X1268.1 Y228.5
G1 X1268.1 Y228.5
G1 X1268.951 Y220.79
G1 X1269.617 Y215.067
G1 X1270.197 Y211.001
G1 X1270.788 Y208.262
G1 X1271.486 Y206.522
G1 X1272.389 Y205.452
G1 X1273.595 Y204.721
G1 X1275.2 Y204.0
G1 X1275.2 Y204.0
G1 X1280.2 Y202.6
G1 X1280.2 Y202.6
G1 X1281.0 Y202.8
G1 X1281.0 Y202.8
G1 X1282.0 Y199.0
G1 X1282.0 Y199.0
G1 X1281.5 Y197.4
G1 X1281.5 Y197.4
G1 X1280.0 Y197.7
G1 X1280.0 Y197.7
G1 X1278.2 Y196.0
G1 X1278.2 Y196.0
G1 X1275.148 Y196.222
G1 X1270.368 Y196.765
G1 X1265.204 Y197.447
G1 X1261.0 Y198.086
G1 X1259.1 Y198.5
G1 X1259.1 Y198.5
G1 X1260.4 Y201.4
G1 X1260.4 Y201.4
G1 X1261.0 Y205.0
G1 X1261.0 Y205.0
G1 X1259.839 Y203.984
G1 X1257.847 Y201.295
G1 X1255.343 Y197.475
G1 X1252.65 Y193.062
G1 X1250.088 Y188.599
G1 X1247.978 Y184.623
G1 X1246.642 Y181.677
G1 X1246.4 Y180.3
G1 X1246.4 Y180.3
G1 X1248.613 Y181.2
G1 X1251.5 Y186.0
G1 X1251.5 Y186.0
G1 X1253.962 Y189.8
G1 X1255.0 Y188.2
G1 X1255.0 Y188.2
G1 X1256.388 Y186.512
G1 X1262.2 Y185.2
G1 X1262.2 Y185.2
G1 X1267.993 Y184.511
G1 X1270.474 Y185.022
G1 X1271.0 Y187.0
G1 X1271.0 Y187.0
G1 X1273.3 Y189.3
G1 X1273.3 Y189.3
G1 X1275.5 Y189.7
G1 X1275.5 Y189.7
G1 X1273.3 Y189.9
G1 X1273.3 Y189.9
G1 X1271.0 Y191.4
G1 X1271.0 Y191.4
G1 X1269.375 Y192.638
G1 X1264.0 Y193.5
G1 X1264.0 Y193.5
G1 X1259.075 Y194.275
G1 X1257.0 Y195.2
G1 X1257.0 Y195.2
G1 X1257.152 Y195.512
G1 X1257.724 Y195.704
G1 X1258.893 Y195.759
G1 X1260.834 Y195.661
G1 X1263.725 Y195.394
G1 X1267.741 Y194.941
G1 X1273.058 Y194.285
G1 X1279.852 Y193.41
G1 X1288.3 Y192.3
G1 X1288.3 Y192.3
G1 X1308.0 Y189.7
G1 X1308.0 Y189.7
G1 X1315.6 Y178.9
G1 X1315.6 Y178.9
G1 X1319.98 Y172.7
G1 X1322.888 Y169.125
G1 X1324.502 Y167.988
G1 X1325.0 Y169.1
G1 X1325.0 Y169.1
G1 X1323.7 Y171.712
G1 X1320.6 Y176.5
G1 X1320.6 Y176.5
G1 X1317.113 Y181.925
G1 X1317.6 Y184.2
G1 X1317.6 Y184.2
G1 X1323.3 Y184.9
G1 X1323.3 Y184.9
G1 X1327.75 Y184.362
G1 X1332.5 Y184.2
G1 X1332.5 Y184.2
G1 X1334.8 Y184.488
G1 X1329.0 Y185.3
G1 X1329.0 Y185.3
G1 X1322.912 Y186.05
G1 X1320.2 Y186.5
G1 X1320.2 Y186.5
G1 X1322.1 Y190.3
G1 X1322.1 Y190.3
G1 X1325.9 Y191.9
G1 X1325.9 Y191.9
G1 X1328.85 Y190.35
G1 X1334.8 Y189.4
G1 X1334.8 Y189.4
G1 X1342.0 Y188.7
G1 X1342.0 Y188.7
G1 X1342.0 Y192.8
G1 X1342.0 Y192.8
G1 X1341.689 Y195.553
G1 X1340.338 Y197.125
G1 X1337.317 Y197.834
G1 X1332.0 Y198.0
G1 X1332.0 Y198.0
G1 X1328.0 Y199.4
G1 X1328.0 Y199.4
G1 X1329.73 Y200.196
G1 X1333.37 Y200.17
G1 X1340.5 Y199.3
G1 X1340.5 Y199.3
G1 X1346.052 Y198.522
G1 X1350.115 Y197.878
G1 X1351.8 Y197.5
G1 X1351.8 Y197.5
G1 X1352.043 Y196.405
G1 X1352.233 Y193.842
G1 X1352.37 Y190.17
G1 X1352.454 Y185.753
G1 X1352.488 Y180.95
G1 X1352.47 Y176.123
G1 X1352.401 Y171.634
G1 X1352.283 Y167.842
G1 X1352.116 Y165.111
G1 X1351.9 Y163.8
G1 X1351.9 Y163.8
G1 X1349.912 Y161.788
G1 X1346.5 Y159.4
G1 X1346.5 Y159.4
G1 X1342.088 Y155.95
G1 X1344.8 Y156.4
G1 X1344.8 Y156.4
G1 X1348.011 Y158.472
G1 X1350.988 Y161.05
G1 X1353.195 Y163.628
G1 X1354.1 Y165.7
G1 X1354.1 Y165.7
G1 X1354.176 Y167.761
G1 X1354.228 Y170.396
G1 X1354.259 Y173.521
G1 X1354.268 Y177.055
G1 X1354.258 Y180.914
G1 X1354.229 Y185.015
G1 X1354.184 Y189.276
G1 X1354.123 Y193.615
G1 X1354.048 Y197.948
G1 X1353.961 Y202.194
G1 X1353.861 Y206.268
G1 X1353.752 Y210.089
G1 X1353.634 Y213.574
G1 X1353.508 Y216.641
G1 X1353.376 Y219.205
G1 X1353.24 Y221.186
G1 X1353.1 Y222.5
G1 X1353.1 Y222.5
G1 X1352.548 Y226.63
G1 X1352.152 Y230.67
G1 X1352.0 Y233.8
G1 X1352.0 Y233.8
G1 X1351.488 Y237.775
G1 X1350.3 Y241.3
G1 X1350.3 Y241.3
G1 X1349.447 Y243.43599999999998
G1 X1348.8 Y246.538
G1 X1348.303 Y250.82
G1 X1347.9 Y256.5
G1 X1347.9 Y256.5
G1 X1347.703 Y259.779
G1 X1347.404 Y262.939
G1 X1346.994 Y266.016
G1 X1346.463 Y269.044
G1 X1345.802 Y272.061
G1 X1345.0 Y275.1
G1 X1344.048 Y278.198
G1 X1342.937 Y281.389
G1 X1341.656 Y284.709
G1 X1340.196 Y288.194
G1 X1338.547 Y291.88
G1 X1336.7 Y295.8
G1 X1336.7 Y295.8
G1 X1334.915 Y299.431
G1 X1333.422 Y302.081
G1 X1331.863 Y304.138
G1 X1329.878 Y305.985
G1 X1327.11 Y308.011
G1 X1323.2 Y310.6
G1 X1323.2 Y310.6
G1 X1318.681 Y313.596
G1 X1315.585 Y315.504
G1 X1314.6 Y315.9
M5; lift marker up
G4 P0.08
G0 X1305.5 Y323.1
M3 S1000;put marker down
G4 P0.2
G1 X1307.812 Y320.825
G1 X1310.5 Y318.7
G1 X1310.5 Y318.7
G1 X1313.5 Y316.6
G1 X1313.5 Y316.6
G1 X1311.5 Y318.9
G1 X1311.5 Y318.9
G1 X1309.225 Y321.175
G1 X1306.5 Y323.3
G1 X1306.5 Y323.3
G1 X1303.5 Y325.4
G1 X1303.5 Y325.4
G1 X1305.5 Y323.1
M5; lift marker up
G4 P0.08
G0 X1294.4 Y329.1
M3 S1000;put marker down
G4 P0.2
G1 X1299.0 Y326.3
G1 X1299.0 Y326.3
G1 X1296.4 Y328.5
G1 X1296.4 Y328.5
G1 X1294.4 Y329.1
M5; lift marker up
G4 P0.08
G0 X1285.5 Y327.3
M3 S1000;put marker down
G4 P0.2
G1 X1284.069 Y326.867
G1 X1281.574 Y325.98
G1 X1278.241 Y324.728
G1 X1274.293 Y323.204
G1 X1269.954 Y321.497
G1 X1265.45 Y319.7
G1 X1261.004 Y317.903
G1 X1256.841 Y316.196
G1 X1253.184 Y314.672
G1 X1250.259 Y313.42
G1 X1248.29 Y312.533
G1 X1247.5 Y312.1
G1 X1247.5 Y312.1
G1 X1248.141 Y312.133
G1 X1250.17 Y312.756
G1 X1253.299 Y313.858
G1 X1257.238 Y315.325
G1 X1261.696 Y317.045
G1 X1266.386 Y318.906
G1 X1271.017 Y320.795
G1 X1275.3 Y322.6
G1 X1275.3 Y322.6
G1 X1279.141 Y324.056
G1 X1283.626 Y325.444
G1 X1287.8 Y326.5
G1 X1287.8 Y326.5
G1 X1291.0 Y327.8
G1 X1291.0 Y327.8
G1 X1285.5 Y327.3
M5; lift marker up
G4 P0.08
G0 X1287.6 Y336.1
M3 S1000;put marker down
G4 P0.2
G1 X1290.415 Y334.674
G1 X1293.785 Y332.693
G1 X1297.0 Y330.6
G1 X1297.0 Y330.6
G1 X1301.062 Y328.05
G1 X1303.4 Y327.0
G1 X1303.4 Y327.0
G1 X1306.088 Y325.438
G1 X1310.8 Y321.7
G1 X1310.8 Y321.7
G1 X1314.433 Y318.719
G1 X1318.0 Y316.115
G1 X1320.7 Y314.4
G1 X1320.7 Y314.4
G1 X1324.225 Y312.538
G1 X1327.3 Y310.6
G1 X1327.3 Y310.6
G1 X1330.6 Y309.3
G1 X1330.6 Y309.3
G1 X1326.3 Y312.6
G1 X1326.3 Y312.6
G1 X1321.378 Y315.443
G1 X1317.785 Y317.61
G1 X1315.003 Y319.454
G1 X1312.514 Y321.333
G1 X1309.8 Y323.6
G1 X1309.8 Y323.6
G1 X1305.788 Y326.7
G1 X1303.5 Y328.0
G1 X1303.5 Y328.0
G1 X1298.3 Y330.9
G1 X1298.3 Y330.9
G1 X1294.419 Y333.486
G1 X1290.425 Y335.763
G1 X1286.994 Y337.383
G1 X1284.8 Y338.0
G1 X1284.8 Y338.0
G1 X1287.6 Y336.1
M5; lift marker up
G4 P0.08
G0 X1318.6 Y349.5
M3 S1000;put marker down
G4 P0.2
G1 X1319.337 Y346.287
G1 X1320.493 Y342.13
G1 X1321.838 Y337.75
G1 X1323.141 Y333.87
G1 X1324.172 Y331.213
G1 X1324.7 Y330.5
G1 X1324.7 Y330.5
G1 X1324.337 Y332.459
G1 X1323.196 Y336.574
G1 X1321.5 Y342.0
G1 X1321.5 Y342.0
G1 X1319.188 Y348.562
G1 X1318.6 Y349.5
M5; lift marker up
G4 P0.08
G0 X1315.2 Y364.5
M3 S1000;put marker down
G4 P0.2
G1 X1315.7 Y363.3
G1 X1315.7 Y363.3
G1 X1315.7 Y366.3
G1 X1315.7 Y366.3
G1 X1315.2 Y364.5
M5; lift marker up
G4 P0.08
G0 X1327.7 Y368.8
M3 S1000;put marker down
G4 P0.2
G1 X1328.812 Y362.15
G1 X1329.7 Y359.1
G1 X1329.7 Y359.1
G1 X1329.917 Y359.398
G1 X1329.788 Y361.488
G1 X1329.264 Y365.808
G1 X1328.3 Y372.8
G1 X1328.3 Y372.8
G1 X1327.0 Y377.5
G1 X1327.0 Y377.5
G1 X1326.938 Y375.1
G1 X1327.7 Y368.8
M5; lift marker up
G4 P0.08
G0 X1307.6 Y385.7
M3 S1000;put marker down
G4 P0.2
G1 X1308.8 Y384.5
G1 X1308.8 Y384.5
G1 X1308.1 Y386.3
G1 X1308.1 Y386.3
G1 X1307.6 Y385.7
M5; lift marker up
G4 P0.08
G0 X1282.0 Y381.7
M3 S1000;put marker down
G4 P0.2
G1 X1285.3 Y378.4
G1 X1285.3 Y378.4
G1 X1288.5 Y375.5
G1 X1288.5 Y375.5
G1 X1285.6 Y378.8
G1 X1285.6 Y378.8
G1 X1282.0 Y381.7
M5; lift marker up
G4 P0.08
G0 X1248.7 Y404.0
M3 S1000;put marker down
G4 P0.2
G1 X1252.341 Y401.77
G1 X1255.759 Y399.763
G1 X1258.2 Y398.4
G1 X1258.2 Y398.4
G1 X1260.885 Y396.796
G1 X1264.748 Y394.17
G1 X1268.9 Y391.1
G1 X1268.9 Y391.1
G1 X1274.895 Y386.605
G1 X1278.238 Y384.162
G1 X1279.686 Y383.239
G1 X1280.0 Y383.3
G1 X1280.0 Y383.3
G1 X1279.466 Y384.039
G1 X1277.976 Y385.375
G1 X1275.704 Y387.185
G1 X1272.819 Y389.349
G1 X1269.492 Y391.744
G1 X1265.896 Y394.248
G1 X1262.201 Y396.74
G1 X1258.579 Y399.098
G1 X1255.2 Y401.2
G1 X1255.2 Y401.2
G1 X1249.753 Y404.421
G1 X1245.826 Y406.637
G1 X1243.588 Y407.775
G1 X1243.207 Y407.763
G1 X1244.855 Y406.529
G1 X1248.7 Y404.0
M5; lift marker up
G4 P0.08
G0 X1236.0 Y411.1
M3 S1000;put marker down
G4 P0.2
G1 X1241.7 Y408.4
G1 X1241.7 Y408.4
G1 X1239.1 Y410.3
G1 X1239.1 Y410.3
G1 X1236.0 Y411.1
M5; lift marker up
G4 P0.08
G0 X1230.0 Y422.5
M3 S1000;put marker down
G4 P0.2
G1 X1228.638 Y420.038
G1 X1225.4 Y414.8
G1 X1225.4 Y414.8
G1 X1224.139 Y412.968
G1 X1222.548 Y410.869
G1 X1220.656 Y408.535
G1 X1218.488 Y406.0
G1 X1216.071 Y403.296
G1 X1213.433 Y400.456
G1 X1210.6 Y397.513
G1 X1207.6 Y394.5
G1 X1207.6 Y394.5
G1 X1204.495 Y391.377
G1 X1201.424 Y388.25
G1 X1198.492 Y385.227
G1 X1195.808 Y382.414
G1 X1193.476 Y379.917
G1 X1191.605 Y377.843
G1 X1190.3 Y376.3
G1 X1190.3 Y376.3
G1 X1188.212 Y373.693
G1 X1185.97 Y370.785
G1 X1183.631 Y367.659
G1 X1181.256 Y364.401
G1 X1178.901 Y361.095
G1 X1176.626 Y357.825
G1 X1174.49 Y354.678
G1 X1172.55 Y351.737
G1 X1170.866 Y349.087
G1 X1169.497 Y346.813
G1 X1168.5 Y345.0
G1 X1168.5 Y345.0
G1 X1166.444 Y341.125
G1 X1164.485 Y338.0
G1 X1162.488 Y335.475
G1 X1160.315 Y333.4
G1 X1157.831 Y331.625
G1 X1154.9 Y330.0
G1 X1154.9 Y330.0
G1 X1149.0 Y327.0
G1 X1149.0 Y327.0
G1 X1151.4 Y332.4
G1 X1151.4 Y332.4
G1 X1153.152 Y335.881
G1 X1155.481 Y339.919
G1 X1157.9 Y343.6
G1 X1157.9 Y343.6
G1 X1159.716 Y346.473
G1 X1161.7 Y349.862
G1 X1163.609 Y353.345
G1 X1165.2 Y356.5
G1 X1165.2 Y356.5
G1 X1167.169 Y360.739
G1 X1169.127 Y364.869
G1 X1171.059 Y368.868
G1 X1172.955 Y372.712
G1 X1174.802 Y376.379
G1 X1176.588 Y379.845
G1 X1178.3 Y383.088
G1 X1179.927 Y386.084
G1 X1181.455 Y388.81
G1 X1182.873 Y391.245
G1 X1184.169 Y393.364
G1 X1185.331 Y395.145
G1 X1186.345 Y396.565
G1 X1187.2 Y397.6
G1 X1187.2 Y397.6
G1 X1188.874 Y399.314
G1 X1190.691 Y400.96
G1 X1192.741 Y402.6
G1 X1195.114 Y404.291
G1 X1197.901 Y406.094
G1 X1201.193 Y408.067
G1 X1205.079 Y410.269
G1 X1209.652 Y412.76
G1 X1215.0 Y415.6
G1 X1215.0 Y415.6
G1 X1221.744 Y419.13
G1 X1226.112 Y421.355
G1 X1228.608 Y422.505
G1 X1229.736 Y422.81
G1 X1230.0 Y422.5
M5; lift marker up
G4 P0.08
G0 X1260.5 Y424.1
M3 S1000;put marker down
G4 P0.2
G1 X1265.417 Y421.804
G1 X1269.648 Y419.788
G1 X1273.285 Y417.994
G1 X1276.421 Y416.364
G1 X1279.148 Y414.84
G1 X1281.559 Y413.365
G1 X1283.746 Y411.881
G1 X1285.801 Y410.33
G1 X1287.816 Y408.655
G1 X1289.885 Y406.797
G1 X1292.1 Y404.7
G1 X1292.1 Y404.7
G1 X1294.985 Y401.903
G1 X1297.754 Y399.054
G1 X1300.222 Y396.362
G1 X1302.199 Y394.041
G1 X1303.5 Y392.3
G1 X1303.5 Y392.3
G1 X1306.55 Y388.15
G1 X1305.4 Y391.2
G1 X1305.4 Y391.2
G1 X1304.05 Y393.155
G1 X1301.575 Y396.188
G1 X1298.312 Y399.877
G1 X1294.6 Y403.8
G1 X1294.6 Y403.8
G1 X1291.659 Y406.842
G1 X1289.202 Y409.258
G1 X1286.99 Y411.216
G1 X1284.788 Y412.888
G1 X1282.355 Y414.442
G1 X1279.455 Y416.048
G1 X1275.849 Y417.878
G1 X1271.3 Y420.1
G1 X1271.3 Y420.1
G1 X1266.77 Y422.277
G1 X1262.705 Y424.17
G1 X1259.355 Y425.666
G1 X1256.97 Y426.647
G1 X1255.8 Y427.0
G1 X1255.8 Y427.0
G1 X1260.5 Y424.1
M5; lift marker up
G4 P0.08
G0 X1280.0 Y430.0
M3 S1000;put marker down
G4 P0.2
G1 X1282.5 Y429.0
G1 X1282.5 Y429.0
G1 X1282.0 Y430.0
G1 X1282.0 Y430.0
G1 X1279.5 Y431.0
G1 X1279.5 Y431.0
G1 X1280.0 Y430.0
M5; lift marker up
G4 P0.08
G0 X1285.5 Y428.1
M3 S1000;put marker down
G4 P0.2
G1 X1287.188 Y427.339
G1 X1290.3 Y426.062
G1 X1294.388 Y424.43
G1 X1299.0 Y422.6
G1 X1299.0 Y422.6
G1 X1303.317 Y420.838
G1 X1307.137 Y419.181
G1 X1310.532 Y417.585
G1 X1313.574 Y416.006
G1 X1316.338 Y414.4
G1 X1318.894 Y412.722
G1 X1321.315 Y410.927
G1 X1323.675 Y408.971
G1 X1326.046 Y406.81
G1 X1328.5 Y404.4
G1 X1328.5 Y404.4
G1 X1331.512 Y401.452
G1 X1334.6 Y398.662
G1 X1337.388 Y396.342
G1 X1339.5 Y394.8
G1 X1339.5 Y394.8
G1 X1346.615 Y390.493
G1 X1350.085 Y388.541
G1 X1351.0 Y388.3
G1 X1351.0 Y388.3
G1 X1349.811 Y389.326
G1 X1346.689 Y391.507
G1 X1342.3 Y394.4
G1 X1342.3 Y394.4
G1 X1338.472 Y396.981
G1 X1334.85 Y399.75
G1 X1331.753 Y402.444
G1 X1329.5 Y404.8
G1 X1329.5 Y404.8
G1 X1327.705 Y406.827
G1 X1325.626 Y408.826
G1 X1323.273 Y410.793
G1 X1320.657 Y412.723
G1 X1317.788 Y414.612
G1 X1314.675 Y416.457
G1 X1311.33 Y418.252
G1 X1307.762 Y419.994
G1 X1303.982 Y421.678
G1 X1300.0 Y423.3
G1 X1300.0 Y423.3
G1 X1293.759 Y425.652
G1 X1288.762 Y427.452
G1 X1285.434 Y428.556
G1 X1284.205 Y428.82
G1 X1285.5 Y428.1
M5; lift marker up
G4 P0.08
G0 X1320.2 Y431.5
M3 S1000;put marker down
G4 P0.2
G1 X1320.7 Y430.3
G1 X1320.7 Y430.3
G1 X1320.7 Y433.3
G1 X1320.7 Y433.3
G1 X1320.2 Y431.5
M5; lift marker up
G4 P0.08
G0 X1319.2 Y438.0
M3 S1000;put marker down
G4 P0.2
G1 X1319.7 Y436.8
G1 X1319.7 Y436.8
G1 X1319.7 Y439.3
G1 X1319.7 Y439.3
G1 X1319.2 Y438.0
M5; lift marker up
G4 P0.08
G0 X1317.1 Y445.5
M3 S1000;put marker down
G4 P0.2
G1 X1318.9 Y442.0
G1 X1318.9 Y442.0
G1 X1318.0 Y445.0
G1 X1318.0 Y445.0
G1 X1317.1 Y445.5
M5; lift marker up
G4 P0.08
G0 X1320.0 Y450.9
M3 S1000;put marker down
G4 P0.2
G1 X1320.753 Y449.599
G1 X1322.741 Y447.034
G1 X1325.557 Y443.666
G1 X1328.798 Y439.957
G1 X1332.055 Y436.368
G1 X1334.925 Y433.362
G1 X1337.0 Y431.4
G1 X1337.0 Y431.4
G1 X1337.863 Y431.213
G1 X1334.0 Y435.9
G1 X1334.0 Y435.9
G1 X1329.255 Y441.254
G1 X1325.637 Y445.3
G1 X1323.025 Y448.162
G1 X1321.296 Y449.967
G1 X1320.329 Y450.838
G1 X1320.0 Y450.9
M5; lift marker up
G4 P0.08
G0 X1312.0 Y457.5
M3 S1000;put marker down
G4 P0.2
G1 X1313.236 Y456.32
G1 X1316.422 Y454.759
G1 X1320.775 Y453.088
G1 X1325.511 Y451.574
G1 X1329.847 Y450.488
G1 X1333.0 Y450.1
G1 X1333.0 Y450.1
G1 X1332.0 Y451.0
G1 X1332.0 Y451.0
G1 X1328.464 Y451.713
G1 X1324.863 Y452.725
G1 X1320.905 Y454.15
G1 X1316.3 Y456.1
G1 X1316.3 Y456.1
G1 X1312.0 Y457.5
M5; lift marker up
G4 P0.08
G0 X1321.3 Y424.0
M3 S1000;put marker down
G4 P0.2
G1 X1321.7 Y421.8
G1 X1321.7 Y421.8
G1 X1321.7 Y426.3
G1 X1321.7 Y426.3
G1 X1321.3 Y424.0
M5; lift marker up
G4 P0.08
G0 X1342.0 Y427.2
M3 S1000;put marker down
G4 P0.2
G1 X1344.3 Y425.1
G1 X1344.3 Y425.1
G1 X1344.6 Y425.9
G1 X1344.6 Y425.9
G1 X1342.0 Y427.2
M5; lift marker up
G4 P0.08
G0 X1347.7 Y422.9
M3 S1000;put marker down
G4 P0.2
G1 X1349.5 Y422.2
G1 X1349.5 Y422.2
G1 X1348.3 Y423.4
G1 X1348.3 Y423.4
G1 X1347.7 Y422.9
M5; lift marker up
G4 P0.08
G0 X1352.0 Y421.0
M3 S1000;put marker down
G4 P0.2
G1 X1354.5 Y420.0
G1 X1354.5 Y420.0
G1 X1354.0 Y421.0
G1 X1354.0 Y421.0
G1 X1351.5 Y422.0
G1 X1351.5 Y422.0
G1 X1352.0 Y421.0
M5; lift marker up
G4 P0.08
G0 X1359.0 Y458.6
M3 S1000;put marker down
G4 P0.2
G1 X1364.3 Y454.7
G1 X1364.3 Y454.7
G1 X1370.925 Y450.562
G1 X1372.0 Y450.4
G1 X1372.0 Y450.4
G1 X1366.8 Y454.3
G1 X1366.8 Y454.3
G1 X1360.088 Y458.438
G1 X1359.0 Y458.6
M5; lift marker up
G4 P0.08
G0 X1401.8 Y433.3
M3 S1000;put marker down
G4 P0.2
G1 X1403.7 Y433.4
G1 X1403.7 Y433.4
G1 X1402.4 Y433.9
G1 X1402.4 Y433.9
G1 X1401.8 Y433.3
M5; lift marker up
G4 P0.08
G0 X1418.4 Y440.2
M3 S1000;put marker down
G4 P0.2
G1 X1415.926 Y436.454
G1 X1413.574 Y432.83
G1 X1411.45 Y429.5
G1 X1409.659 Y426.637
G1 X1408.307 Y424.413
G1 X1407.5 Y423.0
G1 X1407.5 Y423.0
G1 X1406.482 Y420.807
G1 X1405.168 Y417.636
G1 X1403.67 Y413.796
G1 X1402.101 Y409.599
G1 X1400.573 Y405.353
G1 X1399.196 Y401.37
G1 X1398.084 Y397.96
G1 X1397.348 Y395.433
G1 X1397.1 Y394.1
G1 X1397.1 Y394.1
G1 X1397.707 Y394.933
G1 X1399.293 Y398.7
G1 X1401.5 Y404.6
G1 X1401.5 Y404.6
G1 X1402.882 Y408.453
G1 X1404.122 Y411.803
G1 X1405.285 Y414.77
G1 X1406.433 Y417.477
G1 X1407.628 Y420.044
G1 X1408.933 Y422.592
G1 X1410.41 Y425.243
G1 X1412.123 Y428.118
G1 X1414.134 Y431.338
G1 X1416.505 Y435.025
G1 X1419.3 Y439.3
G1 X1419.3 Y439.3
G1 X1422.738 Y444.697
G1 X1425.5 Y449.175
G1 X1427.288 Y452.266
G1 X1427.8 Y453.5
G1 X1427.8 Y453.5
G1 X1426.936 Y452.575
G1 X1424.863 Y449.775
G1 X1421.908 Y445.513
G1 X1418.4 Y440.2
M5; lift marker up
G4 P0.08
G0 X1422.3 Y472.0
M3 S1000;put marker down
G4 P0.2
G1 X1423.453 Y469.11
G1 X1425.258 Y465.005
G1 X1427.218 Y460.775
G1 X1428.831 Y457.51
G1 X1429.6 Y456.3
G1 X1429.6 Y456.3
G1 X1429.05 Y458.478
G1 X1427.225 Y463.075
G1 X1424.988 Y468.084
G1 X1423.2 Y471.5
G1 X1423.2 Y471.5
G1 X1422.3 Y472.0
M5; lift marker up
G4 P0.08
G0 X1418.3 Y496.0
M3 S1000;put marker down
G4 P0.2
G1 X1418.7 Y493.3
G1 X1418.7 Y493.3
G1 X1418.7 Y498.79999999999995
G1 X1418.7 Y498.79999999999995
G1 X1418.3 Y496.0
M5; lift marker up
G4 P0.08
G0 X1419.2 Y506.5
M3 S1000;put marker down
G4 P0.2
G1 X1419.7 Y505.29999999999995
G1 X1419.7 Y505.29999999999995
G1 X1419.7 Y508.29999999999995
G1 X1419.7 Y508.29999999999995
G1 X1419.2 Y506.5
M5; lift marker up
G4 P0.08
G0 X1421.2 Y520.5
M3 S1000;put marker down
G4 P0.2
G1 X1421.7 Y519.3
G1 X1421.7 Y519.3
G1 X1421.7 Y522.3
G1 X1421.7 Y522.3
G1 X1421.2 Y520.5
M5; lift marker up
G4 P0.08
G0 X1422.1 Y526.4
M3 S1000;put marker down
G4 P0.2
G1 X1422.7 Y525.8
G1 X1422.7 Y525.8
G1 X1422.6 Y527.7
G1 X1422.6 Y527.7
G1 X1422.1 Y526.4
M5; lift marker up
G4 P0.08
G0 X1424.2 Y535.1
M3 S1000;put marker down
G4 P0.2
G1 X1423.1 Y529.9
G1 X1423.1 Y529.9
G1 X1424.6 Y533.4
G1 X1424.6 Y533.4
G1 X1425.7 Y538.6
G1 X1425.7 Y538.6
G1 X1424.2 Y535.1
M5; lift marker up
G4 P0.08
G0 X1431.5 Y563.3
M3 S1000;put marker down
G4 P0.2
G1 X1437.361 Y562.255
G1 X1441.922 Y561.389
G1 X1445.446 Y560.619
G1 X1448.2 Y559.862
G1 X1450.447 Y559.035
G1 X1452.453 Y558.055
G1 X1454.482 Y556.837
G1 X1456.8 Y555.3
G1 X1456.8 Y555.3
G1 X1461.338 Y552.525
G1 X1461.0 Y553.5
G1 X1461.0 Y553.5
G1 X1459.119 Y555.189
G1 X1456.805 Y556.794
G1 X1454.104 Y558.295
G1 X1451.062 Y559.675
G1 X1447.726 Y560.914
G1 X1444.139 Y561.994
G1 X1440.349 Y562.895
G1 X1436.4 Y563.6
G1 X1436.4 Y563.6
G1 X1430.044 Y564.404
G1 X1426.208 Y564.776
G1 X1425.06 Y564.716
G1 X1426.768 Y564.224
G1 X1431.5 Y563.3
M5; lift marker up
G4 P0.08
G0 X1453.1 Y596.0
M3 S1000;put marker down
G4 P0.2
G1 X1450.675 Y592.175
G1 X1447.2 Y593.0
G1 X1447.2 Y593.0
G1 X1448.0 Y591.8
G1 X1448.0 Y591.8
G1 X1451.9 Y591.5
G1 X1451.9 Y591.5
G1 X1454.5 Y596.8
G1 X1454.5 Y596.8
G1 X1454.7 Y599.888
G1 X1453.1 Y596.0
M5; lift marker up
G4 P0.08
G0 X1455.3 Y614.3
M3 S1000;put marker down
G4 P0.2
G1 X1454.0 Y612.9
G1 X1454.0 Y612.9
G1 X1456.0 Y613.0
G1 X1456.0 Y613.0
G1 X1462.0 Y612.4
G1 X1462.0 Y612.4
G1 X1465.867 Y610.181
G1 X1467.533 Y607.719
G1 X1466.8 Y605.3
G1 X1466.8 Y605.3
G1 X1467.0 Y604.2
G1 X1467.0 Y604.2
G1 X1468.762 Y606.6
G1 X1467.3 Y610.2
G1 X1467.3 Y610.2
G1 X1464.483 Y612.655
G1 X1461.338 Y614.238
G1 X1458.173 Y614.827
G1 X1455.3 Y614.3
M5; lift marker up
G4 P0.08
G0 X1450.9 Y639.0
M3 S1000;put marker down
G4 P0.2
G1 X1454.653 Y637.933
G1 X1457.6 Y636.462
G1 X1459.872 Y634.486
G1 X1461.6 Y631.9
G1 X1461.6 Y631.9
G1 X1462.648 Y627.853
G1 X1461.662 Y624.575
G1 X1458.97 Y622.534
G1 X1454.9 Y622.2
G1 X1454.9 Y622.2
G1 X1452.6 Y621.8
G1 X1452.6 Y621.8
G1 X1455.007 Y620.878
G1 X1458.726 Y621.489
G1 X1461.8 Y623.3
G1 X1461.8 Y623.3
G1 X1463.875 Y627.062
G1 X1462.5 Y632.4
G1 X1462.5 Y632.4
G1 X1460.836 Y635.366
G1 X1458.562 Y637.45
G1 X1455.483 Y638.784
G1 X1451.4 Y639.5
G1 X1451.4 Y639.5
G1 X1446.5 Y639.9
G1 X1446.5 Y639.9
G1 X1450.9 Y639.0
M5; lift marker up
G4 P0.08
G0 X1448.8 Y641.3
M3 S1000;put marker down
G4 P0.2
G1 X1451.3 Y641.3
G1 X1451.3 Y641.3
G1 X1450.0 Y641.8
G1 X1450.0 Y641.8
G1 X1448.8 Y641.3
M5; lift marker up
G4 P0.08
G0 X1443.7 Y642.4
M3 S1000;put marker down
G4 P0.2
G1 X1444.9 Y640.0
G1 X1444.9 Y640.0
G1 X1445.7 Y641.5
G1 X1445.7 Y641.5
G1 X1443.7 Y642.4
M5; lift marker up
G4 P0.08
G0 X1468.0 Y652.5
M3 S1000;put marker down
G4 P0.2
G1 X1463.833 Y649.337
G1 X1460.067 Y646.463
G1 X1457.5 Y644.5
G1 X1457.5 Y644.5
G1 X1455.588 Y642.595
G1 X1457.05 Y643.138
G1 X1460.988 Y645.611
G1 X1466.5 Y649.5
G1 X1466.5 Y649.5
G1 X1471.499 Y653.152
G1 X1475.059 Y655.452
G1 X1477.575 Y656.462
G1 X1479.441 Y656.248
G1 X1481.051 Y654.873
G1 X1482.8 Y652.4
G1 X1482.8 Y652.4
G1 X1485.7 Y649.3
G1 X1485.7 Y649.3
G1 X1483.925 Y653.025
G1 X1480.5 Y657.2
G1 X1480.5 Y657.2
G1 X1478.617 Y657.914
G1 X1476.088 Y657.438
G1 X1472.639 Y655.667
G1 X1468.0 Y652.5
M5; lift marker up
G4 P0.08
G0 X1492.0 Y654.1
M3 S1000;put marker down
G4 P0.2
G1 X1488.9 Y649.6
G1 X1488.9 Y649.6
G1 X1489.1 Y648.0
G1 X1489.1 Y648.0
G1 X1492.5 Y652.0
G1 X1492.5 Y652.0
G1 X1493.0 Y656.0
G1 X1493.0 Y656.0
G1 X1492.0 Y654.1
M5; lift marker up
G4 P0.08
G0 X1496.0 Y662.4
M3 S1000;put marker down
G4 P0.2
G1 X1489.867 Y657.759
G1 X1488.333 Y656.407
G1 X1490.0 Y657.1
G1 X1490.0 Y657.1
G1 X1494.519 Y659.689
G1 X1498.415 Y662.478
G1 X1500.4 Y664.6
G1 X1500.4 Y664.6
G1 X1500.45 Y665.712
G1 X1496.0 Y662.4
M5; lift marker up
G4 P0.08
G0 X1514.5 Y658.9
M3 S1000;put marker down
G4 P0.2
G1 X1510.5 Y654.7
G1 X1510.5 Y654.7
G1 X1508.05 Y651.8
G1 X1505.0 Y649.2
G1 X1505.0 Y649.2
G1 X1504.0 Y647.5
G1 X1504.0 Y647.5
G1 X1509.0 Y651.3
G1 X1509.0 Y651.3
G1 X1511.625 Y654.288
G1 X1514.4 Y657.2
G1 X1514.4 Y657.2
G1 X1514.5 Y658.9
M5; lift marker up
G4 P0.08
G0 X1525.5 Y666.4
M3 S1000;put marker down
G4 P0.2
G1 X1521.526 Y664.585
G1 X1517.974 Y664.015
G1 X1515.4 Y664.8
G1 X1515.4 Y664.8
G1 X1516.2 Y663.8
G1 X1516.2 Y663.8
G1 X1521.0 Y663.0
G1 X1521.0 Y663.0
G1 X1524.933 Y664.57
G1 X1528.467 Y666.63
G1 X1530.0 Y668.2
G1 X1530.0 Y668.2
G1 X1525.5 Y666.4
M5; lift marker up
G4 P0.08
G0 X1519.1 Y674.8
M3 S1000;put marker down
G4 P0.2
G1 X1514.1 Y671.025
G1 X1513.9 Y667.7
G1 X1513.9 Y667.7
G1 X1515.0 Y668.7
G1 X1515.0 Y668.7
G1 X1517.7 Y673.0
G1 X1517.7 Y673.0
G1 X1520.988 Y674.662
G1 X1526.0 Y674.6
G1 X1526.0 Y674.6
G1 X1528.4 Y674.9
G1 X1528.4 Y674.9
G1 X1524.3 Y676.3
G1 X1524.3 Y676.3
G1 X1519.1 Y674.8
M5; lift marker up
G4 P0.08
G0 X1517.6 Y684.5
M3 S1000;put marker down
G4 P0.2
G1 X1516.3 Y683.0
G1 X1516.3 Y683.0
G1 X1510.7 Y679.9
G1 X1510.7 Y679.9
G1 X1507.459 Y676.709
G1 X1504.2 Y672.75
G1 X1501.841 Y669.241
G1 X1501.3 Y667.4
G1 X1501.3 Y667.4
G1 X1503.8 Y670.2
G1 X1503.8 Y670.2
G1 X1506.005 Y673.212
G1 X1508.694 Y676.176
G1 X1511.562 Y678.804
G1 X1514.299 Y680.808
G1 X1516.6 Y681.9
G1 X1516.6 Y681.9
G1 X1519.775 Y684.25
G1 X1518.6 Y686.0
G1 X1518.6 Y686.0
G1 X1517.6 Y684.5
M5; lift marker up
G4 P0.08
G0 X1537.0 Y686.9
M3 S1000;put marker down
G4 P0.2
G1 X1535.4 Y680.8
G1 X1535.4 Y680.8
G1 X1533.8 Y675.3
G1 X1533.8 Y675.3
G1 X1532.7 Y673.0
G1 X1532.7 Y673.0
G1 X1535.725 Y675.325
G1 X1536.5 Y680.2
G1 X1536.5 Y680.2
G1 X1536.488 Y683.575
G1 X1538.5 Y686.8
G1 X1538.5 Y686.8
G1 X1540.2 Y690.0
G1 X1540.2 Y690.0
G1 X1537.0 Y686.9
M5; lift marker up
G4 P0.08
G0 X1549.0 Y698.6
M3 S1000;put marker down
G4 P0.2
G1 X1551.0 Y697.0
G1 X1551.0 Y697.0
G1 X1553.0 Y696.4
G1 X1553.0 Y696.4
G1 X1551.0 Y698.0
G1 X1551.0 Y698.0
G1 X1549.0 Y698.6
M5; lift marker up
G4 P0.08
G0 X1556.3 Y697.9
M3 S1000;put marker down
G4 P0.2
G1 X1558.0 Y692.0
G1 X1558.0 Y692.0
G1 X1557.4 Y685.6
G1 X1557.4 Y685.6
G1 X1554.93 Y684.089
G1 X1550.637 Y684.311
G1 X1546.5 Y686.2
G1 X1546.5 Y686.2
G1 X1543.7 Y688.3
G1 X1543.7 Y688.3
G1 X1544.9 Y686.2
G1 X1544.9 Y686.2
G1 X1548.8 Y683.5
G1 X1548.8 Y683.5
G1 X1553.3 Y682.5
G1 X1553.3 Y682.5
G1 X1556.122 Y683.115
G1 X1558.211 Y685.952
G1 X1559.3 Y690.7
G1 X1559.3 Y690.7
G1 X1559.25 Y695.188
G1 X1558.0 Y697.5
G1 X1558.0 Y697.5
G1 X1555.4 Y699.0
G1 X1555.4 Y699.0
G1 X1556.3 Y697.9
M5; lift marker up
G4 P0.08
G0 X1597.0 Y670.0
M3 S1000;put marker down
G4 P0.2
G1 X1596.3 Y668.4
G1 X1596.3 Y668.4
G1 X1598.2 Y668.8
G1 X1598.2 Y668.8
G1 X1597.0 Y670.0
M5; lift marker up
G4 P0.08
G0 X1616.4 Y687.8
M3 S1000;put marker down
G4 P0.2
G1 X1614.5 Y685.5
G1 X1614.5 Y685.5
G1 X1616.8 Y687.4
G1 X1616.8 Y687.4
G1 X1618.7 Y690.0
G1 X1618.7 Y690.0
G1 X1616.4 Y687.8
M5; lift marker up
G4 P0.08
G0 X1645.4 Y662.9
M3 S1000;put marker down
G4 P0.2
G1 X1645.9 Y662.4
G1 X1645.9 Y662.4
G1 X1648.1 Y660.1
G1 X1648.1 Y660.1
G1 X1652.3 Y657.1
G1 X1652.3 Y657.1
G1 X1655.5 Y657.2
G1 X1655.5 Y657.2
G1 X1652.5 Y657.9
G1 X1652.5 Y657.9
G1 X1649.0 Y660.9
G1 X1649.0 Y660.9
G1 X1645.4 Y662.9
M5; lift marker up
G4 P0.08
G0 X1651.8 Y651.7
M3 S1000;put marker down
G4 P0.2
G1 X1649.5 Y649.012
G1 X1647.2 Y646.1
G1 X1647.2 Y646.1
G1 X1642.2 Y643.0
G1 X1642.2 Y643.0
G1 X1639.0 Y642.412
G1 X1635.2 Y641.0
G1 X1635.2 Y641.0
G1 X1631.438 Y638.738
G1 X1631.5 Y634.9
G1 X1631.5 Y634.9
G1 X1632.2 Y630.7
G1 X1632.2 Y630.7
G1 X1625.1 Y631.4
G1 X1625.1 Y631.4
G1 X1620.015 Y631.785
G1 X1617.352 Y631.215
G1 X1615.0 Y629.2
G1 X1615.0 Y629.2
G1 X1612.07 Y625.304
G1 X1611.296 Y621.63
G1 X1612.7 Y618.2
G1 X1612.7 Y618.2
G1 X1617.25 Y614.925
G1 X1619.4 Y615.1
G1 X1619.4 Y615.1
G1 X1617.5 Y616.0
G1 X1617.5 Y616.0
G1 X1614.15 Y618.6
G1 X1612.0 Y622.7
G1 X1612.0 Y622.7
G1 X1615.4 Y627.6
G1 X1615.4 Y627.6
G1 X1617.996 Y629.9
G1 X1620.637 Y630.6
G1 X1625.5 Y630.3
G1 X1625.5 Y630.3
G1 X1631.107 Y630.2
G1 X1633.359 Y631.567
G1 X1632.9 Y634.8
G1 X1632.9 Y634.8
G1 X1632.9 Y638.3
G1 X1632.9 Y638.3
G1 X1635.726 Y639.881
G1 X1640.041 Y641.352
G1 X1643.8 Y642.0
G1 X1643.8 Y642.0
G1 X1646.312 Y643.212
G1 X1649.5 Y646.9
G1 X1649.5 Y646.9
G1 X1652.388 Y650.538
G1 X1654.3 Y652.3
G1 X1654.3 Y652.3
G1 X1654.8 Y653.5
G1 X1654.8 Y653.5
G1 X1651.8 Y651.7
M5; lift marker up
G4 P0.08
G0 X1648.0 Y609.0
M3 S1000;put marker down
G4 P0.2
G1 X1650.5 Y609.0
G1 X1650.5 Y609.0
G1 X1651.0 Y609.9
G1 X1651.0 Y609.9
G1 X1648.0 Y609.0
M5; lift marker up
G4 P0.08
G0 X1638.5 Y606.3
M3 S1000;put marker down
G4 P0.2
G1 X1635.5 Y604.8
G1 X1635.5 Y604.8
G1 X1637.4 Y604.512
G1 X1642.0 Y606.1
G1 X1642.0 Y606.1
G1 X1642.0 Y606.9
G1 X1642.0 Y606.9
G1 X1638.5 Y606.3
M5; lift marker up
G4 P0.08
G0 X1638.4 Y598.0
M3 S1000;put marker down
G4 P0.2
G1 X1636.33 Y596.596
G1 X1632.837 Y593.77
G1 X1628.7 Y590.1
G1 X1628.7 Y590.1
G1 X1625.466 Y587.244
G1 X1622.175 Y584.575
G1 X1619.222 Y582.394
G1 X1617.0 Y581.0
G1 X1617.0 Y581.0
G1 X1613.5 Y578.512
G1 X1610.9 Y575.5
G1 X1610.9 Y575.5
G1 X1608.762 Y572.662
G1 X1606.4 Y570.5
G1 X1606.4 Y570.5
G1 X1604.4 Y568.3
G1 X1604.4 Y568.3
G1 X1606.77 Y569.152
G1 X1610.23 Y571.981
G1 X1612.0 Y574.5
G1 X1612.0 Y574.5
G1 X1613.838 Y576.738
G1 X1618.3 Y580.1
G1 X1618.3 Y580.1
G1 X1620.592 Y581.75
G1 X1623.244 Y583.817
G1 X1626.04 Y586.119
G1 X1628.764 Y588.474
G1 X1631.2 Y590.7
G1 X1631.2 Y590.7
G1 X1636.193 Y595.148
G1 X1639.074 Y596.952
G1 X1640.0 Y596.2
G1 X1640.0 Y596.2
G1 X1638.973 Y593.68
G1 X1636.438 Y589.988
G1 X1633.208 Y586.202
G1 X1630.1 Y583.4
G1 X1630.1 Y583.4
G1 X1626.0 Y579.0
G1 X1626.0 Y579.0
G1 X1629.0 Y574.8
G1 X1629.0 Y574.8
G1 X1632.0 Y573.0
G1 X1632.0 Y573.0
G1 X1629.3 Y576.0
G1 X1629.3 Y576.0
G1 X1626.6 Y578.1
G1 X1626.6 Y578.1
G1 X1632.2 Y583.8
G1 X1632.2 Y583.8
G1 X1635.392 Y587.382
G1 X1638.176 Y591.093
G1 X1640.264 Y594.463
G1 X1641.368 Y597.022
G1 X1641.2 Y598.3
G1 X1641.2 Y598.3
G1 X1638.4 Y598.0
M5; lift marker up
G4 P0.08
G0 X1644.2 Y591.0
M3 S1000;put marker down
G4 P0.2
G1 X1640.4 Y586.3
G1 X1640.4 Y586.3
G1 X1639.5 Y582.3
G1 X1639.5 Y582.3
G1 X1641.6 Y578.5
G1 X1641.6 Y578.5
G1 X1644.0 Y574.1
G1 X1644.0 Y574.1
G1 X1647.0 Y569.1
G1 X1647.0 Y569.1
G1 X1649.6 Y565.1
G1 X1649.6 Y565.1
G1 X1645.3 Y563.5
G1 X1645.3 Y563.5
G1 X1641.65 Y562.508
G1 X1637.775 Y560.888
G1 X1634.163 Y558.873
G1 X1631.3 Y556.7
G1 X1631.3 Y556.7
G1 X1629.456 Y553.707
G1 X1629.011 Y550.093
G1 X1630.1 Y547.3
G1 X1630.1 Y547.3
G1 X1630.4 Y544.475
G1 X1625.9 Y542.1
G1 X1625.9 Y542.1
G1 X1621.141 Y540.344
G1 X1619.759 Y538.322
G1 X1621.0 Y534.9
G1 X1621.0 Y534.9
G1 X1625.5 Y531.0
G1 X1625.5 Y531.0
G1 X1629.0 Y529.0
G1 X1629.0 Y529.0
G1 X1633.5 Y527.0
G1 X1633.5 Y527.0
G1 X1637.0 Y527.9
G1 X1637.0 Y527.9
G1 X1634.1 Y528.8
G1 X1634.1 Y528.8
G1 X1629.5 Y530.4
G1 X1629.5 Y530.4
G1 X1626.0 Y532.0
G1 X1626.0 Y532.0
G1 X1622.6 Y534.525
G1 X1621.3 Y538.4
G1 X1621.3 Y538.4
G1 X1626.5 Y540.9
G1 X1626.5 Y540.9
G1 X1630.426 Y542.43
G1 X1631.841 Y544.804
G1 X1631.1 Y548.6
G1 X1631.1 Y548.6
G1 X1630.606 Y551.405
G1 X1631.215 Y554.007
G1 X1632.913 Y556.388
G1 X1635.685 Y558.526
G1 X1639.519 Y560.403
G1 X1644.4 Y562.0
G1 X1644.4 Y562.0
G1 X1649.537 Y564.026
G1 X1650.696 Y566.474
G1 X1648.1 Y569.9
G1 X1648.1 Y569.9
G1 X1645.5 Y574.2
G1 X1645.5 Y574.2
G1 X1643.5 Y578.0
G1 X1643.5 Y578.0
G1 X1641.233 Y581.519
G1 X1641.433 Y585.281
G1 X1644.1 Y589.0
G1 X1644.1 Y589.0
G1 X1649.5 Y590.8
G1 X1649.5 Y590.8
G1 X1653.6 Y591.0
G1 X1653.6 Y591.0
G1 X1653.7 Y591.6
G1 X1653.7 Y591.6
G1 X1649.6 Y592.0
G1 X1649.6 Y592.0
G1 X1644.2 Y591.0
M5; lift marker up
G4 P0.08
G0 X1635.8 Y571.3
M3 S1000;put marker down
G4 P0.2
G1 X1638.0 Y569.9
G1 X1638.0 Y569.9
G1 X1637.349 Y568.976
G1 X1635.478 Y567.572
G1 X1632.514 Y565.76
G1 X1628.579 Y563.612
G1 X1623.8 Y561.2
G1 X1623.8 Y561.2
G1 X1619.267 Y558.65
G1 X1615.812 Y556.025
G1 X1613.802 Y553.662
G1 X1613.6 Y551.9
G1 X1613.6 Y551.9
G1 X1619.1 Y551.0
G1 X1619.1 Y551.0
G1 X1623.725 Y549.963
G1 X1620.7 Y547.2
G1 X1620.7 Y547.2
G1 X1617.4 Y543.5
G1 X1617.4 Y543.5
G1 X1612.9 Y539.8
G1 X1612.9 Y539.8
G1 X1609.0 Y537.3
G1 X1609.0 Y537.3
G1 X1607.0 Y536.0
G1 X1607.0 Y536.0
G1 X1602.025 Y534.488
G1 X1599.0 Y532.0
G1 X1599.0 Y532.0
G1 X1596.7 Y531.0
G1 X1596.7 Y531.0
G1 X1592.889 Y530.554
G1 X1588.411 Y529.4
G1 X1583.95 Y527.812
G1 X1580.189 Y526.067
G1 X1577.811 Y524.438
G1 X1577.5 Y523.2
G1 X1577.5 Y523.2
G1 X1579.8 Y524.3
G1 X1579.8 Y524.3
G1 X1582.495 Y525.92
G1 X1586.512 Y527.438
G1 X1590.923 Y528.561
G1 X1594.8 Y529.0
G1 X1594.8 Y529.0
G1 X1600.5 Y531.5
G1 X1600.5 Y531.5
G1 X1603.2 Y533.55
G1 X1606.5 Y534.7
G1 X1606.5 Y534.7
G1 X1610.7 Y536.6
G1 X1610.7 Y536.6
G1 X1614.2 Y539.1
G1 X1614.2 Y539.1
G1 X1618.1 Y542.7
G1 X1618.1 Y542.7
G1 X1621.9 Y546.3
G1 X1621.9 Y546.3
G1 X1625.3 Y549.7
G1 X1625.3 Y549.7
G1 X1624.862 Y551.675
G1 X1620.3 Y552.0
G1 X1620.3 Y552.0
G1 X1615.2 Y553.8
G1 X1615.2 Y553.8
G1 X1615.891 Y554.652
G1 X1617.632 Y555.967
G1 X1620.309 Y557.678
G1 X1623.808 Y559.722
G1 X1628.015 Y562.033
G1 X1632.817 Y564.548
G1 X1638.1 Y567.2
G1 X1638.1 Y567.2
G1 X1639.4 Y569.8
G1 X1639.4 Y569.8
G1 X1636.8 Y571.9
G1 X1636.8 Y571.9
G1 X1635.8 Y571.3
M5; lift marker up
G4 P0.08
G0 X1633.0 Y534.1
M3 S1000;put marker down
G4 P0.2
G1 X1635.875 Y531.138
G1 X1639.8 Y529.0
G1 X1639.8 Y529.0
G1 X1640.6 Y525.1
G1 X1640.6 Y525.1
G1 X1640.4 Y522.1
G1 X1640.4 Y522.1
G1 X1641.3 Y522.8
G1 X1641.3 Y522.8
G1 X1641.9 Y525.4
G1 X1641.9 Y525.4
G1 X1642.675 Y527.975
G1 X1638.5 Y531.0
G1 X1638.5 Y531.0
G1 X1634.5 Y534.0
G1 X1634.5 Y534.0
G1 X1634.1 Y535.0
G1 X1634.1 Y535.0
G1 X1633.0 Y534.1
M5; lift marker up
G4 P0.08
G0 X1627.0 Y517.0
M3 S1000;put marker down
G4 P0.2
G1 X1625.981 Y514.763
G1 X1622.852 Y513.437
G1 X1617.5 Y513.0
G1 X1617.5 Y513.0
G1 X1612.312 Y512.512
G1 X1609.0 Y510.0
G1 X1609.0 Y510.0
G1 X1607.4 Y507.0
G1 X1607.4 Y507.0
G1 X1610.9 Y509.6
G1 X1610.9 Y509.6
G1 X1613.538 Y511.688
G1 X1617.6 Y511.6
G1 X1617.6 Y511.6
G1 X1622.533 Y511.581
G1 X1625.867 Y512.985
G1 X1627.8 Y515.9
G1 X1627.8 Y515.9
G1 X1627.9 Y519.0
G1 X1627.9 Y519.0
G1 X1627.0 Y517.0
M5; lift marker up
G4 P0.08
G0 X1598.0 Y507.1
M3 S1000;put marker down
G4 P0.2
G1 X1599.733 Y504.65599999999995
G1 X1603.733 Y502.078
G1 X1608.2 Y500.5
G1 X1608.2 Y500.5
G1 X1613.175 Y499.04999999999995
G1 X1615.0 Y497.0
G1 X1615.0 Y497.0
G1 X1613.62 Y495.378
G1 X1610.338 Y493.025
G1 X1606.436 Y490.784
G1 X1603.2 Y489.5
G1 X1603.2 Y489.5
G1 X1599.5 Y487.575
G1 X1599.7 Y484.9
G1 X1599.7 Y484.9
G1 X1602.238 Y483.988
G1 X1607.1 Y483.0
G1 X1607.1 Y483.0
G1 X1612.512 Y482.213
G1 X1616.5 Y481.5
G1 X1616.5 Y481.5
G1 X1615.5 Y482.4
G1 X1615.5 Y482.4
G1 X1611.7 Y483.538
G1 X1608.2 Y484.0
G1 X1608.2 Y484.0
G1 X1603.288 Y484.925
G1 X1601.0 Y486.9
G1 X1601.0 Y486.9
G1 X1604.1 Y488.4
G1 X1604.1 Y488.4
G1 X1607.381 Y489.783
G1 X1611.675 Y492.338
G1 X1615.406 Y495.023
G1 X1617.0 Y496.8
G1 X1617.0 Y496.8
G1 X1615.493 Y499.259
G1 X1611.941 Y501.207
G1 X1607.5 Y502.0
G1 X1607.5 Y502.0
G1 X1602.3 Y504.5
G1 X1602.3 Y504.5
G1 X1599.5 Y507.0
G1 X1599.5 Y507.0
G1 X1602.4 Y506.4
G1 X1602.4 Y506.4
G1 X1604.6 Y506.9
G1 X1604.6 Y506.9
G1 X1601.0 Y507.975
G1 X1598.0 Y507.1
M5; lift marker up
G4 P0.08
G0 X1589.1 Y520.8
M3 S1000;put marker down
G4 P0.2
G1 X1584.4 Y520.5
G1 X1584.4 Y520.5
G1 X1581.8 Y521.2
G1 X1581.8 Y521.2
G1 X1579.1 Y521.3
G1 X1579.1 Y521.3
G1 X1578.8 Y520.8
G1 X1578.8 Y520.8
G1 X1581.4 Y519.6
G1 X1581.4 Y519.6
G1 X1583.9 Y518.6
G1 X1583.9 Y518.6
G1 X1589.0 Y519.3
G1 X1589.0 Y519.3
G1 X1593.7 Y520.7
G1 X1593.7 Y520.7
G1 X1594.3 Y515.4
G1 X1594.3 Y515.4
G1 X1594.95 Y511.61199999999997
G1 X1596.5 Y515.1
G1 X1596.5 Y515.1
G1 X1595.6 Y520.5
G1 X1595.6 Y520.5
G1 X1593.212 Y522.788
G1 X1589.1 Y520.8
M5; lift marker up
G4 P0.08
G0 X1622.5 Y483.9
M3 S1000;put marker down
G4 P0.2
G1 X1620.5 Y482.0
G1 X1620.5 Y482.0
G1 X1623.8 Y483.6
G1 X1623.8 Y483.6
G1 X1627.2 Y484.4
G1 X1627.2 Y484.4
G1 X1627.6 Y484.8
G1 X1627.6 Y484.8
G1 X1622.5 Y483.9
M5; lift marker up
G4 P0.08
G0 X1628.0 Y480.2
M3 S1000;put marker down
G4 P0.2
G1 X1630.6 Y478.3
G1 X1630.6 Y478.3
G1 X1629.5 Y480.0
G1 X1629.5 Y480.0
G1 X1628.0 Y480.2
M5; lift marker up
G4 P0.08
G0 X1635.8 Y475.4
M3 S1000;put marker down
G4 P0.2
G1 X1639.57 Y472.178
G1 X1639.296 Y469.556
G1 X1635.0 Y467.6
G1 X1635.0 Y467.6
G1 X1630.353 Y466.134
G1 X1626.925 Y464.5
G1 X1624.509 Y462.566
G1 X1622.9 Y460.2
G1 X1622.9 Y460.2
G1 X1620.038 Y456.1
G1 X1615.9 Y455.0
G1 X1615.9 Y455.0
G1 X1612.0 Y453.4
G1 X1612.0 Y453.4
G1 X1613.8 Y448.8
G1 X1613.8 Y448.8
G1 X1616.8 Y445.7
G1 X1616.8 Y445.7
G1 X1622.9 Y447.0
G1 X1622.9 Y447.0
G1 X1628.504 Y447.789
G1 X1631.263 Y446.978
G1 X1632.0 Y444.3
G1 X1632.0 Y444.3
G1 X1631.47 Y441.033
G1 X1629.363 Y438.9
G1 X1624.9 Y437.1
G1 X1624.9 Y437.1
G1 X1619.2 Y434.2
G1 X1619.2 Y434.2
G1 X1622.4 Y431.5
G1 X1622.4 Y431.5
G1 X1625.438 Y429.588
G1 X1626.0 Y426.1
G1 X1626.0 Y426.1
G1 X1629.3 Y421.5
G1 X1629.3 Y421.5
G1 X1633.3 Y420.9
G1 X1633.3 Y420.9
G1 X1635.7 Y421.175
G1 X1640.2 Y421.6
G1 X1640.2 Y421.6
G1 X1644.988 Y422.2
G1 X1647.9 Y423.1
G1 X1647.9 Y423.1
G1 X1646.0 Y423.6
G1 X1646.0 Y423.6
G1 X1639.309 Y422.711
G1 X1634.925 Y422.263
G1 X1632.078 Y422.208
G1 X1630.0 Y422.5
G1 X1630.0 Y422.5
G1 X1627.0 Y426.6
G1 X1627.0 Y426.6
G1 X1624.0 Y431.8
G1 X1624.0 Y431.8
G1 X1622.3 Y435.0
G1 X1622.3 Y435.0
G1 X1626.504 Y435.626
G1 X1629.94 Y437.317
G1 X1632.344 Y439.795
G1 X1633.452 Y442.782
G1 X1633.0 Y446.0
G1 X1633.0 Y446.0
G1 X1630.438 Y449.25
G1 X1625.4 Y448.9
G1 X1625.4 Y448.9
G1 X1619.963 Y448.074
G1 X1616.304 Y448.426
G1 X1614.2 Y450.0
G1 X1614.2 Y450.0
G1 X1616.6 Y454.0
G1 X1616.6 Y454.0
G1 X1621.175 Y455.213
G1 X1623.8 Y458.9
G1 X1623.8 Y458.9
G1 X1625.874 Y462.152
G1 X1629.393 Y464.448
G1 X1634.2 Y465.7
G1 X1634.2 Y465.7
G1 X1639.625 Y467.312
G1 X1641.0 Y471.1
G1 X1641.0 Y471.1
G1 X1640.238 Y473.775
G1 X1637.0 Y476.0
G1 X1637.0 Y476.0
G1 X1632.388 Y477.912
G1 X1635.8 Y475.4
M5; lift marker up
G4 P0.08
G0 X1652.3 Y422.8
M3 S1000;put marker down
G4 P0.2
G1 X1654.8 Y421.3
G1 X1654.8 Y421.3
G1 X1651.4 Y425.0
G1 X1651.4 Y425.0
G1 X1652.3 Y422.8
M5; lift marker up
G4 P0.08
G0 X1653.3 Y396.8
M3 S1000;put marker down
G4 P0.2
G1 X1652.2 Y392.4
G1 X1652.2 Y392.4
G1 X1652.7 Y392.5
G1 X1652.7 Y392.5
G1 X1653.5 Y395.7
G1 X1653.5 Y395.7
G1 X1653.3 Y396.8
M5; lift marker up
G4 P0.08
G0 X1649.5 Y379.0
M3 S1000;put marker down
G4 P0.2
G1 X1649.9 Y378.0
G1 X1649.9 Y378.0
G1 X1651.0 Y379.0
G1 X1651.0 Y379.0
G1 X1650.6 Y380.0
G1 X1650.6 Y380.0
G1 X1649.5 Y379.0
M5; lift marker up
G4 P0.08
G0 X1644.6 Y373.7
M3 S1000;put marker down
G4 P0.2
G1 X1643.175 Y368.062
G1 X1645.5 Y365.2
G1 X1645.5 Y365.2
G1 X1645.8 Y366.0
G1 X1645.8 Y366.0
G1 X1644.075 Y369.262
G1 X1646.1 Y374.1
G1 X1646.1 Y374.1
G1 X1647.2 Y377.0
G1 X1647.2 Y377.0
G1 X1644.6 Y373.7
M5; lift marker up
G4 P0.08
G0 X1625.3 Y367.5
M3 S1000;put marker down
G4 P0.2
G1 X1625.207 Y363.167
G1 X1624.959 Y359.5
G1 X1624.6 Y357.3
G1 X1624.6 Y357.3
G1 X1624.8 Y355.0
G1 X1624.8 Y355.0
G1 X1625.777 Y356.486
G1 X1626.388 Y360.213
G1 X1626.53 Y365.083
G1 X1626.1 Y370.0
G1 X1626.1 Y370.0
G1 X1625.2 Y375.5
G1 X1625.2 Y375.5
G1 X1625.3 Y367.5
M5; lift marker up
G4 P0.08
G0 X1613.4 Y349.9
M3 S1000;put marker down
G4 P0.2
G1 X1614.1 Y349.2
G1 X1614.1 Y349.2
G1 X1618.25 Y348.062
G1 X1622.1 Y344.3
G1 X1622.1 Y344.3
G1 X1623.7 Y342.4
G1 X1623.7 Y342.4
G1 X1622.725 Y345.238
G1 X1618.6 Y348.9
G1 X1618.6 Y348.9
G1 X1613.4 Y349.9
M5; lift marker up
G4 P0.08
G0 X1609.6 Y351.5
M3 S1000;put marker down
G4 P0.2
G1 X1610.6 Y350.0
G1 X1610.6 Y350.0
G1 X1611.0 Y351.5
G1 X1611.0 Y351.5
G1 X1610.0 Y353.0
G1 X1610.0 Y353.0
G1 X1609.6 Y351.5
M5; lift marker up
G4 P0.08
G0 X1603.0 Y357.4
M3 S1000;put marker down
G4 P0.2
G1 X1607.4 Y354.0
G1 X1607.4 Y354.0
G1 X1606.5 Y356.0
G1 X1606.5 Y356.0
G1 X1603.0 Y357.4
M5; lift marker up
G4 P0.08
G0 X1600.2 Y363.0
M3 S1000;put marker down
G4 P0.2
G1 X1601.7 Y363.5
G1 X1601.7 Y363.5
G1 X1600.0 Y365.0
G1 X1600.0 Y365.0
G1 X1600.2 Y363.0
M5; lift marker up
G4 P0.08
G0 X1595.0 Y358.0
M3 S1000;put marker down
G4 P0.2
G1 X1597.5 Y357.7
G1 X1597.5 Y357.7
G1 X1601.75 Y358.612
G1 X1599.4 Y359.0
G1 X1599.4 Y359.0
G1 X1595.0 Y358.0
M5; lift marker up
G4 P0.08
G0 X1599.0 Y383.2
M3 S1000;put marker down
G4 P0.2
G1 X1600.122 Y380.967
G1 X1603.311 Y378.2
G1 X1608.3 Y375.1
G1 X1608.3 Y375.1
G1 X1613.5 Y373.0
G1 X1613.5 Y373.0
G1 X1608.0 Y376.5
G1 X1608.0 Y376.5
G1 X1604.025 Y378.975
G1 X1601.1 Y381.6
G1 X1601.1 Y381.6
G1 X1599.0 Y383.2
M5; lift marker up
G4 P0.08
G0 X1620.0 Y391.9
M3 S1000;put marker down
G4 P0.2
G1 X1615.6 Y387.4
G1 X1615.6 Y387.4
G1 X1615.975 Y384.825
G1 X1619.2 Y381.2
G1 X1619.2 Y381.2
G1 X1624.0 Y377.6
G1 X1624.0 Y377.6
G1 X1620.7 Y381.3
G1 X1620.7 Y381.3
G1 X1617.507 Y384.993
G1 X1617.359 Y388.174
G1 X1620.3 Y391.0
G1 X1620.3 Y391.0
G1 X1623.933 Y392.404
G1 X1627.3 Y392.03
G1 X1630.2 Y389.9
G1 X1630.2 Y389.9
G1 X1632.4 Y388.8
G1 X1632.4 Y388.8
G1 X1631.025 Y391.362
G1 X1626.5 Y393.4
G1 X1626.5 Y393.4
G1 X1623.4 Y393.362
G1 X1620.0 Y391.9
M5; lift marker up
G4 P0.08
G0 X1612.0 Y423.3
M3 S1000;put marker down
G4 P0.2
G1 X1614.862 Y420.95
G1 X1616.0 Y417.1
G1 X1616.0 Y417.1
G1 X1616.712 Y414.923
G1 X1618.775 Y412.362
G1 X1622.075 Y409.52
G1 X1626.5 Y406.5
G1 X1626.5 Y406.5
G1 X1631.8 Y402.6
G1 X1631.8 Y402.6
G1 X1634.0 Y401.7
G1 X1634.0 Y401.7
G1 X1629.2 Y405.8
G1 X1629.2 Y405.8
G1 X1624.59 Y408.802
G1 X1621.147 Y411.501
G1 X1618.789 Y413.979
G1 X1617.434 Y416.318
G1 X1617.0 Y418.6
G1 X1617.0 Y418.6
G1 X1615.562 Y422.562
G1 X1611.8 Y423.9
G1 X1611.8 Y423.9
G1 X1612.0 Y423.3
M5; lift marker up
G4 P0.08
G0 X1604.0 Y427.9
M3 S1000;put marker down
G4 P0.2
G1 X1604.6 Y425.4
G1 X1604.6 Y425.4
G1 X1603.7 Y424.0
G1 X1603.7 Y424.0
G1 X1606.4 Y423.4
G1 X1606.4 Y423.4
G1 X1607.1 Y425.7
G1 X1607.1 Y425.7
G1 X1603.9 Y428.7
G1 X1603.9 Y428.7
G1 X1601.5 Y429.0
G1 X1601.5 Y429.0
G1 X1604.0 Y427.9
M5; lift marker up
G4 P0.08
G0 X1585.5 Y406.3
M3 S1000;put marker down
G4 P0.2
G1 X1590.088 Y404.338
G1 X1594.0 Y401.7
G1 X1594.0 Y401.7
G1 X1596.0 Y400.5
G1 X1596.0 Y400.5
G1 X1593.217 Y403.414
G1 X1589.712 Y405.812
G1 X1586.002 Y407.405
G1 X1582.6 Y407.9
G1 X1582.6 Y407.9
G1 X1585.5 Y406.3
M5; lift marker up
G4 P0.08
G0 X1566.5 Y413.1
M3 S1000;put marker down
G4 P0.2
G1 X1572.5 Y410.6
G1 X1572.5 Y410.6
G1 X1575.5 Y408.8
G1 X1575.5 Y408.8
G1 X1572.5 Y411.4
G1 X1572.5 Y411.4
G1 X1566.5 Y413.9
G1 X1566.5 Y413.9
G1 X1563.5 Y413.8
G1 X1563.5 Y413.8
G1 X1566.5 Y413.1
M5; lift marker up
G4 P0.08
G0 X1568.4 Y427.6
M3 S1000;put marker down
G4 P0.2
G1 X1569.8 Y425.0
G1 X1569.8 Y425.0
G1 X1569.6 Y428.3
G1 X1569.6 Y428.3
G1 X1568.4 Y427.6
M5; lift marker up
G4 P0.08
G0 X1568.7 Y439.4
M3 S1000;put marker down
G4 P0.2
G1 X1563.5 Y438.8
G1 X1563.5 Y438.8
G1 X1559.0 Y438.1
G1 X1559.0 Y438.1
G1 X1561.196 Y437.522
G1 X1565.77 Y437.544
G1 X1569.7 Y438.1
G1 X1569.7 Y438.1
G1 X1575.2 Y434.9
G1 X1575.2 Y434.9
G1 X1578.122 Y432.859
G1 X1581.311 Y431.241
G1 X1584.5 Y430.2
G1 X1584.5 Y430.2
G1 X1588.75 Y429.414
G1 X1593.159 Y428.883
G1 X1597.093 Y428.645
G1 X1599.918 Y428.738
G1 X1601.0 Y429.2
G1 X1601.0 Y429.2
G1 X1596.6 Y430.0
G1 X1596.6 Y430.0
G1 X1592.682 Y430.201
G1 X1588.629 Y430.742
G1 X1584.835 Y431.534
G1 X1581.694 Y432.483
G1 X1579.6 Y433.5
G1 X1579.6 Y433.5
G1 X1572.907 Y438.363
G1 X1569.993 Y439.937
G1 X1568.7 Y439.4
M5; lift marker up
G4 P0.08
G0 X1548.5 Y450.3
M3 S1000;put marker down
G4 P0.2
G1 X1543.211 Y448.481
G1 X1542.656 Y447.419
G1 X1547.3 Y448.0
G1 X1547.3 Y448.0
G1 X1552.244 Y448.419
G1 X1555.856 Y447.215
G1 X1558.4 Y444.3
G1 X1558.4 Y444.3
G1 X1560.0 Y442.8
G1 X1560.0 Y442.8
G1 X1558.625 Y446.488
G1 X1555.0 Y449.5
G1 X1555.0 Y449.5
G1 X1551.862 Y450.8
G1 X1548.5 Y450.3
M5; lift marker up
G4 P0.08
G0 X1539.5 Y446.0
M3 S1000;put marker down
G4 P0.2
G1 X1539.9 Y445.0
G1 X1539.9 Y445.0
G1 X1541.0 Y446.0
G1 X1541.0 Y446.0
G1 X1540.6 Y447.0
G1 X1540.6 Y447.0
G1 X1539.5 Y446.0
M5; lift marker up
G4 P0.08
G0 X1535.7 Y449.0
M3 S1000;put marker down
G4 P0.2
G1 X1536.1 Y446.4
G1 X1536.1 Y446.4
G1 X1537.0 Y448.4
G1 X1537.0 Y448.4
G1 X1535.7 Y449.0
M5; lift marker up
G4 P0.08
G0 X1532.5 Y456.3
M3 S1000;put marker down
G4 P0.2
G1 X1536.4 Y453.7
G1 X1536.4 Y453.7
G1 X1538.2 Y451.5
G1 X1538.2 Y451.5
G1 X1536.8 Y454.0
G1 X1536.8 Y454.0
G1 X1532.9 Y456.7
G1 X1532.9 Y456.7
G1 X1532.5 Y456.3
M5; lift marker up
G4 P0.08
G0 X1530.9 Y478.2
M3 S1000;put marker down
G4 P0.2
G1 X1532.5 Y475.0
G1 X1532.5 Y475.0
G1 X1532.8 Y474.4
G1 X1532.8 Y474.4
G1 X1531.3 Y478.9
G1 X1531.3 Y478.9
G1 X1528.5 Y480.1
G1 X1528.5 Y480.1
G1 X1530.9 Y478.2
M5; lift marker up
G4 P0.08
G0 X1523.3 Y482.3
M3 S1000;put marker down
G4 P0.2
G1 X1526.3 Y482.3
G1 X1526.3 Y482.3
G1 X1524.5 Y482.8
G1 X1524.5 Y482.8
G1 X1523.3 Y482.3
M5; lift marker up
G4 P0.08
G0 X1571.3 Y472.3
M3 S1000;put marker down
G4 P0.2
G1 X1574.3 Y472.3
G1 X1574.3 Y472.3
G1 X1572.5 Y472.8
G1 X1572.5 Y472.8
G1 X1571.3 Y472.3
M5; lift marker up
G4 P0.08
G0 X1543.2 Y427.5
M3 S1000;put marker down
G4 P0.2
G1 X1549.7 Y426.5
G1 X1549.7 Y426.5
G1 X1553.448 Y426.244
G1 X1557.685 Y425.922
G1 X1561.5 Y425.6
G1 X1561.5 Y425.6
G1 X1564.0 Y426.0
G1 X1564.0 Y426.0
G1 X1560.938 Y426.59
G1 X1556.541 Y427.122
G1 X1551.688 Y427.538
G1 X1547.259 Y427.778
G1 X1544.137 Y427.785
G1 X1543.2 Y427.5
M5; lift marker up
G4 P0.08
G0 X1535.9 Y426.4
M3 S1000;put marker down
G4 P0.2
G1 X1535.8 Y423.2
G1 X1535.8 Y423.2
G1 X1538.0 Y419.3
G1 X1538.0 Y419.3
G1 X1541.0 Y417.0
G1 X1541.0 Y417.0
G1 X1544.9 Y416.0
G1 X1544.9 Y416.0
G1 X1547.367 Y415.184
G1 X1551.534 Y414.128
G1 X1556.146 Y413.12
G1 X1559.953 Y412.448
G1 X1561.7 Y412.4
G1 X1561.7 Y412.4
G1 X1557.3 Y413.9
G1 X1557.3 Y413.9
G1 X1554.015 Y414.756
G1 X1549.952 Y415.944
G1 X1546.0 Y417.2
G1 X1546.0 Y417.2
G1 X1540.339 Y419.673
G1 X1536.938 Y422.438
G1 X1536.142 Y425.033
G1 X1538.3 Y427.0
G1 X1538.3 Y427.0
G1 X1538.9 Y427.9
G1 X1538.9 Y427.9
G1 X1535.9 Y426.4
M5; lift marker up
G4 P0.08
G0 X1507.3 Y435.9
M3 S1000;put marker down
G4 P0.2
G1 X1510.0 Y432.7
G1 X1510.0 Y432.7
G1 X1510.9 Y432.2
G1 X1510.9 Y432.2
G1 X1509.475 Y435.312
G1 X1506.7 Y437.0
G1 X1506.7 Y437.0
G1 X1507.3 Y435.9
M5; lift marker up
G4 P0.08
G0 X1495.5 Y419.4
M3 S1000;put marker down
G4 P0.2
G1 X1497.5 Y415.9
G1 X1497.5 Y415.9
G1 X1498.0 Y414.5
G1 X1498.0 Y414.5
G1 X1498.925 Y415.875
G1 X1496.7 Y419.8
G1 X1496.7 Y419.8
G1 X1493.775 Y421.925
G1 X1495.5 Y419.4
M5; lift marker up
G4 P0.08
G0 X1495.2 Y413.4
M3 S1000;put marker down
G4 P0.2
G1 X1497.4 Y412.1
G1 X1497.4 Y412.1
G1 X1495.7 Y413.9
G1 X1495.7 Y413.9
G1 X1495.2 Y413.4
M5; lift marker up
G4 P0.08
G0 X1490.0 Y421.9
M3 S1000;put marker down
G4 P0.2
G1 X1491.0 Y421.5
G1 X1491.0 Y421.5
G1 X1492.0 Y422.6
G1 X1492.0 Y422.6
G1 X1491.0 Y423.0
G1 X1491.0 Y423.0
G1 X1490.0 Y421.9
M5; lift marker up
G4 P0.08
G0 X1490.0 Y402.5
M3 S1000;put marker down
G4 P0.2
G1 X1485.838 Y401.112
G1 X1484.0 Y402.2
G1 X1484.0 Y402.2
G1 X1483.4 Y402.7
G1 X1483.4 Y402.7
G1 X1483.9 Y400.6
G1 X1483.9 Y400.6
G1 X1487.738 Y400.025
G1 X1492.1 Y402.6
G1 X1492.1 Y402.6
G1 X1490.0 Y402.5
M5; lift marker up
G4 P0.08
G0 X1507.8 Y388.3
M3 S1000;put marker down
G4 P0.2
G1 X1509.7 Y388.4
G1 X1509.7 Y388.4
G1 X1508.4 Y388.9
G1 X1508.4 Y388.9
G1 X1507.8 Y388.3
M5; lift marker up
G4 P0.08
G0 X1523.0 Y378.0
M3 S1000;put marker down
G4 P0.2
G1 X1528.8 Y376.4
G1 X1528.8 Y376.4
G1 X1526.933 Y377.596
G1 X1522.6 Y379.17
G1 X1519.2 Y379.9
G1 X1519.2 Y379.9
G1 X1523.0 Y378.0
M5; lift marker up
G4 P0.08
G0 X1533.9 Y373.9
M3 S1000;put marker down
G4 P0.2
G1 X1537.738 Y372.35
G1 X1540.9 Y371.4
G1 X1540.9 Y371.4
G1 X1537.5 Y373.4
G1 X1537.5 Y373.4
G1 X1532.988 Y375.213
G1 X1530.5 Y375.9
G1 X1530.5 Y375.9
G1 X1533.9 Y373.9
M5; lift marker up
G4 P0.08
G0 X1555.5 Y380.0
M3 S1000;put marker down
G4 P0.2
G1 X1552.7 Y377.0
G1 X1552.7 Y377.0
G1 X1557.012 Y379.963
G1 X1559.9 Y383.0
G1 X1559.9 Y383.0
G1 X1555.5 Y380.0
M5; lift marker up
G4 P0.08
G0 X1564.6 Y367.0
M3 S1000;put marker down
G4 P0.2
G1 X1568.4 Y363.8
G1 X1568.4 Y363.8
G1 X1570.0 Y362.8
G1 X1570.0 Y362.8
G1 X1567.862 Y366.062
G1 X1564.3 Y367.9
G1 X1564.3 Y367.9
G1 X1564.6 Y367.0
M5; lift marker up
G4 P0.08
G0 X1552.0 Y342.2
M3 S1000;put marker down
G4 P0.2
G1 X1554.89 Y340.042
G1 X1557.813 Y337.509
G1 X1560.611 Y334.755
G1 X1563.126 Y331.934
G1 X1565.2 Y329.2
G1 X1565.2 Y329.2
G1 X1567.506 Y326.125
G1 X1570.444 Y322.6
G1 X1573.6 Y319.075
G1 X1576.556 Y316.0
G1 X1578.894 Y313.825
G1 X1580.2 Y313.0
G1 X1580.2 Y313.0
G1 X1576.3 Y317.8
G1 X1576.3 Y317.8
G1 X1574.078 Y320.069
G1 X1571.65 Y322.75
G1 X1569.297 Y325.506
G1 X1567.3 Y328.0
G1 X1567.3 Y328.0
G1 X1564.427 Y331.694
G1 X1561.536 Y335.079
G1 X1558.728 Y338.057
G1 X1556.107 Y340.528
G1 X1553.777 Y342.392
G1 X1551.84 Y343.549
G1 X1550.4 Y343.9
G1 X1550.4 Y343.9
G1 X1552.0 Y342.2
M5; lift marker up
G4 P0.08
G0 X1537.0 Y316.0
M3 S1000;put marker down
G4 P0.2
G1 X1539.0 Y313.312
G1 X1542.5 Y309.2
G1 X1542.5 Y309.2
G1 X1545.545 Y306.223
G1 X1548.826 Y303.715
G1 X1552.262 Y301.712
G1 X1555.774 Y300.252
G1 X1559.28 Y299.369
G1 X1562.7 Y299.1
G1 X1562.7 Y299.1
G1 X1567.5 Y299.2
G1 X1567.5 Y299.2
G1 X1562.0 Y300.1
G1 X1562.0 Y300.1
G1 X1558.321 Y300.838
G1 X1555.133 Y301.837
G1 X1552.212 Y303.225
G1 X1549.333 Y305.13
G1 X1546.271 Y307.679
G1 X1542.8 Y311.0
G1 X1542.8 Y311.0
G1 X1538.325 Y315.225
G1 X1537.0 Y316.0
M5; lift marker up
G4 P0.08
G0 X1519.8 Y326.3
M3 S1000;put marker down
G4 P0.2
G1 X1521.7 Y326.4
G1 X1521.7 Y326.4
G1 X1520.4 Y326.9
G1 X1520.4 Y326.9
G1 X1519.8 Y326.3
M5; lift marker up
G4 P0.08
G0 X1509.8 Y328.3
M3 S1000;put marker down
G4 P0.2
G1 X1511.7 Y328.4
G1 X1511.7 Y328.4
G1 X1510.4 Y328.9
G1 X1510.4 Y328.9
G1 X1509.8 Y328.3
M5; lift marker up
G4 P0.08
G0 X1501.0 Y323.6
M3 S1000;put marker down
G4 P0.2
G1 X1502.163 Y320.911
G1 X1504.704 Y316.956
G1 X1507.2 Y314.0
G1 X1507.2 Y314.0
G1 X1508.838 Y311.188
G1 X1510.1 Y306.5
G1 X1510.1 Y306.5
G1 X1511.081 Y301.797
G1 X1512.09 Y298.634
G1 X1513.47 Y296.514
G1 X1515.559 Y294.935
G1 X1518.7 Y293.4
G1 X1518.7 Y293.4
G1 X1522.033 Y292.048
G1 X1524.812 Y291.362
G1 X1527.911 Y291.22
G1 X1532.2 Y291.5
G1 X1532.2 Y291.5
G1 X1539.025 Y291.712
G1 X1540.6 Y289.6
G1 X1540.6 Y289.6
G1 X1542.2 Y287.0
G1 X1542.2 Y287.0
G1 X1542.6 Y288.6
G1 X1542.6 Y288.6
G1 X1542.0 Y291.0
G1 X1542.0 Y291.0
G1 X1540.726 Y292.781
G1 X1537.274 Y293.452
G1 X1532.2 Y292.9
G1 X1532.2 Y292.9
G1 X1526.925 Y292.2
G1 X1523.3 Y293.3
G1 X1523.3 Y293.3
G1 X1518.2 Y295.0
G1 X1518.2 Y295.0
G1 X1514.625 Y296.962
G1 X1513.0 Y301.4
G1 X1513.0 Y301.4
G1 X1512.477 Y305.378
G1 X1511.138 Y309.675
G1 X1509.33 Y313.409
G1 X1507.4 Y315.7
G1 X1507.4 Y315.7
G1 X1505.0 Y318.5
G1 X1505.0 Y318.5
G1 X1503.038 Y322.1
G1 X1501.0 Y323.6
M5; lift marker up
G4 P0.08
G0 X1484.2 Y331.0
M3 S1000;put marker down
G4 P0.2
G1 X1483.9 Y329.0
G1 X1483.9 Y329.0
G1 X1485.7 Y332.6
G1 X1485.7 Y332.6
G1 X1484.2 Y331.0
M5; lift marker up
G4 P0.08
G0 X1478.0 Y330.5
M3 S1000;put marker down
G4 P0.2
G1 X1481.9 Y328.0
G1 X1481.9 Y328.0
G1 X1479.5 Y330.462
G1 X1475.6 Y333.0
G1 X1475.6 Y333.0
G1 X1478.0 Y330.5
M5; lift marker up
G4 P0.08
G0 X1471.0 Y331.0
M3 S1000;put marker down
G4 P0.2
G1 X1472.5 Y330.0
G1 X1472.5 Y330.0
G1 X1474.0 Y330.4
G1 X1474.0 Y330.4
G1 X1472.5 Y331.4
G1 X1472.5 Y331.4
G1 X1471.0 Y331.0
M5; lift marker up
G4 P0.08
G0 X1466.0 Y329.0
M3 S1000;put marker down
G4 P0.2
G1 X1465.5 Y328.1
G1 X1465.5 Y328.1
G1 X1469.0 Y329.0
G1 X1469.0 Y329.0
G1 X1466.0 Y329.0
M5; lift marker up
G4 P0.08
G0 X1471.0 Y313.8
M3 S1000;put marker down
G4 P0.2
G1 X1470.314 Y311.008
G1 X1469.8 Y308.006
G1 X1469.457 Y304.755
G1 X1469.286 Y301.218
G1 X1469.286 Y297.355
G1 X1469.457 Y293.129
G1 X1469.8 Y288.5
G1 X1469.8 Y288.5
G1 X1470.7 Y278.5
G1 X1470.7 Y278.5
G1 X1470.6 Y294.0
G1 X1470.6 Y294.0
G1 X1470.6 Y299.866
G1 X1470.72 Y304.667
G1 X1470.96 Y308.465
G1 X1471.32 Y311.322
G1 X1471.8 Y313.3
G1 X1471.8 Y313.3
G1 X1472.8 Y317.6
G1 X1472.8 Y317.6
G1 X1471.0 Y313.8
M5; lift marker up
G4 P0.08
G0 X1467.3 Y285.5
M3 S1000;put marker down
G4 P0.2
G1 X1467.7 Y283.8
G1 X1467.7 Y283.8
G1 X1467.7 Y287.8
G1 X1467.7 Y287.8
G1 X1467.3 Y285.5
M5; lift marker up
G4 P0.08
G0 X1460.3 Y276.8
M3 S1000;put marker down
G4 P0.2
G1 X1458.0 Y274.8
G1 X1458.0 Y274.8
G1 X1463.0 Y276.0
G1 X1463.0 Y276.0
G1 X1464.5 Y277.9
G1 X1464.5 Y277.9
G1 X1460.3 Y276.8
M5; lift marker up
G4 P0.08
G0 X1454.1 Y272.4
M3 S1000;put marker down
G4 P0.2
G1 X1454.7 Y271.8
G1 X1454.7 Y271.8
G1 X1454.6 Y273.7
G1 X1454.6 Y273.7
G1 X1454.1 Y272.4
M5; lift marker up
G4 P0.08
G0 X1455.1 Y269.5
M3 S1000;put marker down
G4 P0.2
G1 X1455.412 Y266.775
G1 X1456.4 Y261.5
G1 X1456.4 Y261.5
G1 X1457.211 Y257.33
G1 X1457.956 Y253.07
G1 X1458.5 Y249.7
G1 X1458.5 Y249.7
G1 X1459.6 Y245.3
G1 X1459.6 Y245.3
G1 X1459.639 Y246.81900000000002
G1 X1459.248 Y250.322
G1 X1458.562 Y254.97500000000002
G1 X1457.719 Y259.944
G1 X1456.852 Y264.397
G1 X1456.1 Y267.5
G1 X1456.1 Y267.5
G1 X1455.1 Y269.5
M5; lift marker up
G4 P0.08
G0 X1447.7 Y269.5
M3 S1000;put marker down
G4 P0.2
G1 X1450.8 Y264.4
G1 X1450.8 Y264.4
G1 X1449.759 Y267.37
G1 X1447.274 Y272.363
G1 X1445.5 Y275.0
G1 X1445.5 Y275.0
G1 X1447.7 Y269.5
M5; lift marker up
G4 P0.08
G0 X1451.1 Y263.0
M3 S1000;put marker down
G4 P0.2
G1 X1453.0 Y257.5
G1 X1453.0 Y257.5
G1 X1454.9 Y254.0
G1 X1454.9 Y254.0
G1 X1453.959 Y257.2
G1 X1452.174 Y261.467
G1 X1451.1 Y263.0
M5; lift marker up
G4 P0.08
G0 X1452.1 Y280.0
M3 S1000;put marker down
G4 P0.2
G1 X1453.0 Y276.5
G1 X1453.0 Y276.5
G1 X1453.9 Y276.0
G1 X1453.9 Y276.0
G1 X1453.0 Y279.5
G1 X1453.0 Y279.5
G1 X1452.1 Y280.0
M5; lift marker up
G4 P0.08
G0 X1438.0 Y286.2
M3 S1000;put marker down
G4 P0.2
G1 X1440.1 Y283.4
G1 X1440.1 Y283.4
G1 X1441.1 Y283.7
G1 X1441.1 Y283.7
G1 X1438.0 Y286.2
M5; lift marker up
G4 P0.08
G0 X1424.0 Y276.1
M3 S1000;put marker down
G4 P0.2
G1 X1428.5 Y274.6
G1 X1428.5 Y274.6
G1 X1430.0 Y274.9
G1 X1430.0 Y274.9
G1 X1425.5 Y276.4
G1 X1425.5 Y276.4
G1 X1424.0 Y276.1
M5; lift marker up
G4 P0.08
G0 X1418.0 Y277.0
M3 S1000;put marker down
G4 P0.2
G1 X1419.4 Y276.0
G1 X1419.4 Y276.0
G1 X1421.5 Y277.0
G1 X1421.5 Y277.0
G1 X1420.1 Y278.0
G1 X1420.1 Y278.0
G1 X1418.0 Y277.0
M5; lift marker up
G4 P0.08
G0 X1413.6 Y274.5
M3 S1000;put marker down
G4 P0.2
G1 X1409.725 Y272.075
G1 X1405.4 Y272.8
G1 X1405.4 Y272.8
G1 X1405.5 Y272.3
G1 X1405.5 Y272.3
G1 X1411.2 Y270.9
G1 X1411.2 Y270.9
G1 X1414.938 Y273.988
G1 X1416.2 Y277.0
G1 X1416.2 Y277.0
G1 X1413.6 Y274.5
M5; lift marker up
G4 P0.08
G0 X1399.3 Y275.3
M3 S1000;put marker down
G4 P0.2
G1 X1402.3 Y275.3
G1 X1402.3 Y275.3
G1 X1400.5 Y275.8
G1 X1400.5 Y275.8
G1 X1399.3 Y275.3
M5; lift marker up
G4 P0.08
G0 X1386.0 Y291.0
M3 S1000;put marker down
G4 P0.2
G1 X1387.431 Y288.853
G1 X1390.625 Y285.45
G1 X1393.931 Y282.422
G1 X1395.7 Y281.4
G1 X1395.7 Y281.4
G1 X1392.7 Y286.0
G1 X1392.7 Y286.0
G1 X1388.9 Y289.1
G1 X1388.9 Y289.1
G1 X1386.0 Y291.0
M5; lift marker up
G4 P0.08
G0 X1400.4 Y249.39999999999998
M3 S1000;put marker down
G4 P0.2
G1 X1399.5 Y247.0
G1 X1399.5 Y247.0
G1 X1398.0 Y249.0
G1 X1398.0 Y249.0
G1 X1400.4 Y249.39999999999998
M5; lift marker up
G4 P0.08
G0 X1403.0 Y249.39999999999998
M3 S1000;put marker down
G4 P0.2
G1 X1402.0 Y248.5
G1 X1402.0 Y248.5
G1 X1401.5 Y250.10000000000002
G1 X1401.5 Y250.10000000000002
G1 X1403.0 Y249.39999999999998
M5; lift marker up
G4 P0.08
G0 X1407.7 Y246.2
M3 S1000;put marker down
G4 P0.2
G1 X1410.388 Y243.76299999999998
G1 X1413.0 Y241.7
G1 X1413.0 Y241.7
G1 X1415.5 Y239.9
G1 X1415.5 Y239.9
G1 X1412.5 Y240.5
G1 X1412.5 Y240.5
G1 X1409.007 Y242.267
G1 X1405.559 Y245.3
G1 X1404.0 Y248.0
G1 X1404.0 Y248.0
G1 X1407.7 Y246.2
M5; lift marker up
G4 P0.08
G0 X1402.0 Y242.5
M3 S1000;put marker down
G4 P0.2
G1 X1405.4 Y238.5
G1 X1405.4 Y238.5
G1 X1407.25 Y237.631
G1 X1409.775 Y237.475
G1 X1414.062 Y238.106
G1 X1421.2 Y239.6
G1 X1421.2 Y239.6
G1 X1423.655 Y239.573
G1 X1424.938 Y237.888
G1 X1425.152 Y234.158
G1 X1424.4 Y228.0
G1 X1424.4 Y228.0
G1 X1423.752 Y223.067
G1 X1423.281 Y218.333
G1 X1423.1 Y214.8
G1 X1423.1 Y214.8
G1 X1423.0 Y210.0
G1 X1423.0 Y210.0
G1 X1417.1 Y210.0
G1 X1417.1 Y210.0
G1 X1411.867 Y210.593
G1 X1408.833 Y212.207
G1 X1408.4 Y214.6
G1 X1408.4 Y214.6
G1 X1408.962 Y217.738
G1 X1409.6 Y223.5
G1 X1409.6 Y223.5
G1 X1410.344 Y229.026
G1 X1411.289 Y231.041
G1 X1412.3 Y229.3
G1 X1412.3 Y229.3
G1 X1412.9 Y229.5
G1 X1412.9 Y229.5
G1 X1411.9 Y231.438
G1 X1407.3 Y233.0
G1 X1407.3 Y233.0
G1 X1403.244 Y234.278
G1 X1401.256 Y235.956
G1 X1399.8 Y239.3
G1 X1399.8 Y239.3
G1 X1398.562 Y244.60000000000002
G1 X1400.1 Y245.39999999999998
G1 X1400.1 Y245.39999999999998
G1 X1402.0 Y242.5
M5; lift marker up
G4 P0.08
G0 X1407.8 Y239.1
M3 S1000;put marker down
G4 P0.2
G1 X1404.875 Y240.913
G1 X1403.0 Y244.60000000000002
G1 X1403.0 Y244.60000000000002
G1 X1405.9 Y242.8
G1 X1405.9 Y242.8
G1 X1407.8 Y239.1
M5; lift marker up
G4 P0.08
G0 X1418.0 Y236.0
M3 S1000;put marker down
G4 P0.2
G1 X1419.5 Y235.0
G1 X1419.5 Y235.0
G1 X1421.0 Y235.4
G1 X1421.0 Y235.4
G1 X1419.5 Y236.4
G1 X1419.5 Y236.4
G1 X1418.0 Y236.0
M5; lift marker up
G4 P0.08
G0 X1419.0 Y245.10000000000002
M3 S1000;put marker down
G4 P0.2
G1 X1419.9 Y244.8
G1 X1419.9 Y244.8
G1 X1421.3 Y244.60000000000002
G1 X1421.3 Y244.60000000000002
G1 X1417.1 Y241.0
G1 X1417.1 Y241.0
G1 X1415.438 Y243.27499999999998
G1 X1415.5 Y247.8
G1 X1415.5 Y247.8
G1 X1417.6 Y248.60000000000002
G1 X1417.6 Y248.60000000000002
G1 X1419.0 Y245.10000000000002
M5; lift marker up
G4 P0.08
G0 X1423.1 Y252.0
M3 S1000;put marker down
G4 P0.2
G1 X1424.875 Y249.47500000000002
G1 X1424.4 Y245.60000000000002
G1 X1424.4 Y245.60000000000002
G1 X1422.0 Y245.39999999999998
G1 X1422.0 Y245.39999999999998
G1 X1419.4 Y249.89999999999998
G1 X1419.4 Y249.89999999999998
G1 X1419.0 Y253.0
G1 X1419.0 Y253.0
G1 X1423.1 Y252.0
M5; lift marker up
G4 P0.08
G0 X1416.4 Y254.39999999999998
M3 S1000;put marker down
G4 P0.2
G1 X1415.7 Y252.10000000000002
G1 X1415.7 Y252.10000000000002
G1 X1415.1 Y249.60000000000002
G1 X1415.1 Y249.60000000000002
G1 X1414.0 Y246.39999999999998
G1 X1414.0 Y246.39999999999998
G1 X1412.738 Y244.188
G1 X1408.1 Y247.89999999999998
G1 X1408.1 Y247.89999999999998
G1 X1404.3 Y250.988
G1 X1400.8 Y252.2
G1 X1400.8 Y252.2
G1 X1397.2 Y248.5
G1 X1397.2 Y248.5
G1 X1397.256 Y244.003
G1 X1398.025 Y239.375
G1 X1399.281 Y235.534
G1 X1400.8 Y233.4
G1 X1400.8 Y233.4
G1 X1405.8 Y231.5
G1 X1405.8 Y231.5
G1 X1408.6 Y230.312
G1 X1408.4 Y226.2
G1 X1408.4 Y226.2
G1 X1407.738 Y221.712
G1 X1407.0 Y217.6
G1 X1407.0 Y217.6
G1 X1406.674 Y213.847
G1 X1407.533 Y211.074
G1 X1409.635 Y209.226
G1 X1413.038 Y208.253
G1 X1417.8 Y208.1
G1 X1417.8 Y208.1
G1 X1423.5 Y208.4
G1 X1423.5 Y208.4
G1 X1424.1 Y201.4
G1 X1424.1 Y201.4
G1 X1424.707 Y197.304
G1 X1425.626 Y193.363
G1 X1426.7 Y190.4
G1 X1426.7 Y190.4
G1 X1428.65 Y186.1
G1 X1430.6 Y181.2
G1 X1430.6 Y181.2
G1 X1431.85 Y176.675
G1 X1431.0 Y175.0
G1 X1431.0 Y175.0
G1 X1429.857 Y175.418
G1 X1428.209 Y177.444
G1 X1426.257 Y180.66
G1 X1424.2 Y184.65
G1 X1422.236 Y188.996
G1 X1420.566 Y193.281
G1 X1419.387 Y197.088
G1 X1418.9 Y200.0
G1 X1418.9 Y200.0
G1 X1418.8 Y204.5
G1 X1418.8 Y204.5
G1 X1417.0 Y199.5
G1 X1417.0 Y199.5
G1 X1416.155 Y196.625
G1 X1415.562 Y193.225
G1 X1415.214 Y189.038
G1 X1415.1 Y183.8
G1 X1415.1 Y183.8
G1 X1414.915 Y176.644
G1 X1414.352 Y173.622
G1 X1413.1 Y173.0
G1 X1413.1 Y173.0
G1 X1411.867 Y173.611
G1 X1411.1 Y176.289
G1 X1410.4 Y182.3
G1 X1410.4 Y182.3
G1 X1410.126 Y185.598
G1 X1409.909 Y189.295
G1 X1409.759 Y193.093
G1 X1409.686 Y196.694
G1 X1409.7 Y199.8
G1 X1409.7 Y199.8
G1 X1409.625 Y205.962
G1 X1408.8 Y208.0
G1 X1408.8 Y208.0
G1 X1408.33 Y207.191
G1 X1408.113 Y204.6
G1 X1408.139 Y199.984
G1 X1408.4 Y193.1
G1 X1408.4 Y193.1
G1 X1408.706 Y184.928
G1 X1408.675 Y180.375
G1 X1408.231 Y178.334
G1 X1407.3 Y177.7
G1 X1407.3 Y177.7
G1 X1407.3 Y177.1
G1 X1407.3 Y177.1
G1 X1407.0 Y172.5
G1 X1407.0 Y172.5
G1 X1405.0 Y170.9
G1 X1405.0 Y170.9
G1 X1407.638 Y168.962
G1 X1412.9 Y168.0
G1 X1412.9 Y168.0
G1 X1416.3 Y171.8
G1 X1416.3 Y171.8
G1 X1416.613 Y175.5
G1 X1416.4 Y179.2
G1 X1416.4 Y179.2
G1 X1416.159 Y181.989
G1 X1416.207 Y185.778
G1 X1416.5 Y189.7
G1 X1416.5 Y189.7
G1 X1417.325 Y194.925
G1 X1418.3 Y194.0
G1 X1418.3 Y194.0
G1 X1419.433 Y191.511
G1 X1421.367 Y187.422
G1 X1423.7 Y182.6
G1 X1423.7 Y182.6
G1 X1426.515 Y176.474
G1 X1427.285 Y173.393
G1 X1426.5 Y171.4
G1 X1426.5 Y171.4
G1 X1427.0 Y168.0
G1 X1427.0 Y168.0
G1 X1432.2 Y169.688
G1 X1435.0 Y172.8
G1 X1435.0 Y172.8
G1 X1434.633 Y174.32
G1 X1433.638 Y177.238
G1 X1432.173 Y181.111
G1 X1430.4 Y185.5
G1 X1430.4 Y185.5
G1 X1428.758 Y189.51
G1 X1427.552 Y192.702
G1 X1426.703 Y195.445
G1 X1426.132 Y198.106
G1 X1425.76 Y201.057
G1 X1425.509 Y204.665
G1 X1425.3 Y209.3
G1 X1425.3 Y209.3
G1 X1425.096 Y216.37
G1 X1425.27 Y220.596
G1 X1425.8 Y222.0
G1 X1425.8 Y222.0
G1 X1426.584 Y223.69
G1 X1426.912 Y227.795
G1 X1426.808 Y232.865
G1 X1426.296 Y237.45
G1 X1425.4 Y240.1
G1 X1425.4 Y240.1
G1 X1425.5 Y244.60000000000002
G1 X1425.5 Y244.60000000000002
G1 X1426.9 Y248.64999999999998
G1 X1425.3 Y251.8
G1 X1425.3 Y251.8
G1 X1420.962 Y254.188
G1 X1416.4 Y254.39999999999998
M5; lift marker up
G4 P0.08
G0 X1428.2 Y233.5
M3 S1000;put marker down
G4 P0.2
G1 X1428.512 Y229.875
G1 X1429.5 Y224.0
G1 X1429.5 Y224.0
G1 X1430.422 Y219.056
G1 X1430.678 Y218.644
G1 X1430.4 Y222.5
G1 X1430.4 Y222.5
G1 X1429.563 Y228.93
G1 X1428.637 Y233.537
G1 X1428.2 Y233.5
M5; lift marker up
G4 P0.08
G0 X1437.7 Y229.3
M3 S1000;put marker down
G4 P0.2
G1 X1438.256 Y223.726
G1 X1438.678 Y222.907
G1 X1438.9 Y227.0
G1 X1438.9 Y227.0
G1 X1438.688 Y231.263
G1 X1438.1 Y233.8
G1 X1438.1 Y233.8
G1 X1437.7 Y229.3
M5; lift marker up
G4 P0.08
G0 X1443.3 Y228.5
M3 S1000;put marker down
G4 P0.2
G1 X1443.7 Y226.8
G1 X1443.7 Y226.8
G1 X1443.7 Y230.8
G1 X1443.7 Y230.8
G1 X1443.3 Y228.5
M5; lift marker up
G4 P0.08
G0 X1445.2 Y232.5
M3 S1000;put marker down
G4 P0.2
G1 X1445.7 Y231.3
G1 X1445.7 Y231.3
G1 X1445.7 Y234.3
G1 X1445.7 Y234.3
G1 X1445.2 Y232.5
M5; lift marker up
G4 P0.08
G0 X1448.2 Y233.0
M3 S1000;put marker down
G4 P0.2
G1 X1448.7 Y231.8
G1 X1448.7 Y231.8
G1 X1448.7 Y234.3
G1 X1448.7 Y234.3
G1 X1448.2 Y233.0
M5; lift marker up
G4 P0.08
G0 X1453.2 Y229.0
M3 S1000;put marker down
G4 P0.2
G1 X1453.253 Y224.97
G1 X1453.4 Y220.988
G1 X1453.622 Y217.511
G1 X1453.9 Y215.0
G1 X1453.9 Y215.0
G1 X1454.65 Y212.413
G1 X1454.8 Y218.0
G1 X1454.8 Y218.0
G1 X1454.731 Y221.411
G1 X1454.55 Y225.188
G1 X1454.294 Y228.87
G1 X1454.0 Y232.0
G1 X1454.0 Y232.0
G1 X1453.504 Y236.2
G1 X1453.296 Y235.4
G1 X1453.2 Y229.0
M5; lift marker up
G4 P0.08
G0 X1457.4 Y224.5
M3 S1000;put marker down
G4 P0.2
G1 X1457.475 Y218.45
G1 X1457.7 Y219.3
G1 X1457.7 Y219.3
G1 X1457.833 Y222.93
G1 X1457.833 Y226.87
G1 X1457.7 Y230.3
G1 X1457.7 Y230.3
G1 X1457.475 Y230.775
G1 X1457.4 Y224.5
M5; lift marker up
G4 P0.08
G0 X1460.4 Y224.5
M3 S1000;put marker down
G4 P0.2
G1 X1460.475 Y219.0
G1 X1460.7 Y219.8
G1 X1460.7 Y219.8
G1 X1460.833 Y223.104
G1 X1460.833 Y226.696
G1 X1460.7 Y229.8
G1 X1460.7 Y229.8
G1 X1460.475 Y230.188
G1 X1460.4 Y224.5
M5; lift marker up
G4 P0.08
G0 X1463.3 Y227.0
M3 S1000;put marker down
G4 P0.2
G1 X1463.7 Y223.3
G1 X1463.7 Y223.3
G1 X1463.85 Y227.013
G1 X1463.7 Y230.8
G1 X1463.7 Y230.8
G1 X1463.3 Y227.0
M5; lift marker up
G4 P0.08
G0 X1471.7 Y223.5
M3 S1000;put marker down
G4 P0.2
G1 X1471.252 Y218.948
G1 X1470.781 Y214.685
G1 X1470.4 Y211.6
G1 X1470.4 Y211.6
G1 X1470.7 Y208.3
G1 X1470.7 Y208.3
G1 X1471.559 Y209.922
G1 X1472.374 Y213.274
G1 X1473.05 Y217.588
G1 X1473.493 Y222.093
G1 X1473.607 Y226.02
G1 X1473.3 Y228.6
G1 X1473.3 Y228.6
G1 X1472.35 Y229.612
G1 X1471.7 Y223.5
M5; lift marker up
G4 P0.08
G0 X1449.3 Y218.0
M3 S1000;put marker down
G4 P0.2
G1 X1449.7 Y215.3
G1 X1449.7 Y215.3
G1 X1449.7 Y220.8
G1 X1449.7 Y220.8
G1 X1449.3 Y218.0
M5; lift marker up
G4 P0.08
G0 X1446.3 Y220.0
M3 S1000;put marker down
G4 P0.2
G1 X1446.7 Y217.8
G1 X1446.7 Y217.8
G1 X1446.7 Y222.3
G1 X1446.7 Y222.3
G1 X1446.3 Y220.0
M5; lift marker up
G4 P0.08
G0 X1444.3 Y218.0
M3 S1000;put marker down
G4 P0.2
G1 X1444.7 Y215.3
G1 X1444.7 Y215.3
G1 X1444.7 Y220.8
G1 X1444.7 Y220.8
G1 X1444.3 Y218.0
M5; lift marker up
G4 P0.08
G0 X1439.3 Y216.5
M3 S1000;put marker down
G4 P0.2
G1 X1439.7 Y214.3
G1 X1439.7 Y214.3
G1 X1439.7 Y219.3
G1 X1439.7 Y219.3
G1 X1439.3 Y216.5
M5; lift marker up
G4 P0.08
G0 X1434.2 Y223.0
M3 S1000;put marker down
G4 P0.2
G1 X1434.363 Y219.362
G1 X1434.9 Y215.5
G1 X1434.9 Y215.5
G1 X1435.8 Y214.5
G1 X1435.8 Y214.5
G1 X1435.6 Y217.95
G1 X1435.1 Y222.0
G1 X1435.1 Y222.0
G1 X1434.2 Y223.0
M5; lift marker up
G4 P0.08
G0 X1427.2 Y218.5
M3 S1000;put marker down
G4 P0.2
G1 X1427.7 Y217.3
G1 X1427.7 Y217.3
G1 X1427.7 Y220.3
G1 X1427.7 Y220.3
G1 X1427.2 Y218.5
M5; lift marker up
G4 P0.08
G0 X1428.1 Y213.4
M3 S1000;put marker down
G4 P0.2
G1 X1428.7 Y212.8
G1 X1428.7 Y212.8
G1 X1428.6 Y214.7
G1 X1428.6 Y214.7
G1 X1428.1 Y213.4
M5; lift marker up
G4 P0.08
G0 X1431.1 Y213.4
M3 S1000;put marker down
G4 P0.2
G1 X1431.7 Y212.8
G1 X1431.7 Y212.8
G1 X1431.6 Y214.7
G1 X1431.6 Y214.7
G1 X1431.1 Y213.4
M5; lift marker up
G4 P0.08
G0 X1429.2 Y208.5
M3 S1000;put marker down
G4 P0.2
G1 X1429.7 Y207.3
G1 X1429.7 Y207.3
G1 X1429.7 Y210.3
G1 X1429.7 Y210.3
G1 X1429.2 Y208.5
M5; lift marker up
G4 P0.08
G0 X1430.8 Y197.3
M3 S1000;put marker down
G4 P0.2
G1 X1434.8 Y197.3
G1 X1434.8 Y197.3
G1 X1432.5 Y197.7
G1 X1432.5 Y197.7
G1 X1430.8 Y197.3
M5; lift marker up
G4 P0.08
G0 X1430.0 Y192.6
M3 S1000;put marker down
G4 P0.2
G1 X1433.4 Y191.8
G1 X1433.4 Y191.8
G1 X1436.4 Y192.2
G1 X1436.4 Y192.2
G1 X1433.012 Y193.0
G1 X1430.0 Y192.6
M5; lift marker up
G4 P0.08
G0 X1438.8 Y191.3
M3 S1000;put marker down
G4 P0.2
G1 X1440.7 Y191.4
G1 X1440.7 Y191.4
G1 X1439.4 Y191.9
G1 X1439.4 Y191.9
G1 X1438.8 Y191.3
M5; lift marker up
G4 P0.08
G0 X1443.8 Y191.3
M3 S1000;put marker down
G4 P0.2
G1 X1447.8 Y191.3
G1 X1447.8 Y191.3
G1 X1445.5 Y191.7
G1 X1445.5 Y191.7
G1 X1443.8 Y191.3
M5; lift marker up
G4 P0.08
G0 X1444.3 Y196.3
M3 S1000;put marker down
G4 P0.2
G1 X1449.8 Y196.3
G1 X1449.8 Y196.3
G1 X1447.0 Y196.7
G1 X1447.0 Y196.7
G1 X1444.3 Y196.3
M5; lift marker up
G4 P0.08
G0 X1455.8 Y190.3
M3 S1000;put marker down
G4 P0.2
G1 X1461.8 Y190.3
G1 X1461.8 Y190.3
G1 X1458.5 Y190.7
G1 X1458.5 Y190.7
G1 X1455.8 Y190.3
M5; lift marker up
G4 P0.08
G0 X1456.0 Y205.0
M3 S1000;put marker down
G4 P0.2
G1 X1457.1 Y204.0
G1 X1457.1 Y204.0
G1 X1457.5 Y205.0
G1 X1457.5 Y205.0
G1 X1456.4 Y206.0
G1 X1456.4 Y206.0
G1 X1456.0 Y205.0
M5; lift marker up
G4 P0.08
G0 X1447.1 Y210.4
M3 S1000;put marker down
G4 P0.2
G1 X1447.7 Y209.8
G1 X1447.7 Y209.8
G1 X1447.6 Y211.7
G1 X1447.6 Y211.7
G1 X1447.1 Y210.4
M5; lift marker up
G4 P0.08
G0 X1445.2 Y210.0
M3 S1000;put marker down
G4 P0.2
G1 X1445.7 Y208.8
G1 X1445.7 Y208.8
G1 X1445.7 Y211.3
G1 X1445.7 Y211.3
G1 X1445.2 Y210.0
M5; lift marker up
G4 P0.08
G0 X1458.0 Y243.3
M3 S1000;put marker down
G4 P0.2
G1 X1459.5 Y240.4
G1 X1459.5 Y240.4
G1 X1460.3 Y240.8
G1 X1460.3 Y240.8
G1 X1458.0 Y243.3
M5; lift marker up
G4 P0.08
G0 X1468.6 Y249.89999999999998
M3 S1000;put marker down
G4 P0.2
G1 X1466.1 Y246.3
G1 X1467.5 Y243.0
G1 X1467.5 Y243.0
G1 X1468.5 Y238.8
G1 X1468.5 Y238.8
G1 X1470.3 Y237.9
G1 X1470.3 Y237.9
G1 X1472.57 Y240.115
G1 X1476.53 Y240.752
G1 X1480.0 Y239.5
G1 X1480.0 Y239.5
G1 X1482.0 Y236.3
G1 X1482.0 Y236.3
G1 X1479.6 Y235.013
G1 X1476.0 Y236.5
G1 X1476.0 Y236.5
G1 X1473.0 Y237.2
G1 X1473.0 Y237.2
G1 X1476.5 Y234.4
G1 X1476.5 Y234.4
G1 X1482.0 Y233.8
G1 X1482.0 Y233.8
G1 X1483.453 Y234.509
G1 X1484.325 Y233.7
G1 X1485.009 Y230.341
G1 X1485.9 Y223.4
G1 X1485.9 Y223.4
G1 X1486.654 Y216.73
G1 X1486.985 Y212.085
G1 X1486.879 Y209.115
G1 X1486.322 Y207.47
G1 X1485.3 Y206.8
G1 X1485.3 Y206.8
G1 X1481.812 Y206.625
G1 X1476.0 Y206.9
G1 X1476.0 Y206.9
G1 X1468.5 Y207.5
G1 X1468.5 Y207.5
G1 X1468.2 Y221.3
G1 X1468.2 Y221.3
G1 X1468.041 Y226.816
G1 X1467.75 Y231.15
G1 X1467.384 Y233.984
G1 X1467.0 Y235.0
G1 X1467.0 Y235.0
G1 X1466.549 Y234.066
G1 X1466.242 Y231.562
G1 X1466.074 Y227.934
G1 X1466.038 Y223.625
G1 X1466.128 Y219.082
G1 X1466.339 Y214.75
G1 X1466.665 Y211.074
G1 X1467.1 Y208.5
G1 X1467.1 Y208.5
G1 X1468.012 Y204.375
G1 X1468.7 Y200.1
G1 X1468.7 Y200.1
G1 X1469.2 Y195.7
G1 X1469.2 Y195.7
G1 X1461.4 Y196.2
G1 X1461.4 Y196.2
G1 X1455.5 Y196.0
G1 X1455.5 Y196.0
G1 X1458.55 Y195.362
G1 X1463.1 Y195.1
G1 X1463.1 Y195.1
G1 X1468.7 Y195.0
G1 X1468.7 Y195.0
G1 X1472.4 Y189.4
G1 X1472.4 Y189.4
G1 X1474.496 Y186.185
G1 X1476.504 Y183.015
G1 X1478.0 Y180.6
G1 X1478.0 Y180.6
G1 X1477.8 Y175.2
G1 X1477.8 Y175.2
G1 X1478.9 Y171.6
G1 X1478.9 Y171.6
G1 X1484.3 Y172.1
G1 X1484.3 Y172.1
G1 X1487.883 Y172.208
G1 X1489.712 Y173.413
G1 X1490.136 Y176.361
G1 X1489.5 Y181.7
G1 X1489.5 Y181.7
G1 X1488.687 Y187.139
G1 X1488.055 Y192.203
G1 X1487.611 Y196.722
G1 X1487.365 Y200.529
G1 X1487.325 Y203.457
G1 X1487.501 Y205.336
G1 X1487.9 Y206.0
G1 X1487.9 Y206.0
G1 X1488.572 Y206.923
G1 X1488.908 Y209.546
G1 X1488.908 Y213.646
G1 X1488.572 Y219.005
G1 X1487.9 Y225.4
G1 X1487.9 Y225.4
G1 X1487.175 Y230.172
G1 X1486.375 Y233.5
G1 X1485.312 Y236.003
G1 X1483.8 Y238.3
G1 X1483.8 Y238.3
G1 X1478.9 Y242.0
G1 X1478.9 Y242.0
G1 X1477.0 Y245.0
G1 X1477.0 Y245.0
G1 X1475.3 Y249.55
G1 X1472.1 Y252.0
G1 X1472.1 Y252.0
G1 X1468.6 Y249.89999999999998
M5; lift marker up
G4 P0.08
G0 X1474.4 Y247.8
M3 S1000;put marker down
G4 P0.2
G1 X1475.9 Y244.163
G1 X1473.8 Y242.10000000000002
G1 X1473.8 Y242.10000000000002
G1 X1469.888 Y242.675
G1 X1468.0 Y246.10000000000002
G1 X1468.0 Y246.10000000000002
G1 X1472.2 Y250.0
G1 X1472.2 Y250.0
G1 X1474.4 Y247.8
M5; lift marker up
G4 P0.08
G0 X1468.8 Y273.6
M3 S1000;put marker down
G4 P0.2
G1 X1468.1 Y269.5
G1 X1468.1 Y269.5
G1 X1470.0 Y273.588
G1 X1470.7 Y277.6
G1 X1470.7 Y277.6
G1 X1468.8 Y273.6
M5; lift marker up
G4 P0.08
G0 X1495.8 Y286.8
M3 S1000;put marker down
G4 P0.2
G1 X1493.2 Y282.0
G1 X1493.2 Y282.0
G1 X1492.007 Y279.348
G1 X1489.593 Y278.585
G1 X1485.0 Y279.4
G1 X1485.0 Y279.4
G1 X1486.9 Y278.0
G1 X1486.9 Y278.0
G1 X1490.919 Y276.744
G1 X1493.248 Y277.622
G1 X1494.0 Y280.7
G1 X1494.0 Y280.7
G1 X1496.5 Y285.5
G1 X1496.5 Y285.5
G1 X1495.8 Y286.8
M5; lift marker up
G4 P0.08
G0 X1507.2 Y286.2
M3 S1000;put marker down
G4 P0.2
G1 X1511.656 Y282.637
G1 X1512.778 Y282.163
G1 X1510.5 Y284.8
G1 X1510.5 Y284.8
G1 X1507.375 Y287.763
G1 X1505.3 Y289.0
G1 X1505.3 Y289.0
G1 X1507.2 Y286.2
M5; lift marker up
G4 P0.08
G0 X1521.0 Y279.6
M3 S1000;put marker down
G4 P0.2
G1 X1522.838 Y277.013
G1 X1527.3 Y272.1
G1 X1527.3 Y272.1
G1 X1529.983 Y268.967
G1 X1532.712 Y265.412
G1 X1535.161 Y261.877
G1 X1537.0 Y258.8
G1 X1537.0 Y258.8
G1 X1539.538 Y254.188
G1 X1540.8 Y252.5
G1 X1540.8 Y252.5
G1 X1540.383 Y254.09500000000003
G1 X1538.738 Y257.462
G1 X1536.398 Y261.598
G1 X1533.9 Y265.5
G1 X1533.9 Y265.5
G1 X1531.253 Y268.963
G1 X1527.89 Y272.926
G1 X1524.562 Y276.566
G1 X1522.015 Y279.065
G1 X1521.0 Y279.6
M5; lift marker up
G4 P0.08
G0 X1531.0 Y273.4
M3 S1000;put marker down
G4 P0.2
G1 X1534.2 Y268.2
G1 X1534.2 Y268.2
G1 X1536.285 Y265.004
G1 X1538.615 Y261.163
G1 X1540.7 Y257.5
G1 X1540.7 Y257.5
G1 X1544.0 Y252.3
G1 X1544.0 Y252.3
G1 X1543.361 Y254.243
G1 X1541.718 Y257.742
G1 X1539.486 Y261.998
G1 X1537.075 Y266.217
G1 X1534.9 Y269.6
G1 X1534.9 Y269.6
G1 X1531.0 Y273.4
M5; lift marker up
G4 P0.08
G0 X1542.0 Y284.5
M3 S1000;put marker down
G4 P0.2
G1 X1545.9 Y282.4
G1 X1545.9 Y282.4
G1 X1549.275 Y280.362
G1 X1550.4 Y275.7
G1 X1550.4 Y275.7
G1 X1550.528 Y273.974
G1 X1550.65 Y271.382
G1 X1550.762 Y268.075
G1 X1550.858 Y264.203
G1 X1550.934 Y259.916
G1 X1550.983 Y255.365
G1 X1551.0 Y250.7
G1 X1551.0 Y250.7
G1 X1551.045 Y244.478
G1 X1551.166 Y239.111
G1 X1551.346 Y234.925
G1 X1551.563 Y232.246
G1 X1551.8 Y231.4
G1 X1551.8 Y231.4
G1 X1552.01 Y232.204
G1 X1552.177 Y234.206
G1 X1552.304 Y237.204
G1 X1552.391 Y240.997
G1 X1552.438 Y245.38400000000001
G1 X1552.447 Y250.164
G1 X1552.418 Y255.13400000000001
G1 X1552.353 Y260.094
G1 X1552.251 Y264.843
G1 X1552.114 Y269.18
G1 X1551.943 Y272.902
G1 X1551.738 Y275.809
G1 X1551.5 Y277.7
G1 X1551.5 Y277.7
G1 X1552.6 Y282.3
G1 X1552.6 Y282.3
G1 X1552.1 Y282.5
G1 X1552.1 Y282.5
G1 X1546.4 Y283.6
G1 X1546.4 Y283.6
G1 X1542.0 Y284.5
M5; lift marker up
G4 P0.08
G0 X1569.3 Y283.4
M3 S1000;put marker down
G4 P0.2
G1 X1568.99 Y281.633
G1 X1568.942 Y278.828
G1 X1569.126 Y275.24
G1 X1569.512 Y271.125
G1 X1570.072 Y266.738
G1 X1570.777 Y262.334
G1 X1571.596 Y258.17
G1 X1572.5 Y254.5
G1 X1572.5 Y254.5
G1 X1574.422 Y246.904
G1 X1574.878 Y243.063
G1 X1574.0 Y242.0
G1 X1574.0 Y242.0
G1 X1573.0 Y244.60000000000002
G1 X1573.0 Y244.60000000000002
G1 X1572.307 Y248.574
G1 X1570.482 Y251.35700000000003
G1 X1567.902 Y252.743
G1 X1564.949 Y252.526
G1 X1562.0 Y250.5
G1 X1562.0 Y250.5
G1 X1561.3 Y248.0
G1 X1561.3 Y248.0
G1 X1564.0 Y250.0
G1 X1564.0 Y250.0
G1 X1566.4 Y252.0
G1 X1566.4 Y252.0
G1 X1569.325 Y250.10000000000002
G1 X1571.5 Y245.8
G1 X1571.5 Y245.8
G1 X1569.5 Y241.39999999999998
G1 X1569.5 Y241.39999999999998
G1 X1563.85 Y239.462
G1 X1561.5 Y240.9
G1 X1561.5 Y240.9
G1 X1560.9 Y241.3
G1 X1560.9 Y241.3
G1 X1560.7 Y237.7
G1 X1560.7 Y237.7
G1 X1560.2 Y233.6
G1 X1560.2 Y233.6
G1 X1558.925 Y230.763
G1 X1558.7 Y224.7
G1 X1558.7 Y224.7
G1 X1558.704 Y219.909
G1 X1558.42 Y215.17
G1 X1557.944 Y211.258
G1 X1557.372 Y208.943
G1 X1556.8 Y209.0
G1 X1556.8 Y209.0
G1 X1556.05 Y211.675
G1 X1555.0 Y216.0
G1 X1555.0 Y216.0
G1 X1553.781 Y220.757
G1 X1552.494 Y224.534
G1 X1551.098 Y227.434
G1 X1549.547 Y229.555
G1 X1547.8 Y231.0
G1 X1547.8 Y231.0
G1 X1545.1 Y233.488
G1 X1542.7 Y237.1
G1 X1542.7 Y237.1
G1 X1538.5 Y241.89999999999998
G1 X1538.5 Y241.89999999999998
G1 X1535.015 Y243.959
G1 X1530.952 Y247.707
G1 X1529.0 Y250.7
G1 X1529.0 Y250.7
G1 X1523.8 Y254.0
G1 X1523.8 Y254.0
G1 X1520.0 Y251.812
G1 X1518.9 Y248.2
G1 X1518.9 Y248.2
G1 X1519.738 Y244.72500000000002
G1 X1520.5 Y238.7
G1 X1520.5 Y238.7
G1 X1520.819 Y233.607
G1 X1520.515 Y230.759
G1 X1519.5 Y229.0
G1 X1519.5 Y229.0
G1 X1518.353 Y226.027
G1 X1518.425 Y221.862
G1 X1519.584 Y217.567
G1 X1521.7 Y214.2
G1 X1521.7 Y214.2
G1 X1525.1 Y212.325
G1 X1530.3 Y213.6
G1 X1530.3 Y213.6
G1 X1531.575 Y213.206
G1 X1532.7 Y210.975
G1 X1533.675 Y206.906
G1 X1534.5 Y201.0
G1 X1534.5 Y201.0
G1 X1534.874 Y198.571
G1 X1535.479 Y195.106
G1 X1536.257 Y190.934
G1 X1537.15 Y186.389
G1 X1538.1 Y181.8
G1 X1538.1 Y181.8
G1 X1539.228 Y176.459
G1 X1540.15 Y172.0
G1 X1540.772 Y168.891
G1 X1541.0 Y167.6
G1 X1541.0 Y167.6
G1 X1538.8 Y166.7
G1 X1538.8 Y166.7
G1 X1536.5 Y166.3
G1 X1536.5 Y166.3
G1 X1538.8 Y166.1
G1 X1538.8 Y166.1
G1 X1538.5 Y164.0
G1 X1538.5 Y164.0
G1 X1538.6 Y161.0
G1 X1538.6 Y161.0
G1 X1542.885 Y160.048
G1 X1546.681 Y160.319
G1 X1548.7 Y161.7
G1 X1548.7 Y161.7
G1 X1548.788 Y164.925
G1 X1548.2 Y170.4
G1 X1548.2 Y170.4
G1 X1547.559 Y174.67
G1 X1546.941 Y179.03
G1 X1546.5 Y182.5
G1 X1546.5 Y182.5
G1 X1545.9 Y187.5
G1 X1545.9 Y187.5
G1 X1549.8 Y180.3
G1 X1549.8 Y180.3
G1 X1551.97 Y176.419
G1 X1553.83 Y173.248
G1 X1555.0 Y171.5
G1 X1555.0 Y171.5
G1 X1555.1 Y167.4
G1 X1555.1 Y167.4
G1 X1556.8 Y162.8
G1 X1556.8 Y162.8
G1 X1559.5 Y161.6
G1 X1559.5 Y161.6
G1 X1555.5 Y161.1
G1 X1555.5 Y161.1
G1 X1552.019 Y159.97
G1 X1551.222 Y158.255
G1 X1552.814 Y156.305
G1 X1556.505 Y154.47
G1 X1562.0 Y153.1
G1 X1562.0 Y153.1
G1 X1565.956 Y152.904
G1 X1567.644 Y154.796
G1 X1568.0 Y159.8
G1 X1568.0 Y159.8
G1 X1569.8 Y163.0
G1 X1569.8 Y163.0
G1 X1570.3 Y163.8
G1 X1570.3 Y163.8
G1 X1569.748 Y165.111
G1 X1570.152 Y168.289
G1 X1571.6 Y174.0
G1 X1571.6 Y174.0
G1 X1572.967 Y178.87
G1 X1574.133 Y182.563
G1 X1574.9 Y184.3
G1 X1574.9 Y184.3
G1 X1575.834 Y183.874
G1 X1577.209 Y181.537
G1 X1578.867 Y177.683
G1 X1580.65 Y172.706
G1 X1582.4 Y167.0
G1 X1582.4 Y167.0
G1 X1583.689 Y162.493
G1 X1584.778 Y158.874
G1 X1585.4 Y156.9
G1 X1585.4 Y156.9
G1 X1584.1 Y154.7
G1 X1584.1 Y154.7
G1 X1582.15 Y153.012
G1 X1585.0 Y150.5
G1 X1585.0 Y150.5
G1 X1590.0 Y149.9
G1 X1590.0 Y149.9
G1 X1586.9 Y151.4
G1 X1586.9 Y151.4
G1 X1584.525 Y152.962
G1 X1588.9 Y153.4
G1 X1588.9 Y153.4
G1 X1591.94 Y153.174
G1 X1593.684 Y153.989
G1 X1594.228 Y156.287
G1 X1593.668 Y160.51
G1 X1592.1 Y167.1
G1 X1592.1 Y167.1
G1 X1591.26 Y170.612
G1 X1590.45 Y174.39
G1 X1589.681 Y178.344
G1 X1588.967 Y182.385
G1 X1588.319 Y186.425
G1 X1587.75 Y190.375
G1 X1587.273 Y194.146
G1 X1586.9 Y197.648
G1 X1586.644 Y200.794
G1 X1586.517 Y203.494
G1 X1586.531 Y205.659
G1 X1586.7 Y207.2
G1 X1586.7 Y207.2
G1 X1588.7 Y211.9
G1 X1588.7 Y211.9
G1 X1589.6 Y214.7
G1 X1589.6 Y214.7
G1 X1589.125 Y217.838
G1 X1588.8 Y223.3
G1 X1588.8 Y223.3
G1 X1588.2 Y226.5
G1 X1588.2 Y226.5
G1 X1587.8 Y222.5
G1 X1587.8 Y222.5
G1 X1585.4 Y227.5
G1 X1585.4 Y227.5
G1 X1583.744 Y230.652
G1 X1581.689 Y234.048
G1 X1579.7 Y237.0
G1 X1579.7 Y237.0
G1 X1577.693 Y240.189
G1 X1576.241 Y243.644
G1 X1575.3 Y247.5
G1 X1575.3 Y247.5
G1 X1574.7 Y250.58300000000003
G1 X1573.875 Y254.538
G1 X1572.938 Y258.848
G1 X1572.0 Y263.0
G1 X1572.0 Y263.0
G1 X1571.1 Y267.494
G1 X1570.5 Y271.65
G1 X1570.2 Y275.431
G1 X1570.2 Y278.8
G1 X1570.2 Y278.8
G1 X1570.312 Y284.55
G1 X1569.3 Y283.4
M5; lift marker up
G4 P0.08
G0 X1572.0 Y291.1
M3 S1000;put marker down
G4 P0.2
G1 X1574.3 Y290.7
G1 X1574.3 Y290.7
G1 X1578.4 Y289.1
G1 X1578.4 Y289.1
G1 X1581.3 Y287.0
G1 X1581.3 Y287.0
G1 X1580.0 Y289.5
G1 X1580.0 Y289.5
G1 X1575.138 Y291.95
G1 X1572.0 Y291.1
M5; lift marker up
G4 P0.08
G0 X1571.0 Y272.8
M3 S1000;put marker down
G4 P0.2
G1 X1573.15 Y272.212
G1 X1578.3 Y272.0
G1 X1578.3 Y272.0
G1 X1584.0 Y271.0
G1 X1584.0 Y271.0
G1 X1583.5 Y270.0
G1 X1583.5 Y270.0
G1 X1586.3 Y271.5
G1 X1586.3 Y271.5
G1 X1586.438 Y272.688
G1 X1579.6 Y273.2
G1 X1579.6 Y273.2
G1 X1573.538 Y273.225
G1 X1571.0 Y272.8
M5; lift marker up
G4 P0.08
G0 X1590.5 Y290.0
M3 S1000;put marker down
G4 P0.2
G1 X1590.9 Y289.0
G1 X1590.9 Y289.0
G1 X1592.0 Y290.0
G1 X1592.0 Y290.0
G1 X1591.6 Y291.0
G1 X1591.6 Y291.0
G1 X1590.5 Y290.0
M5; lift marker up
G4 P0.08
G0 X1591.0 Y304.3
M3 S1000;put marker down
G4 P0.2
G1 X1587.638 Y302.038
G1 X1586.0 Y299.4
G1 X1586.0 Y299.4
G1 X1589.0 Y301.2
G1 X1589.0 Y301.2
G1 X1594.5 Y303.6
G1 X1594.5 Y303.6
G1 X1597.0 Y304.0
G1 X1597.0 Y304.0
G1 X1591.0 Y304.3
M5; lift marker up
G4 P0.08
G0 X1605.6 Y270.9
M3 S1000;put marker down
G4 P0.2
G1 X1600.4 Y270.3
G1 X1600.4 Y270.3
G1 X1596.712 Y270.263
G1 X1592.8 Y269.4
G1 X1592.8 Y269.4
G1 X1587.581 Y268.252
G1 X1582.985 Y268.081
G1 X1581.5 Y269.0
G1 X1581.5 Y269.0
G1 X1580.6 Y269.4
G1 X1580.6 Y269.4
G1 X1579.0 Y267.9
G1 X1579.0 Y267.9
G1 X1580.819 Y267.2
G1 X1585.075 Y267.025
G1 X1589.969 Y267.338
G1 X1593.7 Y268.1
G1 X1593.7 Y268.1
G1 X1596.975 Y268.95
G1 X1601.0 Y269.5
G1 X1601.0 Y269.5
G1 X1604.838 Y269.85
G1 X1607.7 Y270.5
G1 X1607.7 Y270.5
G1 X1611.6 Y267.1
G1 X1611.6 Y267.1
G1 X1613.611 Y263.767
G1 X1616.289 Y262.167
G1 X1619.7 Y262.3
G1 X1619.7 Y262.3
G1 X1618.2 Y262.9
G1 X1618.2 Y262.9
G1 X1613.8 Y265.8
G1 X1613.8 Y265.8
G1 X1611.163 Y270.212
G1 X1608.6 Y272.0
G1 X1608.6 Y272.0
G1 X1605.6 Y270.9
M5; lift marker up
G4 P0.08
G0 X1641.0 Y252.0
M3 S1000;put marker down
G4 P0.2
G1 X1641.0 Y251.10000000000002
G1 X1641.0 Y251.10000000000002
G1 X1645.0 Y252.0
G1 X1645.0 Y252.0
G1 X1647.5 Y252.8
G1 X1647.5 Y252.8
G1 X1645.0 Y252.89999999999998
G1 X1645.0 Y252.89999999999998
G1 X1641.0 Y252.0
M5; lift marker up
G4 P0.08
G0 X1640.7 Y242.89999999999998
M3 S1000;put marker down
G4 P0.2
G1 X1642.5 Y242.2
G1 X1642.5 Y242.2
G1 X1641.3 Y243.39999999999998
G1 X1641.3 Y243.39999999999998
G1 X1640.7 Y242.89999999999998
M5; lift marker up
G4 P0.08
G0 X1648.0 Y243.0
M3 S1000;put marker down
G4 P0.2
G1 X1643.5 Y242.3
G1 X1643.5 Y242.3
G1 X1647.5 Y242.2
G1 X1647.5 Y242.2
G1 X1653.0 Y243.0
G1 X1653.0 Y243.0
G1 X1653.5 Y243.8
G1 X1653.5 Y243.8
G1 X1648.0 Y243.0
M5; lift marker up
G4 P0.08
G0 X1636.7 Y229.7
M3 S1000;put marker down
G4 P0.2
G1 X1636.386 Y226.723
G1 X1636.062 Y222.912
G1 X1635.758 Y218.745
G1 X1635.5 Y214.7
G1 X1635.5 Y214.7
G1 X1635.291 Y209.759
G1 X1635.325 Y208.475
G1 X1635.697 Y211.128
G1 X1636.5 Y218.0
G1 X1636.5 Y218.0
G1 X1637.053 Y223.058
G1 X1637.475 Y227.562
G1 X1637.709 Y231.036
G1 X1637.7 Y233.0
G1 X1637.7 Y233.0
G1 X1636.7 Y229.7
M5; lift marker up
G4 P0.08
G0 X1632.6 Y225.3
M3 S1000;put marker down
G4 P0.2
G1 X1632.302 Y221.384
G1 X1632.012 Y217.3
G1 X1631.742 Y213.516
G1 X1631.5 Y210.5
G1 X1631.5 Y210.5
G1 X1631.9 Y207.8
G1 X1631.9 Y207.8
G1 X1632.351 Y210.448
G1 X1632.817 Y214.656
G1 X1633.249 Y219.707
G1 X1633.6 Y224.885
G1 X1633.824 Y229.471
G1 X1633.873 Y232.748
G1 X1633.7 Y234.0
G1 X1633.7 Y234.0
G1 X1633.188 Y231.45
G1 X1632.6 Y225.3
M5; lift marker up
G4 P0.08
G0 X1628.6 Y223.3
M3 S1000;put marker down
G4 P0.2
G1 X1628.286 Y219.384
G1 X1627.962 Y215.3
G1 X1627.658 Y211.516
G1 X1627.4 Y208.5
G1 X1627.4 Y208.5
G1 X1627.8 Y203.5
G1 X1627.8 Y203.5
G1 X1628.169 Y204.983
G1 X1628.573 Y208.333
G1 X1628.976 Y212.913
G1 X1629.338 Y218.088
G1 X1629.619 Y223.22
G1 X1629.783 Y227.673
G1 X1629.789 Y230.812
G1 X1629.6 Y232.0
G1 X1629.6 Y232.0
G1 X1629.138 Y229.45
G1 X1628.6 Y223.3
M5; lift marker up
G4 P0.08
G0 X1624.7 Y229.8
M3 S1000;put marker down
G4 P0.2
G1 X1624.348 Y227.256
G1 X1623.952 Y222.844
G1 X1623.6 Y217.5
G1 X1623.6 Y217.5
G1 X1623.1 Y207.5
G1 X1623.1 Y207.5
G1 X1624.5 Y219.4
G1 X1624.5 Y219.4
G1 X1625.291 Y226.481
G1 X1625.575 Y230.75
G1 X1625.372 Y231.944
G1 X1624.7 Y229.8
M5; lift marker up
G4 P0.08
G0 X1620.2 Y228.0
M3 S1000;put marker down
G4 P0.2
G1 X1620.7 Y226.8
G1 X1620.7 Y226.8
G1 X1620.7 Y229.3
G1 X1620.7 Y229.3
G1 X1620.2 Y228.0
M5; lift marker up
G4 P0.08
G0 X1615.6 Y226.4
M3 S1000;put marker down
G4 P0.2
G1 X1615.188 Y221.575
G1 X1615.0 Y216.6
G1 X1615.0 Y216.6
G1 X1614.663 Y211.762
G1 X1614.1 Y207.3
G1 X1614.1 Y207.3
G1 X1615.4 Y203.0
G1 X1615.4 Y203.0
G1 X1616.3 Y203.8
G1 X1616.3 Y203.8
G1 X1615.719 Y204.773
G1 X1615.475 Y207.088
G1 X1615.569 Y211.183
G1 X1616.0 Y217.5
G1 X1616.0 Y217.5
G1 X1616.458 Y224.234
G1 X1616.637 Y228.697
G1 X1616.547 Y230.683
G1 X1616.198 Y229.986
G1 X1615.6 Y226.4
M5; lift marker up
G4 P0.08
G0 X1612.4 Y229.6
M3 S1000;put marker down
G4 P0.2
G1 X1612.2 Y224.8
G1 X1612.2 Y224.8
G1 X1613.0 Y226.3
G1 X1613.0 Y226.3
G1 X1612.4 Y229.6
M5; lift marker up
G4 P0.08
G0 X1607.5 Y223.0
M3 S1000;put marker down
G4 P0.2
G1 X1607.138 Y217.125
G1 X1607.3 Y214.4
G1 X1607.3 Y214.4
G1 X1607.862 Y216.4
G1 X1608.5 Y222.0
G1 X1608.5 Y222.0
G1 X1608.862 Y227.875
G1 X1608.7 Y230.6
G1 X1608.7 Y230.6
G1 X1608.138 Y228.6
G1 X1607.5 Y223.0
M5; lift marker up
G4 P0.08
G0 X1603.7 Y222.3
M3 S1000;put marker down
G4 P0.2
G1 X1602.854 Y214.166
G1 X1602.329 Y208.759
G1 X1602.087 Y205.589
G1 X1602.09 Y204.166
G1 X1602.3 Y204.0
G1 X1602.3 Y204.0
G1 X1602.685 Y205.496
G1 X1603.187 Y208.88
G1 X1603.727 Y213.394
G1 X1604.228 Y218.28
G1 X1604.609 Y222.781
G1 X1604.793 Y226.141
G1 X1604.7 Y227.6
G1 X1604.7 Y227.6
G1 X1603.7 Y222.3
M5; lift marker up
G4 P0.08
G0 X1600.5 Y222.5
M3 S1000;put marker down
G4 P0.2
G1 X1600.138 Y216.225
G1 X1600.3 Y213.4
G1 X1600.3 Y213.4
G1 X1600.825 Y215.575
G1 X1601.5 Y221.5
G1 X1601.5 Y221.5
G1 X1601.862 Y227.775
G1 X1601.7 Y230.6
G1 X1601.7 Y230.6
G1 X1601.175 Y228.425
G1 X1600.5 Y222.5
M5; lift marker up
G4 P0.08
G0 X1596.5 Y222.7
M3 S1000;put marker down
G4 P0.2
G1 X1596.125 Y217.612
G1 X1596.2 Y214.4
G1 X1596.2 Y214.4
G1 X1597.5 Y220.3
G1 X1597.5 Y220.3
G1 X1597.862 Y225.95
G1 X1597.7 Y228.6
G1 X1597.7 Y228.6
G1 X1596.5 Y222.7
M5; lift marker up
G4 P0.08
G0 X1593.7 Y227.1
M3 S1000;put marker down
G4 P0.2
G1 X1593.25 Y223.4
G1 X1593.1 Y219.1
G1 X1593.1 Y219.1
G1 X1593.375 Y216.425
G1 X1594.1 Y221.4
G1 X1594.1 Y221.4
G1 X1594.685 Y227.456
G1 X1594.515 Y229.778
G1 X1593.7 Y227.1
M5; lift marker up
G4 P0.08
G0 X1590.1 Y219.4
M3 S1000;put marker down
G4 P0.2
G1 X1590.7 Y218.8
G1 X1590.7 Y218.8
G1 X1590.6 Y220.7
G1 X1590.6 Y220.7
G1 X1590.1 Y219.4
M5; lift marker up
G4 P0.08
G0 X1586.9 Y215.5
M3 S1000;put marker down
G4 P0.2
G1 X1586.385 Y212.63
G1 X1585.315 Y214.67
G1 X1584.4 Y220.2
G1 X1584.4 Y220.2
G1 X1585.4 Y222.5
G1 X1585.4 Y222.5
G1 X1586.488 Y219.225
G1 X1586.9 Y215.5
M5; lift marker up
G4 P0.08
G0 X1592.2 Y210.0
M3 S1000;put marker down
G4 P0.2
G1 X1592.7 Y208.3
G1 X1592.7 Y208.3
G1 X1592.7 Y211.8
G1 X1592.7 Y211.8
G1 X1592.2 Y210.0
M5; lift marker up
G4 P0.08
G0 X1595.2 Y209.0
M3 S1000;put marker down
G4 P0.2
G1 X1595.7 Y207.3
G1 X1595.7 Y207.3
G1 X1595.7 Y210.8
G1 X1595.7 Y210.8
G1 X1595.2 Y209.0
M5; lift marker up
G4 P0.08
G0 X1599.2 Y207.5
M3 S1000;put marker down
G4 P0.2
G1 X1599.7 Y206.3
G1 X1599.7 Y206.3
G1 X1599.7 Y209.3
G1 X1599.7 Y209.3
G1 X1599.2 Y207.5
M5; lift marker up
G4 P0.08
G0 X1606.2 Y210.0
M3 S1000;put marker down
G4 P0.2
G1 X1606.7 Y208.3
G1 X1606.7 Y208.3
G1 X1606.7 Y211.8
G1 X1606.7 Y211.8
G1 X1606.2 Y210.0
M5; lift marker up
G4 P0.08
G0 X1611.2 Y214.4
M3 S1000;put marker down
G4 P0.2
G1 X1610.4 Y207.9
G1 X1610.4 Y207.9
G1 X1611.0 Y206.3
G1 X1611.0 Y206.3
G1 X1611.7 Y212.8
G1 X1611.7 Y212.8
G1 X1611.2 Y214.4
M5; lift marker up
G4 P0.08
G0 X1619.4 Y215.5
M3 S1000;put marker down
G4 P0.2
G1 X1619.475 Y210.0
G1 X1619.7 Y210.8
G1 X1619.7 Y210.8
G1 X1619.833 Y214.104
G1 X1619.833 Y217.696
G1 X1619.7 Y220.8
G1 X1619.7 Y220.8
G1 X1619.475 Y221.188
G1 X1619.4 Y215.5
M5; lift marker up
G4 P0.08
G0 X1640.1 Y220.7
M3 S1000;put marker down
G4 P0.2
G1 X1639.58 Y215.359
G1 X1639.238 Y210.9
G1 X1639.102 Y207.791
G1 X1639.2 Y206.5
G1 X1639.2 Y206.5
G1 X1639.559 Y207.54
G1 X1640.065 Y210.742
G1 X1640.633 Y215.329
G1 X1641.176 Y220.526
G1 X1641.608 Y225.554
G1 X1641.845 Y229.638
G1 X1641.8 Y232.0
G1 X1641.8 Y232.0
G1 X1641.426 Y231.381
G1 X1640.807 Y227.319
G1 X1640.1 Y220.7
M5; lift marker up
G4 P0.08
G0 X1645.2 Y221.2
M3 S1000;put marker down
G4 P0.2
G1 X1644.489 Y215.5
G1 X1643.844 Y210.867
G1 X1643.4 Y208.3
G1 X1643.4 Y208.3
G1 X1643.7 Y206.0
G1 X1643.7 Y206.0
G1 X1644.234 Y207.365
G1 X1644.909 Y210.898
G1 X1645.623 Y215.753
G1 X1646.273 Y221.086
G1 X1646.754 Y226.051
G1 X1646.964 Y229.804
G1 X1646.8 Y231.5
G1 X1646.8 Y231.5
G1 X1646.452 Y230.23
G1 X1645.881 Y226.537
G1 X1645.2 Y221.2
M5; lift marker up
G4 P0.08
G0 X1648.6 Y217.4
M3 S1000;put marker down
G4 P0.2
G1 X1648.3 Y212.493
G1 X1648.2 Y208.874
G1 X1648.3 Y207.3
G1 X1648.3 Y207.3
G1 X1648.862 Y209.838
G1 X1649.5 Y216.5
G1 X1649.5 Y216.5
G1 X1649.8 Y221.407
G1 X1649.9 Y225.026
G1 X1649.8 Y226.6
G1 X1649.8 Y226.6
G1 X1649.238 Y224.062
G1 X1648.6 Y217.4
M5; lift marker up
G4 P0.08
G0 X1653.4 Y225.6
M3 S1000;put marker down
G4 P0.2
G1 X1653.112 Y222.938
G1 X1653.2 Y218.4
G1 X1653.2 Y218.4
G1 X1653.5 Y212.5
G1 X1653.5 Y212.5
G1 X1654.0 Y219.8
G1 X1654.0 Y219.8
G1 X1654.262 Y226.375
G1 X1653.4 Y225.6
M5; lift marker up
G4 P0.08
G0 X1650.0 Y197.0
M3 S1000;put marker down
G4 P0.2
G1 X1651.4 Y196.0
G1 X1651.4 Y196.0
G1 X1653.5 Y197.0
G1 X1653.5 Y197.0
G1 X1652.1 Y198.0
G1 X1652.1 Y198.0
G1 X1650.0 Y197.0
M5; lift marker up
G4 P0.08
G0 X1647.5 Y184.0
M3 S1000;put marker down
G4 P0.2
G1 X1652.25 Y183.1
G1 X1654.9 Y183.4
G1 X1654.9 Y183.4
G1 X1650.0 Y184.3
G1 X1650.0 Y184.3
G1 X1647.5 Y184.0
M5; lift marker up
G4 P0.08
G0 X1649.3 Y179.3
M3 S1000;put marker down
G4 P0.2
G1 X1652.8 Y179.3
G1 X1652.8 Y179.3
G1 X1651.0 Y179.8
G1 X1651.0 Y179.8
G1 X1649.3 Y179.3
M5; lift marker up
G4 P0.08
G0 X1638.8 Y184.3
M3 S1000;put marker down
G4 P0.2
G1 X1642.8 Y184.3
G1 X1642.8 Y184.3
G1 X1640.5 Y184.7
G1 X1640.5 Y184.7
G1 X1638.8 Y184.3
M5; lift marker up
G4 P0.08
G0 X1634.8 Y180.3
M3 S1000;put marker down
G4 P0.2
G1 X1641.3 Y180.3
G1 X1641.3 Y180.3
G1 X1638.0 Y180.7
G1 X1638.0 Y180.7
G1 X1634.8 Y180.3
M5; lift marker up
G4 P0.08
G0 X1626.3 Y191.4
M3 S1000;put marker down
G4 P0.2
G1 X1628.5 Y189.3
G1 X1628.5 Y189.3
G1 X1628.5 Y192.4
G1 X1628.5 Y192.4
G1 X1626.3 Y191.4
M5; lift marker up
G4 P0.08
G0 X1619.8 Y181.3
M3 S1000;put marker down
G4 P0.2
G1 X1621.7 Y181.4
G1 X1621.7 Y181.4
G1 X1620.4 Y181.9
G1 X1620.4 Y181.9
G1 X1619.8 Y181.3
M5; lift marker up
G4 P0.08
G0 X1611.0 Y195.1
M3 S1000;put marker down
G4 P0.2
G1 X1614.6 Y193.3
G1 X1614.6 Y193.3
G1 X1613.0 Y194.8
G1 X1613.0 Y194.8
G1 X1611.0 Y195.1
M5; lift marker up
G4 P0.08
G0 X1596.5 Y197.9
M3 S1000;put marker down
G4 P0.2
G1 X1596.3 Y196.4
G1 X1596.3 Y196.4
G1 X1597.3 Y197.5
G1 X1597.3 Y197.5
G1 X1596.5 Y197.9
M5; lift marker up
G4 P0.08
G0 X1591.9 Y188.0
M3 S1000;put marker down
G4 P0.2
G1 X1597.1 Y187.7
G1 X1597.1 Y187.7
G1 X1600.625 Y187.788
G1 X1603.7 Y187.2
G1 X1603.7 Y187.2
G1 X1605.688 Y186.739
G1 X1608.95 Y186.288
G1 X1613.038 Y185.892
G1 X1617.5 Y185.6
G1 X1617.5 Y185.6
G1 X1622.903 Y185.399
G1 X1625.922 Y185.389
G1 X1626.575 Y185.562
G1 X1624.878 Y185.911
G1 X1620.847 Y186.426
G1 X1614.5 Y187.1
G1 X1614.5 Y187.1
G1 X1607.368 Y187.792
G1 X1601.441 Y188.267
G1 X1596.825 Y188.525
G1 X1593.626 Y188.567
G1 X1591.949 Y188.392
G1 X1591.9 Y188.0
M5; lift marker up
G4 P0.08
G0 X1597.8 Y182.3
M3 S1000;put marker down
G4 P0.2
G1 X1604.3 Y182.3
G1 X1604.3 Y182.3
G1 X1601.0 Y182.7
G1 X1601.0 Y182.7
G1 X1597.8 Y182.3
M5; lift marker up
G4 P0.08
G0 X1606.5 Y158.9
M3 S1000;put marker down
G4 P0.2
G1 X1610.225 Y158.362
G1 X1613.5 Y158.2
G1 X1613.5 Y158.2
G1 X1612.0 Y159.1
G1 X1612.0 Y159.1
G1 X1606.73 Y159.737
G1 X1604.237 Y159.663
G1 X1606.5 Y158.9
M5; lift marker up
G4 P0.08
G0 X1618.1 Y157.6
M3 S1000;put marker down
G4 P0.2
G1 X1619.352 Y157.419
G1 X1622.488 Y157.2
G1 X1627.03 Y156.981
G1 X1632.5 Y156.8
G1 X1632.5 Y156.8
G1 X1639.3 Y156.563
G1 X1642.433 Y156.637
G1 X1641.5 Y157.0
G1 X1641.5 Y157.0
G1 X1638.587 Y157.322
G1 X1634.534 Y157.591
G1 X1629.939 Y157.792
G1 X1625.4 Y157.91
G1 X1621.515 Y157.927
G1 X1618.882 Y157.829
G1 X1618.1 Y157.6
M5; lift marker up
G4 P0.08
G0 X1647.1 Y155.6
M3 S1000;put marker down
G4 P0.2
G1 X1651.5 Y154.6
G1 X1651.5 Y154.6
G1 X1654.0 Y154.9
G1 X1654.0 Y154.9
G1 X1649.688 Y155.962
G1 X1647.1 Y155.6
M5; lift marker up
G4 P0.08
G0 X1603.7 Y115.4
M3 S1000;put marker down
G4 P0.2
G1 X1601.8 Y115.30000000000001
G1 X1601.8 Y115.30000000000001
G1 X1602.4 Y115.9
G1 X1602.4 Y115.9
G1 X1603.7 Y115.4
M5; lift marker up
G4 P0.08
G0 X1599.5 Y117.0
M3 S1000;put marker down
G4 P0.2
G1 X1602.4 Y114.0
G1 X1602.4 Y114.0
G1 X1604.9 Y116.69999999999999
G1 X1604.9 Y116.69999999999999
G1 X1599.5 Y117.0
M5; lift marker up
G4 P0.08
G0 X1588.5 Y121.0
M3 S1000;put marker down
G4 P0.2
G1 X1589.0 Y117.6
G1 X1589.0 Y117.6
G1 X1589.7 Y118.30000000000001
G1 X1589.7 Y118.30000000000001
G1 X1591.8 Y118.80000000000001
G1 X1591.8 Y118.80000000000001
G1 X1593.0 Y118.6
G1 X1593.0 Y118.6
G1 X1591.1 Y121.4
G1 X1591.1 Y121.4
G1 X1588.5 Y121.0
M5; lift marker up
G4 P0.08
G0 X1563.9 Y116.80000000000001
M3 S1000;put marker down
G4 P0.2
G1 X1562.2 Y116.19999999999999
G1 X1562.2 Y116.19999999999999
G1 X1560.6 Y116.9
G1 X1560.6 Y116.9
G1 X1562.5 Y114.80000000000001
G1 X1562.5 Y114.80000000000001
G1 X1565.3 Y114.5
G1 X1565.3 Y114.5
G1 X1564.2 Y117.19999999999999
G1 X1564.2 Y117.19999999999999
G1 X1563.9 Y116.80000000000001
M5; lift marker up
G4 P0.08
G0 X1550.1 Y95.4
M3 S1000;put marker down
G4 P0.2
G1 X1549.6 Y94.1
G1 X1549.6 Y94.1
G1 X1547.2 Y95.8
G1 X1547.2 Y95.8
G1 X1550.1 Y95.4
M5; lift marker up
G4 P0.08
G0 X1545.5 Y97.1
M3 S1000;put marker down
G4 P0.2
G1 X1546.75 Y94.425
G1 X1550.4 Y93.4
G1 X1550.4 Y93.4
G1 X1553.3 Y94.0
G1 X1553.3 Y94.0
G1 X1550.7 Y96.8
G1 X1550.7 Y96.8
G1 X1545.5 Y97.1
M5; lift marker up
G4 P0.08
G0 X1514.2 Y137.0
M3 S1000;put marker down
G4 P0.2
G1 X1510.8 Y136.5
G1 X1510.8 Y136.5
G1 X1509.0 Y136.1
G1 X1509.0 Y136.1
G1 X1511.625 Y134.375
G1 X1515.3 Y134.9
G1 X1515.3 Y134.9
G1 X1515.1 Y137.3
G1 X1515.1 Y137.3
G1 X1514.2 Y137.0
M5; lift marker up
G4 P0.08
G0 X1503.3 Y147.3
M3 S1000;put marker down
G4 P0.2
G1 X1508.0 Y146.1
G1 X1508.0 Y146.1
G1 X1507.1 Y147.0
G1 X1507.1 Y147.0
G1 X1504.4 Y147.7
G1 X1504.4 Y147.7
G1 X1503.3 Y147.3
M5; lift marker up
G4 P0.08
G0 X1503.0 Y150.6
M3 S1000;put marker down
G4 P0.2
G1 X1504.6 Y149.6
G1 X1504.6 Y149.6
G1 X1505.5 Y150.0
G1 X1505.5 Y150.0
G1 X1503.0 Y150.6
M5; lift marker up
G4 P0.08
G0 X1493.5 Y140.0
M3 S1000;put marker down
G4 P0.2
G1 X1492.1 Y139.3
G1 X1492.1 Y139.3
G1 X1490.3 Y138.7
G1 X1490.3 Y138.7
G1 X1495.5 Y138.9
G1 X1495.5 Y138.9
G1 X1494.1 Y140.8
G1 X1494.1 Y140.8
G1 X1493.5 Y140.0
M5; lift marker up
G4 P0.08
G0 X1476.0 Y141.4
M3 S1000;put marker down
G4 P0.2
G1 X1473.5 Y140.0
G1 X1473.5 Y140.0
G1 X1476.2 Y140.0
G1 X1476.2 Y140.0
G1 X1479.5 Y140.9
G1 X1479.5 Y140.9
G1 X1476.0 Y141.4
M5; lift marker up
G4 P0.08
G0 X1470.0 Y147.0
M3 S1000;put marker down
G4 P0.2
G1 X1467.3 Y146.0
G1 X1467.3 Y146.0
G1 X1465.0 Y145.1
G1 X1465.0 Y145.1
G1 X1470.4 Y143.6
G1 X1470.4 Y143.6
G1 X1470.3 Y148.0
G1 X1470.3 Y148.0
G1 X1470.0 Y147.0
M5; lift marker up
G4 P0.08
G0 X1475.0 Y154.6
M3 S1000;put marker down
G4 P0.2
G1 X1477.6 Y153.0
G1 X1477.6 Y153.0
G1 X1477.2 Y155.8
G1 X1477.2 Y155.8
G1 X1475.0 Y154.6
M5; lift marker up
G4 P0.08
G0 X1458.5 Y160.0
M3 S1000;put marker down
G4 P0.2
G1 X1460.1 Y159.0
G1 X1460.1 Y159.0
G1 X1460.5 Y160.0
G1 X1460.5 Y160.0
G1 X1458.9 Y161.0
G1 X1458.9 Y161.0
G1 X1458.5 Y160.0
M5; lift marker up
G4 P0.08
G0 X1455.0 Y160.1
M3 S1000;put marker down
G4 P0.2
G1 X1456.0 Y158.5
G1 X1456.0 Y158.5
G1 X1457.0 Y159.4
G1 X1457.0 Y159.4
G1 X1456.0 Y161.0
G1 X1456.0 Y161.0
G1 X1455.0 Y160.1
M5; lift marker up
G4 P0.08
G0 X1449.8 Y174.3
M3 S1000;put marker down
G4 P0.2
G1 X1453.8 Y174.3
G1 X1453.8 Y174.3
G1 X1451.5 Y174.7
G1 X1451.5 Y174.7
G1 X1449.8 Y174.3
M5; lift marker up
G4 P0.08
G0 X1438.6 Y165.1
M3 S1000;put marker down
G4 P0.2
G1 X1440.1 Y163.7
G1 X1440.1 Y163.7
G1 X1440.9 Y164.6
G1 X1440.9 Y164.6
G1 X1438.6 Y165.1
M5; lift marker up
G4 P0.08
G0 X1434.0 Y173.0
M3 S1000;put marker down
G4 P0.2
G1 X1430.9 Y170.462
G1 X1427.2 Y169.5
G1 X1427.2 Y169.5
G1 X1428.888 Y172.05
G1 X1432.6 Y174.0
G1 X1432.6 Y174.0
G1 X1434.0 Y173.0
M5; lift marker up
G4 P0.08
G0 X1415.0 Y170.5
M3 S1000;put marker down
G4 P0.2
G1 X1409.3 Y169.6
G1 X1409.3 Y169.6
G1 X1407.15 Y171.175
G1 X1411.0 Y172.0
G1 X1411.0 Y172.0
G1 X1415.0 Y170.5
M5; lift marker up
G4 P0.08
G0 X1404.0 Y152.6
M3 S1000;put marker down
G4 P0.2
G1 X1407.912 Y150.825
G1 X1411.0 Y150.1
G1 X1411.0 Y150.1
G1 X1411.893 Y150.393
G1 X1409.141 Y151.641
G1 X1401.5 Y154.4
G1 X1401.5 Y154.4
G1 X1404.0 Y152.6
M5; lift marker up
G4 P0.08
G0 X1405.4 Y144.1
M3 S1000;put marker down
G4 P0.2
G1 X1406.2 Y142.6
G1 X1406.2 Y142.6
G1 X1403.8 Y142.6
G1 X1403.8 Y142.6
G1 X1403.6 Y142.0
G1 X1403.6 Y142.0
G1 X1406.863 Y141.488
G1 X1409.0 Y143.6
G1 X1409.0 Y143.6
G1 X1406.3 Y144.9
G1 X1406.3 Y144.9
G1 X1405.4 Y144.1
M5; lift marker up
G4 P0.08
G0 X1411.5 Y141.0
M3 S1000;put marker down
G4 P0.2
G1 X1414.8 Y138.1
G1 X1414.8 Y138.1
G1 X1417.5 Y138.2
G1 X1417.5 Y138.2
G1 X1414.5 Y139.0
G1 X1414.5 Y139.0
G1 X1413.2 Y140.4
G1 X1413.2 Y140.4
G1 X1416.1 Y140.4
G1 X1416.1 Y140.4
G1 X1416.6 Y140.8
G1 X1416.6 Y140.8
G1 X1411.5 Y141.0
M5; lift marker up
G4 P0.08
G0 X1406.8 Y134.8
M3 S1000;put marker down
G4 P0.2
G1 X1404.0 Y134.4
G1 X1404.0 Y134.4
G1 X1405.6 Y136.0
G1 X1405.6 Y136.0
G1 X1406.8 Y134.8
M5; lift marker up
G4 P0.08
G0 X1402.0 Y137.0
M3 S1000;put marker down
G4 P0.2
G1 X1401.9 Y136.0
G1 X1401.9 Y136.0
G1 X1402.7 Y134.6
G1 X1402.7 Y134.6
G1 X1406.8 Y133.4
G1 X1406.8 Y133.4
G1 X1407.0 Y136.4
G1 X1407.0 Y136.4
G1 X1402.0 Y137.0
M5; lift marker up
G4 P0.08
G0 X1397.5 Y139.0
M3 S1000;put marker down
G4 P0.2
G1 X1397.2 Y138.1
G1 X1397.2 Y138.1
G1 X1399.5 Y139.0
G1 X1399.5 Y139.0
G1 X1397.5 Y139.0
M5; lift marker up
G4 P0.08
G0 X1386.1 Y140.2
M3 S1000;put marker down
G4 P0.2
G1 X1391.5 Y137.6
G1 X1391.5 Y137.6
G1 X1393.0 Y138.0
G1 X1393.0 Y138.0
G1 X1389.3 Y139.0
G1 X1389.3 Y139.0
G1 X1386.7 Y140.3
G1 X1386.7 Y140.3
G1 X1386.1 Y140.2
M5; lift marker up
G4 P0.08
G0 X1385.8 Y146.3
M3 S1000;put marker down
G4 P0.2
G1 X1387.7 Y146.4
G1 X1387.7 Y146.4
G1 X1386.4 Y146.9
G1 X1386.4 Y146.9
G1 X1385.8 Y146.3
M5; lift marker up
G4 P0.08
G0 X1379.7 Y146.1
M3 S1000;put marker down
G4 P0.2
G1 X1378.0 Y144.5
G1 X1378.0 Y144.5
G1 X1375.8 Y142.8
G1 X1375.8 Y142.8
G1 X1375.6 Y142.1
G1 X1375.6 Y142.1
G1 X1380.6 Y144.5
G1 X1380.6 Y144.5
G1 X1379.7 Y146.1
M5; lift marker up
G4 P0.08
G0 X1377.3 Y156.3
M3 S1000;put marker down
G4 P0.2
G1 X1380.8 Y156.3
G1 X1380.8 Y156.3
G1 X1379.0 Y156.8
G1 X1379.0 Y156.8
G1 X1377.3 Y156.3
M5; lift marker up
G4 P0.08
G0 X1384.8 Y156.3
M3 S1000;put marker down
G4 P0.2
G1 X1386.7 Y156.4
G1 X1386.7 Y156.4
G1 X1385.4 Y156.9
G1 X1385.4 Y156.9
G1 X1384.8 Y156.3
M5; lift marker up
G4 P0.08
G0 X1396.0 Y156.0
M3 S1000;put marker down
G4 P0.2
G1 X1398.5 Y155.0
G1 X1398.5 Y155.0
G1 X1398.0 Y156.0
G1 X1398.0 Y156.0
G1 X1395.5 Y157.0
G1 X1395.5 Y157.0
G1 X1396.0 Y156.0
M5; lift marker up
G4 P0.08
G0 X1374.6 Y136.1
M3 S1000;put marker down
G4 P0.2
G1 X1376.8 Y132.0
G1 X1376.8 Y132.0
G1 X1376.4 Y133.4
G1 X1376.4 Y133.4
G1 X1376.2 Y135.5
G1 X1376.2 Y135.5
G1 X1379.6 Y133.4
G1 X1379.6 Y133.4
G1 X1380.0 Y132.0
G1 X1380.0 Y132.0
G1 X1379.8 Y135.8
G1 X1379.8 Y135.8
G1 X1374.6 Y136.1
M5; lift marker up
G4 P0.08
G0 X1367.0 Y146.9
M3 S1000;put marker down
G4 P0.2
G1 X1364.0 Y146.2
G1 X1364.0 Y146.2
G1 X1361.0 Y145.8
G1 X1361.0 Y145.8
G1 X1364.5 Y145.0
G1 X1364.5 Y145.0
G1 X1368.0 Y146.5
G1 X1368.0 Y146.5
G1 X1367.5 Y148.0
G1 X1367.5 Y148.0
G1 X1367.0 Y146.9
M5; lift marker up
G4 P0.08
G0 X1361.8 Y149.3
M3 S1000;put marker down
G4 P0.2
G1 X1363.7 Y149.4
G1 X1363.7 Y149.4
G1 X1362.4 Y149.9
G1 X1362.4 Y149.9
G1 X1361.8 Y149.3
M5; lift marker up
G4 P0.08
G0 X1346.0 Y138.2
M3 S1000;put marker down
G4 P0.2
G1 X1349.0 Y137.2
G1 X1349.0 Y137.2
G1 X1351.5 Y138.1
G1 X1351.5 Y138.1
G1 X1346.0 Y138.2
M5; lift marker up
G4 P0.08
G0 X1327.5 Y142.1
M3 S1000;put marker down
G4 P0.2
G1 X1331.2 Y140.7
G1 X1331.2 Y140.7
G1 X1333.4 Y142.1
G1 X1333.4 Y142.1
G1 X1327.5 Y142.1
M5; lift marker up
G4 P0.08
G0 X1321.4 Y152.9
M3 S1000;put marker down
G4 P0.2
G1 X1324.3 Y150.9
G1 X1324.3 Y150.9
G1 X1324.3 Y151.6
G1 X1324.3 Y151.6
G1 X1323.0 Y151.9
G1 X1323.0 Y151.9
G1 X1324.3 Y153.3
G1 X1324.3 Y153.3
G1 X1323.8 Y153.9
G1 X1323.8 Y153.9
G1 X1321.4 Y152.9
M5; lift marker up
G4 P0.08
G0 X1329.4 Y158.9
M3 S1000;put marker down
G4 P0.2
G1 X1333.2 Y156.8
G1 X1333.2 Y156.8
G1 X1335.5 Y157.9
G1 X1335.5 Y157.9
G1 X1333.0 Y157.9
G1 X1333.0 Y157.9
G1 X1332.0 Y159.0
G1 X1332.0 Y159.0
G1 X1331.8 Y160.0
G1 X1331.8 Y160.0
G1 X1329.4 Y158.9
M5; lift marker up
G4 P0.08
G0 X1312.0 Y147.0
M3 S1000;put marker down
G4 P0.2
G1 X1312.0 Y146.0
G1 X1312.0 Y146.0
G1 X1312.0 Y144.9
G1 X1312.0 Y144.9
G1 X1313.0 Y144.2
G1 X1313.0 Y144.2
G1 X1315.8 Y146.3
G1 X1315.8 Y146.3
G1 X1312.0 Y147.0
M5; lift marker up
G4 P0.08
G0 X1302.1 Y164.1
M3 S1000;put marker down
G4 P0.2
G1 X1304.2 Y161.0
G1 X1304.2 Y161.0
G1 X1304.8 Y163.6
G1 X1304.8 Y163.6
G1 X1305.6 Y165.1
G1 X1305.6 Y165.1
G1 X1305.3 Y165.9
G1 X1305.3 Y165.9
G1 X1302.1 Y164.1
M5; lift marker up
G4 P0.08
G0 X1288.5 Y155.6
M3 S1000;put marker down
G4 P0.2
G1 X1289.2 Y151.0
G1 X1289.2 Y151.0
G1 X1289.1 Y151.9
G1 X1289.1 Y151.9
G1 X1288.9 Y154.4
G1 X1288.9 Y154.4
G1 X1291.6 Y154.9
G1 X1291.6 Y154.9
G1 X1291.8 Y152.2
G1 X1291.8 Y152.2
G1 X1292.0 Y151.2
G1 X1292.0 Y151.2
G1 X1292.2 Y155.9
G1 X1292.2 Y155.9
G1 X1288.5 Y155.6
M5; lift marker up
G4 P0.08
G0 X1282.1 Y164.9
M3 S1000;put marker down
G4 P0.2
G1 X1285.5 Y164.0
G1 X1285.5 Y164.0
G1 X1286.3 Y162.9
G1 X1286.3 Y162.9
G1 X1282.1 Y162.8
G1 X1282.1 Y162.8
G1 X1279.0 Y163.0
G1 X1279.0 Y163.0
G1 X1282.425 Y161.462
G1 X1286.9 Y161.5
G1 X1286.9 Y161.5
G1 X1288.0 Y164.0
G1 X1288.0 Y164.0
G1 X1284.4 Y165.8
G1 X1284.4 Y165.8
G1 X1282.1 Y164.9
M5; lift marker up
G4 P0.08
G0 X1272.3 Y151.5
M3 S1000;put marker down
G4 P0.2
G1 X1268.2 Y151.8
G1 X1268.2 Y151.8
G1 X1270.1 Y152.8
G1 X1270.1 Y152.8
G1 X1272.3 Y151.5
M5; lift marker up
G4 P0.08
G0 X1268.0 Y153.5
M3 S1000;put marker down
G4 P0.2
G1 X1267.45 Y150.462
G1 X1270.5 Y149.0
G1 X1270.5 Y149.0
G1 X1273.675 Y150.625
G1 X1272.5 Y153.6
G1 X1272.5 Y153.6
G1 X1268.0 Y153.5
M5; lift marker up
G4 P0.08
G0 X1263.0 Y158.5
M3 S1000;put marker down
G4 P0.2
G1 X1259.4 Y157.1
G1 X1259.4 Y157.1
G1 X1259.6 Y159.7
G1 X1259.6 Y159.7
G1 X1263.0 Y158.5
M5; lift marker up
G4 P0.08
G0 X1258.1 Y160.3
M3 S1000;put marker down
G4 P0.2
G1 X1257.3 Y156.6
G1 X1257.3 Y156.6
G1 X1261.238 Y155.312
G1 X1264.5 Y158.0
G1 X1264.5 Y158.0
G1 X1264.285 Y161.107
G1 X1261.781 Y161.993
G1 X1258.1 Y160.3
M5; lift marker up
G4 P0.08
G0 X1235.8 Y164.3
M3 S1000;put marker down
G4 P0.2
G1 X1237.7 Y164.4
G1 X1237.7 Y164.4
G1 X1236.4 Y164.9
G1 X1236.4 Y164.9
G1 X1235.8 Y164.3
M5; lift marker up
G4 P0.08
G0 X1233.0 Y165.5
M3 S1000;put marker down
G4 P0.2
G1 X1232.9 Y164.0
G1 X1232.9 Y164.0
G1 X1234.0 Y164.9
G1 X1234.0 Y164.9
G1 X1235.8 Y166.3
G1 X1235.8 Y166.3
G1 X1235.9 Y166.9
G1 X1235.9 Y166.9
G1 X1233.0 Y165.5
M5; lift marker up
G4 P0.08
G0 X1230.5 Y171.0
M3 S1000;put marker down
G4 P0.2
G1 X1228.4 Y170.0
G1 X1228.4 Y170.0
G1 X1227.5 Y171.0
G1 X1227.5 Y171.0
G1 X1229.6 Y172.0
G1 X1229.6 Y172.0
G1 X1230.5 Y171.0
M5; lift marker up
G4 P0.08
G0 X1226.5 Y172.0
M3 S1000;put marker down
G4 P0.2
G1 X1229.6 Y169.5
G1 X1229.6 Y169.5
G1 X1231.3 Y171.5
G1 X1231.3 Y171.5
G1 X1226.5 Y172.0
M5; lift marker up
G4 P0.08
G0 X1237.1 Y144.6
M3 S1000;put marker down
G4 P0.2
G1 X1240.962 Y143.662
G1 X1244.0 Y144.0
G1 X1244.0 Y144.0
G1 X1240.3 Y145.0
G1 X1240.3 Y145.0
G1 X1237.1 Y144.6
M5; lift marker up
G4 P0.08
G0 X1243.5 Y141.0
M3 S1000;put marker down
G4 P0.2
G1 X1244.4 Y140.0
G1 X1244.4 Y140.0
G1 X1246.0 Y141.0
G1 X1246.0 Y141.0
G1 X1245.1 Y142.0
G1 X1245.1 Y142.0
G1 X1243.5 Y141.0
M5; lift marker up
G4 P0.08
G0 X1253.0 Y138.0
M3 S1000;put marker down
G4 P0.2
G1 X1256.0 Y138.0
G1 X1256.0 Y138.0
G1 X1253.8 Y139.0
G1 X1253.8 Y139.0
G1 X1253.0 Y138.0
M5; lift marker up
G4 P0.08
G0 X1268.3 Y137.6
M3 S1000;put marker down
G4 P0.2
G1 X1267.7 Y135.6
G1 X1267.7 Y135.6
G1 X1268.4 Y135.3
G1 X1268.4 Y135.3
G1 X1269.4 Y138.4
G1 X1269.4 Y138.4
G1 X1268.3 Y137.6
M5; lift marker up
G4 P0.08
G0 X1276.5 Y141.0
M3 S1000;put marker down
G4 P0.2
G1 X1277.6 Y140.7
G1 X1277.6 Y140.7
G1 X1278.6 Y140.2
G1 X1278.6 Y140.2
G1 X1279.4 Y139.0
G1 X1279.4 Y139.0
G1 X1281.0 Y140.5
G1 X1281.0 Y140.5
G1 X1276.5 Y141.0
M5; lift marker up
G4 P0.08
G0 X1289.0 Y108.0
M3 S1000;put marker down
G4 P0.2
G1 X1284.5 Y107.3
G1 X1284.5 Y107.3
G1 X1289.8 Y107.2
G1 X1289.8 Y107.2
G1 X1295.0 Y108.0
G1 X1295.0 Y108.0
G1 X1294.3 Y108.8
G1 X1294.3 Y108.8
G1 X1289.0 Y108.0
M5; lift marker up
G4 P0.08
G0 X1297.0 Y102.0
M3 S1000;put marker down
G4 P0.2
G1 X1297.1 Y101.0
G1 X1297.1 Y101.0
G1 X1296.2 Y100.5
G1 X1296.2 Y100.5
G1 X1300.0 Y102.1
G1 X1300.0 Y102.1
G1 X1297.8 Y103.0
G1 X1297.8 Y103.0
G1 X1297.0 Y102.0
M5; lift marker up
G4 P0.08
G0 X1292.3 Y95.2
M3 S1000;put marker down
G4 P0.2
G1 X1290.1 Y95.0
G1 X1290.1 Y95.0
G1 X1289.0 Y95.2
G1 X1289.0 Y95.2
G1 X1293.7 Y94.2
G1 X1293.7 Y94.2
G1 X1294.3 Y96.3
G1 X1294.3 Y96.3
G1 X1292.3 Y95.2
M5; lift marker up
G4 P0.08
G0 X1314.2 Y95.4
M3 S1000;put marker down
G4 P0.2
G1 X1309.4 Y94.3
G1 X1309.4 Y94.3
G1 X1308.9 Y92.5
G1 X1308.9 Y92.5
G1 X1312.281 Y92.737
G1 X1316.152 Y94.196
G1 X1318.0 Y95.9
G1 X1318.0 Y95.9
G1 X1314.2 Y95.4
M5; lift marker up
G4 P0.08
G0 X1326.1 Y87.4
M3 S1000;put marker down
G4 P0.2
G1 X1326.7 Y86.8
G1 X1326.7 Y86.8
G1 X1326.6 Y88.7
G1 X1326.6 Y88.7
G1 X1326.1 Y87.4
M5; lift marker up
G4 P0.08
G0 X1330.6 Y86.3
M3 S1000;put marker down
G4 P0.2
G1 X1334.65 Y85.012
G1 X1336.6 Y85.9
G1 X1336.6 Y85.9
G1 X1332.4 Y87.2
G1 X1332.4 Y87.2
G1 X1330.6 Y86.3
M5; lift marker up
G4 P0.08
G0 X1344.0 Y103.6
M3 S1000;put marker down
G4 P0.2
G1 X1345.0 Y100.9
G1 X1345.0 Y100.9
G1 X1348.25 Y99.062
G1 X1351.5 Y100.0
G1 X1351.5 Y100.0
G1 X1348.2 Y104.0
G1 X1348.2 Y104.0
G1 X1348.5 Y102.7
G1 X1348.5 Y102.7
G1 X1349.2 Y100.6
G1 X1349.2 Y100.6
G1 X1346.1 Y102.2
G1 X1346.1 Y102.2
G1 X1344.0 Y103.6
M5; lift marker up
G4 P0.08
G0 X1359.4 Y99.9
M3 S1000;put marker down
G4 P0.2
G1 X1360.5 Y97.388
G1 X1364.3 Y96.0
G1 X1364.3 Y96.0
G1 X1365.0 Y97.4
G1 X1365.0 Y97.4
G1 X1362.3 Y98.3
G1 X1362.3 Y98.3
G1 X1361.4 Y98.8
G1 X1361.4 Y98.8
G1 X1361.1 Y100.4
G1 X1361.1 Y100.4
G1 X1359.4 Y99.9
M5; lift marker up
G4 P0.08
G0 X1361.5 Y112.0
M3 S1000;put marker down
G4 P0.2
G1 X1356.5 Y111.3
G1 X1356.5 Y111.3
G1 X1361.0 Y111.2
G1 X1361.0 Y111.2
G1 X1367.5 Y112.0
G1 X1367.5 Y112.0
G1 X1368.062 Y112.75
G1 X1361.5 Y112.0
M5; lift marker up
G4 P0.08
G0 X1361.9 Y116.0
M3 S1000;put marker down
G4 P0.2
G1 X1355.575 Y114.71199999999999
G1 X1354.5 Y112.9
G1 X1354.5 Y112.9
G1 X1356.6 Y113.5
G1 X1356.6 Y113.5
G1 X1359.45 Y114.662
G1 X1365.3 Y115.0
G1 X1365.3 Y115.0
G1 X1371.0 Y114.0
G1 X1371.0 Y114.0
G1 X1370.6 Y113.0
G1 X1370.6 Y113.0
G1 X1373.3 Y116.30000000000001
G1 X1373.3 Y116.30000000000001
G1 X1371.767 Y116.80000000000001
G1 X1368.167 Y116.69999999999999
G1 X1361.9 Y116.0
M5; lift marker up
G4 P0.08
G0 X1373.9 Y101.1
M3 S1000;put marker down
G4 P0.2
G1 X1372.6 Y98.0
G1 X1372.6 Y98.0
G1 X1375.712 Y97.475
G1 X1378.3 Y99.5
G1 X1378.3 Y99.5
G1 X1377.6 Y101.9
G1 X1377.6 Y101.9
G1 X1373.9 Y101.1
M5; lift marker up
G4 P0.08
G0 X1376.7 Y99.3
M3 S1000;put marker down
G4 P0.2
G1 X1374.4 Y98.2
G1 X1374.4 Y98.2
G1 X1376.8 Y101.0
G1 X1376.8 Y101.0
G1 X1376.7 Y99.3
M5; lift marker up
G4 P0.08
G0 X1388.0 Y105.0
M3 S1000;put marker down
G4 P0.2
G1 X1392.388 Y102.488
G1 X1396.7 Y103.2
G1 X1396.7 Y103.2
G1 X1399.775 Y105.9
G1 X1395.8 Y106.8
G1 X1395.8 Y106.8
G1 X1394.8 Y106.3
G1 X1394.8 Y106.3
G1 X1397.388 Y104.962
G1 X1393.9 Y104.0
G1 X1393.9 Y104.0
G1 X1390.4 Y105.5
G1 X1390.4 Y105.5
G1 X1387.7 Y107.0
G1 X1387.7 Y107.0
G1 X1388.0 Y105.0
M5; lift marker up
G4 P0.08
G0 X1403.0 Y96.0
M3 S1000;put marker down
G4 P0.2
G1 X1404.5 Y95.0
G1 X1404.5 Y95.0
G1 X1406.0 Y95.4
G1 X1406.0 Y95.4
G1 X1404.5 Y96.4
G1 X1404.5 Y96.4
G1 X1403.0 Y96.0
M5; lift marker up
G4 P0.08
G0 X1407.6 Y95.1
M3 S1000;put marker down
G4 P0.2
G1 X1408.7 Y93.7
G1 X1408.7 Y93.7
G1 X1407.2 Y93.6
G1 X1407.2 Y93.6
G1 X1405.1 Y92.4
G1 X1405.1 Y92.4
G1 X1408.975 Y91.188
G1 X1411.5 Y93.5
G1 X1411.5 Y93.5
G1 X1407.6 Y95.1
M5; lift marker up
G4 P0.08
G0 X1430.2 Y90.3
M3 S1000;put marker down
G4 P0.2
G1 X1433.0 Y88.3
G1 X1433.0 Y88.3
G1 X1435.5 Y88.0
G1 X1435.5 Y88.0
G1 X1433.0 Y89.2
G1 X1433.0 Y89.2
G1 X1430.5 Y90.3
G1 X1430.5 Y90.3
G1 X1432.8 Y90.8
G1 X1432.8 Y90.8
G1 X1436.4 Y90.1
G1 X1436.4 Y90.1
G1 X1438.3 Y89.7
G1 X1438.3 Y89.7
G1 X1434.4 Y91.8
G1 X1434.4 Y91.8
G1 X1430.2 Y90.3
M5; lift marker up
G4 P0.08
G0 X1466.0 Y116.6
M3 S1000;put marker down
G4 P0.2
G1 X1469.462 Y114.5
G1 X1474.8 Y113.9
G1 X1474.8 Y113.9
G1 X1473.5 Y115.1
G1 X1473.5 Y115.1
G1 X1467.8 Y116.5
G1 X1467.8 Y116.5
G1 X1466.0 Y116.6
M5; lift marker up
G4 P0.08
G0 X1486.5 Y109.4
M3 S1000;put marker down
G4 P0.2
G1 X1480.7 Y108.3
G1 X1480.7 Y108.3
G1 X1477.6 Y107.9
G1 X1477.6 Y107.9
G1 X1480.189 Y106.919
G1 X1484.311 Y107.381
G1 X1487.5 Y109.0
G1 X1487.5 Y109.0
G1 X1486.5 Y109.4
M5; lift marker up
G4 P0.08
G0 X1446.6 Y133.0
M3 S1000;put marker down
G4 P0.2
G1 X1450.5 Y132.9
G1 X1450.5 Y132.9
G1 X1449.6 Y133.9
G1 X1449.6 Y133.9
G1 X1446.6 Y133.0
M5; lift marker up
G4 P0.08
G0 X1446.5 Y136.0
M3 S1000;put marker down
G4 P0.2
G1 X1447.5 Y135.0
G1 X1447.5 Y135.0
G1 X1448.5 Y136.0
G1 X1448.5 Y136.0
G1 X1447.5 Y137.0
G1 X1447.5 Y137.0
G1 X1446.5 Y136.0
M5; lift marker up
G4 P0.08
G0 X1437.5 Y142.0
M3 S1000;put marker down
G4 P0.2
G1 X1439.1 Y141.0
G1 X1439.1 Y141.0
G1 X1439.5 Y142.0
G1 X1439.5 Y142.0
G1 X1437.9 Y143.0
G1 X1437.9 Y143.0
G1 X1437.5 Y142.0
M5; lift marker up
G4 P0.08
G0 X1428.7 Y140.0
M3 S1000;put marker down
G4 P0.2
G1 X1430.2 Y138.6
G1 X1430.2 Y138.6
G1 X1429.9 Y140.6
G1 X1429.9 Y140.6
G1 X1428.7 Y140.0
M5; lift marker up
G4 P0.08
G0 X1465.8 Y173.3
M3 S1000;put marker down
G4 P0.2
G1 X1468.3 Y173.3
G1 X1468.3 Y173.3
G1 X1467.0 Y173.8
G1 X1467.0 Y173.8
G1 X1465.8 Y173.3
M5; lift marker up
G4 P0.08
G0 X1489.0 Y175.0
M3 S1000;put marker down
G4 P0.2
G1 X1484.3 Y173.4
G1 X1484.3 Y173.4
G1 X1487.6 Y176.3
G1 X1487.6 Y176.3
G1 X1489.0 Y175.0
M5; lift marker up
G4 P0.08
G0 X1496.5 Y171.1
M3 S1000;put marker down
G4 P0.2
G1 X1504.741 Y170.028
G1 X1509.625 Y169.5
G1 X1511.322 Y169.497
G1 X1510.0 Y170.0
G1 X1510.0 Y170.0
G1 X1507.152 Y170.519
G1 X1503.015 Y171.015
G1 X1498.5 Y171.4
G1 X1498.5 Y171.4
G1 X1492.85 Y171.663
G1 X1496.5 Y171.1
M5; lift marker up
G4 P0.08
G0 X1493.8 Y188.3
M3 S1000;put marker down
G4 P0.2
G1 X1497.8 Y188.3
G1 X1497.8 Y188.3
G1 X1495.5 Y188.7
G1 X1495.5 Y188.7
G1 X1493.8 Y188.3
M5; lift marker up
G4 P0.08
G0 X1491.8 Y193.3
M3 S1000;put marker down
G4 P0.2
G1 X1495.8 Y193.3
G1 X1495.8 Y193.3
G1 X1493.5 Y193.7
G1 X1493.5 Y193.7
G1 X1491.8 Y193.3
M5; lift marker up
G4 P0.08
G0 X1497.7 Y199.3
M3 S1000;put marker down
G4 P0.2
G1 X1498.5 Y197.0
G1 X1498.5 Y197.0
G1 X1500.0 Y198.5
G1 X1500.0 Y198.5
G1 X1497.7 Y199.3
M5; lift marker up
G4 P0.08
G0 X1494.3 Y210.5
M3 S1000;put marker down
G4 P0.2
G1 X1494.7 Y208.3
G1 X1494.7 Y208.3
G1 X1494.7 Y213.3
G1 X1494.7 Y213.3
G1 X1494.3 Y210.5
M5; lift marker up
G4 P0.08
G0 X1496.1 Y214.9
M3 S1000;put marker down
G4 P0.2
G1 X1496.438 Y211.075
G1 X1497.0 Y208.0
G1 X1497.0 Y208.0
G1 X1497.3 Y212.0
G1 X1497.3 Y212.0
G1 X1496.656 Y217.552
G1 X1496.211 Y218.681
G1 X1496.1 Y214.9
M5; lift marker up
G4 P0.08
G0 X1499.2 Y228.0
M3 S1000;put marker down
G4 P0.2
G1 X1499.7 Y226.3
G1 X1499.7 Y226.3
G1 X1499.7 Y229.8
G1 X1499.7 Y229.8
G1 X1499.2 Y228.0
M5; lift marker up
G4 P0.08
G0 X1510.5 Y228.2
M3 S1000;put marker down
G4 P0.2
G1 X1508.1 Y222.8
G1 X1508.1 Y222.8
G1 X1503.3 Y220.0
G1 X1503.3 Y220.0
G1 X1498.0 Y221.0
G1 X1498.0 Y221.0
G1 X1500.8 Y222.0
G1 X1500.8 Y222.0
G1 X1505.0 Y222.0
G1 X1505.0 Y222.0
G1 X1505.0 Y226.6
G1 X1505.0 Y226.6
G1 X1505.325 Y230.388
G1 X1506.1 Y233.2
G1 X1506.1 Y233.2
G1 X1509.5 Y233.0
G1 X1509.5 Y233.0
G1 X1510.5 Y228.2
M5; lift marker up
G4 P0.08
G0 X1511.7 Y235.4
M3 S1000;put marker down
G4 P0.2
G1 X1514.6 Y231.3
G1 X1514.6 Y231.3
G1 X1512.104 Y232.604
G1 X1508.096 Y235.863
G1 X1506.0 Y238.3
G1 X1506.0 Y238.3
G1 X1507.65 Y238.725
G1 X1511.7 Y235.4
M5; lift marker up
G4 P0.08
G0 X1511.1 Y241.89999999999998
M3 S1000;put marker down
G4 P0.2
G1 X1513.512 Y238.412
G1 X1510.6 Y239.5
G1 X1510.6 Y239.5
G1 X1506.712 Y240.612
G1 X1505.0 Y238.5
G1 X1505.0 Y238.5
G1 X1504.0 Y237.5
G1 X1504.0 Y237.5
G1 X1503.062 Y241.01299999999998
G1 X1504.3 Y244.3
G1 X1504.3 Y244.3
G1 X1507.625 Y244.63799999999998
G1 X1511.1 Y241.89999999999998
M5; lift marker up
G4 P0.08
G0 X1502.2 Y244.8
M3 S1000;put marker down
G4 P0.2
G1 X1501.062 Y241.163
G1 X1502.4 Y236.7
G1 X1502.4 Y236.7
G1 X1503.286 Y233.534
G1 X1503.338 Y229.3
G1 X1502.695 Y225.591
G1 X1501.5 Y224.0
G1 X1501.5 Y224.0
G1 X1498.6 Y223.4
G1 X1498.6 Y223.4
G1 X1496.7 Y227.7
G1 X1496.7 Y227.7
G1 X1496.4 Y232.5
G1 X1496.4 Y232.5
G1 X1496.2 Y227.8
G1 X1496.2 Y227.8
G1 X1495.53 Y223.574
G1 X1494.504 Y223.793
G1 X1493.7 Y228.3
G1 X1493.7 Y228.3
G1 X1493.462 Y230.238
G1 X1493.3 Y225.5
G1 X1493.3 Y225.5
G1 X1493.7 Y219.7
G1 X1493.7 Y219.7
G1 X1497.1 Y220.2
G1 X1497.1 Y220.2
G1 X1499.588 Y217.725
G1 X1500.2 Y211.5
G1 X1500.2 Y211.5
G1 X1500.413 Y206.325
G1 X1500.7 Y210.0
G1 X1500.7 Y210.0
G1 X1501.363 Y215.685
G1 X1502.204 Y216.948
G1 X1503.0 Y213.5
G1 X1503.0 Y213.5
G1 X1503.7 Y208.5
G1 X1503.7 Y208.5
G1 X1503.8 Y213.1
G1 X1503.8 Y213.1
G1 X1505.6 Y218.4
G1 X1505.6 Y218.4
G1 X1506.847 Y218.881
G1 X1507.607 Y218.785
G1 X1507.913 Y217.45
G1 X1507.793 Y214.215
G1 X1507.278 Y208.419
G1 X1506.4 Y199.4
G1 X1506.4 Y199.4
G1 X1506.134 Y195.738
G1 X1506.525 Y193.05
G1 X1508.003 Y190.062
G1 X1511.0 Y185.5
G1 X1511.0 Y185.5
G1 X1514.33 Y180.315
G1 X1515.504 Y177.485
G1 X1515.1 Y175.7
G1 X1515.1 Y175.7
G1 X1514.875 Y172.562
G1 X1518.1 Y172.8
G1 X1518.1 Y172.8
G1 X1521.3 Y173.2
G1 X1521.3 Y173.2
G1 X1527.0 Y174.7
G1 X1527.0 Y174.7
G1 X1526.726 Y176.563
G1 X1526.007 Y180.604
G1 X1525.0 Y186.0
G1 X1525.0 Y186.0
G1 X1523.931 Y192.093
G1 X1523.448 Y196.741
G1 X1523.588 Y200.2
G1 X1524.385 Y202.726
G1 X1525.877 Y204.574
G1 X1528.1 Y206.0
G1 X1528.1 Y206.0
G1 X1531.925 Y208.888
G1 X1527.8 Y207.8
G1 X1527.8 Y207.8
G1 X1523.6 Y205.8
G1 X1523.6 Y205.8
G1 X1521.3 Y208.6
G1 X1521.3 Y208.6
G1 X1518.875 Y212.2
G1 X1516.3 Y216.7
G1 X1516.3 Y216.7
G1 X1512.8 Y222.0
G1 X1512.8 Y222.0
G1 X1513.5 Y218.4
G1 X1513.5 Y218.4
G1 X1513.5 Y214.7
G1 X1513.5 Y214.7
G1 X1510.874 Y214.881
G1 X1509.959 Y218.619
G1 X1511.0 Y225.0
G1 X1511.0 Y225.0
G1 X1512.562 Y228.125
G1 X1516.0 Y230.2
G1 X1516.0 Y230.2
G1 X1518.933 Y232.078
G1 X1519.133 Y234.356
G1 X1516.6 Y237.7
G1 X1516.6 Y237.7
G1 X1514.438 Y240.112
G1 X1512.2 Y242.89999999999998
G1 X1512.2 Y242.89999999999998
G1 X1509.663 Y245.312
G1 X1506.6 Y246.0
G1 X1506.6 Y246.0
G1 X1502.2 Y244.8
M5; lift marker up
G4 P0.08
G0 X1526.8 Y250.8
M3 S1000;put marker down
G4 P0.2
G1 X1526.5 Y248.0
G1 X1526.5 Y248.0
G1 X1524.9 Y249.3
G1 X1524.9 Y249.3
G1 X1523.9 Y248.0
G1 X1523.9 Y248.0
G1 X1521.4 Y247.39999999999998
G1 X1521.4 Y247.39999999999998
G1 X1522.075 Y251.5
G1 X1526.8 Y250.8
M5; lift marker up
G4 P0.08
G0 X1530.5 Y246.0
M3 S1000;put marker down
G4 P0.2
G1 X1532.6 Y243.72500000000002
G1 X1531.1 Y239.8
G1 X1531.1 Y239.8
G1 X1529.5 Y235.9
G1 X1529.5 Y235.9
G1 X1530.6 Y232.0
G1 X1530.6 Y232.0
G1 X1530.193 Y228.474
G1 X1528.541 Y224.126
G1 X1526.8 Y222.0
G1 X1526.8 Y222.0
G1 X1526.25 Y224.075
G1 X1526.0 Y229.0
G1 X1526.0 Y229.0
G1 X1525.6 Y235.0
G1 X1524.0 Y237.7
G1 X1524.0 Y237.7
G1 X1522.0 Y241.2
G1 X1522.0 Y241.2
G1 X1524.138 Y245.10000000000002
G1 X1527.7 Y246.60000000000002
G1 X1527.7 Y246.60000000000002
G1 X1530.5 Y246.0
M5; lift marker up
G4 P0.08
G0 X1540.0 Y238.3
M3 S1000;put marker down
G4 P0.2
G1 X1541.625 Y234.775
G1 X1538.9 Y233.5
G1 X1538.9 Y233.5
G1 X1534.4 Y232.7
G1 X1534.4 Y232.7
G1 X1531.6 Y234.2
G1 X1531.6 Y234.2
G1 X1532.6 Y239.4
G1 X1532.6 Y239.4
G1 X1536.262 Y240.838
G1 X1540.0 Y238.3
M5; lift marker up
G4 P0.08
G0 X1542.9 Y231.5
M3 S1000;put marker down
G4 P0.2
G1 X1545.234 Y230.749
G1 X1547.337 Y229.066
G1 X1549.243 Y226.41
G1 X1550.986 Y222.735
G1 X1552.6 Y218.0
G1 X1552.6 Y218.0
G1 X1553.8 Y213.474
G1 X1554.667 Y209.659
G1 X1555.0 Y207.4
G1 X1555.0 Y207.4
G1 X1556.1 Y204.8
G1 X1556.1 Y204.8
G1 X1557.8 Y199.5
G1 X1557.8 Y199.5
G1 X1559.5 Y193.5
G1 X1559.5 Y193.5
G1 X1560.175 Y190.9
G1 X1560.1 Y185.0
G1 X1560.1 Y185.0
G1 X1559.4 Y179.25
G1 X1558.4 Y179.5
G1 X1558.4 Y179.5
G1 X1557.235 Y182.266
G1 X1556.306 Y185.929
G1 X1555.678 Y190.019
G1 X1555.421 Y194.066
G1 X1555.6 Y197.6
G1 X1555.6 Y197.6
G1 X1555.3 Y203.3
G1 X1555.3 Y203.3
G1 X1553.604 Y203.744
G1 X1549.863 Y204.389
G1 X1544.9 Y205.1
G1 X1544.9 Y205.1
G1 X1535.4 Y206.4
G1 X1535.4 Y206.4
G1 X1534.4 Y210.7
G1 X1534.4 Y210.7
G1 X1533.925 Y214.9
G1 X1535.7 Y218.5
G1 X1535.7 Y218.5
G1 X1537.262 Y221.888
G1 X1533.5 Y218.6
G1 X1533.5 Y218.6
G1 X1530.07 Y215.756
G1 X1526.596 Y214.178
G1 X1524.3 Y214.4
G1 X1524.3 Y214.4
G1 X1525.8 Y217.8
G1 X1525.8 Y217.8
G1 X1528.125 Y220.888
G1 X1530.6 Y224.5
G1 X1530.6 Y224.5
G1 X1534.2 Y229.459
G1 X1536.933 Y232.041
G1 X1539.0 Y232.4
G1 X1539.0 Y232.4
G1 X1542.9 Y231.5
M5; lift marker up
G4 P0.08
G0 X1524.0 Y231.4
M3 S1000;put marker down
G4 P0.2
G1 X1523.0 Y226.5
G1 X1523.0 Y226.5
G1 X1521.959 Y229.711
G1 X1522.274 Y234.522
G1 X1523.7 Y237.0
G1 X1523.7 Y237.0
G1 X1524.0 Y231.4
M5; lift marker up
G4 P0.08
G0 X1522.9 Y224.0
M3 S1000;put marker down
G4 P0.2
G1 X1524.388 Y221.6
G1 X1523.4 Y218.0
G1 X1523.4 Y218.0
G1 X1521.0 Y218.0
G1 X1521.0 Y218.0
G1 X1520.1 Y224.0
G1 X1520.1 Y224.0
G1 X1521.0 Y226.3
G1 X1521.0 Y226.3
G1 X1522.9 Y224.0
M5; lift marker up
G4 P0.08
G0 X1518.9 Y208.4
M3 S1000;put marker down
G4 P0.2
G1 X1521.125 Y204.438
G1 X1521.4 Y201.6
G1 X1521.4 Y201.6
G1 X1521.352 Y199.152
G1 X1521.748 Y195.015
G1 X1522.5 Y190.1
G1 X1522.5 Y190.1
G1 X1523.504 Y183.141
G1 X1523.33 Y180.026
G1 X1522.0 Y181.0
G1 X1522.0 Y181.0
G1 X1520.888 Y183.503
G1 X1519.737 Y187.226
G1 X1518.675 Y191.588
G1 X1517.83 Y196.007
G1 X1517.329 Y199.905
G1 X1517.3 Y202.7
G1 X1517.3 Y202.7
G1 X1517.4 Y206.081
G1 X1516.367 Y205.552
G1 X1514.0 Y201.0
G1 X1514.0 Y201.0
G1 X1511.6 Y195.9
G1 X1511.6 Y195.9
G1 X1515.4 Y188.3
G1 X1515.4 Y188.3
G1 X1517.691 Y183.121
G1 X1518.418 Y180.25
G1 X1517.718 Y179.79
G1 X1515.733 Y181.839
G1 X1512.6 Y186.5
G1 X1512.6 Y186.5
G1 X1510.466 Y190.261
G1 X1509.03 Y193.456
G1 X1508.238 Y196.4
G1 X1508.037 Y199.411
G1 X1508.375 Y202.806
G1 X1509.2 Y206.9
G1 X1509.2 Y206.9
G1 X1510.975 Y211.512
G1 X1514.7 Y212.9
G1 X1514.7 Y212.9
G1 X1518.9 Y208.4
M5; lift marker up
G4 P0.08
G0 X1516.5 Y193.8
M3 S1000;put marker down
G4 P0.2
G1 X1517.5 Y188.2
G1 X1517.5 Y188.2
G1 X1516.026 Y189.974
G1 X1514.241 Y194.393
G1 X1513.7 Y197.7
G1 X1513.7 Y197.7
G1 X1514.762 Y198.6
G1 X1516.5 Y193.8
M5; lift marker up
G4 P0.08
G0 X1527.0 Y192.2
M3 S1000;put marker down
G4 P0.2
G1 X1530.4 Y191.4
G1 X1530.4 Y191.4
G1 X1533.4 Y192.2
G1 X1533.4 Y192.2
G1 X1529.9 Y193.0
G1 X1529.9 Y193.0
G1 X1527.0 Y192.2
M5; lift marker up
G4 P0.08
G0 X1532.5 Y186.0
M3 S1000;put marker down
G4 P0.2
G1 X1535.5 Y186.0
G1 X1535.5 Y186.0
G1 X1532.7 Y186.9
G1 X1532.7 Y186.9
G1 X1532.5 Y186.0
M5; lift marker up
G4 P0.08
G0 X1525.3 Y176.6
M3 S1000;put marker down
G4 P0.2
G1 X1524.5 Y174.6
G1 X1524.5 Y174.6
G1 X1522.7 Y177.4
G1 X1522.7 Y177.4
G1 X1525.3 Y176.6
M5; lift marker up
G4 P0.08
G0 X1521.0 Y179.2
M3 S1000;put marker down
G4 P0.2
G1 X1519.138 Y176.188
G1 X1516.6 Y174.0
G1 X1516.6 Y174.0
G1 X1518.2 Y177.0
G1 X1518.2 Y177.0
G1 X1521.0 Y179.2
M5; lift marker up
G4 P0.08
G0 X1518.8 Y168.3
M3 S1000;put marker down
G4 P0.2
G1 X1522.8 Y168.3
G1 X1522.8 Y168.3
G1 X1520.5 Y168.7
G1 X1520.5 Y168.7
G1 X1518.8 Y168.3
M5; lift marker up
G4 P0.08
G0 X1531.8 Y167.3
M3 S1000;put marker down
G4 P0.2
G1 X1533.7 Y167.4
G1 X1533.7 Y167.4
G1 X1532.4 Y167.9
G1 X1532.4 Y167.9
G1 X1531.8 Y167.3
M5; lift marker up
G4 P0.08
G0 X1557.7 Y165.8
M3 S1000;put marker down
G4 P0.2
G1 X1557.1 Y166.4
G1 X1557.1 Y166.4
G1 X1557.6 Y167.7
G1 X1557.6 Y167.7
G1 X1557.7 Y165.8
M5; lift marker up
G4 P0.08
G0 X1563.4 Y157.7
M3 S1000;put marker down
G4 P0.2
G1 X1565.2 Y154.6
G1 X1565.2 Y154.6
G1 X1561.763 Y154.867
G1 X1556.57 Y156.467
G1 X1553.4 Y158.2
G1 X1553.4 Y158.2
G1 X1554.215 Y158.804
G1 X1557.719 Y158.63
G1 X1563.4 Y157.7
M5; lift marker up
G4 P0.08
G0 X1562.0 Y196.4
M3 S1000;put marker down
G4 P0.2
G1 X1559.2 Y196.8
G1 X1559.2 Y196.8
G1 X1560.4 Y198.0
G1 X1560.4 Y198.0
G1 X1562.0 Y196.4
M5; lift marker up
G4 P0.08
G0 X1543.0 Y203.5
M3 S1000;put marker down
G4 P0.2
G1 X1547.675 Y202.45
G1 X1551.3 Y202.0
G1 X1551.3 Y202.0
G1 X1554.0 Y202.0
G1 X1554.0 Y202.0
G1 X1554.0 Y194.4
G1 X1554.0 Y194.4
G1 X1554.138 Y190.522
G1 X1554.575 Y186.85
G1 X1555.35 Y183.178
G1 X1556.5 Y179.3
G1 X1556.5 Y179.3
G1 X1558.2 Y173.6
G1 X1558.7 Y170.6
G1 X1558.7 Y170.6
G1 X1557.8 Y170.822
G1 X1556.031 Y173.171
G1 X1553.759 Y176.958
G1 X1551.353 Y181.493
G1 X1549.18 Y186.088
G1 X1547.606 Y190.054
G1 X1547.0 Y192.7
G1 X1547.0 Y192.7
G1 X1546.0 Y195.5
G1 X1546.0 Y195.5
G1 X1545.497 Y194.849
G1 X1545.187 Y192.435
G1 X1545.066 Y188.722
G1 X1545.13 Y184.178
G1 X1545.376 Y179.265
G1 X1545.801 Y174.451
G1 X1546.4 Y170.2
G1 X1546.4 Y170.2
G1 X1547.125 Y164.925
G1 X1547.1 Y162.5
G1 X1547.1 Y162.5
G1 X1543.1 Y162.1
G1 X1543.1 Y162.1
G1 X1541.8 Y163.1
G1 X1541.8 Y163.1
G1 X1543.6 Y164.8
G1 X1543.6 Y164.8
G1 X1543.088 Y166.154
G1 X1542.429 Y168.614
G1 X1541.663 Y171.955
G1 X1540.83 Y175.948
G1 X1539.97 Y180.368
G1 X1539.125 Y184.988
G1 X1538.334 Y189.58
G1 X1537.637 Y193.919
G1 X1537.075 Y197.777
G1 X1536.688 Y200.927
G1 X1536.516 Y203.144
G1 X1536.6 Y204.2
G1 X1536.6 Y204.2
G1 X1537.588 Y204.9
G1 X1543.0 Y203.5
M5; lift marker up
G4 P0.08
G0 X1572.3 Y233.3
M3 S1000;put marker down
G4 P0.2
G1 X1577.0 Y233.0
G1 X1577.0 Y233.0
G1 X1579.988 Y233.35
G1 X1582.6 Y229.8
G1 X1582.6 Y229.8
G1 X1583.1 Y225.7
G1 X1583.1 Y225.7
G1 X1582.141 Y223.467
G1 X1582.293 Y219.5
G1 X1583.6 Y213.4
G1 X1583.6 Y213.4
G1 X1584.558 Y208.709
G1 X1584.475 Y205.678
G1 X1583.053 Y203.954
G1 X1579.994 Y203.179
G1 X1575.0 Y203.0
G1 X1575.0 Y203.0
G1 X1569.125 Y202.712
G1 X1567.0 Y201.9
G1 X1567.0 Y201.9
G1 X1569.188 Y201.2
G1 X1575.5 Y201.1
G1 X1575.5 Y201.1
G1 X1581.638 Y201.112
G1 X1584.4 Y200.9
G1 X1584.4 Y200.9
G1 X1584.686 Y199.684
G1 X1585.188 Y196.65
G1 X1585.82 Y192.266
G1 X1586.5 Y187.0
G1 X1586.5 Y187.0
G1 X1587.026 Y183.135
G1 X1587.674 Y179.081
G1 X1588.4 Y175.05
G1 X1589.159 Y171.252
G1 X1589.907 Y167.898
G1 X1590.6 Y165.2
G1 X1590.6 Y165.2
G1 X1592.6 Y158.067
G1 X1592.6 Y155.4
G1 X1590.6 Y155.0
G1 X1590.6 Y155.0
G1 X1588.755 Y155.183
G1 X1587.462 Y156.462
G1 X1586.114 Y159.936
G1 X1584.1 Y166.7
G1 X1584.1 Y166.7
G1 X1582.795 Y170.93
G1 X1581.388 Y175.188
G1 X1580.036 Y178.977
G1 X1578.9 Y181.8
G1 X1578.9 Y181.8
G1 X1576.5 Y187.2
G1 X1576.5 Y187.2
G1 X1579.2 Y192.1
G1 X1579.2 Y192.1
G1 X1581.052 Y196.389
G1 X1579.948 Y196.144
G1 X1576.4 Y191.5
G1 X1576.4 Y191.5
G1 X1574.868 Y188.993
G1 X1573.496 Y186.358
G1 X1572.238 Y183.468
G1 X1571.047 Y180.195
G1 X1569.875 Y176.411
G1 X1568.675 Y171.989
G1 X1567.4 Y166.8
G1 X1567.4 Y166.8
G1 X1565.65 Y160.65
G1 X1563.9 Y159.0
G1 X1563.9 Y159.0
G1 X1561.892 Y159.528
G1 X1560.738 Y161.425
G1 X1560.314 Y165.159
G1 X1560.5 Y171.2
G1 X1560.5 Y171.2
G1 X1560.778 Y174.594
G1 X1561.13 Y178.094
G1 X1561.552 Y181.671
G1 X1562.039 Y185.291
G1 X1562.588 Y188.925
G1 X1563.193 Y192.541
G1 X1563.851 Y196.107
G1 X1564.558 Y199.594
G1 X1565.309 Y202.968
G1 X1566.1 Y206.2
G1 X1566.1 Y206.2
G1 X1567.099 Y210.604
G1 X1567.71 Y214.36
G1 X1567.95 Y217.684
G1 X1567.841 Y220.792
G1 X1567.4 Y223.9
G1 X1567.4 Y223.9
G1 X1565.913 Y226.325
G1 X1565.7 Y221.1
G1 X1565.7 Y221.1
G1 X1565.79 Y217.198
G1 X1565.352 Y212.615
G1 X1564.525 Y207.988
G1 X1563.448 Y203.952
G1 X1562.26 Y201.144
G1 X1561.1 Y200.2
G1 X1561.1 Y200.2
G1 X1559.7 Y205.0
G1 X1559.7 Y205.0
G1 X1559.808 Y207.598
G1 X1559.962 Y211.312
G1 X1560.136 Y215.645
G1 X1560.3 Y220.1
G1 X1560.3 Y220.1
G1 X1560.666 Y225.958
G1 X1561.315 Y230.317
G1 X1562.347 Y233.283
G1 X1563.862 Y234.958
G1 X1565.959 Y235.45
G1 X1568.738 Y234.862
G1 X1572.3 Y233.3
M5; lift marker up
G4 P0.08
G0 X1576.1 Y239.0
M3 S1000;put marker down
G4 P0.2
G1 X1576.8 Y234.5
G1 X1576.8 Y234.5
G1 X1570.6 Y235.9
G1 X1570.6 Y235.9
G1 X1567.6 Y238.8
G1 X1567.6 Y238.8
G1 X1571.812 Y239.913
G1 X1576.1 Y239.0
M5; lift marker up
G4 P0.08
G0 X1559.4 Y245.5
M3 S1000;put marker down
G4 P0.2
G1 X1561.3 Y244.60000000000002
G1 X1561.3 Y244.60000000000002
G1 X1567.5 Y243.60000000000002
G1 X1567.5 Y243.60000000000002
G1 X1570.0 Y243.0
G1 X1570.0 Y243.0
G1 X1567.138 Y245.413
G1 X1562.7 Y247.0
G1 X1562.7 Y247.0
G1 X1559.4 Y245.5
M5; lift marker up
G4 P0.08
G0 X1485.2 Y202.7
M3 S1000;put marker down
G4 P0.2
G1 X1486.0 Y196.9
G1 X1486.0 Y196.9
G1 X1486.152 Y193.83
G1 X1486.548 Y190.137
G1 X1487.1 Y186.6
G1 X1487.1 Y186.6
G1 X1487.815 Y180.874
G1 X1487.419 Y178.526
G1 X1486.0 Y180.2
G1 X1486.0 Y180.2
G1 X1483.9 Y182.4
G1 X1483.9 Y182.4
G1 X1483.6 Y183.5
G1 X1483.6 Y183.5
G1 X1483.56 Y186.286
G1 X1482.632 Y191.001
G1 X1481.224 Y196.143
G1 X1479.744 Y200.21
G1 X1478.6 Y201.7
G1 X1478.6 Y201.7
G1 X1477.181 Y199.581
G1 X1476.252 Y195.619
G1 X1476.3 Y191.9
G1 X1476.3 Y191.9
G1 X1478.5 Y187.5
G1 X1478.5 Y187.5
G1 X1480.2 Y185.5
G1 X1480.2 Y185.5
G1 X1479.4 Y187.5
G1 X1479.4 Y187.5
G1 X1478.875 Y190.538
G1 X1478.5 Y195.0
G1 X1478.5 Y195.0
G1 X1478.2 Y200.5
G1 X1478.2 Y200.5
G1 X1479.9 Y193.5
G1 X1479.9 Y193.5
G1 X1480.838 Y188.388
G1 X1480.8 Y185.9
G1 X1480.8 Y185.9
G1 X1481.25 Y182.35
G1 X1483.8 Y179.7
G1 X1483.8 Y179.7
G1 X1485.0 Y179.4
G1 X1485.0 Y179.4
G1 X1482.25 Y175.75
G1 X1478.6 Y173.0
G1 X1478.6 Y173.0
G1 X1479.8 Y175.3
G1 X1479.8 Y175.3
G1 X1482.0 Y177.7
G1 X1482.0 Y177.7
G1 X1476.2 Y186.6
G1 X1476.2 Y186.6
G1 X1473.022 Y191.611
G1 X1471.325 Y194.888
G1 X1470.716 Y197.47
G1 X1470.8 Y200.4
G1 X1470.8 Y200.4
G1 X1471.2 Y205.3
G1 X1471.2 Y205.3
G1 X1477.8 Y204.6
G1 X1477.8 Y204.6
G1 X1482.738 Y203.762
G1 X1485.2 Y202.7
M5; lift marker up
G4 P0.08
G0 X1405.1 Y223.4
M3 S1000;put marker down
G4 P0.2
G1 X1405.7 Y222.8
G1 X1405.7 Y222.8
G1 X1405.6 Y224.7
G1 X1405.6 Y224.7
G1 X1405.1 Y223.4
M5; lift marker up
G4 P0.08
G0 X1401.2 Y222.0
M3 S1000;put marker down
G4 P0.2
G1 X1402.0 Y217.0
G1 X1402.0 Y217.0
G1 X1402.8 Y216.5
G1 X1402.8 Y216.5
G1 X1402.0 Y221.5
G1 X1402.0 Y221.5
G1 X1401.2 Y222.0
M5; lift marker up
G4 P0.08
G0 X1397.2 Y223.0
M3 S1000;put marker down
G4 P0.2
G1 X1397.7 Y221.8
G1 X1397.7 Y221.8
G1 X1397.7 Y224.3
G1 X1397.7 Y224.3
G1 X1397.2 Y223.0
M5; lift marker up
G4 P0.08
G0 X1393.1 Y223.4
M3 S1000;put marker down
G4 P0.2
G1 X1394.0 Y218.0
G1 X1394.0 Y218.0
G1 X1394.3 Y220.5
G1 X1394.3 Y220.5
G1 X1393.4 Y225.738
G1 X1393.1 Y223.4
M5; lift marker up
G4 P0.08
G0 X1389.2 Y224.0
M3 S1000;put marker down
G4 P0.2
G1 X1389.7 Y222.8
G1 X1389.7 Y222.8
G1 X1389.7 Y225.3
G1 X1389.7 Y225.3
G1 X1389.2 Y224.0
M5; lift marker up
G4 P0.08
G0 X1388.2 Y229.0
M3 S1000;put marker down
G4 P0.2
G1 X1388.7 Y227.8
G1 X1388.7 Y227.8
G1 X1388.7 Y230.3
G1 X1388.7 Y230.3
G1 X1388.2 Y229.0
M5; lift marker up
G4 P0.08
G0 X1392.1 Y228.4
M3 S1000;put marker down
G4 P0.2
G1 X1392.7 Y227.8
G1 X1392.7 Y227.8
G1 X1392.6 Y229.7
G1 X1392.6 Y229.7
G1 X1392.1 Y228.4
M5; lift marker up
G4 P0.08
G0 X1396.2 Y228.0
M3 S1000;put marker down
G4 P0.2
G1 X1396.7 Y226.8
G1 X1396.7 Y226.8
G1 X1396.7 Y229.3
G1 X1396.7 Y229.3
G1 X1396.2 Y228.0
M5; lift marker up
G4 P0.08
G0 X1404.1 Y228.4
M3 S1000;put marker down
G4 P0.2
G1 X1404.7 Y227.8
G1 X1404.7 Y227.8
G1 X1404.6 Y229.7
G1 X1404.6 Y229.7
G1 X1404.1 Y228.4
M5; lift marker up
G4 P0.08
G0 X1398.2 Y218.5
M3 S1000;put marker down
G4 P0.2
G1 X1399.0 Y214.5
G1 X1399.0 Y214.5
G1 X1399.0 Y218.0
G1 X1399.0 Y218.0
G1 X1398.2 Y218.5
M5; lift marker up
G4 P0.08
G0 X1390.2 Y219.0
M3 S1000;put marker down
G4 P0.2
G1 X1390.7 Y217.8
G1 X1390.7 Y217.8
G1 X1390.7 Y220.3
G1 X1390.7 Y220.3
G1 X1390.2 Y219.0
M5; lift marker up
G4 P0.08
G0 X1395.8 Y200.3
M3 S1000;put marker down
G4 P0.2
G1 X1398.3 Y200.3
G1 X1398.3 Y200.3
G1 X1397.0 Y200.8
G1 X1397.0 Y200.8
G1 X1395.8 Y200.3
M5; lift marker up
G4 P0.08
G0 X1402.3 Y199.3
M3 S1000;put marker down
G4 P0.2
G1 X1405.3 Y199.3
G1 X1405.3 Y199.3
G1 X1403.5 Y199.8
G1 X1403.5 Y199.8
G1 X1402.3 Y199.3
M5; lift marker up
G4 P0.08
G0 X1305.0 Y232.8
M3 S1000;put marker down
G4 P0.2
G1 X1302.5 Y229.2
G1 X1302.5 Y229.2
G1 X1304.1 Y234.0
G1 X1304.1 Y234.0
G1 X1305.0 Y232.8
M5; lift marker up
G4 P0.08
G0 X1303.2 Y235.4
M3 S1000;put marker down
G4 P0.2
G1 X1301.0 Y230.4
G1 X1301.0 Y230.4
G1 X1303.2 Y227.2
G1 X1303.2 Y227.2
G1 X1306.2 Y230.8
G1 X1306.2 Y230.8
G1 X1308.1 Y234.0
G1 X1308.1 Y234.0
G1 X1309.1 Y228.8
G1 X1309.1 Y228.8
G1 X1310.6 Y227.4
G1 X1310.6 Y227.4
G1 X1311.925 Y230.988
G1 X1310.4 Y234.8
G1 X1310.4 Y234.8
G1 X1307.288 Y236.9
G1 X1303.2 Y235.4
M5; lift marker up
G4 P0.08
G0 X1293.6 Y239.4
M3 S1000;put marker down
G4 P0.2
G1 X1295.1 Y236.0
G1 X1295.1 Y236.0
G1 X1296.0 Y238.5
G1 X1296.0 Y238.5
G1 X1293.6 Y239.4
M5; lift marker up
G4 P0.08
G0 X1293.0 Y229.1
M3 S1000;put marker down
G4 P0.2
G1 X1292.0 Y227.5
G1 X1292.0 Y227.5
G1 X1291.0 Y228.4
G1 X1291.0 Y228.4
G1 X1292.0 Y230.0
G1 X1292.0 Y230.0
G1 X1293.0 Y229.1
M5; lift marker up
G4 P0.08
G0 X1281.3 Y239.2
M3 S1000;put marker down
G4 P0.2
G1 X1280.2 Y236.0
G1 X1280.2 Y236.0
G1 X1279.9 Y234.1
G1 X1279.9 Y234.1
G1 X1280.2 Y230.5
G1 X1280.2 Y230.5
G1 X1280.5 Y227.4
G1 X1280.5 Y227.4
G1 X1282.0 Y226.3
G1 X1282.0 Y226.3
G1 X1282.988 Y222.625
G1 X1284.2 Y226.6
G1 X1284.2 Y226.6
G1 X1284.5 Y231.2
G1 X1284.5 Y231.2
G1 X1287.3 Y228.6
G1 X1287.3 Y228.6
G1 X1289.6 Y224.5
G1 X1289.6 Y224.5
G1 X1290.4 Y223.0
G1 X1290.4 Y223.0
G1 X1292.2 Y224.1
G1 X1292.2 Y224.1
G1 X1294.8 Y224.1
G1 X1294.8 Y224.1
G1 X1297.0 Y223.9
G1 X1297.0 Y223.9
G1 X1295.5 Y225.4
G1 X1295.5 Y225.4
G1 X1296.9 Y230.7
G1 X1296.9 Y230.7
G1 X1296.9 Y232.0
G1 X1296.9 Y232.0
G1 X1294.0 Y233.5
G1 X1294.0 Y233.5
G1 X1291.9 Y235.0
G1 X1291.9 Y235.0
G1 X1291.6 Y233.5
G1 X1291.6 Y233.5
G1 X1291.1 Y232.0
G1 X1291.1 Y232.0
G1 X1290.0 Y233.0
G1 X1290.0 Y233.0
G1 X1288.9 Y234.0
G1 X1288.9 Y234.0
G1 X1288.4 Y232.5
G1 X1288.4 Y232.5
G1 X1284.9 Y232.6
G1 X1284.9 Y232.6
G1 X1285.4 Y235.5
G1 X1285.4 Y235.5
G1 X1288.4 Y236.4
G1 X1288.4 Y236.4
G1 X1291.0 Y240.0
G1 X1291.0 Y240.0
G1 X1290.0 Y239.6
G1 X1290.0 Y239.6
G1 X1288.4 Y239.1
G1 X1288.4 Y239.1
G1 X1285.8 Y238.6
G1 X1285.8 Y238.6
G1 X1282.8 Y239.1
G1 X1282.8 Y239.1
G1 X1280.8 Y241.5
G1 X1280.8 Y241.5
G1 X1281.3 Y239.2
M5; lift marker up
G4 P0.08
G0 X1269.8 Y236.0
M3 S1000;put marker down
G4 P0.2
G1 X1269.59 Y234.65
G1 X1269.155 Y236.405
G1 X1268.605 Y240.435
G1 X1268.05 Y245.91000000000003
G1 X1267.6 Y252.0
G1 X1267.6 Y252.0
G1 X1267.1 Y260.5
G1 X1267.1 Y260.5
G1 X1268.5 Y250.0
G1 X1268.5 Y250.0
G1 X1268.998 Y245.63299999999998
G1 X1269.412 Y241.538
G1 X1269.695 Y238.173
G1 X1269.8 Y236.0
M5; lift marker up
G4 P0.08
G0 X1271.3 Y224.0
M3 S1000;put marker down
G4 P0.2
G1 X1271.525 Y219.025
G1 X1271.0 Y220.5
G1 X1271.0 Y220.5
G1 X1270.289 Y225.411
G1 X1270.044 Y230.189
G1 X1270.4 Y231.9
G1 X1270.4 Y231.9
G1 X1270.812 Y229.412
G1 X1271.3 Y224.0
M5; lift marker up
G4 P0.08
G0 X1278.0 Y213.0
M3 S1000;put marker down
G4 P0.2
G1 X1279.0 Y212.0
G1 X1279.0 Y212.0
G1 X1280.0 Y213.0
G1 X1280.0 Y213.0
G1 X1279.0 Y214.0
G1 X1279.0 Y214.0
G1 X1278.0 Y213.0
M5; lift marker up
G4 P0.08
G0 X1281.3 Y210.3
M3 S1000;put marker down
G4 P0.2
G1 X1278.0 Y209.1
G1 X1278.0 Y209.1
G1 X1280.837 Y208.881
G1 X1286.296 Y209.485
G1 X1289.8 Y210.4
G1 X1289.8 Y210.4
G1 X1287.838 Y210.838
G1 X1281.3 Y210.3
M5; lift marker up
G4 P0.08
G0 X1283.8 Y213.3
M3 S1000;put marker down
G4 P0.2
G1 X1286.3 Y213.3
G1 X1286.3 Y213.3
G1 X1285.0 Y213.8
G1 X1285.0 Y213.8
G1 X1283.8 Y213.3
M5; lift marker up
G4 P0.08
G0 X1289.5 Y214.0
M3 S1000;put marker down
G4 P0.2
G1 X1290.3 Y213.1
G1 X1290.3 Y213.1
G1 X1292.5 Y214.0
G1 X1292.5 Y214.0
G1 X1291.7 Y214.9
G1 X1291.7 Y214.9
G1 X1289.5 Y214.0
M5; lift marker up
G4 P0.08
G0 X1292.8 Y210.3
M3 S1000;put marker down
G4 P0.2
G1 X1295.3 Y210.3
G1 X1295.3 Y210.3
G1 X1294.0 Y210.8
G1 X1294.0 Y210.8
G1 X1292.8 Y210.3
M5; lift marker up
G4 P0.08
G0 X1248.0 Y229.6
M3 S1000;put marker down
G4 P0.2
G1 X1249.5 Y228.6
G1 X1249.5 Y228.6
G1 X1251.0 Y229.0
G1 X1251.0 Y229.0
G1 X1249.5 Y230.0
G1 X1249.5 Y230.0
G1 X1248.0 Y229.6
M5; lift marker up
G4 P0.08
G0 X1239.7 Y247.8
M3 S1000;put marker down
G4 P0.2
G1 X1239.2 Y249.0
G1 X1239.2 Y249.0
G1 X1239.7 Y250.3
G1 X1239.7 Y250.3
G1 X1239.7 Y247.8
M5; lift marker up
G4 P0.08
G0 X1240.1 Y255.0
M3 S1000;put marker down
G4 P0.2
G1 X1238.9 Y254.5
G1 X1238.9 Y254.5
G1 X1238.675 Y254.85000000000002
G1 X1238.502 Y254.79399999999998
G1 X1238.383 Y254.245
G1 X1238.319 Y253.11900000000003
G1 X1238.311 Y251.32799999999997
G1 X1238.363 Y248.788
G1 X1238.474 Y245.41199999999998
G1 X1238.648 Y241.115
G1 X1238.886 Y235.811
G1 X1239.189 Y229.414
G1 X1239.56 Y221.839
G1 X1240.0 Y213.0
G1 X1240.0 Y213.0
G1 X1240.449 Y204.734
G1 X1240.836 Y198.247
G1 X1241.183 Y193.33
G1 X1241.512 Y189.775
G1 X1241.847 Y187.373
G1 X1242.208 Y185.916
G1 X1242.618 Y185.194
G1 X1243.1 Y185.0
G1 X1243.1 Y185.0
G1 X1243.504 Y186.174
G1 X1243.686 Y189.273
G1 X1243.678 Y193.664
G1 X1243.512 Y198.712
G1 X1243.22 Y203.784
G1 X1242.833 Y208.245
G1 X1242.382 Y211.462
G1 X1241.9 Y212.8
G1 X1241.9 Y212.8
G1 X1241.025 Y216.538
G1 X1242.1 Y220.2
G1 X1242.1 Y220.2
G1 X1242.1 Y225.8
G1 X1242.1 Y225.8
G1 X1241.525 Y229.912
G1 X1241.7 Y232.6
G1 X1241.7 Y232.6
G1 X1240.9 Y235.1
G1 X1240.9 Y235.1
G1 X1240.7 Y236.8
G1 X1240.7 Y236.8
G1 X1241.267 Y238.196
G1 X1241.367 Y241.637
G1 X1241.0 Y247.5
G1 X1241.0 Y247.5
G1 X1240.438 Y253.83800000000002
G1 X1240.1 Y255.0
M5; lift marker up
G4 P0.08
G0 X1223.3 Y260.8
M3 S1000;put marker down
G4 P0.2
G1 X1222.338 Y257.438
G1 X1221.6 Y254.0
G1 X1221.6 Y254.0
G1 X1223.1 Y256.4
G1 X1223.1 Y256.4
G1 X1224.35 Y260.9
G1 X1224.7 Y263.3
G1 X1224.7 Y263.3
G1 X1223.3 Y260.8
M5; lift marker up
G4 P0.08
G0 X1218.5 Y256.0
M3 S1000;put marker down
G4 P0.2
G1 X1218.9 Y255.0
G1 X1218.9 Y255.0
G1 X1220.5 Y256.0
G1 X1220.5 Y256.0
G1 X1220.1 Y257.0
G1 X1220.1 Y257.0
G1 X1218.5 Y256.0
M5; lift marker up
G4 P0.08
G0 X1214.6 Y249.39999999999998
M3 S1000;put marker down
G4 P0.2
G1 X1214.0 Y245.0
G1 X1214.0 Y245.0
G1 X1214.412 Y241.825
G1 X1213.4 Y235.8
G1 X1213.4 Y235.8
G1 X1211.8 Y228.6
G1 X1211.8 Y228.6
G1 X1209.9 Y232.6
G1 X1209.9 Y232.6
G1 X1206.2 Y238.0
G1 X1206.2 Y238.0
G1 X1203.2 Y243.60000000000002
G1 X1203.2 Y243.60000000000002
G1 X1200.4 Y248.39999999999998
G1 X1200.4 Y248.39999999999998
G1 X1197.13 Y247.58100000000002
G1 X1196.104 Y243.58499999999998
G1 X1197.9 Y238.9
G1 X1197.9 Y238.9
G1 X1201.8 Y237.7
G1 X1201.8 Y237.7
G1 X1204.775 Y237.825
G1 X1205.8 Y234.5
G1 X1205.8 Y234.5
G1 X1206.0 Y231.25
G1 X1206.5 Y226.2
G1 X1206.5 Y226.2
G1 X1207.3 Y219.9
G1 X1207.3 Y219.9
G1 X1202.9 Y220.2
G1 X1202.9 Y220.2
G1 X1198.5 Y220.5
G1 X1198.5 Y220.5
G1 X1198.0 Y227.0
G1 X1198.0 Y227.0
G1 X1196.7 Y231.5
G1 X1196.7 Y231.5
G1 X1194.678 Y227.015
G1 X1192.522 Y222.952
G1 X1191.3 Y221.4
G1 X1191.3 Y221.4
G1 X1191.8 Y223.85
G1 X1193.5 Y229.3
G1 X1193.5 Y229.3
G1 X1195.262 Y235.025
G1 X1195.9 Y238.2
G1 X1195.9 Y238.2
G1 X1195.574 Y237.893
G1 X1194.687 Y235.862
G1 X1193.373 Y232.426
G1 X1191.766 Y227.899
G1 X1190.0 Y222.6
G1 X1190.0 Y222.6
G1 X1189.659 Y218.87
G1 X1191.607 Y219.163
G1 X1194.6 Y223.3
G1 X1194.6 Y223.3
G1 X1196.7 Y225.6
G1 X1196.7 Y225.6
G1 X1196.803 Y224.637
G1 X1196.708 Y222.304
G1 X1196.445 Y218.922
G1 X1196.05 Y214.81
G1 X1195.556 Y210.29
G1 X1194.994 Y205.679
G1 X1194.4 Y201.3
G1 X1194.4 Y201.3
G1 X1193.3 Y198.425
G1 X1189.2 Y197.8
G1 X1189.2 Y197.8
G1 X1188.3 Y197.3
G1 X1188.3 Y197.3
G1 X1192.0 Y195.9
G1 X1192.0 Y195.9
G1 X1193.1 Y195.0
G1 X1193.1 Y195.0
G1 X1193.5 Y195.9
G1 X1193.5 Y195.9
G1 X1195.7 Y197.2
G1 X1195.7 Y197.2
G1 X1198.15 Y198.413
G1 X1199.7 Y203.0
G1 X1199.7 Y203.0
G1 X1200.838 Y207.325
G1 X1201.6 Y210.0
G1 X1201.6 Y210.0
G1 X1202.673 Y209.63
G1 X1204.262 Y206.438
G1 X1205.72 Y202.027
G1 X1206.4 Y198.0
G1 X1206.4 Y198.0
G1 X1208.6 Y194.2
G1 X1208.6 Y194.2
G1 X1210.852 Y194.785
G1 X1211.281 Y197.681
G1 X1210.0 Y203.4
G1 X1210.0 Y203.4
G1 X1208.522 Y209.07
G1 X1207.683 Y213.357
G1 X1207.473 Y216.439
G1 X1207.882 Y218.494
G1 X1208.9 Y219.7
G1 X1208.9 Y219.7
G1 X1211.5 Y219.2
G1 X1211.5 Y219.2
G1 X1210.4 Y216.3
G1 X1210.4 Y216.3
G1 X1209.7 Y215.0
G1 X1209.7 Y215.0
G1 X1212.288 Y217.025
G1 X1212.7 Y222.2
G1 X1212.7 Y222.2
G1 X1212.687 Y225.351
G1 X1213.15 Y229.458
G1 X1213.938 Y233.698
G1 X1214.905 Y237.253
G1 X1215.9 Y239.3
G1 X1215.9 Y239.3
G1 X1218.0 Y238.5
G1 X1218.0 Y238.5
G1 X1221.5 Y237.0
G1 X1221.5 Y237.0
G1 X1223.893 Y235.8
G1 X1225.641 Y232.2
G1 X1226.7 Y226.2
G1 X1226.7 Y226.2
G1 X1227.3 Y220.9
G1 X1227.3 Y220.9
G1 X1221.9 Y221.2
G1 X1221.9 Y221.2
G1 X1216.5 Y221.5
G1 X1216.5 Y221.5
G1 X1216.7 Y227.8
G1 X1216.7 Y227.8
G1 X1216.5 Y234.0
G1 X1216.5 Y234.0
G1 X1215.2 Y230.8
G1 X1215.2 Y230.8
G1 X1213.4 Y225.6
G1 X1213.4 Y225.6
G1 X1213.8 Y224.4
G1 X1213.8 Y224.4
G1 X1214.738 Y223.275
G1 X1215.0 Y217.8
G1 X1215.0 Y217.8
G1 X1215.142 Y214.373
G1 X1215.538 Y210.638
G1 X1216.139 Y206.958
G1 X1216.9 Y203.7
G1 X1216.9 Y203.7
G1 X1218.175 Y198.4
G1 X1217.5 Y197.0
G1 X1217.5 Y197.0
G1 X1215.6 Y195.5
G1 X1215.6 Y195.5
G1 X1219.1 Y194.0
G1 X1219.1 Y194.0
G1 X1223.1 Y194.0
G1 X1223.1 Y194.0
G1 X1222.5 Y199.8
G1 X1222.5 Y199.8
G1 X1221.8 Y205.5
G1 X1221.8 Y205.5
G1 X1225.4 Y202.0
G1 X1225.4 Y202.0
G1 X1230.0 Y200.0
G1 X1230.0 Y200.0
G1 X1231.4 Y198.6
G1 X1231.4 Y198.6
G1 X1229.4 Y197.4
G1 X1229.4 Y197.4
G1 X1228.7 Y196.4
G1 X1228.7 Y196.4
G1 X1231.8 Y196.2
G1 X1231.8 Y196.2
G1 X1232.915 Y198.489
G1 X1232.185 Y201.578
G1 X1229.5 Y205.8
G1 X1229.5 Y205.8
G1 X1226.674 Y210.219
G1 X1226.826 Y212.815
G1 X1230.0 Y214.1
G1 X1230.0 Y214.1
G1 X1230.8 Y214.9
G1 X1230.8 Y214.9
G1 X1229.5 Y218.4
G1 X1229.5 Y218.4
G1 X1230.625 Y221.55
G1 X1231.0 Y226.8
G1 X1231.0 Y226.8
G1 X1230.793 Y231.093
G1 X1230.007 Y234.407
G1 X1228.4 Y237.7
G1 X1228.4 Y237.7
G1 X1225.825 Y241.11200000000002
G1 X1223.4 Y243.10000000000002
G1 X1223.4 Y243.10000000000002
G1 X1221.0 Y245.89999999999998
G1 X1221.0 Y245.89999999999998
G1 X1219.6 Y249.2
G1 X1217.0 Y251.0
G1 X1217.0 Y251.0
G1 X1214.6 Y249.39999999999998
M5; lift marker up
G4 P0.08
G0 X1219.4 Y245.39999999999998
M3 S1000;put marker down
G4 P0.2
G1 X1221.9 Y241.7
G1 X1221.9 Y241.7
G1 X1224.025 Y240.638
G1 X1225.986 Y238.463
G1 X1227.646 Y235.429
G1 X1228.863 Y231.79
G1 X1229.5 Y227.8
G1 X1229.5 Y227.8
G1 X1230.0 Y222.5
G1 X1230.0 Y222.5
G1 X1228.4 Y227.5
G1 X1228.4 Y227.5
G1 X1226.581 Y233.089
G1 X1225.025 Y236.588
G1 X1223.506 Y238.342
G1 X1221.8 Y238.7
G1 X1221.8 Y238.7
G1 X1217.3 Y241.89999999999998
G1 X1217.3 Y241.89999999999998
G1 X1215.012 Y247.188
G1 X1217.3 Y248.8
G1 X1217.3 Y248.8
G1 X1219.4 Y245.39999999999998
M5; lift marker up
G4 P0.08
G0 X1229.8 Y239.3
M3 S1000;put marker down
G4 P0.2
G1 X1231.7 Y239.4
G1 X1231.7 Y239.4
G1 X1230.4 Y239.9
G1 X1230.4 Y239.9
G1 X1229.8 Y239.3
M5; lift marker up
G4 P0.08
G0 X1211.0 Y261.7
M3 S1000;put marker down
G4 P0.2
G1 X1212.712 Y257.7
G1 X1215.7 Y254.60000000000002
G1 X1215.7 Y254.60000000000002
G1 X1215.4 Y256.2
G1 X1215.4 Y256.2
G1 X1212.2 Y260.5
G1 X1212.2 Y260.5
G1 X1211.0 Y261.7
M5; lift marker up
G4 P0.08
G0 X1208.7 Y267.0
M3 S1000;put marker down
G4 P0.2
G1 X1210.7 Y263.4
G1 X1210.7 Y263.4
G1 X1209.6 Y267.388
G1 X1207.6 Y271.0
G1 X1207.6 Y271.0
G1 X1208.7 Y267.0
M5; lift marker up
G4 P0.08
G0 X1198.0 Y270.4
M3 S1000;put marker down
G4 P0.2
G1 X1199.5 Y267.4
G1 X1199.5 Y267.4
G1 X1200.9 Y266.5
G1 X1200.9 Y266.5
G1 X1199.5 Y269.4
G1 X1199.5 Y269.4
G1 X1198.0 Y270.4
M5; lift marker up
G4 P0.08
G0 X1191.0 Y269.6
M3 S1000;put marker down
G4 P0.2
G1 X1192.004 Y268.307
G1 X1194.63 Y265.459
G1 X1198.3 Y261.7
G1 X1198.3 Y261.7
G1 X1201.51 Y258.435
G1 X1203.871 Y255.71800000000002
G1 X1205.637 Y253.18200000000002
G1 X1207.062 Y250.46499999999997
G1 X1208.4 Y247.2
G1 X1208.4 Y247.2
G1 X1210.538 Y242.175
G1 X1211.7 Y240.3
G1 X1211.7 Y240.3
G1 X1211.481 Y241.772
G1 X1210.411 Y245.01100000000002
G1 X1208.775 Y249.3
G1 X1206.856 Y253.92200000000003
G1 X1204.936 Y258.161
G1 X1203.3 Y261.3
G1 X1203.3 Y261.3
G1 X1201.4 Y263.8
G1 X1201.4 Y263.8
G1 X1202.6 Y260.3
G1 X1202.6 Y260.3
G1 X1199.8 Y262.0
G1 X1199.8 Y262.0
G1 X1195.43 Y266.348
G1 X1192.237 Y269.119
G1 X1191.0 Y269.6
M5; lift marker up
G4 P0.08
G0 X1181.1 Y259.5
M3 S1000;put marker down
G4 P0.2
G1 X1181.169 Y254.683
G1 X1181.35 Y250.438
G1 X1181.606 Y247.223
G1 X1181.9 Y245.5
G1 X1181.9 Y245.5
G1 X1182.166 Y246.176
G1 X1182.293 Y249.25799999999998
G1 X1182.299 Y253.88099999999997
G1 X1182.203 Y259.18
G1 X1182.025 Y264.293
G1 X1181.785 Y268.354
G1 X1181.5 Y270.5
G1 X1181.5 Y270.5
G1 X1181.33 Y269.381
G1 X1181.204 Y265.419
G1 X1181.1 Y259.5
M5; lift marker up
G4 P0.08
G0 X1179.3 Y248.5
M3 S1000;put marker down
G4 P0.2
G1 X1179.7 Y245.8
G1 X1179.7 Y245.8
G1 X1179.7 Y251.8
G1 X1179.7 Y251.8
G1 X1179.3 Y248.5
M5; lift marker up
G4 P0.08
G0 X1180.9 Y241.3
M3 S1000;put marker down
G4 P0.2
G1 X1181.3 Y240.9
G1 X1181.3 Y240.9
G1 X1182.6 Y243.0
G1 X1182.6 Y243.0
G1 X1180.9 Y241.3
M5; lift marker up
G4 P0.08
G0 X1168.2 Y242.5
M3 S1000;put marker down
G4 P0.2
G1 X1169.475 Y236.575
G1 X1170.9 Y233.5
G1 X1170.9 Y233.5
G1 X1169.6 Y239.5
G1 X1169.6 Y239.5
G1 X1168.2 Y242.5
M5; lift marker up
G4 P0.08
G0 X1177.0 Y229.0
M3 S1000;put marker down
G4 P0.2
G1 X1178.0 Y228.0
G1 X1178.0 Y228.0
G1 X1179.0 Y226.9
G1 X1179.0 Y226.9
G1 X1178.0 Y226.5
G1 X1178.0 Y226.5
G1 X1177.0 Y226.1
G1 X1177.0 Y226.1
G1 X1179.0 Y225.0
G1 X1179.0 Y225.0
G1 X1180.0 Y228.1
G1 X1180.0 Y228.1
G1 X1177.0 Y229.0
M5; lift marker up
G4 P0.08
G0 X1174.5 Y217.9
M3 S1000;put marker down
G4 P0.2
G1 X1178.363 Y217.362
G1 X1182.0 Y217.2
G1 X1182.0 Y217.2
G1 X1181.0 Y218.1
G1 X1181.0 Y218.1
G1 X1176.95 Y218.6
G1 X1173.5 Y218.8
G1 X1173.5 Y218.8
G1 X1174.5 Y217.9
M5; lift marker up
G4 P0.08
G0 X1174.8 Y213.3
M3 S1000;put marker down
G4 P0.2
G1 X1177.3 Y213.3
G1 X1177.3 Y213.3
G1 X1176.0 Y213.8
G1 X1176.0 Y213.8
G1 X1174.8 Y213.3
M5; lift marker up
G4 P0.08
G0 X1183.3 Y212.3
M3 S1000;put marker down
G4 P0.2
G1 X1186.3 Y212.3
G1 X1186.3 Y212.3
G1 X1184.5 Y212.8
G1 X1184.5 Y212.8
G1 X1183.3 Y212.3
M5; lift marker up
G4 P0.08
G0 X1179.8 Y201.3
M3 S1000;put marker down
G4 P0.2
G1 X1182.3 Y201.3
G1 X1182.3 Y201.3
G1 X1181.0 Y201.8
G1 X1181.0 Y201.8
G1 X1179.8 Y201.3
M5; lift marker up
G4 P0.08
G0 X1175.8 Y201.3
M3 S1000;put marker down
G4 P0.2
G1 X1177.7 Y201.4
G1 X1177.7 Y201.4
G1 X1176.4 Y201.9
G1 X1176.4 Y201.9
G1 X1175.8 Y201.3
M5; lift marker up
G4 P0.08
G0 X1170.3 Y202.3
M3 S1000;put marker down
G4 P0.2
G1 X1173.3 Y202.3
G1 X1173.3 Y202.3
G1 X1171.5 Y202.8
G1 X1171.5 Y202.8
G1 X1170.3 Y202.3
M5; lift marker up
G4 P0.08
G0 X1163.3 Y203.3
M3 S1000;put marker down
G4 P0.2
G1 X1166.3 Y203.3
G1 X1166.3 Y203.3
G1 X1164.5 Y203.8
G1 X1164.5 Y203.8
G1 X1163.3 Y203.3
M5; lift marker up
G4 P0.08
G0 X1165.0 Y197.0
M3 S1000;put marker down
G4 P0.2
G1 X1166.1 Y196.0
G1 X1166.1 Y196.0
G1 X1166.5 Y197.0
G1 X1166.5 Y197.0
G1 X1165.4 Y198.0
G1 X1165.4 Y198.0
G1 X1165.0 Y197.0
M5; lift marker up
G4 P0.08
G0 X1163.3 Y193.3
M3 S1000;put marker down
G4 P0.2
G1 X1166.3 Y193.3
G1 X1166.3 Y193.3
G1 X1164.5 Y193.8
G1 X1164.5 Y193.8
G1 X1163.3 Y193.3
M5; lift marker up
G4 P0.08
G0 X1185.8 Y200.3
M3 S1000;put marker down
G4 P0.2
G1 X1188.3 Y200.3
G1 X1188.3 Y200.3
G1 X1187.0 Y200.8
G1 X1187.0 Y200.8
G1 X1185.8 Y200.3
M5; lift marker up
G4 P0.08
G0 X1200.8 Y246.8
M3 S1000;put marker down
G4 P0.2
G1 X1201.9 Y244.0
G1 X1202.1 Y240.3
G1 X1202.1 Y240.3
G1 X1198.0 Y241.10000000000002
G1 X1198.0 Y241.10000000000002
G1 X1197.438 Y245.375
G1 X1198.9 Y248.0
G1 X1198.9 Y248.0
G1 X1200.8 Y246.8
M5; lift marker up
G4 P0.08
G0 X1169.0 Y261.9
M3 S1000;put marker down
G4 P0.2
G1 X1169.138 Y260.134
G1 X1169.51 Y257.04
G1 X1170.056 Y253.022
G1 X1170.712 Y248.486
G1 X1171.418 Y243.836
G1 X1172.111 Y239.478
G1 X1172.73 Y235.816
G1 X1173.214 Y233.255
G1 X1173.5 Y232.2
G1 X1173.5 Y232.2
G1 X1173.852 Y232.109
G1 X1173.916 Y233.222
G1 X1173.644 Y236.002
G1 X1172.988 Y240.907
G1 X1171.9 Y248.39999999999998
G1 X1171.9 Y248.39999999999998
G1 X1170.645 Y256.402
G1 X1169.738 Y261.412
G1 X1169.186 Y263.292
G1 X1169.0 Y261.9
M5; lift marker up
G4 P0.08
G0 X1160.0 Y259.5
M3 S1000;put marker down
G4 P0.2
G1 X1161.8 Y256.2
G1 X1161.8 Y256.2
G1 X1163.613 Y253.038
G1 X1165.5 Y249.2
G1 X1165.5 Y249.2
G1 X1167.7 Y245.39999999999998
G1 X1167.7 Y245.39999999999998
G1 X1167.428 Y247.195
G1 X1165.975 Y250.688
G1 X1163.959 Y254.611
G1 X1162.0 Y257.7
G1 X1162.0 Y257.7
G1 X1160.0 Y259.5
M5; lift marker up
G4 P0.08
G0 X1170.4 Y275.5
M3 S1000;put marker down
G4 P0.2
G1 X1173.985 Y274.296
G1 X1178.615 Y274.004
G1 X1181.4 Y274.8
G1 X1181.4 Y274.8
G1 X1178.5 Y275.2
G1 X1178.5 Y275.2
G1 X1175.113 Y275.25
G1 X1171.8 Y275.9
G1 X1171.8 Y275.9
G1 X1170.4 Y275.5
M5; lift marker up
G4 P0.08
G0 X1139.1 Y303.0
M3 S1000;put marker down
G4 P0.2
G1 X1138.4 Y298.0
G1 X1138.4 Y298.0
G1 X1139.0 Y297.3
G1 X1139.0 Y297.3
G1 X1139.7 Y302.3
G1 X1139.7 Y302.3
G1 X1139.1 Y303.0
M5; lift marker up
G4 P0.08
G0 X1184.3 Y322.4
M3 S1000;put marker down
G4 P0.2
G1 X1181.594 Y319.256
G1 X1179.407 Y316.46
G1 X1177.63 Y313.809
G1 X1176.158 Y311.101
G1 X1174.883 Y308.132
G1 X1173.699 Y304.699
G1 X1172.5 Y300.6
G1 X1172.5 Y300.6
G1 X1171.438 Y296.998
G1 X1170.15 Y293.238
G1 X1168.788 Y289.758
G1 X1167.5 Y287.0
G1 X1167.5 Y287.0
G1 X1165.7 Y282.856
G1 X1166.5 Y283.511
G1 X1169.3 Y288.5
G1 X1169.3 Y288.5
G1 X1170.514 Y291.127
G1 X1171.812 Y294.513
G1 X1173.055 Y298.217
G1 X1174.1 Y301.8
G1 X1174.1 Y301.8
G1 X1175.076 Y305.255
G1 X1176.18 Y308.353
G1 X1177.503 Y311.251
G1 X1179.136 Y314.108
G1 X1181.169 Y317.08
G1 X1183.693 Y320.325
G1 X1186.8 Y324.0
G1 X1186.8 Y324.0
G1 X1190.7 Y329.0
G1 X1190.7 Y329.0
G1 X1188.588 Y327.05
G1 X1184.3 Y322.4
M5; lift marker up
G4 P0.08
G0 X1209.4 Y339.6
M3 S1000;put marker down
G4 P0.2
G1 X1205.955 Y338.213
G1 X1201.906 Y336.158
G1 X1198.038 Y333.898
G1 X1195.141 Y331.891
G1 X1194.0 Y330.6
G1 X1194.0 Y330.6
G1 X1196.3 Y331.4
G1 X1196.3 Y331.4
G1 X1198.152 Y332.562
G1 X1201.084 Y334.141
G1 X1204.76 Y335.979
G1 X1208.844 Y337.918
G1 X1213.0 Y339.8
G1 X1213.0 Y339.8
G1 X1214.35 Y340.825
G1 X1209.4 Y339.6
M5; lift marker up
G4 P0.08
G0 X1220.5 Y343.0
M3 S1000;put marker down
G4 P0.2
G1 X1220.2 Y342.1
G1 X1220.2 Y342.1
G1 X1222.5 Y343.0
G1 X1222.5 Y343.0
G1 X1220.5 Y343.0
M5; lift marker up
G4 P0.08
G0 X1234.3 Y343.3
M3 S1000;put marker down
G4 P0.2
G1 X1237.8 Y343.3
G1 X1237.8 Y343.3
G1 X1236.0 Y343.8
G1 X1236.0 Y343.8
G1 X1234.3 Y343.3
M5; lift marker up
G4 P0.08
G0 X1233.6 Y281.1
M3 S1000;put marker down
G4 P0.2
G1 X1232.038 Y279.275
G1 X1231.9 Y273.4
G1 X1231.9 Y273.4
G1 X1232.063 Y269.319
G1 X1232.337 Y265.281
G1 X1232.7 Y262.2
G1 X1232.7 Y262.2
G1 X1235.1 Y258.3
G1 X1235.1 Y258.3
G1 X1237.0 Y258.0
G1 X1237.0 Y258.0
G1 X1240.8 Y258.438
G1 X1244.9 Y261.5
G1 X1244.9 Y261.5
G1 X1244.974 Y263.693
G1 X1244.826 Y267.707
G1 X1244.5 Y272.7
G1 X1244.5 Y272.7
G1 X1243.8 Y282.0
G1 X1243.8 Y282.0
G1 X1239.7 Y281.9
G1 X1239.7 Y281.9
G1 X1233.6 Y281.1
M5; lift marker up
G4 P0.08
G0 X1242.4 Y277.8
M3 S1000;put marker down
G4 P0.2
G1 X1242.719 Y275.196
G1 X1243.015 Y271.504
G1 X1243.2 Y267.5
G1 X1243.2 Y267.5
G1 X1243.5 Y260.5
G1 X1243.5 Y260.5
G1 X1238.8 Y260.2
G1 X1238.8 Y260.2
G1 X1234.0 Y259.9
G1 X1234.0 Y259.9
G1 X1234.0 Y263.2
G1 X1234.0 Y263.2
G1 X1233.911 Y265.77
G1 X1233.689 Y269.363
G1 X1233.4 Y273.2
G1 X1233.4 Y273.2
G1 X1232.7 Y279.9
G1 X1232.7 Y279.9
G1 X1236.1 Y280.3
G1 X1236.1 Y280.3
G1 X1240.7 Y280.8
G1 X1240.7 Y280.8
G1 X1242.4 Y277.8
M5; lift marker up
G4 P0.08
G0 X1365.6 Y340.0
M3 S1000;put marker down
G4 P0.2
G1 X1364.011 Y336.575
G1 X1362.442 Y333.074
G1 X1361.006 Y329.754
G1 X1359.821 Y326.877
G1 X1359.0 Y324.7
G1 X1359.0 Y324.7
G1 X1358.052 Y322.127
G1 X1356.812 Y318.888
G1 X1355.442 Y315.405
G1 X1354.1 Y312.1
G1 X1354.1 Y312.1
G1 X1352.541 Y308.0
G1 X1351.426 Y304.233
G1 X1351.0 Y301.6
G1 X1351.0 Y301.6
G1 X1351.274 Y299.423
G1 X1352.069 Y295.925
G1 X1353.229 Y291.602
G1 X1354.6 Y286.95
G1 X1356.027 Y282.467
G1 X1357.356 Y278.65
G1 X1358.432 Y275.995
G1 X1359.1 Y275.0
G1 X1359.1 Y275.0
G1 X1360.283 Y275.827
G1 X1361.438 Y278.312
G1 X1362.573 Y282.467
G1 X1363.7 Y288.3
G1 X1363.7 Y288.3
G1 X1364.448 Y292.311
G1 X1365.412 Y296.162
G1 X1366.47 Y299.508
G1 X1367.5 Y302.0
G1 X1367.5 Y302.0
G1 X1368.34 Y303.867
G1 X1369.256 Y306.533
G1 X1370.238 Y309.95
G1 X1371.278 Y314.067
G1 X1372.368 Y318.833
G1 X1373.5 Y324.2
G1 X1373.5 Y324.2
G1 X1374.468 Y329.049
G1 X1375.441 Y333.659
G1 X1376.375 Y337.825
G1 X1377.226 Y341.341
G1 X1377.949 Y344.001
G1 X1378.5 Y345.6
G1 X1378.5 Y345.6
G1 X1379.5 Y349.8
G1 X1379.5 Y349.8
G1 X1379.016 Y349.538
G1 X1378.314 Y348.145
G1 X1377.443 Y345.793
G1 X1376.447 Y342.654
G1 X1375.375 Y338.9
G1 X1374.273 Y334.702
G1 X1373.187 Y330.231
G1 X1372.166 Y325.659
G1 X1371.254 Y321.158
G1 X1370.5 Y316.9
G1 X1370.5 Y316.9
G1 X1369.748 Y313.016
G1 X1368.762 Y309.225
G1 X1367.645 Y305.847
G1 X1366.5 Y303.2
G1 X1366.5 Y303.2
G1 X1365.355 Y300.544
G1 X1364.238 Y297.175
G1 X1363.252 Y293.469
G1 X1362.5 Y289.8
G1 X1362.5 Y289.8
G1 X1361.402 Y283.844
G1 X1360.388 Y279.725
G1 X1359.505 Y277.594
G1 X1358.8 Y277.6
G1 X1358.8 Y277.6
G1 X1357.0 Y284.0
G1 X1357.0 Y284.0
G1 X1355.688 Y288.8
G1 X1354.3 Y292.7
G1 X1354.3 Y292.7
G1 X1353.471 Y295.236
G1 X1353.057 Y297.889
G1 X1353.08 Y300.813
G1 X1353.563 Y304.162
G1 X1354.529 Y308.091
G1 X1356.0 Y312.752
G1 X1358.0 Y318.3
G1 X1358.0 Y318.3
G1 X1359.27 Y321.566
G1 X1360.641 Y325.017
G1 X1362.057 Y328.52
G1 X1363.458 Y331.943
G1 X1364.787 Y335.153
G1 X1365.987 Y338.016
G1 X1367.0 Y340.4
G1 X1367.0 Y340.4
G1 X1368.981 Y344.944
G1 X1370.319 Y348.289
G1 X1370.7 Y349.7
G1 X1370.7 Y349.7
G1 X1369.867 Y348.496
G1 X1368.033 Y345.004
G1 X1365.6 Y340.0
M5; lift marker up
G4 P0.08
G0 X1380.7 Y353.4
M3 S1000;put marker down
G4 P0.2
G1 X1379.188 Y353.111
G1 X1375.831 Y352.928
G1 X1371.367 Y352.844
G1 X1366.533 Y352.854
G1 X1362.069 Y352.954
G1 X1358.712 Y353.138
G1 X1357.2 Y353.4
G1 X1357.2 Y353.4
G1 X1358.615 Y353.689
G1 X1362.852 Y353.911
G1 X1369.0 Y354.0
G1 X1369.0 Y354.0
G1 X1375.122 Y353.911
G1 X1379.311 Y353.689
G1 X1380.7 Y353.4
M5; lift marker up
G4 P0.08
G0 X1403.3 Y360.8
M3 S1000;put marker down
G4 P0.2
G1 X1401.3 Y357.0
G1 X1401.3 Y357.0
G1 X1403.4 Y359.5
G1 X1403.4 Y359.5
G1 X1403.3 Y360.8
M5; lift marker up
G4 P0.08
G0 X1401.0 Y368.0
M3 S1000;put marker down
G4 P0.2
G1 X1397.23 Y366.178
G1 X1393.637 Y364.022
G1 X1391.0 Y362.0
G1 X1391.0 Y362.0
G1 X1387.5 Y358.9
G1 X1387.5 Y358.9
G1 X1392.4 Y362.1
G1 X1392.4 Y362.1
G1 X1395.5 Y363.93
G1 X1399.067 Y365.737
G1 X1402.3 Y367.1
G1 X1402.3 Y367.1
G1 X1406.175 Y368.7
G1 X1408.4 Y370.0
G1 X1408.4 Y370.0
G1 X1407.925 Y370.762
G1 X1401.0 Y368.0
M5; lift marker up
G4 P0.08
G0 X1416.5 Y373.3
M3 S1000;put marker down
G4 P0.2
G1 X1413.144 Y371.981
G1 X1410.589 Y370.085
G1 X1408.1 Y367.1
G1 X1408.1 Y367.1
G1 X1404.8 Y362.5
G1 X1404.8 Y362.5
G1 X1409.1 Y366.7
G1 X1409.1 Y366.7
G1 X1413.1 Y369.85
G1 X1416.5 Y371.5
G1 X1416.5 Y371.5
G1 X1417.9 Y371.112
G1 X1412.7 Y366.0
G1 X1412.7 Y366.0
G1 X1409.167 Y362.581
G1 X1406.367 Y359.585
G1 X1404.9 Y357.7
G1 X1404.9 Y357.7
G1 X1405.522 Y357.789
G1 X1408.344 Y360.144
G1 X1412.7 Y364.3
G1 X1412.7 Y364.3
G1 X1416.372 Y367.684
G1 X1419.65 Y370.45
G1 X1422.178 Y372.316
G1 X1423.6 Y373.0
G1 X1423.6 Y373.0
G1 X1424.0 Y374.0
G1 X1424.0 Y374.0
G1 X1421.9 Y374.812
G1 X1416.5 Y373.3
M5; lift marker up
G4 P0.08
G0 X1426.5 Y367.0
M3 S1000;put marker down
G4 P0.2
G1 X1429.3 Y365.0
G1 X1429.3 Y365.0
G1 X1428.5 Y367.0
G1 X1428.5 Y367.0
G1 X1425.7 Y369.0
G1 X1425.7 Y369.0
G1 X1426.5 Y367.0
M5; lift marker up
G4 P0.08
G0 X1434.8 Y365.0
M3 S1000;put marker down
G4 P0.2
G1 X1439.95 Y362.138
G1 X1443.6 Y363.1
G1 X1443.6 Y363.1
G1 X1441.7 Y363.6
G1 X1441.7 Y363.6
G1 X1436.2 Y365.5
G1 X1436.2 Y365.5
G1 X1432.425 Y367.912
G1 X1434.8 Y365.0
M5; lift marker up
G4 P0.08
G0 X1444.0 Y371.6
M3 S1000;put marker down
G4 P0.2
G1 X1445.244 Y370.185
G1 X1448.489 Y366.815
G1 X1453.0 Y362.2
G1 X1453.0 Y362.2
G1 X1456.942 Y358.405
G1 X1460.101 Y355.622
G1 X1462.799 Y353.618
G1 X1465.358 Y352.155
G1 X1468.1 Y351.0
G1 X1468.1 Y351.0
G1 X1472.488 Y349.55
G1 X1474.7 Y349.3
G1 X1474.7 Y349.3
G1 X1472.5 Y350.6
G1 X1472.5 Y350.6
G1 X1470.291 Y351.255
G1 X1468.144 Y352.128
G1 X1465.981 Y353.281
G1 X1463.725 Y354.778
G1 X1461.297 Y356.681
G1 X1458.619 Y359.052
G1 X1455.612 Y361.954
G1 X1452.198 Y365.449
G1 X1448.3 Y369.6
G1 X1448.3 Y369.6
G1 X1444.0 Y371.6
M5; lift marker up
G4 P0.08
G0 X1463.3 Y381.1
M3 S1000;put marker down
G4 P0.2
G1 X1458.3 Y378.2
G1 X1458.3 Y378.2
G1 X1457.2 Y377.1
G1 X1457.2 Y377.1
G1 X1460.622 Y378.185
G1 X1464.044 Y380.515
G1 X1465.0 Y382.4
G1 X1465.0 Y382.4
G1 X1463.3 Y381.1
M5; lift marker up
G4 P0.08
G0 X1476.0 Y374.2
M3 S1000;put marker down
G4 P0.2
G1 X1481.3 Y371.4
G1 X1481.3 Y371.4
G1 X1481.1 Y371.9
G1 X1481.1 Y371.9
G1 X1477.8 Y373.7
G1 X1477.8 Y373.7
G1 X1476.0 Y374.2
M5; lift marker up
G4 P0.08
G0 X1454.9 Y341.1
M3 S1000;put marker down
G4 P0.2
G1 X1451.76 Y339.997
G1 X1447.396 Y339.066
G1 X1442.912 Y338.458
G1 X1439.412 Y338.319
G1 X1438.0 Y338.8
G1 X1438.0 Y338.8
G1 X1439.3 Y341.0
G1 X1439.3 Y341.0
G1 X1438.8 Y341.1
G1 X1438.8 Y341.1
G1 X1437.0 Y338.5
G1 X1437.0 Y338.5
G1 X1441.0 Y336.5
G1 X1441.0 Y336.5
G1 X1446.9 Y337.4
G1 X1446.9 Y337.4
G1 X1450.833 Y338.074
G1 X1454.633 Y339.459
G1 X1458.9 Y341.8
G1 X1458.9 Y341.8
G1 X1458.9 Y342.5
G1 X1458.9 Y342.5
G1 X1454.9 Y341.1
M5; lift marker up
G4 P0.08
G0 X1445.0 Y330.5
M3 S1000;put marker down
G4 P0.2
G1 X1443.194 Y329.718
G1 X1440.481 Y328.707
G1 X1437.025 Y327.525
G1 X1432.985 Y326.226
G1 X1428.523 Y324.866
G1 X1423.8 Y323.5
G1 X1423.8 Y323.5
G1 X1420.422 Y322.359
G1 X1417.178 Y320.774
G1 X1414.8 Y319.1
G1 X1414.8 Y319.1
G1 X1412.259 Y317.207
G1 X1408.741 Y315.026
G1 X1405.0 Y313.0
G1 X1405.0 Y313.0
G1 X1401.315 Y311.041
G1 X1397.919 Y309.059
G1 X1395.5 Y307.5
G1 X1395.5 Y307.5
G1 X1391.85 Y305.088
G1 X1387.3 Y302.6
G1 X1387.3 Y302.6
G1 X1384.688 Y301.2
G1 X1382.638 Y299.784
G1 X1381.056 Y298.139
G1 X1379.85 Y296.05
G1 X1378.925 Y293.305
G1 X1378.188 Y289.691
G1 X1377.544 Y284.993
G1 X1376.9 Y279.0
G1 X1376.9 Y279.0
G1 X1376.511 Y275.286
G1 X1376.113 Y271.488
G1 X1375.733 Y268.045
G1 X1375.4 Y265.4
G1 X1375.4 Y265.4
G1 X1375.207 Y261.83
G1 X1375.659 Y258.504
G1 X1376.8 Y254.8
G1 X1376.8 Y254.8
G1 X1377.68 Y252.02300000000002
G1 X1378.588 Y248.488
G1 X1379.402 Y244.63299999999998
G1 X1380.0 Y240.9
G1 X1380.0 Y240.9
G1 X1380.485 Y237.725
G1 X1381.07 Y233.93
G1 X1381.714 Y229.834
G1 X1382.371 Y225.751
G1 X1383.0 Y222.0
G1 X1383.0 Y222.0
G1 X1383.493 Y219.25
G1 X1384.017 Y216.069
G1 X1384.556 Y212.599
G1 X1385.091 Y208.983
G1 X1385.605 Y205.366
G1 X1386.08 Y201.89
G1 X1386.5 Y198.7
G1 X1386.5 Y198.7
G1 X1387.114 Y194.396
G1 X1387.839 Y190.092
G1 X1388.617 Y186.1
G1 X1389.39 Y182.732
G1 X1390.1 Y180.3
G1 X1390.1 Y180.3
G1 X1391.308 Y177.391
G1 X1393.077 Y173.94
G1 X1395.198 Y170.274
G1 X1397.461 Y166.72
G1 X1399.655 Y163.605
G1 X1401.572 Y161.256
G1 X1403.0 Y160.0
G1 X1403.0 Y160.0
G1 X1405.372 Y158.983
G1 X1408.84 Y157.738
G1 X1412.942 Y156.405
G1 X1417.219 Y155.125
G1 X1421.211 Y154.038
G1 X1424.458 Y153.283
G1 X1426.5 Y153.0
G1 X1426.5 Y153.0
G1 X1429.311 Y152.574
G1 X1433.522 Y151.459
G1 X1438.2 Y149.9
G1 X1438.2 Y149.9
G1 X1444.911 Y147.525
G1 X1449.888 Y146.125
G1 X1452.895 Y145.738
G1 X1453.7 Y146.4
G1 X1453.7 Y146.4
G1 X1449.9 Y148.1
G1 X1449.9 Y148.1
G1 X1446.312 Y149.025
G1 X1442.5 Y150.4
G1 X1442.5 Y150.4
G1 X1438.81 Y151.915
G1 X1435.183 Y153.186
G1 X1431.801 Y154.158
G1 X1428.846 Y154.781
G1 X1426.5 Y155.0
G1 X1426.5 Y155.0
G1 X1424.567 Y155.278
G1 X1421.462 Y156.025
G1 X1417.627 Y157.109
G1 X1413.5 Y158.4
G1 X1413.5 Y158.4
G1 X1408.047 Y160.362
G1 X1404.6 Y161.95
G1 X1402.278 Y163.688
G1 X1400.2 Y166.1
G1 X1400.2 Y166.1
G1 X1398.149 Y168.974
G1 X1396.334 Y171.92
G1 X1394.74 Y174.972
G1 X1393.35 Y178.163
G1 X1392.147 Y181.527
G1 X1391.116 Y185.098
G1 X1390.239 Y188.912
G1 X1389.5 Y193.0
G1 X1389.5 Y193.0
G1 X1388.456 Y199.827
G1 X1387.519 Y205.944
G1 X1386.68 Y211.402
G1 X1385.932 Y216.252
G1 X1385.267 Y220.548
G1 X1384.676 Y224.341
G1 X1384.152 Y227.682
G1 X1383.687 Y230.624
G1 X1383.272 Y233.219
G1 X1382.9 Y235.519
G1 X1382.563 Y237.574
G1 X1382.252 Y239.438
G1 X1381.96 Y241.163
G1 X1381.679 Y242.79899999999998
G1 X1381.4 Y244.39999999999998
G1 X1381.4 Y244.39999999999998
G1 X1380.47 Y249.25599999999997
G1 X1379.43 Y253.44400000000002
G1 X1378.5 Y256.1
G1 X1378.5 Y256.1
G1 X1377.506 Y258.775
G1 X1377.075 Y262.05
G1 X1377.206 Y266.0
G1 X1377.9 Y270.7
G1 X1377.9 Y270.7
G1 X1378.397 Y273.3
G1 X1378.95 Y276.875
G1 X1379.503 Y280.938
G1 X1380.0 Y285.0
G1 X1380.0 Y285.0
G1 X1380.737 Y290.078
G1 X1381.63 Y294.289
G1 X1382.5 Y296.7
G1 X1382.5 Y296.7
G1 X1383.371 Y297.598
G1 X1385.033 Y298.904
G1 X1387.356 Y300.537
G1 X1390.212 Y302.417
G1 X1393.473 Y304.464
G1 X1397.011 Y306.596
G1 X1400.697 Y308.733
G1 X1404.403 Y310.795
G1 X1408.0 Y312.7
G1 X1408.0 Y312.7
G1 X1410.856 Y314.356
G1 X1413.978 Y316.411
G1 X1416.7 Y318.4
G1 X1416.7 Y318.4
G1 X1420.912 Y321.088
G1 X1425.2 Y322.5
G1 X1425.2 Y322.5
G1 X1427.726 Y323.027
G1 X1430.941 Y323.948
G1 X1434.6 Y325.175
G1 X1438.459 Y326.619
G1 X1442.274 Y328.19
G1 X1445.8 Y329.8
G1 X1445.8 Y329.8
G1 X1449.012 Y330.725
G1 X1452.0 Y328.2
G1 X1452.0 Y328.2
G1 X1455.596 Y325.593
G1 X1459.237 Y325.074
G1 X1462.1 Y326.8
G1 X1462.1 Y326.8
G1 X1462.0 Y327.3
G1 X1462.0 Y327.3
G1 X1459.019 Y326.007
G1 X1455.548 Y326.626
G1 X1452.3 Y329.0
G1 X1452.3 Y329.0
G1 X1448.95 Y331.7
G1 X1445.0 Y330.5
M5; lift marker up
G4 P0.08
G0 X1470.6 Y418.7
M3 S1000;put marker down
G4 P0.2
G1 X1469.3 Y415.9
G1 X1469.3 Y415.9
G1 X1469.9 Y416.2
G1 X1469.9 Y416.2
G1 X1472.8 Y418.8
G1 X1472.8 Y418.8
G1 X1473.9 Y419.9
G1 X1473.9 Y419.9
G1 X1470.6 Y418.7
M5; lift marker up
G4 P0.08
G0 X1519.2 Y559.0
M3 S1000;put marker down
G4 P0.2
G1 X1519.7 Y557.3
G1 X1519.7 Y557.3
G1 X1519.7 Y560.8
G1 X1519.7 Y560.8
G1 X1519.2 Y559.0
M5; lift marker up
G4 P0.08
G0 X1545.2 Y559.6
M3 S1000;put marker down
G4 P0.2
G1 X1542.219 Y558.342
G1 X1538.675 Y556.662
G1 X1535.019 Y554.777
G1 X1531.7 Y552.9
G1 X1531.7 Y552.9
G1 X1529.438 Y551.556
G1 X1526.667 Y549.985
G1 X1523.562 Y548.275
G1 X1520.3 Y546.515
G1 X1517.054 Y544.794
G1 X1514.0 Y543.2
G1 X1514.0 Y543.2
G1 X1508.911 Y540.6
G1 X1505.689 Y538.867
G1 X1505.0 Y538.4
G1 X1505.0 Y538.4
G1 X1507.466 Y539.246
G1 X1510.288 Y540.395
G1 X1513.42 Y541.819
G1 X1516.815 Y543.489
G1 X1520.424 Y545.378
G1 X1524.202 Y547.458
G1 X1528.1 Y549.7
G1 X1528.1 Y549.7
G1 X1531.83 Y551.835
G1 X1535.743 Y553.942
G1 X1539.541 Y555.87
G1 X1542.926 Y557.473
G1 X1545.6 Y558.6
G1 X1545.6 Y558.6
G1 X1550.6 Y560.55
G1 X1552.9 Y561.6
G1 X1552.9 Y561.6
G1 X1551.638 Y561.762
G1 X1545.2 Y559.6
M5; lift marker up
G4 P0.08
G0 X1529.2 Y595.7
M3 S1000;put marker down
G4 P0.2
G1 X1528.002 Y592.675
G1 X1526.664 Y588.915
G1 X1525.267 Y584.693
G1 X1523.891 Y580.28
G1 X1522.62 Y575.95
G1 X1521.533 Y571.974
G1 X1520.714 Y568.626
G1 X1520.242 Y566.177
G1 X1520.2 Y564.9
G1 X1520.2 Y564.9
G1 X1520.822 Y566.096
G1 X1522.111 Y570.137
G1 X1523.8 Y576.2
G1 X1523.8 Y576.2
G1 X1524.781 Y579.712
G1 X1525.881 Y583.33
G1 X1527.038 Y586.875
G1 X1528.185 Y590.17
G1 X1529.261 Y593.038
G1 X1530.2 Y595.3
G1 X1530.2 Y595.3
G1 X1532.25 Y600.175
G1 X1532.8 Y602.5
G1 X1532.8 Y602.5
G1 X1531.562 Y600.712
G1 X1529.2 Y595.7
M5; lift marker up
G4 P0.08
G0 X1546.2 Y631.7
M3 S1000;put marker down
G4 P0.2
G1 X1543.995 Y628.46
G1 X1541.739 Y624.695
G1 X1539.561 Y620.68
G1 X1537.588 Y616.688
G1 X1535.947 Y612.99
G1 X1534.767 Y609.861
G1 X1534.176 Y607.573
G1 X1534.3 Y606.4
G1 X1534.3 Y606.4
G1 X1536.5 Y611.2
G1 X1536.5 Y611.2
G1 X1537.728 Y614.673
G1 X1539.056 Y617.881
G1 X1540.55 Y620.962
G1 X1542.278 Y624.052
G1 X1544.306 Y627.286
G1 X1546.7 Y630.8
G1 X1546.7 Y630.8
G1 X1549.617 Y635.145
G1 X1550.462 Y636.838
G1 X1549.302 Y635.736
G1 X1546.2 Y631.7
M5; lift marker up
G4 P0.08
G0 X1543.5 Y639.4
M3 S1000;put marker down
G4 P0.2
G1 X1539.444 Y637.912
G1 X1535.322 Y636.859
G1 X1531.35 Y636.262
G1 X1527.744 Y636.141
G1 X1524.722 Y636.513
G1 X1522.5 Y637.4
G1 X1522.5 Y637.4
G1 X1519.707 Y638.474
G1 X1515.959 Y637.993
G1 X1510.1 Y635.8
G1 X1510.1 Y635.8
G1 X1505.6 Y633.9
G1 X1505.6 Y633.9
G1 X1503.3 Y636.5
G1 X1503.3 Y636.5
G1 X1500.0 Y639.0
G1 X1500.0 Y639.0
G1 X1501.0 Y637.0
G1 X1501.0 Y637.0
G1 X1503.0 Y633.9
G1 X1503.0 Y633.9
G1 X1504.222 Y633.185
G1 X1507.711 Y633.781
G1 X1513.2 Y635.6
G1 X1513.2 Y635.6
G1 X1516.644 Y636.804
G1 X1519.222 Y636.83
G1 X1522.8 Y635.7
G1 X1522.8 Y635.7
G1 X1526.404 Y634.585
G1 X1529.563 Y634.381
G1 X1533.7 Y635.0
G1 X1533.7 Y635.0
G1 X1537.448 Y636.015
G1 X1541.685 Y637.452
G1 X1545.5 Y639.0
G1 X1545.5 Y639.0
G1 X1550.115 Y641.415
G1 X1549.285 Y641.585
G1 X1543.5 Y639.4
M5; lift marker up
G4 P0.08
G0 X1560.6 Y628.6
M3 S1000;put marker down
G4 P0.2
G1 X1559.614 Y626.587
G1 X1558.262 Y624.122
G1 X1556.592 Y621.277
G1 X1554.65 Y618.125
G1 X1552.483 Y614.739
G1 X1550.138 Y611.191
G1 X1547.661 Y607.554
G1 X1545.1 Y603.9
G1 X1545.1 Y603.9
G1 X1545.8 Y599.0
G1 X1545.8 Y599.0
G1 X1547.788 Y595.4
G1 X1545.5 Y591.8
G1 X1545.5 Y591.8
G1 X1543.15 Y587.525
G1 X1545.0 Y584.0
G1 X1545.0 Y584.0
G1 X1551.0 Y582.0
G1 X1551.0 Y582.0
G1 X1554.562 Y582.538
G1 X1556.4 Y585.4
G1 X1556.4 Y585.4
G1 X1558.175 Y588.512
G1 X1560.4 Y591.1
G1 X1560.4 Y591.1
G1 X1563.0 Y596.0
G1 X1563.0 Y596.0
G1 X1564.3 Y599.8
G1 X1564.3 Y599.8
G1 X1565.85 Y602.488
G1 X1568.0 Y607.2
G1 X1568.0 Y607.2
G1 X1570.663 Y612.375
G1 X1574.0 Y614.4
G1 X1574.0 Y614.4
G1 X1577.225 Y616.188
G1 X1579.7 Y620.0
G1 X1579.7 Y620.0
G1 X1581.88 Y623.444
G1 X1584.988 Y627.15
G1 X1587.927 Y629.956
G1 X1589.6 Y630.7
G1 X1589.6 Y630.7
G1 X1589.359 Y628.063
G1 X1587.674 Y623.47
G1 X1585.5 Y619.5
G1 X1585.5 Y619.5
G1 X1582.316 Y614.509
G1 X1581.025 Y610.55
G1 X1581.647 Y607.941
G1 X1584.2 Y607.0
G1 X1584.2 Y607.0
G1 X1585.8 Y605.225
G1 X1582.0 Y600.9
G1 X1582.0 Y600.9
G1 X1578.0 Y595.8
G1 X1578.0 Y595.8
G1 X1576.0 Y592.8
G1 X1576.0 Y592.8
G1 X1573.957 Y590.985
G1 X1571.689 Y588.115
G1 X1569.438 Y584.6
G1 X1567.444 Y580.852
G1 X1565.951 Y577.281
G1 X1565.2 Y574.3
G1 X1565.2 Y574.3
G1 X1564.7 Y569.7
G1 X1564.7 Y569.7
G1 X1567.6 Y570.4
G1 X1567.6 Y570.4
G1 X1570.9 Y570.975
G1 X1574.8 Y571.4
G1 X1574.8 Y571.4
G1 X1580.1 Y572.7
G1 X1580.1 Y572.7
G1 X1578.285 Y573.315
G1 X1573.181 Y572.952
G1 X1568.9 Y571.9
G1 X1568.9 Y571.9
G1 X1566.0 Y574.6
G1 X1566.0 Y574.6
G1 X1566.602 Y576.639
G1 X1568.181 Y579.715
G1 X1570.4 Y583.312
G1 X1572.919 Y586.919
G1 X1575.398 Y590.019
G1 X1577.5 Y592.1
G1 X1577.5 Y592.1
G1 X1580.0 Y596.1
G1 X1580.0 Y596.1
G1 X1582.3 Y599.1
G1 X1582.3 Y599.1
G1 X1586.3 Y603.0
G1 X1586.3 Y603.0
G1 X1587.15 Y606.212
G1 X1583.8 Y608.3
G1 X1583.8 Y608.3
G1 X1582.175 Y610.4
G1 X1584.6 Y615.5
G1 X1584.6 Y615.5
G1 X1587.84 Y621.097
G1 X1589.952 Y625.544
G1 X1590.925 Y628.775
G1 X1590.748 Y630.722
G1 X1589.41 Y631.319
G1 X1586.9 Y630.5
G1 X1586.9 Y630.5
G1 X1583.563 Y627.848
G1 X1580.404 Y624.152
G1 X1579.0 Y621.3
G1 X1579.0 Y621.3
G1 X1576.675 Y617.312
G1 X1573.0 Y615.5
G1 X1573.0 Y615.5
G1 X1570.637 Y614.763
G1 X1568.23 Y611.537
G1 X1566.2 Y606.4
G1 X1566.2 Y606.4
G1 X1563.5 Y601.0
G1 X1563.5 Y601.0
G1 X1562.0 Y597.4
G1 X1562.0 Y597.4
G1 X1559.2 Y591.8
G1 X1559.2 Y591.8
G1 X1556.725 Y588.688
G1 X1554.7 Y585.8
G1 X1554.7 Y585.8
G1 X1552.156 Y583.437
G1 X1549.078 Y583.163
G1 X1546.0 Y585.0
G1 X1546.0 Y585.0
G1 X1544.15 Y587.925
G1 X1546.5 Y591.0
G1 X1546.5 Y591.0
G1 X1548.875 Y595.262
G1 X1547.5 Y599.0
G1 X1547.5 Y599.0
G1 X1546.0 Y601.5
G1 X1546.0 Y601.5
G1 X1546.878 Y603.363
G1 X1549.156 Y607.204
G1 X1552.3 Y612.2
G1 X1552.3 Y612.2
G1 X1554.957 Y616.278
G1 X1557.453 Y620.392
G1 X1559.676 Y624.322
G1 X1561.514 Y627.849
G1 X1562.855 Y630.751
G1 X1563.588 Y632.808
G1 X1563.6 Y633.8
G1 X1563.6 Y633.8
G1 X1560.6 Y628.6
M5; lift marker up
G4 P0.08
G0 X1601.5 Y597.0
M3 S1000;put marker down
G4 P0.2
G1 X1598.788 Y594.675
G1 X1594.8 Y591.9
G1 X1594.8 Y591.9
G1 X1590.938 Y588.862
G1 X1588.5 Y585.9
G1 X1588.5 Y585.9
G1 X1584.3 Y582.8
G1 X1584.3 Y582.8
G1 X1581.2 Y580.6
G1 X1581.2 Y580.6
G1 X1582.5 Y580.3
G1 X1582.5 Y580.3
G1 X1587.1 Y582.0
G1 X1587.1 Y582.0
G1 X1590.0 Y584.4
G1 X1590.0 Y584.4
G1 X1590.678 Y586.315
G1 X1593.022 Y588.785
G1 X1597.5 Y592.3
G1 X1597.5 Y592.3
G1 X1601.775 Y595.321
G1 X1604.222 Y596.522
G1 X1604.93 Y595.814
G1 X1603.993 Y593.103
G1 X1601.5 Y588.3
G1 X1601.5 Y588.3
G1 X1598.759 Y582.607
G1 X1598.107 Y579.093
G1 X1599.5 Y577.4
G1 X1599.5 Y577.4
G1 X1600.0 Y572.5
G1 X1600.0 Y572.5
G1 X1599.4 Y568.0
G1 X1599.4 Y568.0
G1 X1601.7 Y567.3
G1 X1601.7 Y567.3
G1 X1601.7 Y568.4
G1 X1601.7 Y568.4
G1 X1601.7 Y573.2
G1 X1601.7 Y573.2
G1 X1601.1 Y578.1
G1 X1601.1 Y578.1
G1 X1598.7 Y580.1
G1 X1598.7 Y580.1
G1 X1602.3 Y587.3
G1 X1602.3 Y587.3
G1 X1604.178 Y591.219
G1 X1605.589 Y594.515
G1 X1606.2 Y596.5
G1 X1606.2 Y596.5
G1 X1604.862 Y598.7
G1 X1601.5 Y597.0
M5; lift marker up
G4 P0.08
G0 X1624.8 Y609.8
M3 S1000;put marker down
G4 P0.2
G1 X1627.1 Y609.2
G1 X1627.1 Y609.2
G1 X1626.1 Y610.3
G1 X1626.1 Y610.3
G1 X1624.8 Y609.8
M5; lift marker up
G4 P0.08
G0 X1629.4 Y608.5
M3 S1000;put marker down
G4 P0.2
G1 X1632.3 Y605.1
G1 X1632.3 Y605.1
G1 X1634.5 Y605.1
G1 X1634.5 Y605.1
G1 X1632.3 Y606.0
G1 X1632.3 Y606.0
G1 X1630.6 Y608.5
G1 X1630.6 Y608.5
G1 X1630.6 Y610.0
G1 X1630.6 Y610.0
G1 X1629.4 Y608.5
M5; lift marker up
G4 P0.08
G0 X1622.5 Y614.0
M3 S1000;put marker down
G4 P0.2
G1 X1623.6 Y613.0
G1 X1623.6 Y613.0
G1 X1624.0 Y614.0
G1 X1624.0 Y614.0
G1 X1622.9 Y615.0
G1 X1622.9 Y615.0
G1 X1622.5 Y614.0
M5; lift marker up
G4 P0.08
G0 X1497.4 Y641.8
M3 S1000;put marker down
G4 P0.2
G1 X1498.9 Y641.0
G1 X1498.9 Y641.0
G1 X1501.4 Y641.8
G1 X1501.4 Y641.8
G1 X1499.9 Y642.6
G1 X1499.9 Y642.6
G1 X1497.4 Y641.8
M5; lift marker up
G4 P0.08
G0 X1493.5 Y639.0
M3 S1000;put marker down
G4 P0.2
G1 X1491.5 Y638.1
G1 X1491.5 Y638.1
G1 X1493.5 Y638.1
G1 X1493.5 Y638.1
G1 X1497.0 Y639.0
G1 X1497.0 Y639.0
G1 X1497.0 Y639.9
G1 X1497.0 Y639.9
G1 X1493.5 Y639.0
M5; lift marker up
G4 P0.08
G0 X1487.6 Y636.5
M3 S1000;put marker down
G4 P0.2
G1 X1486.7 Y635.0
G1 X1486.7 Y635.0
G1 X1489.0 Y636.5
G1 X1489.0 Y636.5
G1 X1487.6 Y636.5
M5; lift marker up
G4 P0.08
G0 X1446.7 Y685.4
M3 S1000;put marker down
G4 P0.2
G1 X1447.2 Y683.0
G1 X1447.2 Y683.0
G1 X1447.775 Y680.575
G1 X1447.0 Y676.5
G1 X1447.0 Y676.5
G1 X1445.363 Y672.111
G1 X1443.304 Y669.722
G1 X1440.6 Y669.0
G1 X1440.6 Y669.0
G1 X1435.7 Y667.0
G1 X1435.7 Y667.0
G1 X1431.4 Y665.113
G1 X1427.1 Y666.6
G1 X1427.1 Y666.6
G1 X1423.462 Y667.962
G1 X1417.8 Y668.8
G1 X1417.8 Y668.8
G1 X1412.889 Y669.296
G1 X1410.644 Y670.304
G1 X1409.4 Y672.6
G1 X1409.4 Y672.6
G1 X1407.0 Y676.5
G1 X1407.0 Y676.5
G1 X1405.8 Y681.3
G1 X1405.8 Y681.3
G1 X1405.3 Y682.1
G1 X1405.3 Y682.1
G1 X1405.58 Y679.209
G1 X1406.788 Y675.325
G1 X1408.577 Y671.328
G1 X1410.6 Y668.1
G1 X1410.6 Y668.1
G1 X1412.712 Y667.812
G1 X1417.3 Y667.6
G1 X1417.3 Y667.6
G1 X1422.75 Y667.025
G1 X1426.4 Y665.7
G1 X1426.4 Y665.7
G1 X1429.841 Y664.307
G1 X1433.393 Y664.159
G1 X1435.9 Y665.3
G1 X1435.9 Y665.3
G1 X1441.0 Y667.9
G1 X1441.0 Y667.9
G1 X1444.725 Y669.725
G1 X1447.1 Y673.8
G1 X1447.1 Y673.8
G1 X1448.488 Y678.125
G1 X1448.6 Y681.7
G1 X1448.6 Y681.7
G1 X1448.1 Y685.0
G1 X1448.1 Y685.0
G1 X1451.1 Y683.5
G1 X1451.1 Y683.5
G1 X1454.0 Y681.1
G1 X1454.0 Y681.1
G1 X1456.6 Y677.1
G1 X1456.6 Y677.1
G1 X1458.652 Y675.015
G1 X1461.148 Y674.219
G1 X1465.8 Y674.2
G1 X1465.8 Y674.2
G1 X1470.438 Y674.375
G1 X1467.5 Y674.7
G1 X1467.5 Y674.7
G1 X1461.422 Y675.337
G1 X1458.211 Y676.663
G1 X1456.4 Y679.3
G1 X1456.4 Y679.3
G1 X1453.396 Y683.081
G1 X1449.57 Y685.485
G1 X1446.7 Y685.4
M5; lift marker up
G4 P0.08
G0 X1419.8 Y693.3
M3 S1000;put marker down
G4 P0.2
G1 X1421.7 Y693.4
G1 X1421.7 Y693.4
G1 X1420.4 Y693.9
G1 X1420.4 Y693.9
G1 X1419.8 Y693.3
M5; lift marker up
G4 P0.08
G0 X1410.5 Y695.4
M3 S1000;put marker down
G4 P0.2
G1 X1417.0 Y694.1
G1 X1417.0 Y694.1
G1 X1413.5 Y695.6
G1 X1413.5 Y695.6
G1 X1407.0 Y696.9
G1 X1407.0 Y696.9
G1 X1410.5 Y695.4
M5; lift marker up
G4 P0.08
G0 X1398.4 Y698.6
M3 S1000;put marker down
G4 P0.2
G1 X1402.9 Y697.1
G1 X1402.9 Y697.1
G1 X1402.4 Y697.9
G1 X1402.4 Y697.9
G1 X1397.9 Y699.4
G1 X1397.9 Y699.4
G1 X1398.4 Y698.6
M5; lift marker up
G4 P0.08
G0 X1393.0 Y701.6
M3 S1000;put marker down
G4 P0.2
G1 X1394.6 Y700.6
G1 X1394.6 Y700.6
G1 X1395.5 Y701.0
G1 X1395.5 Y701.0
G1 X1393.0 Y701.6
M5; lift marker up
G4 P0.08
G0 X1387.5 Y704.6
M3 S1000;put marker down
G4 P0.2
G1 X1391.4 Y702.0
G1 X1391.4 Y702.0
G1 X1388.0 Y704.9
G1 X1388.0 Y704.9
G1 X1384.5 Y707.2
G1 X1384.5 Y707.2
G1 X1387.5 Y704.6
M5; lift marker up
G4 P0.08
G0 X1386.8 Y686.3
M3 S1000;put marker down
G4 P0.2
G1 X1390.8 Y686.3
G1 X1390.8 Y686.3
G1 X1388.5 Y686.7
G1 X1388.5 Y686.7
G1 X1386.8 Y686.3
M5; lift marker up
G4 P0.08
G0 X1398.0 Y685.0
M3 S1000;put marker down
G4 P0.2
G1 X1400.5 Y684.0
G1 X1400.5 Y684.0
G1 X1400.0 Y685.0
G1 X1400.0 Y685.0
G1 X1397.5 Y686.0
G1 X1397.5 Y686.0
G1 X1398.0 Y685.0
M5; lift marker up
G4 P0.08
G0 X1368.1 Y690.4
M3 S1000;put marker down
G4 P0.2
G1 X1368.889 Y686.619
G1 X1371.278 Y683.881
G1 X1375.0 Y682.5
G1 X1375.0 Y682.5
G1 X1378.5 Y682.0
G1 X1378.5 Y682.0
G1 X1375.0 Y683.1
G1 X1375.0 Y683.1
G1 X1370.613 Y685.2
G1 X1369.0 Y689.7
G1 X1369.0 Y689.7
G1 X1368.1 Y690.4
M5; lift marker up
G4 P0.08
G0 X1360.0 Y701.6
M3 S1000;put marker down
G4 P0.2
G1 X1361.6 Y700.6
G1 X1361.6 Y700.6
G1 X1362.5 Y701.0
G1 X1362.5 Y701.0
G1 X1360.0 Y701.6
M5; lift marker up
G4 P0.08
G0 X1356.0 Y704.5
M3 S1000;put marker down
G4 P0.2
G1 X1358.8 Y702.0
G1 X1358.8 Y702.0
G1 X1357.0 Y704.5
G1 X1357.0 Y704.5
G1 X1354.2 Y707.0
G1 X1354.2 Y707.0
G1 X1356.0 Y704.5
M5; lift marker up
G4 P0.08
G0 X1343.9 Y699.3
M3 S1000;put marker down
G4 P0.2
G1 X1345.5 Y695.0
G1 X1345.5 Y695.0
G1 X1343.062 Y698.888
G1 X1341.0 Y703.6
G1 X1341.0 Y703.6
G1 X1343.9 Y699.3
M5; lift marker up
G4 P0.08
G0 X1335.5 Y715.0
M3 S1000;put marker down
G4 P0.2
G1 X1338.136 Y709.528
G1 X1338.888 Y707.45
G1 X1337.82 Y708.897
G1 X1335.0 Y714.0
G1 X1335.0 Y714.0
G1 X1331.375 Y720.963
G1 X1331.5 Y722.0
G1 X1331.5 Y722.0
G1 X1332.9 Y719.963
G1 X1335.5 Y715.0
M5; lift marker up
G4 P0.08
G0 X1370.4 Y719.4
M3 S1000;put marker down
G4 P0.2
G1 X1372.255 Y716.364
G1 X1374.812 Y713.412
G1 X1377.839 Y710.78
G1 X1381.1 Y708.7
G1 X1381.1 Y708.7
G1 X1384.5 Y706.9
G1 X1384.5 Y706.9
G1 X1381.5 Y709.2
G1 X1381.5 Y709.2
G1 X1378.702 Y711.564
G1 X1375.762 Y714.388
G1 X1372.992 Y717.342
G1 X1370.7 Y720.1
G1 X1370.7 Y720.1
G1 X1370.4 Y719.4
M5; lift marker up
G4 P0.08
G0 X1390.3 Y723.3
M3 S1000;put marker down
G4 P0.2
G1 X1393.3 Y723.3
G1 X1393.3 Y723.3
G1 X1391.5 Y723.8
G1 X1391.5 Y723.8
G1 X1390.3 Y723.3
M5; lift marker up
G4 P0.08
G0 X1397.8 Y722.3
M3 S1000;put marker down
G4 P0.2
G1 X1399.7 Y722.4
G1 X1399.7 Y722.4
G1 X1398.4 Y722.9
G1 X1398.4 Y722.9
G1 X1397.8 Y722.3
M5; lift marker up
G4 P0.08
G0 X1419.0 Y735.9
M3 S1000;put marker down
G4 P0.2
G1 X1416.519 Y732.543
G1 X1413.948 Y729.441
G1 X1411.4 Y726.7
G1 X1408.985 Y724.426
G1 X1406.815 Y722.724
G1 X1405.0 Y721.7
G1 X1405.0 Y721.7
G1 X1405.1 Y721.1
G1 X1405.1 Y721.1
G1 X1407.112 Y721.662
G1 X1409.748 Y723.439
G1 X1412.768 Y726.205
G1 X1415.932 Y729.734
G1 X1419.0 Y733.8
G1 X1419.0 Y733.8
G1 X1423.141 Y739.874
G1 X1424.726 Y742.459
G1 X1424.6 Y743.0
G1 X1424.6 Y743.0
G1 X1422.738 Y740.912
G1 X1419.0 Y735.9
M5; lift marker up
G4 P0.08
G0 X1412.6 Y746.3
M3 S1000;put marker down
G4 P0.2
G1 X1411.188 Y742.825
G1 X1408.8 Y738.9
G1 X1408.8 Y738.9
G1 X1407.2 Y735.2
G1 X1407.2 Y735.2
G1 X1409.019 Y737.203
G1 X1411.325 Y741.25
G1 X1413.219 Y745.522
G1 X1413.8 Y748.2
G1 X1413.8 Y748.2
G1 X1412.6 Y746.3
M5; lift marker up
G4 P0.08
G0 X1414.5 Y751.9
M3 S1000;put marker down
G4 P0.2
G1 X1415.8 Y751.6
G1 X1415.8 Y751.6
G1 X1416.1 Y753.0
G1 X1416.1 Y753.0
G1 X1414.5 Y751.9
M5; lift marker up
G4 P0.08
G0 X1396.0 Y749.5
M3 S1000;put marker down
G4 P0.2
G1 X1390.8 Y748.6
G1 X1390.8 Y748.6
G1 X1388.906 Y748.497
G1 X1387.05 Y747.175
G1 X1384.894 Y744.241
G1 X1382.1 Y739.3
G1 X1382.1 Y739.3
G1 X1381.488 Y737.15
G1 X1384.4 Y741.3
G1 X1384.4 Y741.3
G1 X1388.4 Y747.475
G1 X1390.3 Y747.2
G1 X1390.3 Y747.2
G1 X1395.5 Y748.0
G1 X1395.5 Y748.0
G1 X1398.717 Y749.234
G1 X1400.738 Y748.989
G1 X1401.642 Y747.107
G1 X1401.503 Y743.43
G1 X1400.4 Y737.8
G1 X1400.4 Y737.8
G1 X1402.0 Y734.5
G1 X1402.0 Y734.5
G1 X1404.8 Y734.4
G1 X1404.8 Y734.4
G1 X1403.1 Y735.7
G1 X1403.1 Y735.7
G1 X1401.5 Y738.4
G1 X1401.5 Y738.4
G1 X1402.7 Y743.73
G1 X1402.7 Y747.504
G1 X1401.5 Y749.7
G1 X1401.5 Y749.7
G1 X1396.0 Y749.5
M5; lift marker up
G4 P0.08
G0 X1435.6 Y750.8
M3 S1000;put marker down
G4 P0.2
G1 X1431.975 Y747.175
G1 X1427.6 Y746.7
G1 X1427.6 Y746.7
G1 X1423.5 Y747.238
G1 X1420.0 Y748.3
G1 X1420.0 Y748.3
G1 X1417.0 Y749.1
G1 X1417.0 Y749.1
G1 X1418.511 Y747.67
G1 X1422.289 Y746.263
G1 X1427.2 Y745.3
G1 X1427.2 Y745.3
G1 X1431.7 Y745.338
G1 X1435.0 Y748.0
G1 X1435.0 Y748.0
G1 X1438.762 Y752.738
G1 X1439.6 Y755.0
G1 X1439.6 Y755.0
G1 X1435.6 Y750.8
M5; lift marker up
G4 P0.08
G0 X1442.4 Y781.0
M3 S1000;put marker down
G4 P0.2
G1 X1447.775 Y777.613
G1 X1450.0 Y774.9
G1 X1450.0 Y774.9
G1 X1446.5 Y770.0
G1 X1446.5 Y770.0
G1 X1443.474 Y765.915
G1 X1443.426 Y764.919
G1 X1446.4 Y767.7
G1 X1446.4 Y767.7
G1 X1449.252 Y771.448
G1 X1450.548 Y774.419
G1 X1450.2 Y776.5
G1 X1450.2 Y776.5
G1 X1447.881 Y778.674
G1 X1444.319 Y780.959
G1 X1441.0 Y782.4
G1 X1441.0 Y782.4
G1 X1442.4 Y781.0
M5; lift marker up
G4 P0.08
G0 X1458.1 Y809.1
M3 S1000;put marker down
G4 P0.2
G1 X1457.2 Y804.3
G1 X1457.2 Y804.3
G1 X1457.55 Y801.113
G1 X1454.9 Y796.8
G1 X1454.9 Y796.8
G1 X1451.462 Y792.912
G1 X1447.8 Y792.7
G1 X1447.8 Y792.7
G1 X1443.012 Y792.213
G1 X1441.0 Y789.7
G1 X1441.0 Y789.7
G1 X1442.9 Y790.4
G1 X1442.9 Y790.4
G1 X1448.9 Y791.4
G1 X1448.9 Y791.4
G1 X1453.0 Y791.8
G1 X1453.0 Y791.8
G1 X1456.1 Y796.5
G1 X1456.1 Y796.5
G1 X1458.6 Y800.062
G1 X1458.7 Y803.7
G1 X1458.7 Y803.7
G1 X1459.7 Y809.2
G1 X1459.7 Y809.2
G1 X1458.1 Y809.1
M5; lift marker up
G4 P0.08
G0 X1463.0 Y812.0
M3 S1000;put marker down
G4 P0.2
G1 X1462.5 Y811.0
G1 X1462.5 Y811.0
G1 X1465.0 Y812.0
G1 X1465.0 Y812.0
G1 X1465.5 Y813.0
G1 X1465.5 Y813.0
G1 X1463.0 Y812.0
M5; lift marker up
G4 P0.08
G0 X1470.3 Y815.3
M3 S1000;put marker down
G4 P0.2
G1 X1473.8 Y815.3
G1 X1473.8 Y815.3
G1 X1472.0 Y815.8
G1 X1472.0 Y815.8
G1 X1470.3 Y815.3
M5; lift marker up
G4 P0.08
G0 X1477.8 Y819.2
M3 S1000;put marker down
G4 P0.2
G1 X1476.1 Y815.5
G1 X1476.1 Y815.5
G1 X1478.0 Y817.9
G1 X1478.0 Y817.9
G1 X1480.0 Y821.6
G1 X1480.0 Y821.6
G1 X1477.8 Y819.2
M5; lift marker up
G4 P0.08
G0 X1480.1 Y830.6
M3 S1000;put marker down
G4 P0.2
G1 X1479.3 Y826.3
G1 X1479.3 Y826.3
G1 X1479.9 Y826.7
G1 X1479.9 Y826.7
G1 X1481.8 Y830.9
G1 X1481.8 Y830.9
G1 X1482.4 Y832.0
G1 X1482.4 Y832.0
G1 X1480.1 Y830.6
M5; lift marker up
G4 P0.08
G0 X1491.0 Y857.0
M3 S1000;put marker down
G4 P0.2
G1 X1488.6 Y856.6
G1 X1488.6 Y856.6
G1 X1482.5 Y854.6
G1 X1482.5 Y854.6
G1 X1478.613 Y852.625
G1 X1474.5 Y852.0
G1 X1474.5 Y852.0
G1 X1469.0 Y850.5
G1 X1469.0 Y850.5
G1 X1464.5 Y849.0
G1 X1464.5 Y849.0
G1 X1459.5 Y847.0
G1 X1459.5 Y847.0
G1 X1456.0 Y845.0
G1 X1456.0 Y845.0
G1 X1452.4 Y842.9
G1 X1452.4 Y842.9
G1 X1448.2 Y841.5
G1 X1448.2 Y841.5
G1 X1446.5 Y841.0
G1 X1446.5 Y841.0
G1 X1449.562 Y840.075
G1 X1453.3 Y842.0
G1 X1453.3 Y842.0
G1 X1456.8 Y844.0
G1 X1456.8 Y844.0
G1 X1460.5 Y846.0
G1 X1460.5 Y846.0
G1 X1465.5 Y848.0
G1 X1465.5 Y848.0
G1 X1470.0 Y849.5
G1 X1470.0 Y849.5
G1 X1475.5 Y851.0
G1 X1475.5 Y851.0
G1 X1479.6 Y851.613
G1 X1483.4 Y853.5
G1 X1483.4 Y853.5
G1 X1487.7 Y855.838
G1 X1489.0 Y854.8
G1 X1489.0 Y854.8
G1 X1491.0 Y855.5
G1 X1491.0 Y855.5
G1 X1495.4 Y856.2
G1 X1495.4 Y856.2
G1 X1498.5 Y850.7
G1 X1498.5 Y850.7
G1 X1498.6 Y844.2
G1 X1498.6 Y844.2
G1 X1497.189 Y841.506
G1 X1494.812 Y838.25
G1 X1492.23 Y835.369
G1 X1490.2 Y833.8
G1 X1490.2 Y833.8
G1 X1490.2 Y833.1
G1 X1490.2 Y833.1
G1 X1492.644 Y834.396
G1 X1495.756 Y837.804
G1 X1498.6 Y842.3
G1 X1498.6 Y842.3
G1 X1499.623 Y845.664
G1 X1499.738 Y849.562
G1 X1499.008 Y853.255
G1 X1497.5 Y856.0
G1 X1497.5 Y856.0
G1 X1493.538 Y857.963
G1 X1491.0 Y857.0
M5; lift marker up
G4 P0.08
G0 X1488.7 Y859.9
M3 S1000;put marker down
G4 P0.2
G1 X1490.5 Y859.2
G1 X1490.5 Y859.2
G1 X1489.3 Y860.4
G1 X1489.3 Y860.4
G1 X1488.7 Y859.9
M5; lift marker up
G4 P0.08
G0 X1481.0 Y862.0
M3 S1000;put marker down
G4 P0.2
G1 X1485.5 Y861.2
G1 X1485.5 Y861.2
G1 X1485.0 Y862.0
G1 X1485.0 Y862.0
G1 X1480.5 Y862.8
G1 X1480.5 Y862.8
G1 X1481.0 Y862.0
M5; lift marker up
G4 P0.08
G0 X1462.5 Y862.5
M3 S1000;put marker down
G4 P0.2
G1 X1459.5 Y860.463
G1 X1456.5 Y859.1
G1 X1456.5 Y859.1
G1 X1453.5 Y858.2
G1 X1453.5 Y858.2
G1 X1456.2 Y858.1
G1 X1456.2 Y858.1
G1 X1459.162 Y858.863
G1 X1462.5 Y861.2
G1 X1462.5 Y861.2
G1 X1466.1 Y863.7
G1 X1469.4 Y863.2
G1 X1469.4 Y863.2
G1 X1475.6 Y862.1
G1 X1475.6 Y862.1
G1 X1474.5 Y863.1
G1 X1474.5 Y863.1
G1 X1468.0 Y864.5
G1 X1468.0 Y864.5
G1 X1462.5 Y862.5
M5; lift marker up
G4 P0.08
G0 X1414.4 Y870.3
M3 S1000;put marker down
G4 P0.2
G1 X1412.188 Y865.539
G1 X1410.2 Y861.312
G1 X1408.662 Y858.08
G1 X1407.8 Y856.3
G1 X1407.8 Y856.3
G1 X1407.358 Y855.649
G1 X1406.55 Y854.73
G1 X1405.385 Y853.549
G1 X1403.872 Y852.113
G1 X1402.019 Y850.43
G1 X1399.834 Y848.507
G1 X1397.325 Y846.35
G1 X1394.501 Y843.966
G1 X1391.37 Y841.363
G1 X1387.94 Y838.548
G1 X1384.22 Y835.527
G1 X1380.217 Y832.307
G1 X1375.941 Y828.896
G1 X1371.4 Y825.3
G1 X1371.4 Y825.3
G1 X1367.843 Y822.433
G1 X1364.378 Y819.53
G1 X1361.162 Y816.738
G1 X1358.356 Y814.204
G1 X1356.115 Y812.075
G1 X1354.6 Y810.5
G1 X1354.6 Y810.5
G1 X1352.43 Y808.155
G1 X1349.988 Y806.138
G1 X1347.077 Y804.327
G1 X1343.5 Y802.6
G1 X1343.5 Y802.6
G1 X1339.567 Y800.541
G1 X1336.1 Y798.459
G1 X1333.9 Y796.8
G1 X1333.9 Y796.8
G1 X1331.878 Y795.074
G1 X1328.856 Y792.993
G1 X1325.5 Y791.0
G1 X1325.5 Y791.0
G1 X1324.108 Y790.215
G1 X1322.494 Y789.239
G1 X1320.67 Y788.084
G1 X1318.652 Y786.761
G1 X1316.455 Y785.28
G1 X1314.093 Y783.653
G1 X1311.581 Y781.892
G1 X1308.934 Y780.008
G1 X1306.166 Y778.011
G1 X1303.291 Y775.913
G1 X1300.325 Y773.726
G1 X1297.283 Y771.46
G1 X1294.178 Y769.127
G1 X1291.025 Y766.738
G1 X1287.84 Y764.304
G1 X1284.636 Y761.836
G1 X1281.429 Y759.346
G1 X1278.232 Y756.846
G1 X1275.062 Y754.345
G1 X1271.931 Y751.856
G1 X1268.856 Y749.389
G1 X1265.851 Y746.956
G1 X1262.929 Y744.569
G1 X1260.107 Y742.237
G1 X1257.398 Y739.974
G1 X1254.818 Y737.789
G1 X1252.38 Y735.694
G1 X1250.1 Y733.7
G1 X1250.1 Y733.7
G1 X1247.104 Y731.158
G1 X1244.223 Y728.911
G1 X1241.397 Y726.924
G1 X1238.562 Y725.162
G1 X1235.658 Y723.594
G1 X1232.62 Y722.183
G1 X1229.388 Y720.896
G1 X1225.9 Y719.7
G1 X1225.9 Y719.7
G1 X1222.102 Y718.406
G1 X1218.863 Y717.166
G1 X1216.035 Y715.893
G1 X1213.475 Y714.5
G1 X1211.037 Y712.901
G1 X1208.575 Y711.009
G1 X1205.945 Y708.738
G1 X1203.0 Y706.0
G1 X1203.0 Y706.0
G1 X1199.817 Y703.053
G1 X1196.662 Y700.275
G1 X1193.902 Y697.984
G1 X1191.9 Y696.5
G1 X1191.9 Y696.5
G1 X1189.569 Y695.18
G1 X1185.762 Y693.376
G1 X1181.15 Y691.362
G1 X1176.399 Y689.413
G1 X1172.178 Y687.803
G1 X1169.156 Y686.807
G1 X1168.0 Y686.7
G1 X1168.0 Y686.7
G1 X1168.417 Y688.055
G1 X1169.57 Y690.412
G1 X1171.314 Y693.525
G1 X1173.504 Y697.147
G1 X1175.996 Y701.031
G1 X1178.643 Y704.931
G1 X1181.3 Y708.6
G1 X1181.3 Y708.6
G1 X1185.485 Y714.293
G1 X1188.33 Y718.382
G1 X1190.034 Y721.186
G1 X1190.791 Y723.019
G1 X1190.8 Y724.2
G1 X1190.8 Y724.2
G1 X1189.917 Y723.73
G1 X1187.788 Y721.638
G1 X1184.739 Y718.252
G1 X1181.1 Y713.9
G1 X1181.1 Y713.9
G1 X1178.696 Y710.932
G1 X1176.494 Y708.08
G1 X1174.47 Y705.31
G1 X1172.6 Y702.588
G1 X1170.862 Y699.879
G1 X1169.231 Y697.152
G1 X1167.685 Y694.37
G1 X1166.2 Y691.5
G1 X1166.2 Y691.5
G1 X1163.992 Y687.193
G1 X1162.1 Y683.841
G1 X1160.275 Y681.1
G1 X1158.267 Y678.626
G1 X1155.825 Y676.074
G1 X1152.7 Y673.1
G1 X1152.7 Y673.1
G1 X1150.742 Y671.396
G1 X1148.308 Y669.408
G1 X1145.491 Y667.206
G1 X1142.388 Y664.863
G1 X1139.092 Y662.449
G1 X1135.698 Y660.036
G1 X1132.303 Y657.696
G1 X1129.0 Y655.5
G1 X1129.0 Y655.5
G1 X1123.975 Y652.216
G1 X1119.697 Y649.46
G1 X1116.059 Y647.174
G1 X1112.958 Y645.3
G1 X1110.287 Y643.781
G1 X1107.941 Y642.559
G1 X1105.815 Y641.577
G1 X1103.803 Y640.776
G1 X1101.8 Y640.1
G1 X1101.8 Y640.1
G1 X1100.561 Y639.536
G1 X1099.131 Y638.6
G1 X1097.499 Y637.285
G1 X1095.659 Y635.581
G1 X1093.601 Y633.478
G1 X1091.316 Y630.969
G1 X1088.797 Y628.043
G1 X1086.034 Y624.693
G1 X1083.02 Y620.908
G1 X1079.7440000000001 Y616.68
G1 X1076.2 Y612.0
G1 X1076.2 Y612.0
G1 X1074.011 Y609.127
G1 X1071.585 Y606.021
G1 X1068.9969999999998 Y602.773
G1 X1066.3220000000001 Y599.474
G1 X1063.636 Y596.213
G1 X1061.0140000000001 Y593.08
G1 X1058.5320000000002 Y590.166
G1 X1056.2640000000001 Y587.561
G1 X1054.286 Y585.355
G1 X1052.673 Y583.638
G1 X1051.5 Y582.5
G1 X1051.5 Y582.5
G1 X1050.375 Y581.222
G1 X1048.125 Y578.425
G1 X1045.088 Y574.541
G1 X1041.6 Y570.0
G1 X1041.6 Y570.0
G1 X1038.722 Y566.241
G1 X1035.801 Y562.508
G1 X1032.854 Y558.818
G1 X1029.899 Y555.193
G1 X1026.955 Y551.65
G1 X1024.038 Y548.209
G1 X1021.168 Y544.89
G1 X1018.362 Y541.71
G1 X1015.637 Y538.691
G1 X1013.012 Y535.85
G1 X1010.506 Y533.207
G1 X1008.134 Y530.782
G1 X1005.917 Y528.592
G1 X1003.871 Y526.659
G1 X1002.014 Y525.0
G1 X1000.365 Y523.635
G1 X998.941 Y522.584
G1 X997.76 Y521.864
G1 X996.841 Y521.497
G1 X996.2 Y521.5
G1 X996.2 Y521.5
G1 X995.5 Y521.0
G1 X995.5 Y521.0
G1 X995.2 Y520.0
G1 X995.2 Y520.0
G1 X993.638 Y521.975
G1 X991.1 Y526.8
G1 X991.1 Y526.8
G1 X987.498 Y534.267
G1 X985.177 Y538.97
G1 X983.907 Y541.358
G1 X983.458 Y541.885
G1 X983.6 Y541.0
G1 X983.6 Y541.0
G1 X984.248 Y539.231
G1 X985.488 Y536.3
G1 X987.158 Y532.619
G1 X989.1 Y528.6
G1 X989.1 Y528.6
G1 X991.541 Y523.559
G1 X993.226 Y519.941
G1 X993.8 Y518.5
G1 X993.8 Y518.5
G1 X992.733 Y517.726
G1 X990.734 Y516.358
G1 X988.004 Y514.53
G1 X984.742 Y512.373
G1 X981.15 Y510.02
G1 X977.43 Y507.60400000000004
G1 X973.78 Y505.25699999999995
G1 X970.404 Y503.111
G1 X967.5 Y501.29999999999995
G1 X967.5 Y501.29999999999995
G1 X964.441 Y499.37300000000005
G1 X961.836 Y497.62300000000005
G1 X959.528 Y495.909
G1 X957.362 Y494.088
G1 X955.183 Y492.018
G1 X952.833 Y489.558
G1 X950.157 Y486.566
G1 X947.0 Y482.9
G1 X947.0 Y482.9
G1 X944.468 Y479.949
G1 X941.903 Y476.915
G1 X939.393 Y473.908
G1 X937.029 Y471.041
G1 X934.899 Y468.426
G1 X933.093 Y466.175
G1 X931.7 Y464.4
G1 X931.7 Y464.4
G1 X930.305 Y462.638
G1 X928.784 Y460.849
G1 X927.117 Y459.016
G1 X925.284 Y457.122
G1 X923.267 Y455.151
G1 X921.044 Y453.085
G1 X918.597 Y450.91
G1 X915.906 Y448.607
G1 X912.951 Y446.16
G1 X909.713 Y443.552
G1 X906.171 Y440.768
G1 X902.307 Y437.789
G1 X898.1 Y434.6
G1 X898.1 Y434.6
G1 X897.4 Y438.5
G1 X897.4 Y438.5
G1 X897.681 Y440.075
G1 X898.064 Y441.737
G1 X898.563 Y443.523
G1 X899.194 Y445.468
G1 X899.973 Y447.607
G1 X900.916 Y449.977
G1 X902.038 Y452.612
G1 X903.353 Y455.55
G1 X904.879 Y458.824
G1 X906.63 Y462.471
G1 X908.622 Y466.526
G1 X910.871 Y471.026
G1 X913.392 Y476.005
G1 X916.2 Y481.5
G1 X916.2 Y481.5
G1 X918.6 Y486.116
G1 X920.996 Y490.608
G1 X923.378 Y494.965
G1 X925.74 Y499.173
G1 X928.072 Y503.221
G1 X930.367 Y507.097
G1 X932.616 Y510.78700000000003
G1 X934.812 Y514.281
G1 X936.946 Y517.565
G1 X939.01 Y520.628
G1 X940.996 Y523.457
G1 X942.896 Y526.039
G1 X944.702 Y528.364
G1 X946.405 Y530.418
G1 X947.998 Y532.189
G1 X949.472 Y533.665
G1 X950.819 Y534.834
G1 X952.031 Y535.683
G1 X953.1 Y536.2
G1 X953.1 Y536.2
G1 X955.031 Y537.275
G1 X956.475 Y539.325
G1 X957.656 Y542.838
G1 X958.8 Y548.3
G1 X958.8 Y548.3
G1 X959.352 Y550.603
G1 X960.185 Y552.959
G1 X961.412 Y555.588
G1 X963.148 Y558.707
G1 X965.506 Y562.538
G1 X968.6 Y567.3
G1 X968.6 Y567.3
G1 X969.973 Y569.419
G1 X971.434 Y571.762
G1 X972.97 Y574.308
G1 X974.57 Y577.033
G1 X976.222 Y579.917
G1 X977.912 Y582.938
G1 X979.63 Y586.072
G1 X981.363 Y589.3
G1 X983.098 Y592.598
G1 X984.825 Y595.946
G1 X986.529 Y599.32
G1 X988.2 Y602.7
G1 X988.2 Y602.7
G1 X999.2 Y625.0
G1 X999.2 Y625.0
G1 X1025.3 Y651.2
G1 X1025.3 Y651.2
G1 X1028.613 Y654.527
G1 X1031.884 Y657.839
G1 X1035.085 Y661.107
G1 X1038.184 Y664.296
G1 X1041.1509999999998 Y667.377
G1 X1043.955 Y670.318
G1 X1046.568 Y673.085
G1 X1048.9569999999999 Y675.649
G1 X1051.0929999999998 Y677.978
G1 X1052.946 Y680.038
G1 X1054.4850000000001 Y681.8
G1 X1055.6799999999998 Y683.231
G1 X1056.5 Y684.3
G1 X1056.5 Y684.3
G1 X1057.9099999999999 Y686.11
G1 X1059.576 Y688.042
G1 X1061.479 Y690.079
G1 X1063.597 Y692.205
G1 X1065.911 Y694.402
G1 X1068.4 Y696.656
G1 X1071.045 Y698.948
G1 X1073.825 Y701.262
G1 X1076.72 Y703.583
G1 X1079.7089999999998 Y705.893
G1 X1082.7730000000001 Y708.175
G1 X1085.891 Y710.414
G1 X1089.043 Y712.592
G1 X1092.208 Y714.694
G1 X1095.367 Y716.702
G1 X1098.5 Y718.6
G1 X1098.5 Y718.6
G1 X1102.321 Y720.889
G1 X1105.754 Y722.985
G1 X1108.863 Y724.934
G1 X1111.709 Y726.782
G1 X1114.356 Y728.573
G1 X1116.868 Y730.355
G1 X1119.307 Y732.171
G1 X1121.737 Y734.069
G1 X1124.22 Y736.092
G1 X1126.82 Y738.287
G1 X1129.6 Y740.7
G1 X1129.6 Y740.7
G1 X1133.03 Y743.609
G1 X1135.797 Y745.658
G1 X1138.319 Y747.094
G1 X1141.014 Y748.159
G1 X1144.3 Y749.1
G1 X1144.3 Y749.1
G1 X1147.31 Y749.831
G1 X1150.438 Y750.444
G1 X1153.668 Y750.937
G1 X1156.985 Y751.312
G1 X1160.372 Y751.567
G1 X1163.815 Y751.703
G1 X1167.296 Y751.721
G1 X1170.802 Y751.619
G1 X1174.314 Y751.398
G1 X1177.819 Y751.059
G1 X1181.3 Y750.6
G1 X1181.3 Y750.6
G1 X1188.417 Y749.584
G1 X1193.088 Y749.075
G1 X1195.489 Y749.053
G1 X1195.8 Y749.5
G1 X1195.8 Y749.5
G1 X1194.467 Y750.009
G1 X1191.586 Y750.667
G1 X1187.596 Y751.407
G1 X1182.938 Y752.162
G1 X1178.049 Y752.866
G1 X1173.37 Y753.452
G1 X1169.341 Y753.852
G1 X1166.4 Y754.0
G1 X1166.4 Y754.0
G1 X1163.118 Y753.888
G1 X1159.455 Y753.57
G1 X1155.574 Y753.077
G1 X1151.638 Y752.438
G1 X1147.809 Y751.681
G1 X1144.252 Y750.836
G1 X1141.128 Y749.933
G1 X1138.6 Y749.0
G1 X1138.6 Y749.0
G1 X1135.522 Y747.348
G1 X1131.978 Y744.919
G1 X1128.7 Y742.2
G1 X1128.7 Y742.2
G1 X1126.29 Y740.023
G1 X1123.847 Y737.921
G1 X1121.349 Y735.88
G1 X1118.774 Y733.886
G1 X1116.1 Y731.925
G1 X1113.306 Y729.982
G1 X1110.371 Y728.042
G1 X1107.273 Y726.091
G1 X1103.99 Y724.115
G1 X1100.5 Y722.1
G1 X1100.5 Y722.1
G1 X1097.42 Y720.285
G1 X1094.237 Y718.316
G1 X1090.981 Y716.217
G1 X1087.685 Y714.012
G1 X1084.379 Y711.725
G1 X1081.095 Y709.38
G1 X1077.864 Y707.002
G1 X1074.719 Y704.615
G1 X1071.6889999999999 Y702.242
G1 X1068.807 Y699.909
G1 X1066.104 Y697.638
G1 X1063.6109999999999 Y695.456
G1 X1061.3600000000001 Y693.385
G1 X1059.382 Y691.449
G1 X1057.708 Y689.674
G1 X1056.371 Y688.083
G1 X1055.4 Y686.7
G1 X1055.4 Y686.7
G1 X1054.839 Y685.954
G1 X1053.866 Y684.799
G1 X1052.512 Y683.267
G1 X1050.8049999999998 Y681.387
G1 X1048.775 Y679.192
G1 X1046.451 Y676.712
G1 X1043.862 Y673.979
G1 X1041.037 Y671.023
G1 X1038.005 Y667.876
G1 X1034.797 Y664.569
G1 X1031.44 Y661.134
G1 X1027.9650000000001 Y657.6
G1 X1024.4 Y654.0
G1 X1024.4 Y654.0
G1 X1019.197 Y648.751
G1 X1014.652 Y644.151
G1 X1010.716 Y640.143
G1 X1007.336 Y636.668
G1 X1004.462 Y633.668
G1 X1002.042 Y631.085
G1 X1000.025 Y628.863
G1 X998.36 Y626.941
G1 X996.997 Y625.263
G1 X995.883 Y623.771
G1 X994.967 Y622.407
G1 X994.199 Y621.112
G1 X993.527 Y619.829
G1 X992.9 Y618.5
G1 X992.9 Y618.5
G1 X990.943 Y614.232
G1 X989.027 Y610.111
G1 X987.153 Y606.14
G1 X985.321 Y602.321
G1 X983.534 Y598.657
G1 X981.791 Y595.148
G1 X980.094 Y591.798
G1 X978.444 Y588.609
G1 X976.843 Y585.582
G1 X975.291 Y582.721
G1 X973.789 Y580.027
G1 X972.339 Y577.503
G1 X970.942 Y575.15
G1 X969.598 Y572.971
G1 X968.309 Y570.968
G1 X967.076 Y569.144
G1 X965.9 Y567.5
G1 X965.9 Y567.5
G1 X963.774 Y564.456
G1 X961.883 Y561.445
G1 X960.21 Y558.428
G1 X958.738 Y555.362
G1 X957.448 Y552.208
G1 X956.323 Y548.923
G1 X955.347 Y545.468
G1 X954.5 Y541.8
G1 X954.5 Y541.8
G1 X952.7 Y539.0
G1 X952.7 Y539.0
G1 X951.825 Y538.716
G1 X950.63 Y537.878
G1 X949.132 Y536.509
G1 X947.349 Y534.629
G1 X945.297 Y532.261
G1 X942.993 Y529.425
G1 X940.454 Y526.144
G1 X937.699 Y522.44
G1 X934.743 Y518.333
G1 X931.605 Y513.846
G1 X928.3 Y509.0
G1 X928.3 Y509.0
G1 X927.283 Y507.39300000000003
G1 X926.051 Y505.322
G1 X924.631 Y502.841
G1 X923.05 Y500.00300000000004
G1 X921.335 Y496.863
G1 X919.515 Y493.473
G1 X917.615 Y489.886
G1 X915.664 Y486.157
G1 X913.688 Y482.339
G1 X911.716 Y478.484
G1 X909.774 Y474.647
G1 X907.889 Y470.882
G1 X906.089 Y467.24
G1 X904.401 Y463.777
G1 X902.853 Y460.545
G1 X901.471 Y457.598
G1 X900.284 Y454.989
G1 X899.318 Y452.772
G1 X898.6 Y451.0
G1 X898.6 Y451.0
G1 X897.222 Y446.859
G1 X895.911 Y442.274
G1 X895.0 Y438.2
G1 X895.0 Y438.2
G1 X893.7 Y432.0
G1 X893.7 Y432.0
G1 X887.6 Y428.7
G1 X887.6 Y428.7
G1 X883.7 Y425.2
G1 X883.7 Y425.2
G1 X885.382 Y425.288
G1 X887.559 Y425.967
G1 X890.275 Y427.263
G1 X893.574 Y429.2
G1 X897.501 Y431.804
G1 X902.1 Y435.1
G1 X902.1 Y435.1
G1 X905.614 Y437.695
G1 X908.988 Y440.188
G1 X911.817 Y442.286
G1 X913.7 Y443.7
G1 X913.7 Y443.7
G1 X916.126 Y445.564
G1 X918.767 Y447.791
G1 X921.528 Y450.285
G1 X924.312 Y452.95
G1 X927.027 Y455.69
G1 X929.577 Y458.409
G1 X931.866 Y461.011
G1 X933.8 Y463.4
G1 X933.8 Y463.4
G1 X936.019 Y466.276
G1 X938.481 Y469.382
G1 X941.106 Y472.624
G1 X943.814 Y475.907
G1 X946.525 Y479.138
G1 X949.158 Y482.221
G1 X951.632 Y485.063
G1 X953.867 Y487.57
G1 X955.783 Y489.647
G1 X957.3 Y491.2
G1 X957.3 Y491.2
G1 X959.859 Y493.415
G1 X962.907 Y495.719
G1 X965.8 Y497.6
G1 X965.8 Y497.6
G1 X968.448 Y499.19100000000003
G1 X971.38 Y501.02
G1 X974.533 Y503.043
G1 X977.845 Y505.217
G1 X981.254 Y507.5
G1 X984.697 Y509.846
G1 X988.113 Y512.213
G1 X991.437 Y514.556
G1 X994.61 Y516.834
G1 X997.567 Y519.001
G1 X1000.247 Y521.015
G1 X1002.587 Y522.831
G1 X1004.526 Y524.408
G1 X1006.0 Y525.7
G1 X1006.0 Y525.7
G1 X1007.942 Y527.517
G1 X1009.997 Y529.518
G1 X1012.153 Y531.686
G1 X1014.394 Y534.004
G1 X1016.707 Y536.456
G1 X1019.078 Y539.025
G1 X1021.493 Y541.695
G1 X1023.938 Y544.449
G1 X1026.3980000000001 Y547.271
G1 X1028.859 Y550.144
G1 X1031.308 Y553.052
G1 X1033.731 Y555.978
G1 X1036.113 Y558.906
G1 X1038.441 Y561.819
G1 X1040.7 Y564.7
G1 X1040.7 Y564.7
G1 X1042.784 Y567.452
G1 X1045.012 Y570.327
G1 X1047.316 Y573.241
G1 X1049.625 Y576.112
G1 X1051.868 Y578.857
G1 X1053.975 Y581.392
G1 X1055.876 Y583.634
G1 X1057.5 Y585.5
G1 X1057.5 Y585.5
G1 X1060.858 Y589.343
G1 X1063.836 Y592.806
G1 X1066.4740000000002 Y595.941
G1 X1068.812 Y598.8
G1 X1070.894 Y601.434
G1 X1072.758 Y603.894
G1 X1074.446 Y606.232
G1 X1076.0 Y608.5
G1 X1076.0 Y608.5
G1 X1077.426 Y610.521
G1 X1079.0839999999998 Y612.764
G1 X1080.982 Y615.234
G1 X1083.125 Y617.938
G1 X1085.521 Y620.88
G1 X1088.178 Y624.067
G1 X1091.102 Y627.505
G1 X1094.3 Y631.2
G1 X1094.3 Y631.2
G1 X1096.941 Y634.05
G1 X1099.375 Y636.15
G1 X1101.922 Y637.725
G1 X1104.9 Y639.0
G1 X1104.9 Y639.0
G1 X1106.525 Y639.709
G1 X1108.668 Y640.786
G1 X1111.247 Y642.181
G1 X1114.18 Y643.843
G1 X1117.385 Y645.723
G1 X1120.781 Y647.768
G1 X1124.286 Y649.929
G1 X1127.816 Y652.156
G1 X1131.292 Y654.397
G1 X1134.63 Y656.603
G1 X1137.748 Y658.722
G1 X1140.566 Y660.705
G1 X1143.0 Y662.5
G1 X1143.0 Y662.5
G1 X1146.129 Y665.012
G1 X1149.412 Y667.798
G1 X1152.696 Y670.714
G1 X1155.825 Y673.613
G1 X1158.645 Y676.347
G1 X1161.0 Y678.77
G1 X1162.737 Y680.737
G1 X1163.7 Y682.1
G1 X1163.7 Y682.1
G1 X1164.874 Y684.519
G1 X1166.759 Y688.581
G1 X1169.0 Y693.4
G1 X1169.0 Y693.4
G1 X1171.95 Y699.562
G1 X1173.4 Y701.9
G1 X1173.4 Y701.9
G1 X1172.725 Y699.55
G1 X1170.4 Y694.5
G1 X1170.4 Y694.5
G1 X1167.674 Y688.107
G1 X1167.126 Y684.826
G1 X1168.8 Y684.5
G1 X1168.8 Y684.5
G1 X1171.888 Y685.7
G1 X1177.0 Y687.5
G1 X1177.0 Y687.5
G1 X1180.847 Y688.895
G1 X1184.336 Y690.334
G1 X1187.542 Y691.863
G1 X1190.538 Y693.525
G1 X1193.397 Y695.365
G1 X1196.195 Y697.428
G1 X1199.005 Y699.758
G1 X1201.9 Y702.4
G1 X1201.9 Y702.4
G1 X1205.19 Y705.452
G1 X1208.105 Y707.992
G1 X1210.782 Y710.108
G1 X1213.363 Y711.888
G1 X1215.985 Y713.419
G1 X1218.789 Y714.789
G1 X1221.914 Y716.087
G1 X1225.5 Y717.4
G1 X1225.5 Y717.4
G1 X1229.248 Y718.762
G1 X1232.666 Y720.138
G1 X1235.819 Y721.567
G1 X1238.769 Y723.084
G1 X1241.58 Y724.727
G1 X1244.315 Y726.533
G1 X1247.038 Y728.54
G1 X1249.812 Y730.783
G1 X1252.7 Y733.3
G1 X1252.7 Y733.3
G1 X1255.687 Y735.952
G1 X1258.679 Y738.577
G1 X1261.666 Y741.169
G1 X1264.641 Y743.719
G1 X1267.593 Y746.219
G1 X1270.514 Y748.663
G1 X1273.394 Y751.043
G1 X1276.225 Y753.35
G1 X1278.997 Y755.578
G1 X1281.702 Y757.718
G1 X1284.33 Y759.763
G1 X1286.872 Y761.706
G1 X1289.319 Y763.539
G1 X1291.662 Y765.254
G1 X1293.892 Y766.843
G1 X1296.0 Y768.3
G1 X1296.0 Y768.3
G1 X1299.253 Y770.561
G1 X1302.6 Y772.963
G1 X1305.647 Y775.233
G1 X1308.0 Y777.1
G1 X1308.0 Y777.1
G1 X1310.587 Y779.084
G1 X1314.162 Y781.625
G1 X1318.301 Y784.448
G1 X1322.575 Y787.275
G1 X1326.559 Y789.83
G1 X1329.825 Y791.838
G1 X1331.948 Y793.02
G1 X1332.5 Y793.1
G1 X1332.5 Y793.1
G1 X1330.874 Y791.667
G1 X1327.159 Y788.967
G1 X1322.2 Y785.6
G1 X1322.2 Y785.6
G1 X1318.872 Y783.314
G1 X1315.424 Y780.893
G1 X1312.12 Y778.515
G1 X1309.224 Y776.358
G1 X1307.0 Y774.6
G1 X1307.0 Y774.6
G1 X1304.844 Y772.831
G1 X1302.136 Y770.65
G1 X1299.116 Y768.242
G1 X1296.024 Y765.797
G1 X1293.1 Y763.5
G1 X1293.1 Y763.5
G1 X1290.104 Y761.146
G1 X1286.916 Y758.543
G1 X1283.776 Y755.897
G1 X1280.924 Y753.414
G1 X1278.6 Y751.3
G1 X1278.6 Y751.3
G1 X1272.6 Y745.6
G1 X1272.6 Y745.6
G1 X1286.5 Y742.8
G1 X1286.5 Y742.8
G1 X1291.197 Y741.942
G1 X1295.826 Y741.195
G1 X1300.058 Y740.597
G1 X1303.559 Y740.186
G1 X1306.0 Y740.0
G1 X1306.0 Y740.0
G1 X1311.05 Y739.688
G1 X1315.5 Y739.0
G1 X1315.5 Y739.0
G1 X1318.759 Y738.393
G1 X1323.441 Y737.674
G1 X1328.5 Y737.0
G1 X1328.5 Y737.0
G1 X1331.533 Y736.595
G1 X1334.59 Y736.105
G1 X1337.711 Y735.522
G1 X1340.936 Y734.835
G1 X1344.305 Y734.035
G1 X1347.856 Y733.111
G1 X1351.629 Y732.054
G1 X1355.664 Y730.853
G1 X1360.0 Y729.5
G1 X1360.0 Y729.5
G1 X1363.407 Y728.522
G1 X1367.419 Y727.506
G1 X1371.721 Y726.519
G1 X1376.0 Y725.625
G1 X1379.941 Y724.891
G1 X1383.231 Y724.381
G1 X1385.555 Y724.162
G1 X1386.6 Y724.3
G1 X1386.6 Y724.3
G1 X1384.225 Y725.1
G1 X1377.8 Y726.5
G1 X1377.8 Y726.5
G1 X1374.95 Y727.058
G1 X1371.633 Y727.8
G1 X1368.05 Y728.675
G1 X1364.4 Y729.633
G1 X1360.883 Y730.625
G1 X1357.7 Y731.6
G1 X1357.7 Y731.6
G1 X1354.84 Y732.442
G1 X1351.624 Y733.31
G1 X1348.111 Y734.194
G1 X1344.361 Y735.081
G1 X1340.432 Y735.962
G1 X1336.383 Y736.824
G1 X1332.274 Y737.657
G1 X1328.162 Y738.45
G1 X1324.109 Y739.191
G1 X1320.172 Y739.87
G1 X1316.41 Y740.474
G1 X1312.883 Y740.994
G1 X1309.649 Y741.417
G1 X1306.768 Y741.734
G1 X1304.299 Y741.932
G1 X1302.3 Y742.0
G1 X1302.3 Y742.0
G1 X1299.533 Y742.274
G1 X1295.1 Y742.993
G1 X1290.0 Y744.0
G1 X1290.0 Y744.0
G1 X1284.959 Y745.007
G1 X1280.674 Y745.726
G1 X1278.1 Y746.0
G1 X1278.1 Y746.0
G1 X1275.6 Y746.0
G1 X1275.6 Y746.0
G1 X1278.6 Y749.1
G1 X1278.6 Y749.1
G1 X1280.107 Y750.531
G1 X1282.546 Y752.654
G1 X1285.67 Y755.27
G1 X1289.237 Y758.185
G1 X1293.0 Y761.2
G1 X1293.0 Y761.2
G1 X1295.821 Y763.395
G1 X1298.805 Y765.72
G1 X1301.832 Y768.083
G1 X1304.784 Y770.393
G1 X1307.542 Y772.56
G1 X1309.987 Y774.493
G1 X1312.0 Y776.1
G1 X1312.0 Y776.1
G1 X1314.752 Y778.24
G1 X1317.74 Y780.477
G1 X1320.908 Y782.776
G1 X1324.197 Y785.098
G1 X1327.551 Y787.407
G1 X1330.913 Y789.666
G1 X1334.225 Y791.838
G1 X1337.43 Y793.885
G1 X1340.47 Y795.772
G1 X1343.289 Y797.462
G1 X1345.828 Y798.916
G1 X1348.031 Y800.098
G1 X1349.841 Y800.972
G1 X1351.2 Y801.5
G1 X1351.2 Y801.5
G1 X1353.653 Y802.138
G1 X1356.372 Y802.731
G1 X1359.332 Y803.275
G1 X1362.504 Y803.766
G1 X1365.863 Y804.2
G1 X1369.38 Y804.574
G1 X1373.03 Y804.885
G1 X1376.784 Y805.129
G1 X1380.616 Y805.302
G1 X1384.5 Y805.4
G1 X1384.5 Y805.4
G1 X1396.5 Y805.5
G1 X1396.5 Y805.5
G1 X1405.3 Y801.3
G1 X1405.3 Y801.3
G1 X1411.45 Y798.538
G1 X1414.0 Y797.8
G1 X1414.0 Y797.8
G1 X1412.695 Y799.238
G1 X1409.418 Y801.405
G1 X1405.122 Y803.783
G1 X1400.765 Y805.854
G1 X1397.3 Y807.1
G1 X1397.3 Y807.1
G1 X1395.23 Y807.406
G1 X1392.377 Y807.581
G1 X1388.898 Y807.636
G1 X1384.952 Y807.581
G1 X1380.696 Y807.428
G1 X1376.288 Y807.188
G1 X1371.886 Y806.87
G1 X1367.648 Y806.485
G1 X1363.733 Y806.045
G1 X1360.298 Y805.561
G1 X1357.501 Y805.042
G1 X1355.5 Y804.5
G1 X1355.5 Y804.5
G1 X1358.0 Y808.4
G1 X1358.0 Y808.4
G1 X1359.006 Y809.424
G1 X1360.195 Y810.574
G1 X1361.595 Y811.869
G1 X1363.233 Y813.334
G1 X1365.137 Y814.988
G1 X1367.333 Y816.855
G1 X1369.85 Y818.956
G1 X1372.714 Y821.313
G1 X1375.952 Y823.947
G1 X1379.593 Y826.882
G1 X1383.663 Y830.137
G1 X1388.19 Y833.736
G1 X1393.2 Y837.7
G1 X1393.2 Y837.7
G1 X1397.037 Y840.822
G1 X1400.63 Y843.944
G1 X1403.2 Y846.4
G1 X1403.2 Y846.4
G1 X1405.07 Y848.148
G1 X1407.738 Y850.488
G1 X1410.836 Y853.108
G1 X1414.0 Y855.7
G1 X1414.0 Y855.7
G1 X1417.181 Y858.309
G1 X1420.325 Y860.975
G1 X1423.056 Y863.378
G1 X1425.0 Y865.2
G1 X1425.0 Y865.2
G1 X1427.767 Y867.463
G1 X1431.533 Y870.037
G1 X1435.5 Y872.3
G1 X1435.5 Y872.3
G1 X1440.212 Y874.863
G1 X1441.7 Y876.0
G1 X1441.7 Y876.0
G1 X1439.883 Y875.503
G1 X1436.933 Y874.089
G1 X1433.3 Y872.025
G1 X1429.433 Y869.578
G1 X1425.783 Y867.014
G1 X1422.8 Y864.6
G1 X1422.8 Y864.6
G1 X1419.11 Y861.39
G1 X1415.171 Y858.189
G1 X1411.597 Y855.463
G1 X1409.002 Y853.678
G1 X1408.0 Y853.3
G1 X1408.0 Y853.3
G1 X1408.386 Y854.323
G1 X1409.43 Y856.741
G1 X1410.959 Y860.181
G1 X1412.802 Y864.268
G1 X1414.787 Y868.628
G1 X1416.741 Y872.885
G1 X1418.492 Y876.666
G1 X1419.869 Y879.596
G1 X1420.7 Y881.3
G1 X1420.7 Y881.3
G1 X1420.5 Y882.0
G1 X1420.5 Y882.0
G1 X1419.407 Y880.389
G1 X1417.226 Y876.178
G1 X1414.4 Y870.3
M5; lift marker up
G4 P0.08
G0 X1400.4 Y868.5
M3 S1000;put marker down
G4 P0.2
G1 X1399.5 Y867.1
G1 X1399.5 Y867.1
G1 X1402.4 Y868.5
G1 X1402.4 Y868.5
G1 X1403.4 Y870.0
G1 X1403.4 Y870.0
G1 X1400.4 Y868.5
M5; lift marker up
G4 P0.08
G0 X1385.5 Y874.0
M3 S1000;put marker down
G4 P0.2
G1 X1384.3 Y872.3
G1 X1384.3 Y872.3
G1 X1384.5 Y875.0
G1 X1384.5 Y875.0
G1 X1385.7 Y876.7
G1 X1385.7 Y876.7
G1 X1385.5 Y874.0
M5; lift marker up
G4 P0.08
G0 X1391.9 Y889.5
M3 S1000;put marker down
G4 P0.2
G1 X1390.754 Y888.612
G1 X1389.517 Y887.095
G1 X1388.148 Y884.874
G1 X1386.603 Y881.871
G1 X1384.842 Y878.009
G1 X1382.821 Y873.211
G1 X1380.5 Y867.4
G1 X1380.5 Y867.4
G1 X1377.7 Y860.3
G1 X1377.7 Y860.3
G1 X1364.9 Y854.0
G1 X1364.9 Y854.0
G1 X1359.925 Y851.489
G1 X1355.925 Y849.363
G1 X1353.312 Y847.855
G1 X1352.5 Y847.2
G1 X1352.5 Y847.2
G1 X1353.645 Y847.544
G1 X1356.488 Y848.75
G1 X1360.586 Y850.631
G1 X1365.5 Y853.0
G1 X1365.5 Y853.0
G1 X1378.2 Y859.2
G1 X1378.2 Y859.2
G1 X1381.1 Y865.4
G1 X1381.1 Y865.4
G1 X1383.422 Y870.104
G1 X1383.744 Y869.83
G1 X1382.0 Y864.6
G1 X1382.0 Y864.6
G1 X1380.656 Y861.414
G1 X1378.975 Y859.213
G1 X1375.981 Y857.105
G1 X1370.7 Y854.2
G1 X1370.7 Y854.2
G1 X1366.673 Y852.122
G1 X1362.562 Y850.1
G1 X1358.845 Y848.378
G1 X1356.0 Y847.2
G1 X1356.0 Y847.2
G1 X1351.318 Y845.348
G1 X1346.885 Y843.448
G1 X1343.263 Y841.764
G1 X1341.014 Y840.56
G1 X1340.7 Y840.1
G1 X1340.7 Y840.1
G1 X1341.708 Y840.297
G1 X1343.56 Y840.92
G1 X1346.144 Y841.918
G1 X1349.351 Y843.238
G1 X1353.069 Y844.83
G1 X1357.189 Y846.641
G1 X1361.599 Y848.62
G1 X1366.19 Y850.715
G1 X1370.85 Y852.875
G1 X1375.47 Y855.048
G1 X1379.938 Y857.182
G1 X1384.144 Y859.226
G1 X1387.979 Y861.128
G1 X1391.33 Y862.836
G1 X1394.089 Y864.299
G1 X1396.144 Y865.465
G1 X1397.384 Y866.283
G1 X1397.7 Y866.7
G1 X1397.7 Y866.7
G1 X1395.2 Y865.888
G1 X1389.7 Y863.5
G1 X1389.7 Y863.5
G1 X1384.2 Y861.038
G1 X1381.7 Y860.0
G1 X1381.7 Y860.0
G1 X1382.138 Y862.15
G1 X1384.0 Y867.3
G1 X1384.0 Y867.3
G1 X1385.209 Y870.578
G1 X1386.475 Y874.25
G1 X1387.628 Y877.847
G1 X1388.5 Y880.9
G1 X1388.5 Y880.9
G1 X1390.613 Y886.312
G1 X1393.4 Y889.1
G1 X1393.4 Y889.1
G1 X1395.462 Y890.912
G1 X1391.9 Y889.5
M5; lift marker up
G4 P0.08
G0 X1402.0 Y894.0
M3 S1000;put marker down
G4 P0.2
G1 X1401.5 Y893.0
G1 X1401.5 Y893.0
G1 X1404.0 Y894.0
G1 X1404.0 Y894.0
G1 X1404.5 Y895.0
G1 X1404.5 Y895.0
G1 X1402.0 Y894.0
M5; lift marker up
G4 P0.08
G0 X1398.9 Y844.4
M3 S1000;put marker down
G4 P0.2
G1 X1396.038 Y841.675
G1 X1392.5 Y838.8
G1 X1392.5 Y838.8
G1 X1394.5 Y841.3
G1 X1394.5 Y841.3
G1 X1399.374 Y845.726
G1 X1400.959 Y846.841
G1 X1398.9 Y844.4
M5; lift marker up
G4 P0.08
G0 X1376.0 Y826.6
M3 S1000;put marker down
G4 P0.2
G1 X1374.3 Y824.9
G1 X1374.3 Y824.9
G1 X1373.9 Y825.3
G1 X1373.9 Y825.3
G1 X1376.0 Y826.6
M5; lift marker up
G4 P0.08
G0 X1368.0 Y819.8
M3 S1000;put marker down
G4 P0.2
G1 X1365.052 Y817.078
G1 X1361.681 Y813.956
G1 X1358.6 Y811.1
G1 X1358.6 Y811.1
G1 X1355.9 Y809.5
G1 X1355.9 Y809.5
G1 X1357.745 Y811.539
G1 X1360.763 Y814.481
G1 X1364.325 Y817.762
G1 X1367.804 Y820.819
G1 X1370.571 Y823.086
G1 X1372.0 Y824.0
G1 X1372.0 Y824.0
G1 X1368.0 Y819.8
M5; lift marker up
G4 P0.08
G0 X1348.0 Y802.5
M3 S1000;put marker down
G4 P0.2
G1 X1346.25 Y801.275
G1 X1342.1 Y799.0
G1 X1342.1 Y799.0
G1 X1337.712 Y796.625
G1 X1335.5 Y795.0
G1 X1335.5 Y795.0
G1 X1333.7 Y794.0
G1 X1333.7 Y794.0
G1 X1333.915 Y795.152
G1 X1337.352 Y797.681
G1 X1342.5 Y800.5
G1 X1342.5 Y800.5
G1 X1348.0 Y802.5
M5; lift marker up
G4 P0.08
G0 X1327.0 Y837.4
M3 S1000;put marker down
G4 P0.2
G1 X1323.536 Y836.902
G1 X1319.613 Y836.488
G1 X1315.708 Y836.205
G1 X1312.3 Y836.1
G1 X1312.3 Y836.1
G1 X1308.129 Y835.977
G1 X1304.196 Y835.735
G1 X1300.474 Y835.367
G1 X1296.935 Y834.865
G1 X1293.55 Y834.223
G1 X1290.293 Y833.433
G1 X1287.134 Y832.488
G1 X1284.045 Y831.379
G1 X1281.0 Y830.1
G1 X1281.0 Y830.1
G1 X1276.37 Y828.074
G1 X1272.43 Y826.293
G1 X1270.0 Y825.2
G1 X1270.0 Y825.2
G1 X1267.5 Y824.1
G1 X1267.5 Y824.1
G1 X1270.1 Y824.1
G1 X1270.1 Y824.1
G1 X1272.496 Y824.574
G1 X1276.337 Y825.959
G1 X1280.8 Y827.9
G1 X1280.8 Y827.9
G1 X1283.688 Y829.215
G1 X1286.632 Y830.364
G1 X1289.648 Y831.348
G1 X1292.756 Y832.172
G1 X1295.974 Y832.839
G1 X1299.319 Y833.352
G1 X1302.809 Y833.714
G1 X1306.464 Y833.929
G1 X1310.3 Y834.0
G1 X1310.3 Y834.0
G1 X1313.403 Y834.106
G1 X1317.275 Y834.4
G1 X1321.409 Y834.844
G1 X1325.3 Y835.4
G1 X1325.3 Y835.4
G1 X1330.126 Y835.985
G1 X1334.241 Y836.281
G1 X1336.8 Y836.2
G1 X1336.8 Y836.2
G1 X1336.5 Y837.7
G1 X1336.5 Y837.7
G1 X1333.1 Y838.075
G1 X1327.0 Y837.4
M5; lift marker up
G4 P0.08
G0 X1348.7 Y846.4
M3 S1000;put marker down
G4 P0.2
G1 X1342.8 Y844.4
G1 X1342.8 Y844.4
G1 X1340.5 Y843.1
G1 X1340.5 Y843.1
G1 X1344.867 Y844.041
G1 X1349.567 Y845.826
G1 X1350.4 Y846.9
G1 X1350.4 Y846.9
G1 X1348.7 Y846.4
M5; lift marker up
G4 P0.08
G0 X1316.4 Y866.8
M3 S1000;put marker down
G4 P0.2
G1 X1315.118 Y864.885
G1 X1312.84 Y861.738
G1 X1309.992 Y857.915
G1 X1306.999 Y853.974
G1 X1304.286 Y850.471
G1 X1302.278 Y847.96
G1 X1301.4 Y847.0
G1 X1301.4 Y847.0
G1 X1301.477 Y847.533
G1 X1302.446 Y849.15
G1 X1304.338 Y851.882
G1 X1307.179 Y855.755
G1 X1311.0 Y860.8
G1 X1311.0 Y860.8
G1 X1315.022 Y865.956
G1 X1316.911 Y868.044
G1 X1316.4 Y866.8
M5; lift marker up
G4 P0.08
G0 X1321.8 Y873.9
M3 S1000;put marker down
G4 P0.2
G1 X1318.5 Y871.0
G1 X1318.5 Y871.0
G1 X1321.87 Y875.056
G1 X1325.063 Y878.444
G1 X1326.7 Y879.7
G1 X1326.7 Y879.7
G1 X1325.338 Y877.85
G1 X1321.8 Y873.9
M5; lift marker up
G4 P0.08
G0 X1337.0 Y888.7
M3 S1000;put marker down
G4 P0.2
G1 X1333.3 Y884.9
G1 X1333.3 Y884.9
G1 X1329.5 Y881.5
G1 X1329.5 Y881.5
G1 X1332.9 Y885.3
G1 X1332.9 Y885.3
G1 X1337.0 Y888.7
M5; lift marker up
G4 P0.08
G0 X1359.0 Y926.8
M3 S1000;put marker down
G4 P0.2
G1 X1356.97 Y921.934
G1 X1355.129 Y917.812
G1 X1353.422 Y914.331
G1 X1351.791 Y911.391
G1 X1350.181 Y908.89
G1 X1348.536 Y906.727
G1 X1346.8 Y904.8
G1 X1346.8 Y904.8
G1 X1344.8 Y899.9
G1 X1344.8 Y899.9
G1 X1344.052 Y898.85
G1 X1341.888 Y896.525
G1 X1338.655 Y893.262
G1 X1334.7 Y889.4
G1 X1334.7 Y889.4
G1 X1330.788 Y885.585
G1 X1327.539 Y882.398
G1 X1324.837 Y879.708
G1 X1322.565 Y877.384
G1 X1320.609 Y875.296
G1 X1318.852 Y873.314
G1 X1317.178 Y871.305
G1 X1315.472 Y869.14
G1 X1313.617 Y866.688
G1 X1311.499 Y863.818
G1 X1309.0 Y860.4
G1 X1309.0 Y860.4
G1 X1304.865 Y854.772
G1 X1301.417 Y850.138
G1 X1298.596 Y846.422
G1 X1296.338 Y843.55
G1 X1294.581 Y841.447
G1 X1293.264 Y840.038
G1 X1292.324 Y839.247
G1 X1291.7 Y839.0
G1 X1291.7 Y839.0
G1 X1289.125 Y838.1
G1 X1284.3 Y836.0
G1 X1284.3 Y836.0
G1 X1281.952 Y834.922
G1 X1279.738 Y834.009
G1 X1277.522 Y833.235
G1 X1275.167 Y832.574
G1 X1272.538 Y832.0
G1 X1269.497 Y831.486
G1 X1265.909 Y831.005
G1 X1261.638 Y830.531
G1 X1256.547 Y830.038
G1 X1250.5 Y829.5
G1 X1250.5 Y829.5
G1 X1247.617 Y829.246
G1 X1244.409 Y828.926
G1 X1240.937 Y828.549
G1 X1237.265 Y828.124
G1 X1233.452 Y827.658
G1 X1229.561 Y827.16
G1 X1225.654 Y826.64
G1 X1221.793 Y826.105
G1 X1218.039 Y825.565
G1 X1214.454 Y825.027
G1 X1211.1 Y824.5
G1 X1211.1 Y824.5
G1 X1205.409 Y823.555
G1 X1200.274 Y822.737
G1 X1195.9 Y822.075
G1 X1192.493 Y821.596
G1 X1190.257 Y821.329
G1 X1189.4 Y821.3
G1 X1189.4 Y821.3
G1 X1190.625 Y823.812
G1 X1194.1 Y829.4
G1 X1194.1 Y829.4
G1 X1197.488 Y835.05
G1 X1198.7 Y837.7
G1 X1198.7 Y837.7
G1 X1197.025 Y835.825
G1 X1193.7 Y830.8
G1 X1193.7 Y830.8
G1 X1189.917 Y824.895
G1 X1187.588 Y821.512
G1 X1186.289 Y820.098
G1 X1185.6 Y820.1
G1 X1185.6 Y820.1
G1 X1186.538 Y822.888
G1 X1189.8 Y828.6
G1 X1189.8 Y828.6
G1 X1192.452 Y832.941
G1 X1194.681 Y836.659
G1 X1196.0 Y839.0
G1 X1196.0 Y839.0
G1 X1196.797 Y841.058
G1 X1195.55 Y839.788
G1 X1192.653 Y835.723
G1 X1188.5 Y829.4
G1 X1188.5 Y829.4
G1 X1182.4 Y819.6
G1 X1182.4 Y819.6
G1 X1163.9 Y814.9
G1 X1163.9 Y814.9
G1 X1160.645 Y814.077
G1 X1157.598 Y813.285
G1 X1154.713 Y812.508
G1 X1151.942 Y811.73
G1 X1149.239 Y810.935
G1 X1146.556 Y810.106
G1 X1143.846 Y809.229
G1 X1141.062 Y808.288
G1 X1138.158 Y807.265
G1 X1135.087 Y806.145
G1 X1131.8 Y804.913
G1 X1128.252 Y803.552
G1 X1124.394 Y802.046
G1 X1120.181 Y800.379
G1 X1115.566 Y798.536
G1 X1110.5 Y796.5
G1 X1110.5 Y796.5
G1 X1107.331 Y795.186
G1 X1104.081 Y793.792
G1 X1100.768 Y792.326
G1 X1097.41 Y790.796
G1 X1094.024 Y789.212
G1 X1090.627 Y787.582
G1 X1087.236 Y785.914
G1 X1083.8690000000001 Y784.218
G1 X1080.5430000000001 Y782.503
G1 X1077.2759999999998 Y780.776
G1 X1074.085 Y779.046
G1 X1070.9859999999999 Y777.322
G1 X1067.999 Y775.614
G1 X1065.1390000000001 Y773.928
G1 X1062.424 Y772.275
G1 X1059.8719999999998 Y770.663
G1 X1057.5 Y769.1
G1 X1057.5 Y769.1
G1 X1052.0720000000001 Y765.48
G1 X1047.807 Y762.774
G1 X1044.588 Y760.912
G1 X1042.2930000000001 Y759.826
G1 X1040.8029999999999 Y759.445
G1 X1040.0 Y759.7
G1 X1040.0 Y759.7
G1 X1039.702 Y761.262
G1 X1040.019 Y764.359
G1 X1040.812 Y768.412
G1 X1041.9479999999999 Y772.841
G1 X1043.289 Y777.063
G1 X1044.7 Y780.5
G1 X1044.7 Y780.5
G1 X1046.414 Y783.706
G1 X1048.478 Y787.209
G1 X1050.771 Y790.839
G1 X1053.175 Y794.425
G1 X1055.569 Y797.795
G1 X1057.8339999999998 Y800.778
G1 X1059.851 Y803.204
G1 X1061.5 Y804.9
G1 X1061.5 Y804.9
G1 X1064.241 Y806.904
G1 X1067.0259999999998 Y807.796
G1 X1071.3 Y808.0
G1 X1071.3 Y808.0
G1 X1074.425 Y808.069
G1 X1077.7 Y808.273
G1 X1081.088 Y808.606
G1 X1084.55 Y809.062
G1 X1088.05 Y809.636
G1 X1091.55 Y810.32
G1 X1095.012 Y811.11
G1 X1098.4 Y812.0
G1 X1098.4 Y812.0
G1 X1100.458 Y812.563
G1 X1103.192 Y813.286
G1 X1106.461 Y814.131
G1 X1110.119 Y815.061
G1 X1114.024 Y816.041
G1 X1118.032 Y817.033
G1 X1122.0 Y818.0
G1 X1122.0 Y818.0
G1 X1128.144 Y819.515
G1 X1132.944 Y820.834
G1 X1136.472 Y821.974
G1 X1138.8 Y822.957
G1 X1140.0 Y823.8
G1 X1140.0 Y823.8
G1 X1141.778 Y825.359
G1 X1145.022 Y827.541
G1 X1149.0 Y829.9
G1 X1149.0 Y829.9
G1 X1152.915 Y832.112
G1 X1156.412 Y834.141
G1 X1159.552 Y836.035
G1 X1162.397 Y837.838
G1 X1165.011 Y839.598
G1 X1167.454 Y841.359
G1 X1169.79 Y843.167
G1 X1172.08 Y845.07
G1 X1174.387 Y847.112
G1 X1176.773 Y849.34
G1 X1179.3 Y851.8
G1 X1179.3 Y851.8
G1 X1183.631 Y856.174
G1 X1187.344 Y860.193
G1 X1190.325 Y863.7
G1 X1192.456 Y866.541
G1 X1193.619 Y868.559
G1 X1193.7 Y869.6
G1 X1193.7 Y869.6
G1 X1192.638 Y868.928
G1 X1190.15 Y866.7
G1 X1186.613 Y863.272
G1 X1182.4 Y859.0
G1 X1182.4 Y859.0
G1 X1179.523 Y856.094
G1 X1176.811 Y853.454
G1 X1174.216 Y851.044
G1 X1171.689 Y848.83
G1 X1169.183 Y846.777
G1 X1166.65 Y844.85
G1 X1164.042 Y843.015
G1 X1161.311 Y841.237
G1 X1158.409 Y839.481
G1 X1155.289 Y837.713
G1 X1151.902 Y835.897
G1 X1148.2 Y834.0
G1 X1148.2 Y834.0
G1 X1143.059 Y831.278
G1 X1139.541 Y829.222
G1 X1138.4 Y828.3
G1 X1138.4 Y828.3
G1 X1141.088 Y829.213
G1 X1147.0 Y832.0
G1 X1147.0 Y832.0
G1 X1152.925 Y834.788
G1 X1155.7 Y835.7
G1 X1155.7 Y835.7
G1 X1154.813 Y834.824
G1 X1152.154 Y833.084
G1 X1148.45 Y830.912
G1 X1144.423 Y828.74
G1 X1140.8 Y827.0
G1 X1140.8 Y827.0
G1 X1137.7 Y824.0
G1 X1137.7 Y824.0
G1 X1132.3 Y821.7
G1 X1132.3 Y821.7
G1 X1130.587 Y821.437
G1 X1127.952 Y820.929
G1 X1124.552 Y820.212
G1 X1120.54 Y819.324
G1 X1116.074 Y818.302
G1 X1111.309 Y817.182
G1 X1106.4 Y816.0
G1 X1106.4 Y816.0
G1 X1101.676 Y814.87
G1 X1097.35 Y813.875
G1 X1093.389 Y813.011
G1 X1089.761 Y812.273
G1 X1086.435 Y811.656
G1 X1083.3780000000002 Y811.156
G1 X1080.558 Y810.766
G1 X1077.942 Y810.482
G1 X1075.5 Y810.3
G1 X1075.5 Y810.3
G1 X1070.659 Y809.936
G1 X1066.925 Y809.412
G1 X1064.0529999999999 Y808.683
G1 X1061.8 Y807.7
G1 X1061.8 Y807.7
G1 X1060.066 Y806.485
G1 X1058.107 Y804.653
G1 X1055.983 Y802.3
G1 X1053.7559999999999 Y799.522
G1 X1051.487 Y796.415
G1 X1049.238 Y793.075
G1 X1047.0700000000002 Y789.597
G1 X1045.0439999999999 Y786.078
G1 X1043.223 Y782.613
G1 X1041.6680000000001 Y779.297
G1 X1040.44 Y776.228
G1 X1039.6 Y773.5
G1 X1039.6 Y773.5
G1 X1038.521 Y768.568
G1 X1037.806 Y764.38
G1 X1037.462 Y761.008
G1 X1037.491 Y758.524
G1 X1037.9 Y757.0
G1 X1037.9 Y757.0
G1 X1038.812 Y756.381
G1 X1040.367 Y756.485
G1 X1042.738 Y757.4
G1 X1046.1 Y759.215
G1 X1050.629 Y762.019
G1 X1056.5 Y765.9
G1 X1056.5 Y765.9
G1 X1059.379 Y767.808
G1 X1062.25 Y769.666
G1 X1065.12 Y771.478
G1 X1067.993 Y773.245
G1 X1070.8719999999998 Y774.97
G1 X1073.763 Y776.656
G1 X1076.67 Y778.304
G1 X1079.597 Y779.918
G1 X1082.55 Y781.5
G1 X1085.532 Y783.052
G1 X1088.549 Y784.577
G1 X1091.604 Y786.078
G1 X1094.702 Y787.556
G1 X1097.848 Y789.014
G1 X1101.046 Y790.456
G1 X1104.301 Y791.882
G1 X1107.618 Y793.296
G1 X1111.0 Y794.7
G1 X1111.0 Y794.7
G1 X1116.177 Y796.819
G1 X1120.875 Y798.735
G1 X1125.14 Y800.463
G1 X1129.02 Y802.019
G1 X1132.561 Y803.419
G1 X1135.808 Y804.679
G1 X1138.809 Y805.814
G1 X1141.61 Y806.841
G1 X1144.257 Y807.775
G1 X1146.797 Y808.632
G1 X1149.276 Y809.429
G1 X1151.742 Y810.18
G1 X1154.239 Y810.901
G1 X1156.815 Y811.609
G1 X1159.516 Y812.319
G1 X1162.388 Y813.048
G1 X1165.479 Y813.81
G1 X1168.834 Y814.622
G1 X1172.5 Y815.5
G1 X1172.5 Y815.5
G1 X1175.265 Y816.149
G1 X1178.13 Y816.794
G1 X1181.088 Y817.436
G1 X1184.131 Y818.072
G1 X1187.254 Y818.702
G1 X1190.447 Y819.325
G1 X1193.704 Y819.939
G1 X1197.019 Y820.544
G1 X1200.382 Y821.139
G1 X1203.789 Y821.722
G1 X1207.23 Y822.293
G1 X1210.7 Y822.85
G1 X1214.19 Y823.393
G1 X1217.695 Y823.919
G1 X1221.205 Y824.43
G1 X1224.715 Y824.922
G1 X1228.217 Y825.396
G1 X1231.703 Y825.85
G1 X1235.167 Y826.283
G1 X1238.602 Y826.694
G1 X1242.0 Y827.083
G1 X1245.353 Y827.447
G1 X1248.656 Y827.787
G1 X1251.9 Y828.1
G1 X1251.9 Y828.1
G1 X1257.354 Y828.616
G1 X1262.18 Y829.117
G1 X1266.393 Y829.606
G1 X1270.012 Y830.088
G1 X1273.055 Y830.564
G1 X1275.539 Y831.039
G1 X1277.481 Y831.517
G1 X1278.9 Y832.0
G1 X1278.9 Y832.0
G1 X1284.949 Y834.434
G1 X1289.393 Y836.341
G1 X1292.525 Y837.875
G1 X1294.641 Y839.193
G1 X1296.034 Y840.449
G1 X1297.0 Y841.8
G1 X1297.0 Y841.8
G1 X1300.1 Y845.6
G1 X1300.1 Y845.6
G1 X1299.7 Y843.9
G1 X1299.7 Y843.9
G1 X1298.0 Y839.8
G1 X1298.0 Y839.8
G1 X1299.412 Y838.3
G1 X1306.3 Y838.0
G1 X1306.3 Y838.0
G1 X1310.686 Y838.085
G1 X1315.178 Y838.325
G1 X1319.6 Y838.696
G1 X1323.775 Y839.175
G1 X1327.529 Y839.738
G1 X1330.684 Y840.363
G1 X1333.067 Y841.024
G1 X1334.5 Y841.7
G1 X1334.5 Y841.7
G1 X1334.5 Y842.5
G1 X1334.5 Y842.5
G1 X1332.121 Y841.844
G1 X1328.619 Y841.212
G1 X1324.318 Y840.628
G1 X1319.542 Y840.116
G1 X1314.613 Y839.7
G1 X1309.854 Y839.404
G1 X1305.591 Y839.252
G1 X1302.145 Y839.268
G1 X1299.84 Y839.476
G1 X1299.0 Y839.9
G1 X1299.0 Y839.9
G1 X1299.404 Y840.76
G1 X1300.531 Y842.573
G1 X1302.253 Y845.161
G1 X1304.444 Y848.348
G1 X1306.977 Y851.958
G1 X1309.725 Y855.812
G1 X1312.56 Y859.736
G1 X1315.356 Y863.552
G1 X1317.984 Y867.083
G1 X1320.319 Y870.152
G1 X1322.234 Y872.584
G1 X1323.6 Y874.2
G1 X1323.6 Y874.2
G1 X1325.956 Y876.615
G1 X1329.178 Y879.785
G1 X1332.6 Y883.0
G1 X1332.6 Y883.0
G1 X1335.224 Y885.491
G1 X1337.462 Y887.793
G1 X1339.483 Y890.121
G1 X1341.45 Y892.691
G1 X1343.531 Y895.717
G1 X1345.893 Y899.415
G1 X1348.7 Y904.0
G1 X1348.7 Y904.0
G1 X1351.434 Y908.661
G1 X1353.541 Y912.356
G1 X1355.175 Y915.4
G1 X1356.493 Y918.111
G1 X1357.649 Y920.806
G1 X1358.8 Y923.8
G1 X1358.8 Y923.8
G1 X1360.325 Y928.863
G1 X1359.0 Y926.8
M5; lift marker up
G4 P0.08
G0 X1378.3 Y949.1
M3 S1000;put marker down
G4 P0.2
G1 X1374.767 Y945.674
G1 X1372.567 Y941.893
G1 X1372.3 Y938.8
G1 X1372.3 Y938.8
G1 X1372.9 Y939.5
G1 X1372.9 Y939.5
G1 X1373.819 Y942.522
G1 X1376.315 Y945.744
G1 X1380.3 Y949.1
G1 X1380.3 Y949.1
G1 X1383.3 Y952.0
G1 X1383.3 Y952.0
G1 X1378.3 Y949.1
M5; lift marker up
G4 P0.08
G0 X1393.3 Y970.1
M3 S1000;put marker down
G4 P0.2
G1 X1390.07 Y967.625
G1 X1388.088 Y964.925
G1 X1387.211 Y961.662
G1 X1387.3 Y957.5
G1 X1387.3 Y957.5
G1 X1386.2 Y951.7
G1 X1386.2 Y951.7
G1 X1386.8 Y951.1
G1 X1386.8 Y951.1
G1 X1388.688 Y951.838
G1 X1388.4 Y957.0
G1 X1388.4 Y957.0
G1 X1387.7 Y963.0
G1 X1387.7 Y963.0
G1 X1391.8 Y967.0
G1 X1391.8 Y967.0
G1 X1395.375 Y969.938
G1 X1398.2 Y971.0
G1 X1398.2 Y971.0
G1 X1401.622 Y970.564
G1 X1405.7 Y969.463
G1 X1409.478 Y968.005
G1 X1412.0 Y966.5
G1 X1412.0 Y966.5
G1 X1413.372 Y964.047
G1 X1414.5 Y959.925
G1 X1415.178 Y955.166
G1 X1415.2 Y950.8
G1 X1415.2 Y950.8
G1 X1415.7 Y947.7
G1 X1415.7 Y947.7
G1 X1416.23 Y948.913
G1 X1416.313 Y952.602
G1 X1416.031 Y957.406
G1 X1415.466 Y961.959
G1 X1414.7 Y964.9
G1 X1414.7 Y964.9
G1 X1412.932 Y967.172
G1 X1410.23 Y969.053
G1 X1406.897 Y970.473
G1 X1403.234 Y971.359
G1 X1399.545 Y971.641
G1 X1396.133 Y971.245
G1 X1393.3 Y970.1
M5; lift marker up
G4 P0.08
G0 X1418.8 Y948.3
M3 S1000;put marker down
G4 P0.2
G1 X1421.3 Y948.3
G1 X1421.3 Y948.3
G1 X1420.0 Y948.8
G1 X1420.0 Y948.8
G1 X1418.8 Y948.3
M5; lift marker up
G4 P0.08
G0 X1424.5 Y946.0
M3 S1000;put marker down
G4 P0.2
G1 X1426.8 Y944.0
G1 X1426.8 Y944.0
G1 X1425.5 Y946.0
G1 X1425.5 Y946.0
G1 X1423.2 Y948.0
G1 X1423.2 Y948.0
G1 X1424.5 Y946.0
M5; lift marker up
G4 P0.08
G0 X1428.1 Y945.4
M3 S1000;put marker down
G4 P0.2
G1 X1428.7 Y944.8
G1 X1428.7 Y944.8
G1 X1428.6 Y946.7
G1 X1428.6 Y946.7
G1 X1428.1 Y945.4
M5; lift marker up
G4 P0.08
G0 X1444.6 Y952.5
M3 S1000;put marker down
G4 P0.2
G1 X1445.0 Y951.0
G1 X1445.0 Y951.0
G1 X1446.0 Y952.5
G1 X1446.0 Y952.5
G1 X1445.6 Y954.0
G1 X1445.6 Y954.0
G1 X1444.6 Y952.5
M5; lift marker up
G4 P0.08
G0 X1459.5 Y971.3
M3 S1000;put marker down
G4 P0.2
G1 X1456.382 Y969.305
G1 X1453.289 Y966.704
G1 X1450.462 Y963.775
G1 X1448.144 Y960.796
G1 X1446.576 Y958.045
G1 X1446.0 Y955.8
G1 X1446.0 Y955.8
G1 X1447.9 Y958.6
G1 X1447.9 Y958.6
G1 X1449.371 Y960.987
G1 X1451.67 Y963.659
G1 X1454.475 Y966.338
G1 X1457.463 Y968.741
G1 X1460.312 Y970.588
G1 X1462.7 Y971.6
G1 X1462.7 Y971.6
G1 X1468.5 Y971.6
G1 X1468.5 Y971.6
G1 X1471.5 Y970.326
G1 X1472.7 Y967.141
G1 X1472.7 Y960.6
G1 X1472.7 Y960.6
G1 X1471.95 Y955.25
G1 X1469.1 Y952.0
G1 X1469.1 Y952.0
G1 X1466.425 Y949.05
G1 X1467.2 Y945.5
G1 X1467.2 Y945.5
G1 X1469.1 Y942.113
G1 X1472.2 Y939.4
G1 X1472.2 Y939.4
G1 X1475.25 Y936.762
G1 X1476.5 Y933.3
G1 X1476.5 Y933.3
G1 X1477.5 Y928.6
G1 X1477.9 Y930.2
G1 X1477.9 Y930.2
G1 X1477.396 Y934.185
G1 X1475.67 Y937.481
G1 X1472.7 Y940.0
G1 X1472.7 Y940.0
G1 X1469.407 Y943.319
G1 X1467.359 Y947.415
G1 X1467.8 Y949.8
G1 X1467.8 Y949.8
G1 X1471.4 Y952.1
G1 X1471.4 Y952.1
G1 X1473.45 Y954.688
G1 X1474.0 Y959.3
G1 X1474.0 Y959.3
G1 X1474.05 Y963.675
G1 X1474.1 Y967.0
G1 X1474.1 Y967.0
G1 X1473.282 Y969.818
G1 X1470.919 Y971.811
G1 X1467.505 Y972.825
G1 X1463.534 Y972.706
G1 X1459.5 Y971.3
M5; lift marker up
G4 P0.08
G0 X1491.0 Y943.8
M3 S1000;put marker down
G4 P0.2
G1 X1487.695 Y941.58
G1 X1484.812 Y938.713
G1 X1482.773 Y935.714
G1 X1482.0 Y933.1
G1 X1482.0 Y933.1
G1 X1484.2 Y935.7
G1 X1484.2 Y935.7
G1 X1486.365 Y939.069
G1 X1489.222 Y941.722
G1 X1492.562 Y943.575
G1 X1496.178 Y944.544
G1 X1499.86 Y944.547
G1 X1503.4 Y943.5
G1 X1503.4 Y943.5
G1 X1506.406 Y941.666
G1 X1508.886 Y939.313
G1 X1510.802 Y936.534
G1 X1512.118 Y933.42
G1 X1512.798 Y930.064
G1 X1512.804 Y926.56
G1 X1512.1 Y923.0
G1 X1512.1 Y923.0
G1 X1511.132 Y920.944
G1 X1509.356 Y918.415
G1 X1506.962 Y915.625
G1 X1504.144 Y912.785
G1 X1501.093 Y910.106
G1 X1498.0 Y907.8
G1 X1498.0 Y907.8
G1 X1495.5 Y906.1
G1 X1495.5 Y906.1
G1 X1497.6 Y904.3
G1 X1497.6 Y904.3
G1 X1499.811 Y901.77
G1 X1502.238 Y898.312
G1 X1504.195 Y894.948
G1 X1505.0 Y892.7
G1 X1505.0 Y892.7
G1 X1503.622 Y890.233
G1 X1500.511 Y887.367
G1 X1497.2 Y885.5
G1 X1497.2 Y885.5
G1 X1494.325 Y885.525
G1 X1490.4 Y886.6
G1 X1490.4 Y886.6
G1 X1486.946 Y887.6
G1 X1483.067 Y888.2
G1 X1479.038 Y888.4
G1 X1475.133 Y888.2
G1 X1471.629 Y887.6
G1 X1468.8 Y886.6
G1 X1468.8 Y886.6
G1 X1465.0 Y884.0
G1 X1465.0 Y884.0
G1 X1468.7 Y885.1
G1 X1468.7 Y885.1
G1 X1471.492 Y886.116
G1 X1475.033 Y886.759
G1 X1478.975 Y887.025
G1 X1482.967 Y886.907
G1 X1486.658 Y886.401
G1 X1489.7 Y885.5
G1 X1489.7 Y885.5
G1 X1496.1 Y884.0
G1 X1496.1 Y884.0
G1 X1499.123 Y884.873
G1 X1502.362 Y887.012
G1 X1504.945 Y889.695
G1 X1506.0 Y892.2
G1 X1506.0 Y892.2
G1 X1505.464 Y894.478
G1 X1504.038 Y897.525
G1 X1501.992 Y900.834
G1 X1499.6 Y903.9
G1 X1499.6 Y903.9
G1 X1497.5 Y906.2
G1 X1497.5 Y906.2
G1 X1500.0 Y907.9
G1 X1500.0 Y907.9
G1 X1503.13 Y910.151
G1 X1506.059 Y912.71
G1 X1508.633 Y915.402
G1 X1510.698 Y918.057
G1 X1512.1 Y920.5
G1 X1512.1 Y920.5
G1 X1513.402 Y924.268
G1 X1513.905 Y927.969
G1 X1513.683 Y931.523
G1 X1512.807 Y934.852
G1 X1511.351 Y937.875
G1 X1509.388 Y940.512
G1 X1506.988 Y942.686
G1 X1504.226 Y944.315
G1 X1501.173 Y945.32
G1 X1497.903 Y945.623
G1 X1494.488 Y945.142
G1 X1491.0 Y943.8
M5; lift marker up
G4 P0.08
G0 X1480.1 Y928.7
M3 S1000;put marker down
G4 P0.2
G1 X1480.6 Y928.2
G1 X1480.6 Y928.2
G1 X1481.9 Y930.4
G1 X1481.9 Y930.4
G1 X1480.1 Y928.7
M5; lift marker up
G4 P0.08
G0 X1542.3 Y944.9
M3 S1000;put marker down
G4 P0.2
G1 X1538.6 Y943.1
G1 X1538.6 Y943.1
G1 X1541.462 Y943.45
G1 X1545.6 Y945.3
G1 X1545.6 Y945.3
G1 X1542.3 Y944.9
M5; lift marker up
G4 P0.08
G0 X1542.3 Y955.9
M3 S1000;put marker down
G4 P0.2
G1 X1541.138 Y953.213
G1 X1543.5 Y950.0
G1 X1543.5 Y950.0
G1 X1546.0 Y948.4
G1 X1546.0 Y948.4
G1 X1543.8 Y950.9
G1 X1543.8 Y950.9
G1 X1542.225 Y954.613
G1 X1546.8 Y955.7
G1 X1546.8 Y955.7
G1 X1552.5 Y954.5
G1 X1552.5 Y954.5
G1 X1553.3 Y955.0
G1 X1553.3 Y955.0
G1 X1550.026 Y956.389
G1 X1545.441 Y956.778
G1 X1542.3 Y955.9
M5; lift marker up
G4 P0.08
G0 X1558.3 Y947.9
M3 S1000;put marker down
G4 P0.2
G1 X1557.7 Y943.9
G1 X1557.7 Y943.9
G1 X1557.534 Y941.542
G1 X1555.775 Y939.738
G1 X1552.103 Y938.289
G1 X1546.2 Y937.0
G1 X1546.2 Y937.0
G1 X1539.878 Y936.452
G1 X1536.689 Y937.481
G1 X1536.3 Y940.2
G1 X1536.3 Y940.2
G1 X1535.9 Y941.4
G1 X1535.9 Y941.4
G1 X1535.062 Y938.65
G1 X1537.3 Y935.9
G1 X1537.3 Y935.9
G1 X1539.567 Y935.574
G1 X1543.204 Y935.726
G1 X1547.512 Y936.25
G1 X1551.796 Y937.041
G1 X1555.358 Y937.993
G1 X1557.5 Y939.0
G1 X1557.5 Y939.0
G1 X1559.2 Y944.5
G1 X1559.2 Y944.5
G1 X1559.5 Y949.0
G1 X1559.5 Y949.0
G1 X1558.3 Y947.9
M5; lift marker up
G4 P0.08
G0 X1562.3 Y950.3
M3 S1000;put marker down
G4 P0.2
G1 X1565.3 Y950.3
G1 X1565.3 Y950.3
G1 X1563.5 Y950.8
G1 X1563.5 Y950.8
G1 X1562.3 Y950.3
M5; lift marker up
G4 P0.08
G0 X1568.0 Y949.0
M3 S1000;put marker down
G4 P0.2
G1 X1571.0 Y948.0
G1 X1571.0 Y948.0
G1 X1571.0 Y949.0
G1 X1571.0 Y949.0
G1 X1568.0 Y950.0
G1 X1568.0 Y950.0
G1 X1568.0 Y949.0
M5; lift marker up
G4 P0.08
G0 X1579.0 Y945.5
M3 S1000;put marker down
G4 P0.2
G1 X1581.609 Y944.47
G1 X1583.837 Y943.326
G1 X1585.988 Y941.838
G1 X1588.363 Y939.774
G1 X1591.266 Y936.905
G1 X1595.0 Y933.0
G1 X1595.0 Y933.0
G1 X1600.006 Y927.809
G1 X1603.325 Y924.775
G1 X1605.631 Y923.353
G1 X1607.6 Y923.0
G1 X1607.6 Y923.0
G1 X1612.1 Y924.8
G1 X1612.1 Y924.8
G1 X1612.0 Y925.3
G1 X1612.0 Y925.3
G1 X1608.785 Y923.978
G1 X1605.081 Y924.522
G1 X1602.0 Y926.8
G1 X1602.0 Y926.8
G1 X1600.606 Y928.417
G1 X1598.425 Y930.812
G1 X1595.756 Y933.677
G1 X1592.9 Y936.7
G1 X1592.9 Y936.7
G1 X1589.317 Y940.247
G1 X1586.288 Y942.8
G1 X1583.464 Y944.603
G1 X1580.5 Y945.9
G1 X1580.5 Y945.9
G1 X1576.2 Y947.388
G1 X1573.7 Y947.9
G1 X1573.7 Y947.9
G1 X1579.0 Y945.5
M5; lift marker up
G4 P0.08
G0 X1594.7 Y956.0
M3 S1000;put marker down
G4 P0.2
G1 X1589.2 Y954.6
G1 X1589.2 Y954.6
G1 X1591.244 Y954.367
G1 X1596.222 Y955.067
G1 X1600.0 Y956.1
G1 X1600.0 Y956.1
G1 X1600.425 Y956.838
G1 X1594.7 Y956.0
M5; lift marker up
G4 P0.08
G0 X1604.5 Y958.5
M3 S1000;put marker down
G4 P0.2
G1 X1602.562 Y957.188
G1 X1607.0 Y958.5
G1 X1607.0 Y958.5
G1 X1609.0 Y959.9
G1 X1609.0 Y959.9
G1 X1604.5 Y958.5
M5; lift marker up
G4 P0.08
G0 X1611.1 Y960.6
M3 S1000;put marker down
G4 P0.2
G1 X1613.275 Y960.188
G1 X1618.0 Y959.7
G1 X1618.0 Y959.7
G1 X1622.0 Y960.0
G1 X1622.0 Y960.0
G1 X1617.885 Y960.667
G1 X1613.015 Y960.933
G1 X1611.1 Y960.6
M5; lift marker up
G4 P0.08
G0 X1618.3 Y948.8
M3 S1000;put marker down
G4 P0.2
G1 X1615.4 Y945.562
G1 X1617.0 Y941.5
G1 X1617.0 Y941.5
G1 X1618.5 Y937.8
G1 X1618.5 Y937.8
G1 X1619.0 Y937.7
G1 X1619.0 Y937.7
G1 X1618.2 Y941.3
G1 X1618.2 Y941.3
G1 X1616.163 Y944.95
G1 X1619.3 Y948.0
G1 X1619.3 Y948.0
G1 X1618.3 Y948.8
M5; lift marker up
G4 P0.08
G0 X1626.0 Y951.0
M3 S1000;put marker down
G4 P0.2
G1 X1625.5 Y950.2
G1 X1625.5 Y950.2
G1 X1630.5 Y951.0
G1 X1630.5 Y951.0
G1 X1631.0 Y951.8
G1 X1631.0 Y951.8
G1 X1626.0 Y951.0
M5; lift marker up
G4 P0.08
G0 X1626.3 Y958.3
M3 S1000;put marker down
G4 P0.2
G1 X1629.3 Y958.3
G1 X1629.3 Y958.3
G1 X1627.5 Y958.8
G1 X1627.5 Y958.8
G1 X1626.3 Y958.3
M5; lift marker up
G4 P0.08
G0 X1614.2 Y934.4
M3 S1000;put marker down
G4 P0.2
G1 X1612.1 Y931.262
G1 X1613.0 Y928.5
G1 X1613.0 Y928.5
G1 X1613.4 Y929.5
G1 X1613.4 Y929.5
G1 X1615.0 Y933.6
G1 X1615.0 Y933.6
G1 X1614.2 Y934.4
M5; lift marker up
G4 P0.08
G0 X1598.0 Y918.6
M3 S1000;put marker down
G4 P0.2
G1 X1599.6 Y917.6
G1 X1599.6 Y917.6
G1 X1600.5 Y918.0
G1 X1600.5 Y918.0
G1 X1598.0 Y918.6
M5; lift marker up
G4 P0.08
G0 X1577.6 Y915.5
M3 S1000;put marker down
G4 P0.2
G1 X1580.5 Y914.1
G1 X1580.5 Y914.1
G1 X1579.6 Y915.5
G1 X1579.6 Y915.5
G1 X1576.6 Y917.0
G1 X1576.6 Y917.0
G1 X1577.6 Y915.5
M5; lift marker up
G4 P0.08
G0 X1565.1 Y921.6
M3 S1000;put marker down
G4 P0.2
G1 X1568.022 Y920.052
G1 X1572.611 Y918.215
G1 X1575.0 Y917.6
G1 X1575.0 Y917.6
G1 X1570.4 Y920.0
G1 X1570.4 Y920.0
G1 X1565.1 Y921.6
M5; lift marker up
G4 P0.08
G0 X1561.0 Y897.9
M3 S1000;put marker down
G4 P0.2
G1 X1558.787 Y897.376
G1 X1555.582 Y896.471
G1 X1551.68 Y895.283
G1 X1547.371 Y893.91
G1 X1542.95 Y892.45
G1 X1538.709 Y891.002
G1 X1534.94 Y889.665
G1 X1531.938 Y888.537
G1 X1529.993 Y887.716
G1 X1529.4 Y887.3
G1 X1529.4 Y887.3
G1 X1530.993 Y887.593
G1 X1534.807 Y888.707
G1 X1540.0 Y890.4
G1 X1540.0 Y890.4
G1 X1544.48 Y891.948
G1 X1548.504 Y893.272
G1 X1552.152 Y894.393
G1 X1555.501 Y895.331
G1 X1558.629 Y896.106
G1 X1561.615 Y896.741
G1 X1564.536 Y897.254
G1 X1567.472 Y897.667
G1 X1570.5 Y898.0
G1 X1570.5 Y898.0
G1 X1578.5 Y898.7
G1 X1578.5 Y898.7
G1 X1572.0 Y898.7
G1 X1572.0 Y898.7
G1 X1568.104 Y898.648
G1 X1564.163 Y898.352
G1 X1561.0 Y897.9
M5; lift marker up
G4 P0.08
G0 X1577.5 Y895.1
M3 S1000;put marker down
G4 P0.2
G1 X1573.285 Y893.289
G1 X1569.539 Y891.647
G1 X1566.187 Y890.137
G1 X1563.159 Y888.721
G1 X1560.381 Y887.36
G1 X1557.78 Y886.015
G1 X1555.284 Y884.648
G1 X1552.821 Y883.222
G1 X1550.317 Y881.697
G1 X1547.701 Y880.036
G1 X1544.9 Y878.2
G1 X1544.9 Y878.2
G1 X1541.396 Y875.797
G1 X1537.822 Y873.183
G1 X1534.285 Y870.452
G1 X1530.895 Y867.696
G1 X1527.757 Y865.008
G1 X1524.981 Y862.481
G1 X1522.675 Y860.209
G1 X1520.945 Y858.284
G1 X1519.9 Y856.8
G1 X1519.9 Y856.8
G1 X1521.088 Y857.338
G1 X1525.5 Y861.4
G1 X1525.5 Y861.4
G1 X1527.622 Y863.394
G1 X1530.274 Y865.689
G1 X1533.288 Y868.15
G1 X1536.493 Y870.644
G1 X1539.72 Y873.039
G1 X1542.8 Y875.2
G1 X1542.8 Y875.2
G1 X1545.192 Y876.759
G1 X1547.878 Y878.417
G1 X1550.809 Y880.152
G1 X1553.937 Y881.936
G1 X1557.213 Y883.745
G1 X1560.587 Y885.554
G1 X1564.012 Y887.338
G1 X1567.439 Y889.071
G1 X1570.818 Y890.728
G1 X1574.102 Y892.285
G1 X1577.24 Y893.715
G1 X1580.185 Y894.995
G1 X1582.888 Y896.098
G1 X1585.3 Y897.0
G1 X1585.3 Y897.0
G1 X1588.5 Y898.9
G1 X1588.5 Y898.9
G1 X1586.27 Y898.381
G1 X1582.33 Y897.019
G1 X1577.5 Y895.1
M5; lift marker up
G4 P0.08
G0 X1652.8 Y919.3
M3 S1000;put marker down
G4 P0.2
G1 X1654.7 Y919.4
G1 X1654.7 Y919.4
G1 X1653.4 Y919.9
G1 X1653.4 Y919.9
G1 X1652.8 Y919.3
M5; lift marker up
G4 P0.08
G0 X1607.7 Y770.4
M3 S1000;put marker down
G4 P0.2
G1 X1605.212 Y767.312
G1 X1602.8 Y764.0
G1 X1602.8 Y764.0
G1 X1601.187 Y761.978
G1 X1599.015 Y759.822
G1 X1596.385 Y757.6
G1 X1593.397 Y755.378
G1 X1590.151 Y753.222
G1 X1586.748 Y751.2
G1 X1583.288 Y749.378
G1 X1579.872 Y747.822
G1 X1576.6 Y746.6
G1 X1576.6 Y746.6
G1 X1575.3 Y745.3
G1 X1575.3 Y745.3
G1 X1576.501 Y745.384
G1 X1578.98 Y746.276
G1 X1582.34 Y747.78
G1 X1586.18 Y749.7
G1 X1590.103 Y751.841
G1 X1593.709 Y754.006
G1 X1596.6 Y756.0
G1 X1596.6 Y756.0
G1 X1599.596 Y758.619
G1 X1602.57 Y761.815
G1 X1604.9 Y764.9
G1 X1604.9 Y764.9
G1 X1607.742 Y768.656
G1 X1609.615 Y769.82
G1 X1610.437 Y768.536
G1 X1610.126 Y764.948
G1 X1608.6 Y759.2
G1 X1608.6 Y759.2
G1 X1608.65 Y757.188
G1 X1613.2 Y757.2
G1 X1613.2 Y757.2
G1 X1617.688 Y757.113
G1 X1618.8 Y755.3
G1 X1618.8 Y755.3
G1 X1618.088 Y753.05
G1 X1614.6 Y750.5
G1 X1614.6 Y750.5
G1 X1611.033 Y748.023
G1 X1607.962 Y745.238
G1 X1605.811 Y742.583
G1 X1605.0 Y740.5
G1 X1605.0 Y740.5
G1 X1606.962 Y738.075
G1 X1611.4 Y737.0
G1 X1611.4 Y737.0
G1 X1613.775 Y736.062
G1 X1609.1 Y733.7
G1 X1609.1 Y733.7
G1 X1605.494 Y732.184
G1 X1602.023 Y730.253
G1 X1598.794 Y728.008
G1 X1595.913 Y725.55
G1 X1593.486 Y722.979
G1 X1591.62 Y720.397
G1 X1590.423 Y717.904
G1 X1590.0 Y715.6
G1 X1590.0 Y715.6
G1 X1590.803 Y711.667
G1 X1593.05 Y709.412
G1 X1596.497 Y708.977
G1 X1600.9 Y710.5
G1 X1600.9 Y710.5
G1 X1605.5 Y710.1
G1 X1605.5 Y710.1
G1 X1609.6 Y707.6
G1 X1609.6 Y707.6
G1 X1611.663 Y705.8
G1 X1606.3 Y703.1
G1 X1606.3 Y703.1
G1 X1600.983 Y701.027
G1 X1597.512 Y699.188
G1 X1595.261 Y697.18
G1 X1593.6 Y694.6
G1 X1593.6 Y694.6
G1 X1590.988 Y691.125
G1 X1586.2 Y688.4
G1 X1586.2 Y688.4
G1 X1580.567 Y685.559
G1 X1577.933 Y683.274
G1 X1578.1 Y681.3
G1 X1578.1 Y681.3
G1 X1580.6 Y680.0
G1 X1580.6 Y680.0
G1 X1584.193 Y679.126
G1 X1588.141 Y677.274
G1 X1590.0 Y675.6
G1 X1590.0 Y675.6
G1 X1586.5 Y671.0
G1 X1586.5 Y671.0
G1 X1583.533 Y667.148
G1 X1583.233 Y664.119
G1 X1585.6 Y662.4
G1 X1585.6 Y662.4
G1 X1590.7 Y662.9
G1 X1590.7 Y662.9
G1 X1593.562 Y663.475
G1 X1592.0 Y659.7
G1 X1592.0 Y659.7
G1 X1591.5 Y654.6
G1 X1591.5 Y654.6
G1 X1593.733 Y653.526
G1 X1597.3 Y654.007
G1 X1603.2 Y656.2
G1 X1603.2 Y656.2
G1 X1609.163 Y657.588
G1 X1610.7 Y655.6
G1 X1610.7 Y655.6
G1 X1612.1 Y651.6
G1 X1612.1 Y651.6
G1 X1615.633 Y649.122
G1 X1619.567 Y649.244
G1 X1622.9 Y651.9
G1 X1622.9 Y651.9
G1 X1625.0 Y655.8
G1 X1625.0 Y655.8
G1 X1628.1 Y655.2
G1 X1628.1 Y655.2
G1 X1629.778 Y652.248
G1 X1632.456 Y651.719
G1 X1636.8 Y653.5
G1 X1636.8 Y653.5
G1 X1641.056 Y656.422
G1 X1644.178 Y659.544
G1 X1644.3 Y661.0
G1 X1644.3 Y661.0
G1 X1642.2 Y659.0
G1 X1642.2 Y659.0
G1 X1639.404 Y656.511
G1 X1635.096 Y654.089
G1 X1631.5 Y653.0
G1 X1631.5 Y653.0
G1 X1629.4 Y655.9
G1 X1629.4 Y655.9
G1 X1625.3 Y659.3
G1 X1625.3 Y659.3
G1 X1622.958 Y654.411
G1 X1620.062 Y651.312
G1 X1616.961 Y650.258
G1 X1614.0 Y651.5
G1 X1614.0 Y651.5
G1 X1612.0 Y656.2
G1 X1612.0 Y656.2
G1 X1609.1 Y659.0
G1 X1609.1 Y659.0
G1 X1605.675 Y658.412
G1 X1601.5 Y657.0
G1 X1601.5 Y657.0
G1 X1596.214 Y655.327
G1 X1592.888 Y655.462
G1 X1591.867 Y657.267
G1 X1593.5 Y660.6
G1 X1593.5 Y660.6
G1 X1594.925 Y664.138
G1 X1591.4 Y664.6
G1 X1591.4 Y664.6
G1 X1586.4 Y663.3
G1 X1586.4 Y663.3
G1 X1584.4 Y664.4
G1 X1584.4 Y664.4
G1 X1585.0 Y666.788
G1 X1588.0 Y670.6
G1 X1588.0 Y670.6
G1 X1590.825 Y674.125
G1 X1591.7 Y676.3
G1 X1591.7 Y676.3
G1 X1589.978 Y677.737
G1 X1585.989 Y679.596
G1 X1580.6 Y681.5
G1 X1580.6 Y681.5
G1 X1580.5 Y684.0
G1 X1580.5 Y684.0
G1 X1583.2 Y686.0
G1 X1583.2 Y686.0
G1 X1589.0 Y688.1
G1 X1589.0 Y688.1
G1 X1592.938 Y690.325
G1 X1594.4 Y693.0
G1 X1594.4 Y693.0
G1 X1595.706 Y695.608
G1 X1598.4 Y698.113
G1 X1601.994 Y700.186
G1 X1606.0 Y701.5
G1 X1606.0 Y701.5
G1 X1609.541 Y702.907
G1 X1612.659 Y705.093
G1 X1614.0 Y707.1
G1 X1614.0 Y707.1
G1 X1611.3 Y708.5
G1 X1611.3 Y708.5
G1 X1606.4 Y711.1
G1 X1606.4 Y711.1
G1 X1603.975 Y712.55
G1 X1599.6 Y711.3
G1 X1599.6 Y711.3
G1 X1594.8 Y709.5
G1 X1594.8 Y709.5
G1 X1592.8 Y711.9
G1 X1592.8 Y711.9
G1 X1591.519 Y714.406
G1 X1591.625 Y717.1
G1 X1593.194 Y720.169
G1 X1596.3 Y723.8
G1 X1596.3 Y723.8
G1 X1598.46 Y725.731
G1 X1601.215 Y727.748
G1 X1604.375 Y729.738
G1 X1607.752 Y731.585
G1 X1611.156 Y733.177
G1 X1614.4 Y734.4
G1 X1614.4 Y734.4
G1 X1615.075 Y736.438
G1 X1610.5 Y738.4
G1 X1610.5 Y738.4
G1 X1607.4 Y739.856
G1 X1607.5 Y742.378
G1 X1610.8 Y745.9
G1 X1610.8 Y745.9
G1 X1614.438 Y748.988
G1 X1618.0 Y752.0
G1 X1618.0 Y752.0
G1 X1620.4 Y756.7
G1 X1620.4 Y756.7
G1 X1614.5 Y758.2
G1 X1614.5 Y758.2
G1 X1610.4 Y760.6
G1 X1610.4 Y760.6
G1 X1611.474 Y765.426
G1 X1611.726 Y768.541
G1 X1611.2 Y770.9
G1 X1611.2 Y770.9
G1 X1610.3 Y773.3
G1 X1610.3 Y773.3
G1 X1607.7 Y770.4
M5; lift marker up
G4 P0.08
G0 X1575.6 Y754.5
M3 S1000;put marker down
G4 P0.2
G1 X1576.1 Y753.3
G1 X1576.1 Y753.3
G1 X1576.7 Y755.6
G1 X1576.7 Y755.6
G1 X1575.6 Y754.5
M5; lift marker up
G4 P0.08
G0 X1572.1 Y745.4
M3 S1000;put marker down
G4 P0.2
G1 X1572.7 Y744.8
G1 X1572.7 Y744.8
G1 X1572.6 Y746.7
G1 X1572.6 Y746.7
G1 X1572.1 Y745.4
M5; lift marker up
G4 P0.08
G0 X1520.3 Y734.8
M3 S1000;put marker down
G4 P0.2
G1 X1516.8 Y730.4
G1 X1516.8 Y730.4
G1 X1513.3 Y726.5
G1 X1513.3 Y726.5
G1 X1511.0 Y725.0
G1 X1511.0 Y725.0
G1 X1514.0 Y725.5
G1 X1514.0 Y725.5
G1 X1517.0 Y728.4
G1 X1517.0 Y728.4
G1 X1519.138 Y732.288
G1 X1523.6 Y734.6
G1 X1523.6 Y734.6
G1 X1526.638 Y734.138
G1 X1529.9 Y731.5
G1 X1529.9 Y731.5
G1 X1532.962 Y729.038
G1 X1535.5 Y728.0
G1 X1535.5 Y728.0
G1 X1539.8 Y725.0
G1 X1539.8 Y725.0
G1 X1543.8 Y722.0
G1 X1543.8 Y722.0
G1 X1547.612 Y723.812
G1 X1550.9 Y727.8
G1 X1550.9 Y727.8
G1 X1554.5 Y731.6
G1 X1554.5 Y731.6
G1 X1558.25 Y732.2
G1 X1560.5 Y728.0
G1 X1560.5 Y728.0
G1 X1563.1 Y723.4
G1 X1563.1 Y723.4
G1 X1561.8 Y720.0
G1 X1561.8 Y720.0
G1 X1557.926 Y719.122
G1 X1553.874 Y717.244
G1 X1552.0 Y715.5
G1 X1552.0 Y715.5
G1 X1554.6 Y716.6
G1 X1554.6 Y716.6
G1 X1560.8 Y718.6
G1 X1560.8 Y718.6
G1 X1565.3 Y718.9
G1 X1565.3 Y718.9
G1 X1564.1 Y724.4
G1 X1564.1 Y724.4
G1 X1561.3 Y729.4
G1 X1561.3 Y729.4
G1 X1559.726 Y732.382
G1 X1557.537 Y733.669
G1 X1554.935 Y733.295
G1 X1552.122 Y731.294
G1 X1549.3 Y727.7
G1 X1549.3 Y727.7
G1 X1546.393 Y724.007
G1 X1543.841 Y723.426
G1 X1541.0 Y725.8
G1 X1541.0 Y725.8
G1 X1536.4 Y729.0
G1 X1536.4 Y729.0
G1 X1533.962 Y730.038
G1 X1530.7 Y732.5
G1 X1530.7 Y732.5
G1 X1527.137 Y735.119
G1 X1523.863 Y735.848
G1 X1520.3 Y734.8
M5; lift marker up
G4 P0.08
G0 X1500.4 Y735.0
M3 S1000;put marker down
G4 P0.2
G1 X1505.1 Y732.4
G1 X1505.1 Y732.4
G1 X1507.0 Y731.8
G1 X1507.0 Y731.8
G1 X1504.55 Y734.525
G1 X1500.0 Y735.9
G1 X1500.0 Y735.9
G1 X1500.4 Y735.0
M5; lift marker up
G4 P0.08
G0 X1478.4 Y732.6
M3 S1000;put marker down
G4 P0.2
G1 X1475.0 Y727.6
G1 X1475.0 Y727.6
G1 X1479.6 Y723.2
G1 X1479.6 Y723.2
G1 X1483.96 Y720.518
G1 X1486.381 Y718.711
G1 X1486.775 Y717.688
G1 X1485.052 Y717.356
G1 X1481.123 Y717.624
G1 X1474.9 Y718.4
G1 X1474.9 Y718.4
G1 X1469.727 Y719.105
G1 X1465.584 Y719.592
G1 X1462.179 Y719.867
G1 X1459.221 Y719.931
G1 X1456.416 Y719.789
G1 X1453.473 Y719.444
G1 X1450.1 Y718.9
G1 X1450.1 Y718.9
G1 X1445.467 Y717.594
G1 X1441.613 Y715.65
G1 X1438.977 Y713.331
G1 X1438.0 Y710.9
G1 X1438.0 Y710.9
G1 X1441.3 Y713.3
G1 X1441.3 Y713.3
G1 X1443.848 Y715.807
G1 X1446.952 Y717.093
G1 X1452.5 Y718.0
G1 X1452.5 Y718.0
G1 X1456.044 Y718.37
G1 X1459.444 Y718.515
G1 X1463.012 Y718.425
G1 X1467.06 Y718.09
G1 X1471.9 Y717.5
G1 X1471.9 Y717.5
G1 X1476.531 Y716.928
G1 X1480.675 Y716.45
G1 X1483.881 Y716.122
G1 X1485.7 Y716.0
G1 X1485.7 Y716.0
G1 X1487.862 Y717.725
G1 X1483.8 Y721.7
G1 X1483.8 Y721.7
G1 X1478.285 Y725.389
G1 X1476.681 Y727.611
G1 X1477.7 Y730.1
G1 X1477.7 Y730.1
G1 X1479.97 Y732.693
G1 X1483.33 Y734.374
G1 X1488.0 Y735.3
G1 X1488.0 Y735.3
G1 X1486.7 Y735.8
G1 X1486.7 Y735.8
G1 X1482.062 Y735.4
G1 X1478.4 Y732.6
M5; lift marker up
G4 P0.08
G0 X1410.0 Y640.1
M3 S1000;put marker down
G4 P0.2
G1 X1404.4 Y638.7
G1 X1404.4 Y638.7
G1 X1402.815 Y635.637
G1 X1401.385 Y630.53
G1 X1401.2 Y627.4
G1 X1401.2 Y627.4
G1 X1402.9 Y632.4
G1 X1402.9 Y632.4
G1 X1403.704 Y635.546
G1 X1404.82 Y637.501
G1 X1406.824 Y638.563
G1 X1410.292 Y639.03
G1 X1415.8 Y639.2
G1 X1415.8 Y639.2
G1 X1421.4 Y639.5
G1 X1423.4 Y640.1
G1 X1423.4 Y640.1
G1 X1422.023 Y640.662
G1 X1419.062 Y640.85
G1 X1414.92 Y640.662
G1 X1410.0 Y640.1
M5; lift marker up
G4 P0.08
G0 X1408.0 Y630.3
M3 S1000;put marker down
G4 P0.2
G1 X1409.8 Y627.9
G1 X1409.8 Y627.9
G1 X1410.0 Y628.5
G1 X1410.0 Y628.5
G1 X1408.3 Y630.9
G1 X1408.3 Y630.9
G1 X1408.0 Y630.3
M5; lift marker up
G4 P0.08
G0 X1412.3 Y624.0
M3 S1000;put marker down
G4 P0.2
G1 X1414.158 Y621.842
G1 X1417.375 Y618.637
G1 X1420.933 Y615.331
G1 X1423.814 Y612.87
G1 X1425.0 Y612.2
G1 X1425.0 Y612.2
G1 X1424.026 Y613.337
G1 X1421.474 Y615.963
G1 X1417.9 Y619.5
G1 X1417.9 Y619.5
G1 X1413.262 Y623.738
G1 X1412.3 Y624.0
M5; lift marker up
G4 P0.08
G0 X1398.1 Y619.4
M3 S1000;put marker down
G4 P0.2
G1 X1396.6 Y614.662
G1 X1396.3 Y612.4
G1 X1396.3 Y612.4
G1 X1397.312 Y613.988
G1 X1399.0 Y618.5
G1 X1399.0 Y618.5
G1 X1400.425 Y623.275
G1 X1400.8 Y625.5
G1 X1400.8 Y625.5
G1 X1399.863 Y623.875
G1 X1398.1 Y619.4
M5; lift marker up
G4 P0.08
G0 X1394.7 Y609.1
M3 S1000;put marker down
G4 P0.2
G1 X1395.2 Y607.8
G1 X1395.2 Y607.8
G1 X1395.8 Y610.1
G1 X1395.8 Y610.1
G1 X1394.7 Y609.1
M5; lift marker up
G4 P0.08
G0 X1391.1 Y596.4
M3 S1000;put marker down
G4 P0.2
G1 X1391.7 Y595.8
G1 X1391.7 Y595.8
G1 X1391.6 Y597.7
G1 X1391.6 Y597.7
G1 X1391.1 Y596.4
M5; lift marker up
G4 P0.08
G0 X1390.1 Y591.4
M3 S1000;put marker down
G4 P0.2
G1 X1390.7 Y590.8
G1 X1390.7 Y590.8
G1 X1390.6 Y592.7
G1 X1390.6 Y592.7
G1 X1390.1 Y591.4
M5; lift marker up
G4 P0.08
G0 X1388.5 Y584.3
M3 S1000;put marker down
G4 P0.2
G1 X1390.076 Y582.802
G1 X1392.11 Y580.993
G1 X1394.52 Y578.939
G1 X1397.223 Y576.706
G1 X1400.138 Y574.362
G1 X1403.181 Y571.974
G1 X1406.271 Y569.606
G1 X1409.326 Y567.327
G1 X1412.263 Y565.203
G1 X1415.0 Y563.3
G1 X1415.0 Y563.3
G1 X1421.613 Y558.764
G1 X1425.941 Y555.681
G1 X1428.412 Y553.638
G1 X1429.459 Y552.219
G1 X1429.512 Y551.011
G1 X1429.0 Y549.6
G1 X1429.0 Y549.6
G1 X1428.4 Y546.2
G1 X1428.4 Y546.2
G1 X1429.6 Y548.4
G1 X1429.6 Y548.4
G1 X1431.55 Y550.812
G1 X1436.5 Y547.3
G1 X1436.5 Y547.3
G1 X1440.5 Y543.5
G1 X1440.5 Y543.5
G1 X1436.2 Y548.1
G1 X1436.2 Y548.1
G1 X1434.669 Y549.605
G1 X1432.481 Y551.537
G1 X1429.8 Y553.775
G1 X1426.785 Y556.196
G1 X1423.598 Y558.679
G1 X1420.4 Y561.1
G1 X1420.4 Y561.1
G1 X1417.542 Y563.173
G1 X1414.532 Y565.389
G1 X1411.487 Y567.66
G1 X1408.524 Y569.895
G1 X1405.76 Y572.007
G1 X1403.313 Y573.905
G1 X1401.3 Y575.5
G1 X1401.3 Y575.5
G1 X1397.089 Y578.758
G1 X1393.122 Y581.665
G1 X1389.982 Y583.823
G1 X1388.247 Y584.834
G1 X1388.5 Y584.3
M5; lift marker up
G4 P0.08
G0 X1358.0 Y552.5
M3 S1000;put marker down
G4 P0.2
G1 X1360.5 Y549.4
G1 X1360.5 Y549.4
G1 X1363.0 Y547.9
G1 X1363.0 Y547.9
G1 X1360.5 Y551.0
G1 X1360.5 Y551.0
G1 X1358.0 Y552.5
M5; lift marker up
G4 P0.08
G0 X1348.5 Y563.8
M3 S1000;put marker down
G4 P0.2
G1 X1350.0 Y559.8
G1 X1350.0 Y559.8
G1 X1353.0 Y558.0
G1 X1353.0 Y558.0
G1 X1357.0 Y555.8
G1 X1357.0 Y555.8
G1 X1357.9 Y553.5
G1 X1357.9 Y553.5
G1 X1357.9 Y555.7
G1 X1357.9 Y555.7
G1 X1356.462 Y558.7
G1 X1353.0 Y559.3
G1 X1353.0 Y559.3
G1 X1350.7 Y561.8
G1 X1350.7 Y561.8
G1 X1348.5 Y565.4
G1 X1348.5 Y565.4
G1 X1348.5 Y563.8
M5; lift marker up
G4 P0.08
G0 X1330.0 Y553.7
M3 S1000;put marker down
G4 P0.2
G1 X1328.8 Y550.2
G1 X1328.8 Y550.2
G1 X1329.3 Y549.0
G1 X1329.3 Y549.0
G1 X1331.0 Y552.5
G1 X1331.0 Y552.5
G1 X1330.5 Y556.0
G1 X1330.5 Y556.0
G1 X1330.0 Y553.7
M5; lift marker up
G4 P0.08
G0 X1327.0 Y566.5
M3 S1000;put marker down
G4 P0.2
G1 X1327.0 Y562.5
G1 X1327.0 Y562.5
G1 X1328.8 Y560.4
G1 X1328.8 Y560.4
G1 X1328.2 Y562.6
G1 X1328.2 Y562.6
G1 X1328.1 Y566.2
G1 X1328.1 Y566.2
G1 X1327.0 Y566.5
M5; lift marker up
G4 P0.08
G0 X1326.7 Y580.5
M3 S1000;put marker down
G4 P0.2
G1 X1329.3 Y574.7
G1 X1329.3 Y574.7
G1 X1329.7 Y570.5
G1 X1329.7 Y570.5
G1 X1329.8 Y575.1
G1 X1329.8 Y575.1
G1 X1329.038 Y580.275
G1 X1326.1 Y582.0
G1 X1326.1 Y582.0
G1 X1326.7 Y580.5
M5; lift marker up
G4 P0.08
G0 X1317.0 Y583.0
M3 S1000;put marker down
G4 P0.2
G1 X1322.0 Y582.2
G1 X1322.0 Y582.2
G1 X1321.5 Y583.0
G1 X1321.5 Y583.0
G1 X1316.5 Y583.8
G1 X1316.5 Y583.8
G1 X1317.0 Y583.0
M5; lift marker up
G4 P0.08
G0 X1298.9 Y594.3
M3 S1000;put marker down
G4 P0.2
G1 X1299.3 Y593.9
G1 X1299.3 Y593.9
G1 X1300.6 Y596.0
G1 X1300.6 Y596.0
G1 X1298.9 Y594.3
M5; lift marker up
G4 P0.08
G0 X1282.6 Y600.7
M3 S1000;put marker down
G4 P0.2
G1 X1284.712 Y596.888
G1 X1281.8 Y593.9
G1 X1281.8 Y593.9
G1 X1282.0 Y593.5
G1 X1282.0 Y593.5
G1 X1285.3 Y594.0
G1 X1285.3 Y594.0
G1 X1286.0 Y596.5
G1 X1286.0 Y596.5
G1 X1284.2 Y600.688
G1 X1280.9 Y603.0
G1 X1280.9 Y603.0
G1 X1282.6 Y600.7
M5; lift marker up
G4 P0.08
G0 X1274.8 Y592.3
M3 S1000;put marker down
G4 P0.2
G1 X1276.7 Y592.4
G1 X1276.7 Y592.4
G1 X1275.4 Y592.9
G1 X1275.4 Y592.9
G1 X1274.8 Y592.3
M5; lift marker up
G4 P0.08
G0 X1279.0 Y585.0
M3 S1000;put marker down
G4 P0.2
G1 X1278.5 Y584.0
G1 X1278.5 Y584.0
G1 X1281.0 Y585.0
G1 X1281.0 Y585.0
G1 X1281.5 Y586.0
G1 X1281.5 Y586.0
G1 X1279.0 Y585.0
M5; lift marker up
G4 P0.08
G0 X1263.5 Y598.0
M3 S1000;put marker down
G4 P0.2
G1 X1262.4 Y595.0
G1 X1262.4 Y595.0
G1 X1264.5 Y598.0
G1 X1264.5 Y598.0
G1 X1265.6 Y601.0
G1 X1265.6 Y601.0
G1 X1263.5 Y598.0
M5; lift marker up
G4 P0.08
G0 X1260.0 Y592.0
M3 S1000;put marker down
G4 P0.2
G1 X1259.4 Y590.0
G1 X1259.4 Y590.0
G1 X1261.0 Y592.0
G1 X1261.0 Y592.0
G1 X1261.6 Y594.0
G1 X1261.6 Y594.0
G1 X1260.0 Y592.0
M5; lift marker up
G4 P0.08
G0 X1253.3 Y581.8
M3 S1000;put marker down
G4 P0.2
G1 X1250.3 Y577.0
G1 X1250.3 Y577.0
G1 X1253.4 Y580.5
G1 X1253.4 Y580.5
G1 X1255.638 Y583.85
G1 X1253.3 Y581.8
M5; lift marker up
G4 P0.08
G0 X1240.8 Y570.3
M3 S1000;put marker down
G4 P0.2
G1 X1242.7 Y570.4
G1 X1242.7 Y570.4
G1 X1241.4 Y570.9
G1 X1241.4 Y570.9
G1 X1240.8 Y570.3
M5; lift marker up
G4 P0.08
G0 X1232.0 Y586.6
M3 S1000;put marker down
G4 P0.2
G1 X1231.55 Y584.038
G1 X1230.5 Y578.4
G1 X1230.5 Y578.4
G1 X1229.567 Y574.331
G1 X1228.438 Y570.975
G1 X1226.914 Y567.881
G1 X1224.8 Y564.6
G1 X1224.8 Y564.6
G1 X1220.6 Y558.5
G1 X1220.6 Y558.5
G1 X1224.7 Y562.0
G1 X1224.7 Y562.0
G1 X1228.7 Y566.0
G1 X1228.7 Y566.0
G1 X1230.2 Y572.0
G1 X1230.2 Y572.0
G1 X1231.389 Y576.791
G1 X1232.288 Y581.675
G1 X1232.717 Y585.472
G1 X1232.5 Y587.0
G1 X1232.5 Y587.0
G1 X1232.0 Y586.6
M5; lift marker up
G4 P0.08
G0 X1234.7 Y592.5
M3 S1000;put marker down
G4 P0.2
G1 X1233.1 Y588.3
G1 X1235.1 Y591.3
G1 X1235.1 Y591.3
G1 X1236.8 Y595.6
G1 X1236.8 Y595.6
G1 X1234.7 Y592.5
M5; lift marker up
G4 P0.08
G0 X1203.0 Y583.4
M3 S1000;put marker down
G4 P0.2
G1 X1203.22 Y581.432
G1 X1203.796 Y577.889
G1 X1204.6 Y573.463
G1 X1205.504 Y568.844
G1 X1206.38 Y564.726
G1 X1207.1 Y561.8
G1 X1207.1 Y561.8
G1 X1207.77 Y558.567
G1 X1208.463 Y554.133
G1 X1209.0 Y549.5
G1 X1209.0 Y549.5
G1 X1209.7 Y541.5
G1 X1209.7 Y541.5
G1 X1209.9 Y548.5
G1 X1209.9 Y548.5
G1 X1209.778 Y552.533
G1 X1209.456 Y556.3
G1 X1209.0 Y559.0
G1 X1209.0 Y559.0
G1 X1208.419 Y561.172
G1 X1207.65 Y564.525
G1 X1206.806 Y568.591
G1 X1206.0 Y572.9
G1 X1206.0 Y572.9
G1 X1204.467 Y580.311
G1 X1203.4 Y584.056
G1 X1203.0 Y583.4
M5; lift marker up
G4 P0.08
G0 X1217.4 Y553.8
M3 S1000;put marker down
G4 P0.2
G1 X1215.2 Y550.0
G1 X1215.2 Y550.0
G1 X1215.5 Y549.5
G1 X1215.5 Y549.5
G1 X1218.6 Y555.0
G1 X1218.6 Y555.0
G1 X1217.4 Y553.8
M5; lift marker up
G4 P0.08
G0 X1219.0 Y552.0
M3 S1000;put marker down
G4 P0.2
G1 X1218.4 Y550.0
G1 X1218.4 Y550.0
G1 X1220.0 Y552.0
G1 X1220.0 Y552.0
G1 X1220.6 Y554.0
G1 X1220.6 Y554.0
G1 X1219.0 Y552.0
M5; lift marker up
G4 P0.08
G0 X1216.0 Y547.0
M3 S1000;put marker down
G4 P0.2
G1 X1215.4 Y545.0
G1 X1215.4 Y545.0
G1 X1217.0 Y547.0
G1 X1217.0 Y547.0
G1 X1217.6 Y549.0
G1 X1217.6 Y549.0
G1 X1216.0 Y547.0
M5; lift marker up
G4 P0.08
G0 X1209.0 Y540.0
M3 S1000;put marker down
G4 P0.2
G1 X1210.0 Y539.0
G1 X1210.0 Y539.0
G1 X1211.0 Y540.0
G1 X1211.0 Y540.0
G1 X1210.0 Y541.0
G1 X1210.0 Y541.0
G1 X1209.0 Y540.0
M5; lift marker up
G4 P0.08
G0 X1225.2 Y532.5
M3 S1000;put marker down
G4 P0.2
G1 X1230.454 Y531.377
G1 X1235.597 Y530.231
G1 X1240.342 Y529.132
G1 X1244.4 Y528.15
G1 X1247.483 Y527.355
G1 X1249.303 Y526.819
G1 X1249.571 Y526.61
G1 X1248.0 Y526.8
G1 X1248.0 Y526.8
G1 X1246.232 Y526.991
G1 X1243.559 Y527.159
G1 X1240.175 Y527.3
G1 X1236.274 Y527.407
G1 X1232.051 Y527.476
G1 X1227.7 Y527.5
G1 X1227.7 Y527.5
G1 X1220.154 Y527.518
G1 X1215.521 Y527.641
G1 X1213.091 Y527.975
G1 X1212.154 Y528.626
G1 X1212.0 Y529.7
G1 X1212.0 Y529.7
G1 X1211.4 Y533.4
G1 X1211.4 Y533.4
G1 X1211.166 Y534.567
G1 X1212.525 Y534.862
G1 X1216.772 Y534.202
G1 X1225.2 Y532.5
M5; lift marker up
G4 P0.08
G0 X1231.1 Y503.1
M3 S1000;put marker down
G4 P0.2
G1 X1230.553 Y501.42999999999995
G1 X1229.875 Y498.36199999999997
G1 X1229.159 Y494.339
G1 X1228.5 Y489.8
G1 X1228.5 Y489.8
G1 X1227.33 Y480.844
G1 X1227.07 Y477.356
G1 X1227.5 Y477.2
G1 X1227.5 Y477.2
G1 X1227.97 Y478.981
G1 X1228.663 Y483.119
G1 X1229.4 Y488.7
G1 X1229.4 Y488.7
G1 X1230.045 Y493.167
G1 X1230.738 Y497.13800000000003
G1 X1231.411 Y500.18899999999996
G1 X1232.0 Y501.9
G1 X1232.0 Y501.9
G1 X1232.7 Y504.70000000000005
G1 X1232.7 Y504.70000000000005
G1 X1231.1 Y503.1
M5; lift marker up
G4 P0.08
G0 X1230.2 Y475.9
M3 S1000;put marker down
G4 P0.2
G1 X1225.248 Y475.347
G1 X1220.715 Y474.707
G1 X1216.788 Y474.013
G1 X1213.652 Y473.293
G1 X1211.494 Y472.578
G1 X1210.5 Y471.9
G1 X1210.5 Y471.9
G1 X1207.9 Y471.0
G1 X1207.9 Y471.0
G1 X1206.0 Y469.9
G1 X1206.0 Y469.9
G1 X1207.3 Y469.275
G1 X1214.0 Y471.5
G1 X1214.0 Y471.5
G1 X1216.088 Y472.091
G1 X1219.16 Y472.75
G1 X1222.928 Y473.422
G1 X1227.104 Y474.057
G1 X1231.4 Y474.6
G1 X1231.4 Y474.6
G1 X1236.505 Y475.206
G1 X1240.738 Y475.775
G1 X1243.677 Y476.231
G1 X1244.9 Y476.5
G1 X1244.9 Y476.5
G1 X1244.319 Y476.8
G1 X1241.675 Y476.8
G1 X1236.969 Y476.5
G1 X1230.2 Y475.9
M5; lift marker up
G4 P0.08
G0 X1223.8 Y468.3
M3 S1000;put marker down
G4 P0.2
G1 X1222.729 Y466.018
G1 X1221.396 Y463.408
G1 X1219.836 Y460.528
G1 X1218.08 Y457.436
G1 X1216.162 Y454.188
G1 X1214.116 Y450.84
G1 X1211.974 Y447.451
G1 X1209.768 Y444.076
G1 X1207.532 Y440.774
G1 X1205.3 Y437.6
G1 X1205.3 Y437.6
G1 X1201.964 Y432.902
G1 X1198.804 Y428.411
G1 X1195.821 Y424.128
G1 X1193.018 Y420.056
G1 X1190.395 Y416.199
G1 X1187.955 Y412.559
G1 X1185.699 Y409.138
G1 X1183.628 Y405.94
G1 X1181.744 Y402.967
G1 X1180.049 Y400.221
G1 X1178.544 Y397.705
G1 X1177.231 Y395.423
G1 X1176.112 Y393.376
G1 X1175.187 Y391.568
G1 X1174.459 Y390.001
G1 X1173.93 Y388.677
G1 X1173.6 Y387.6
G1 X1173.6 Y387.6
G1 X1172.696 Y385.252
G1 X1171.037 Y381.881
G1 X1169.0 Y378.2
G1 X1169.0 Y378.2
G1 X1167.252 Y375.164
G1 X1165.438 Y371.612
G1 X1163.755 Y368.005
G1 X1162.4 Y364.8
G1 X1162.4 Y364.8
G1 X1161.028 Y361.642
G1 X1159.3 Y358.288
G1 X1157.422 Y355.139
G1 X1155.6 Y352.6
G1 X1155.6 Y352.6
G1 X1153.028 Y349.347
G1 X1150.989 Y346.574
G1 X1149.3 Y343.963
G1 X1147.778 Y341.193
G1 X1146.239 Y337.945
G1 X1144.5 Y333.9
G1 X1144.5 Y333.9
G1 X1142.759 Y330.04
G1 X1140.707 Y325.956
G1 X1138.6 Y322.088
G1 X1136.693 Y318.878
G1 X1135.241 Y316.768
G1 X1134.5 Y316.2
G1 X1134.5 Y316.2
G1 X1134.455 Y317.271
G1 X1134.625 Y319.885
G1 X1134.963 Y323.644
G1 X1135.425 Y328.152
G1 X1135.964 Y333.011
G1 X1136.537 Y337.822
G1 X1137.097 Y342.189
G1 X1137.6 Y345.714
G1 X1138.0 Y348.0
G1 X1138.0 Y348.0
G1 X1138.452 Y351.163
G1 X1138.748 Y355.104
G1 X1138.8 Y359.0
G1 X1138.8 Y359.0
G1 X1138.834 Y361.549
G1 X1139.074 Y364.056
G1 X1139.575 Y366.762
G1 X1140.393 Y369.911
G1 X1141.582 Y373.743
G1 X1143.2 Y378.5
G1 X1143.2 Y378.5
G1 X1144.475 Y382.171
G1 X1145.631 Y385.302
G1 X1146.763 Y388.074
G1 X1147.967 Y390.666
G1 X1149.337 Y393.257
G1 X1150.97 Y396.026
G1 X1152.962 Y399.153
G1 X1155.406 Y402.818
G1 X1158.4 Y407.2
G1 X1158.4 Y407.2
G1 X1160.298 Y409.938
G1 X1162.31 Y412.774
G1 X1164.42 Y415.686
G1 X1166.61 Y418.655
G1 X1168.865 Y421.658
G1 X1171.168 Y424.677
G1 X1173.502 Y427.689
G1 X1175.851 Y430.674
G1 X1178.197 Y433.611
G1 X1180.525 Y436.48
G1 X1182.817 Y439.26
G1 X1185.057 Y441.929
G1 X1187.229 Y444.468
G1 X1189.316 Y446.855
G1 X1191.301 Y449.07
G1 X1193.168 Y451.092
G1 X1194.9 Y452.9
G1 X1194.9 Y452.9
G1 X1196.81 Y454.682
G1 X1199.281 Y456.791
G1 X1202.107 Y459.049
G1 X1205.082 Y461.278
G1 X1208.0 Y463.3
G1 X1208.0 Y463.3
G1 X1212.284 Y466.089
G1 X1215.5 Y467.838
G1 X1218.041 Y468.742
G1 X1220.3 Y469.0
G1 X1220.3 Y469.0
G1 X1223.8 Y468.3
M5; lift marker up
G4 P0.08
G0 X1223.8 Y463.3
M3 S1000;put marker down
G4 P0.2
G1 X1221.742 Y459.632
G1 X1219.802 Y456.232
G1 X1217.95 Y453.05
G1 X1216.154 Y450.037
G1 X1214.385 Y447.143
G1 X1212.611 Y444.318
G1 X1210.801 Y441.513
G1 X1208.926 Y438.679
G1 X1206.955 Y435.764
G1 X1204.856 Y432.721
G1 X1202.6 Y429.5
G1 X1202.6 Y429.5
G1 X1200.037 Y425.92
G1 X1197.53 Y422.393
G1 X1195.2 Y419.088
G1 X1193.17 Y416.174
G1 X1191.563 Y413.822
G1 X1190.5 Y412.2
G1 X1190.5 Y412.2
G1 X1187.388 Y408.513
G1 X1188.1 Y411.2
G1 X1188.1 Y411.2
G1 X1188.922 Y412.538
G1 X1190.551 Y414.941
G1 X1192.809 Y418.155
G1 X1195.518 Y421.926
G1 X1198.5 Y426.0
G1 X1198.5 Y426.0
G1 X1201.188 Y429.693
G1 X1203.666 Y433.14
G1 X1205.952 Y436.373
G1 X1208.063 Y439.422
G1 X1210.019 Y442.317
G1 X1211.838 Y445.088
G1 X1213.537 Y447.764
G1 X1215.137 Y450.378
G1 X1216.655 Y452.958
G1 X1218.109 Y455.535
G1 X1219.518 Y458.139
G1 X1220.9 Y460.8
G1 X1220.9 Y460.8
G1 X1224.212 Y466.588
G1 X1226.1 Y469.0
G1 X1226.1 Y469.0
G1 X1223.8 Y463.3
M5; lift marker up
G4 P0.08
G0 X1243.5 Y472.9
M3 S1000;put marker down
G4 P0.2
G1 X1241.411 Y472.463
G1 X1237.888 Y471.95
G1 X1233.445 Y471.438
G1 X1228.6 Y471.0
G1 X1228.6 Y471.0
G1 X1223.228 Y470.497
G1 X1219.344 Y469.974
G1 X1216.396 Y469.294
G1 X1213.832 Y468.315
G1 X1211.1 Y466.9
G1 X1211.1 Y466.9
G1 X1208.623 Y465.446
G1 X1206.268 Y463.962
G1 X1203.997 Y462.412
G1 X1201.774 Y460.763
G1 X1199.562 Y458.979
G1 X1197.325 Y457.025
G1 X1195.025 Y454.867
G1 X1192.626 Y452.47
G1 X1190.091 Y449.8
G1 X1187.382 Y446.821
G1 X1184.464 Y443.5
G1 X1181.3 Y439.8
G1 X1181.3 Y439.8
G1 X1179.046 Y437.173
G1 X1176.937 Y434.702
G1 X1174.954 Y432.364
G1 X1173.079 Y430.134
G1 X1171.294 Y427.987
G1 X1169.581 Y425.9
G1 X1167.922 Y423.847
G1 X1166.299 Y421.805
G1 X1164.693 Y419.75
G1 X1163.087 Y417.656
G1 X1161.462 Y415.5
G1 X1159.801 Y413.257
G1 X1158.086 Y410.903
G1 X1156.297 Y408.414
G1 X1154.418 Y405.764
G1 X1152.43 Y402.931
G1 X1150.314 Y399.889
G1 X1148.054 Y396.614
G1 X1145.631 Y393.082
G1 X1143.026 Y389.269
G1 X1140.222 Y385.15
G1 X1137.2 Y380.7
G1 X1137.2 Y380.7
G1 X1134.422 Y376.528
G1 X1131.891 Y372.467
G1 X1129.645 Y368.601
G1 X1127.725 Y365.012
G1 X1126.171 Y361.785
G1 X1125.022 Y359.002
G1 X1124.318 Y356.746
G1 X1124.1 Y355.1
G1 X1124.1 Y355.1
G1 X1125.4 Y356.0
G1 X1125.4 Y356.0
G1 X1126.574 Y358.78
G1 X1128.217 Y362.185
G1 X1130.209 Y366.011
G1 X1132.43 Y370.054
G1 X1134.762 Y374.112
G1 X1137.086 Y377.982
G1 X1139.28 Y381.458
G1 X1141.227 Y384.339
G1 X1142.807 Y386.421
G1 X1143.9 Y387.5
G1 X1143.9 Y387.5
G1 X1143.774 Y386.056
G1 X1142.559 Y381.744
G1 X1140.5 Y375.5
G1 X1140.5 Y375.5
G1 X1138.638 Y370.018
G1 X1137.433 Y366.015
G1 X1136.799 Y363.073
G1 X1136.65 Y360.774
G1 X1136.9 Y358.7
G1 X1136.9 Y358.7
G1 X1137.1 Y355.659
G1 X1136.9 Y351.974
G1 X1136.3 Y348.0
G1 X1136.3 Y348.0
G1 X1135.802 Y345.304
G1 X1135.289 Y341.744
G1 X1134.795 Y337.632
G1 X1134.354 Y333.28
G1 X1134.0 Y329.0
G1 X1134.0 Y329.0
G1 X1133.67 Y324.834
G1 X1133.307 Y320.803
G1 X1132.949 Y317.185
G1 X1132.634 Y314.258
G1 X1132.4 Y312.3
G1 X1132.4 Y312.3
G1 X1132.3 Y308.0
G1 X1132.3 Y308.0
G1 X1134.9 Y312.5
G1 X1134.9 Y312.5
G1 X1137.15 Y316.888
G1 X1139.7 Y321.2
G1 X1139.7 Y321.2
G1 X1141.177 Y323.655
G1 X1143.038 Y327.112
G1 X1145.03 Y331.114
G1 X1146.9 Y335.2
G1 X1146.9 Y335.2
G1 X1148.845 Y339.306
G1 X1150.912 Y343.225
G1 X1152.848 Y346.506
G1 X1154.4 Y348.7
G1 X1154.4 Y348.7
G1 X1156.824 Y351.664
G1 X1158.789 Y354.311
G1 X1160.438 Y356.875
G1 X1161.911 Y359.589
G1 X1163.351 Y362.686
G1 X1164.9 Y366.4
G1 X1164.9 Y366.4
G1 X1166.733 Y370.73
G1 X1168.567 Y374.57
G1 X1170.0 Y377.1
G1 X1170.0 Y377.1
G1 X1171.341 Y379.352
G1 X1172.926 Y382.648
G1 X1174.4 Y386.3
G1 X1174.4 Y386.3
G1 X1175.607 Y389.257
G1 X1177.022 Y392.322
G1 X1178.638 Y395.488
G1 X1180.444 Y398.744
G1 X1182.435 Y402.085
G1 X1184.6 Y405.5
G1 X1184.6 Y405.5
G1 X1186.0 Y405.1
G1 X1186.0 Y405.1
G1 X1185.3 Y402.363
G1 X1187.467 Y402.537
G1 X1192.3 Y405.6
G1 X1192.3 Y405.6
G1 X1194.43 Y407.033
G1 X1197.356 Y408.806
G1 X1200.873 Y410.815
G1 X1204.775 Y412.954
G1 X1208.856 Y415.117
G1 X1212.911 Y417.199
G1 X1216.735 Y419.095
G1 X1220.121 Y420.698
G1 X1222.864 Y421.903
G1 X1224.759 Y422.606
G1 X1225.6 Y422.7
G1 X1225.6 Y422.7
G1 X1224.948 Y422.16
G1 X1222.808 Y420.876
G1 X1219.444 Y418.992
G1 X1215.12 Y416.652
G1 X1210.1 Y414.0
G1 X1210.1 Y414.0
G1 X1205.823 Y411.741
G1 X1201.915 Y409.597
G1 X1198.39 Y407.569
G1 X1195.262 Y405.662
G1 X1192.545 Y403.879
G1 X1190.253 Y402.224
G1 X1188.4 Y400.7
G1 X1188.4 Y400.7
G1 X1186.895 Y399.3
G1 X1185.566 Y397.948
G1 X1184.328 Y396.506
G1 X1183.101 Y394.836
G1 X1181.8 Y392.8
G1 X1180.343 Y390.26
G1 X1178.648 Y387.078
G1 X1176.63 Y383.116
G1 X1174.209 Y378.236
G1 X1171.3 Y372.3
G1 X1171.3 Y372.3
G1 X1169.016 Y367.648
G1 X1166.848 Y363.281
G1 X1164.847 Y359.299
G1 X1163.062 Y355.8
G1 X1161.545 Y352.882
G1 X1160.345 Y350.644
G1 X1159.513 Y349.184
G1 X1159.1 Y348.6
G1 X1159.1 Y348.6
G1 X1157.87 Y347.098
G1 X1156.008 Y344.009
G1 X1153.783 Y339.885
G1 X1151.462 Y335.275
G1 X1149.316 Y330.731
G1 X1147.611 Y326.803
G1 X1146.616 Y324.043
G1 X1146.6 Y323.0
G1 X1146.6 Y323.0
G1 X1150.1 Y325.1
G1 X1150.1 Y325.1
G1 X1152.013 Y326.364
G1 X1154.435 Y327.8
G1 X1157.289 Y329.37
G1 X1160.498 Y331.04
G1 X1163.987 Y332.771
G1 X1167.678 Y334.53
G1 X1171.495 Y336.278
G1 X1175.361 Y337.98
G1 X1179.2 Y339.6
G1 X1179.2 Y339.6
G1 X1181.999 Y340.776
G1 X1185.16 Y342.201
G1 X1188.544 Y343.803
G1 X1192.009 Y345.515
G1 X1195.417 Y347.265
G1 X1198.627 Y348.983
G1 X1201.5 Y350.6
G1 X1201.5 Y350.6
G1 X1205.364 Y352.76
G1 X1209.324 Y354.824
G1 X1213.092 Y356.648
G1 X1216.38 Y358.088
G1 X1218.9 Y359.0
G1 X1218.9 Y359.0
G1 X1221.857 Y359.81
G1 X1225.593 Y360.652
G1 X1229.739 Y361.464
G1 X1233.924 Y362.179
G1 X1237.776 Y362.733
G1 X1240.925 Y363.062
G1 X1243.0 Y363.1
G1 X1243.0 Y363.1
G1 X1243.847 Y363.049
G1 X1245.709 Y362.972
G1 X1248.467 Y362.871
G1 X1252.0 Y362.75
G1 X1256.189 Y362.61
G1 X1260.916 Y362.453
G1 X1266.059 Y362.282
G1 X1271.5 Y362.1
G1 X1271.5 Y362.1
G1 X1277.643 Y361.878
G1 X1283.072 Y361.657
G1 X1287.859 Y361.431
G1 X1292.078 Y361.193
G1 X1295.8 Y360.934
G1 X1299.1 Y360.65
G1 X1302.05 Y360.332
G1 X1304.722 Y359.974
G1 X1307.191 Y359.569
G1 X1309.528 Y359.109
G1 X1311.807 Y358.589
G1 X1314.1 Y358.0
G1 X1314.1 Y358.0
G1 X1316.747 Y357.412
G1 X1320.725 Y356.75
G1 X1325.491 Y356.088
G1 X1330.5 Y355.5
G1 X1330.5 Y355.5
G1 X1337.167 Y354.763
G1 X1339.033 Y354.337
G1 X1336.5 Y354.2
G1 X1336.5 Y354.2
G1 X1334.289 Y354.197
G1 X1331.936 Y354.272
G1 X1329.337 Y354.436
G1 X1326.388 Y354.7
G1 X1322.983 Y355.077
G1 X1319.02 Y355.578
G1 X1314.394 Y356.215
G1 X1309.0 Y357.0
G1 X1309.0 Y357.0
G1 X1305.431 Y357.459
G1 X1301.225 Y357.9
G1 X1296.906 Y358.266
G1 X1293.0 Y358.5
G1 X1293.0 Y358.5
G1 X1288.189 Y358.781
G1 X1283.778 Y359.152
G1 X1280.7 Y359.5
G1 X1280.7 Y359.5
G1 X1278.808 Y359.658
G1 X1275.74 Y359.663
G1 X1271.808 Y359.529
G1 X1267.324 Y359.27
G1 X1262.6 Y358.9
G1 X1262.6 Y358.9
G1 X1257.527 Y358.525
G1 X1253.281 Y358.3
G1 X1249.675 Y358.225
G1 X1246.519 Y358.3
G1 X1243.623 Y358.525
G1 X1240.8 Y358.9
G1 X1240.8 Y358.9
G1 X1238.116 Y359.26
G1 X1235.557 Y359.472
G1 X1233.07 Y359.52
G1 X1230.603 Y359.386
G1 X1228.105 Y359.056
G1 X1225.521 Y358.512
G1 X1222.8 Y357.738
G1 X1219.889 Y356.717
G1 X1216.736 Y355.433
G1 X1213.288 Y353.871
G1 X1209.493 Y352.013
G1 X1205.299 Y349.842
G1 X1200.652 Y347.344
G1 X1195.5 Y344.5
G1 X1195.5 Y344.5
G1 X1192.49 Y342.905
G1 X1188.937 Y341.098
G1 X1185.139 Y339.23
G1 X1181.394 Y337.447
G1 X1178.0 Y335.9
G1 X1178.0 Y335.9
G1 X1172.215 Y333.388
G1 X1167.44 Y331.273
G1 X1163.544 Y329.485
G1 X1160.397 Y327.954
G1 X1157.866 Y326.609
G1 X1155.822 Y325.381
G1 X1154.134 Y324.201
G1 X1152.67 Y322.997
G1 X1151.3 Y321.7
G1 X1151.3 Y321.7
G1 X1147.0 Y319.0
G1 X1147.0 Y319.0
G1 X1143.5 Y314.5
G1 X1143.5 Y314.5
G1 X1141.088 Y309.812
G1 X1140.1 Y307.0
G1 X1140.1 Y307.0
G1 X1142.0 Y309.0
G1 X1142.0 Y309.0
G1 X1143.49 Y311.354
G1 X1145.5 Y313.864
G1 X1147.941 Y316.451
G1 X1150.725 Y319.038
G1 X1153.762 Y321.544
G1 X1156.962 Y323.892
G1 X1160.238 Y326.004
G1 X1163.5 Y327.8
G1 X1163.5 Y327.8
G1 X1169.275 Y330.575
G1 X1171.9 Y331.4
G1 X1171.9 Y331.4
G1 X1171.736 Y330.724
G1 X1170.829 Y329.229
G1 X1169.295 Y327.056
G1 X1167.25 Y324.346
G1 X1164.808 Y321.243
G1 X1162.086 Y317.887
G1 X1159.198 Y314.422
G1 X1156.26 Y310.988
G1 X1153.387 Y307.729
G1 X1150.696 Y304.785
G1 X1148.3 Y302.3
G1 X1148.3 Y302.3
G1 X1145.178 Y298.998
G1 X1142.905 Y296.095
G1 X1141.323 Y293.293
G1 X1140.274 Y290.294
G1 X1139.6 Y286.8
G1 X1139.6 Y286.8
G1 X1139.339 Y283.343
G1 X1139.65 Y279.882
G1 X1140.55 Y276.338
G1 X1142.061 Y272.637
G1 X1144.2 Y268.7
G1 X1144.2 Y268.7
G1 X1145.886 Y265.616
G1 X1146.888 Y262.775
G1 X1147.42 Y259.222
G1 X1147.7 Y254.0
G1 X1147.7 Y254.0
G1 X1147.83 Y250.526
G1 X1147.969 Y246.563
G1 X1148.103 Y242.437
G1 X1148.218 Y238.474
G1 X1148.3 Y235.0
G1 X1148.3 Y235.0
G1 X1148.464 Y231.649
G1 X1148.695 Y228.026
G1 X1148.985 Y224.192
G1 X1149.327 Y220.213
G1 X1149.715 Y216.152
G1 X1150.142 Y212.072
G1 X1150.6 Y208.038
G1 X1151.083 Y204.111
G1 X1151.583 Y200.358
G1 X1152.093 Y196.84
G1 X1152.607 Y193.621
G1 X1153.117 Y190.766
G1 X1153.617 Y188.338
G1 X1154.1 Y186.4
G1 X1154.1 Y186.4
G1 X1155.037 Y182.319
G1 X1155.73 Y178.281
G1 X1156.0 Y175.2
G1 X1156.0 Y175.2
G1 X1156.588 Y170.788
G1 X1158.0 Y166.0
G1 X1158.0 Y166.0
G1 X1159.412 Y161.338
G1 X1160.0 Y157.2
G1 X1160.0 Y157.2
G1 X1160.534 Y153.683
G1 X1162.025 Y150.362
G1 X1164.303 Y147.511
G1 X1167.2 Y145.4
G1 X1167.2 Y145.4
G1 X1170.25 Y143.55
G1 X1173.0 Y141.4
G1 X1173.0 Y141.4
G1 X1175.583 Y139.626
G1 X1179.434 Y137.597
G1 X1183.562 Y135.755
G1 X1186.981 Y134.542
G1 X1188.7 Y134.4
G1 X1188.7 Y134.4
G1 X1187.288 Y135.625
G1 X1183.1 Y137.9
G1 X1183.1 Y137.9
G1 X1179.496 Y139.811
G1 X1176.004 Y141.989
G1 X1173.4 Y143.9
G1 X1173.4 Y143.9
G1 X1168.6 Y147.0
G1 X1168.6 Y147.0
G1 X1164.6 Y150.1
G1 X1164.6 Y150.1
G1 X1162.588 Y153.462
G1 X1162.0 Y157.5
G1 X1162.0 Y157.5
G1 X1161.412 Y162.138
G1 X1160.0 Y167.0
G1 X1160.0 Y167.0
G1 X1158.993 Y170.233
G1 X1158.274 Y173.8
G1 X1158.0 Y176.9
G1 X1158.0 Y176.9
G1 X1157.6 Y181.475
G1 X1156.6 Y185.6
G1 X1156.6 Y185.6
G1 X1156.145 Y187.157
G1 X1155.665 Y189.23
G1 X1155.168 Y191.762
G1 X1154.66 Y194.694
G1 X1154.148 Y197.97
G1 X1153.64 Y201.533
G1 X1153.143 Y205.324
G1 X1152.663 Y209.287
G1 X1152.208 Y213.363
G1 X1151.785 Y217.496
G1 X1151.401 Y221.629
G1 X1151.064 Y225.702
G1 X1150.78 Y229.661
G1 X1150.556 Y233.446
G1 X1150.4 Y237.0
G1 X1150.4 Y237.0
G1 X1150.155 Y244.57
G1 X1149.938 Y250.62900000000002
G1 X1149.72 Y255.399
G1 X1149.467 Y259.102
G1 X1149.15 Y261.962
G1 X1148.737 Y264.202
G1 X1148.196 Y266.042
G1 X1147.498 Y267.707
G1 X1146.609 Y269.419
G1 X1145.5 Y271.4
G1 X1145.5 Y271.4
G1 X1143.558 Y275.114
G1 X1142.412 Y278.013
G1 X1141.886 Y280.78
G1 X1141.8 Y284.1
G1 X1141.8 Y284.1
G1 X1142.114 Y288.22
G1 X1142.989 Y291.812
G1 X1144.507 Y295.044
G1 X1146.75 Y298.084
G1 X1149.8 Y301.1
G1 X1149.8 Y301.1
G1 X1152.667 Y303.815
G1 X1155.667 Y307.085
G1 X1158.2 Y310.2
G1 X1158.2 Y310.2
G1 X1160.756 Y313.441
G1 X1163.778 Y317.059
G1 X1166.6 Y320.3
G1 X1166.6 Y320.3
G1 X1169.148 Y323.356
G1 X1171.452 Y326.478
G1 X1173.0 Y329.0
G1 X1173.0 Y329.0
G1 X1175.65 Y332.325
G1 X1180.7 Y334.9
G1 X1180.7 Y334.9
G1 X1183.673 Y336.227
G1 X1187.462 Y338.088
G1 X1191.57 Y340.23
G1 X1195.5 Y342.4
G1 X1195.5 Y342.4
G1 X1200.787 Y345.336
G1 X1205.505 Y347.9
G1 X1209.718 Y350.113
G1 X1213.492 Y351.994
G1 X1216.892 Y353.564
G1 X1219.981 Y354.843
G1 X1222.825 Y355.85
G1 X1225.488 Y356.606
G1 X1228.036 Y357.132
G1 X1230.532 Y357.447
G1 X1233.042 Y357.571
G1 X1235.63 Y357.524
G1 X1238.361 Y357.327
G1 X1241.3 Y357.0
G1 X1241.3 Y357.0
G1 X1244.725 Y356.633
G1 X1247.937 Y356.43
G1 X1251.138 Y356.388
G1 X1254.53 Y356.504
G1 X1258.316 Y356.775
G1 X1262.7 Y357.2
G1 X1262.7 Y357.2
G1 X1267.153 Y357.656
G1 X1271.418 Y357.944
G1 X1275.358 Y358.064
G1 X1278.831 Y358.016
G1 X1281.7 Y357.8
G1 X1281.7 Y357.8
G1 X1284.046 Y357.546
G1 X1287.237 Y357.2
G1 X1291.05 Y356.788
G1 X1295.263 Y356.333
G1 X1299.654 Y355.862
G1 X1304.0 Y355.4
G1 X1304.0 Y355.4
G1 X1308.299 Y354.945
G1 X1312.556 Y354.493
G1 X1316.562 Y354.062
G1 X1320.111 Y353.674
G1 X1322.993 Y353.347
G1 X1325.0 Y353.1
G1 X1325.0 Y353.1
G1 X1330.5 Y352.5
G1 X1330.5 Y352.5
G1 X1331.3 Y347.5
G1 X1331.3 Y347.5
G1 X1331.818 Y344.826
G1 X1332.595 Y341.432
G1 X1333.563 Y337.563
G1 X1334.654 Y333.462
G1 X1335.801 Y329.372
G1 X1336.937 Y325.537
G1 X1337.994 Y322.201
G1 X1338.904 Y319.608
G1 X1339.6 Y318.0
G1 X1339.6 Y318.0
G1 X1341.575 Y315.1
G1 X1344.3 Y311.6
G1 X1344.3 Y311.6
G1 X1347.7 Y307.8
G1 X1347.7 Y307.8
G1 X1351.0 Y314.6
G1 X1351.0 Y314.6
G1 X1353.401 Y319.691
G1 X1355.679 Y324.564
G1 X1357.81 Y329.164
G1 X1359.77 Y333.436
G1 X1361.535 Y337.327
G1 X1363.082 Y340.782
G1 X1364.386 Y343.745
G1 X1365.424 Y346.164
G1 X1366.172 Y347.982
G1 X1366.605 Y349.145
G1 X1366.7 Y349.6
G1 X1366.7 Y349.6
G1 X1366.49 Y349.468
G1 X1366.034 Y348.754
G1 X1365.293 Y347.378
G1 X1364.228 Y345.261
G1 X1362.802 Y342.324
G1 X1360.974 Y338.489
G1 X1358.707 Y333.676
G1 X1355.962 Y327.806
G1 X1352.7 Y320.8
G1 X1352.7 Y320.8
G1 X1350.307 Y315.859
G1 X1348.426 Y312.341
G1 X1347.5 Y311.0
G1 X1347.5 Y311.0
G1 X1345.841 Y312.207
G1 X1343.426 Y315.193
G1 X1341.1 Y319.0
G1 X1341.1 Y319.0
G1 X1340.196 Y320.976
G1 X1339.126 Y323.761
G1 X1337.956 Y327.144
G1 X1336.748 Y330.913
G1 X1335.567 Y334.854
G1 X1334.478 Y338.756
G1 X1333.544 Y342.405
G1 X1332.83 Y345.591
G1 X1332.4 Y348.1
G1 X1332.4 Y348.1
G1 X1331.7 Y353.1
G1 X1331.7 Y353.1
G1 X1336.6 Y352.5
G1 X1336.6 Y352.5
G1 X1338.071 Y352.379
G1 X1340.383 Y352.245
G1 X1343.419 Y352.104
G1 X1347.062 Y351.963
G1 X1351.199 Y351.825
G1 X1355.711 Y351.698
G1 X1360.483 Y351.588
G1 X1365.4 Y351.5
G1 X1365.4 Y351.5
G1 X1371.339 Y351.397
G1 X1376.597 Y351.26
G1 X1381.101 Y351.093
G1 X1384.784 Y350.901
G1 X1387.575 Y350.685
G1 X1389.403 Y350.45
G1 X1390.2 Y350.2
G1 X1390.2 Y350.2
G1 X1389.863 Y347.825
G1 X1386.6 Y342.6
G1 X1386.6 Y342.6
G1 X1384.085 Y339.17
G1 X1381.881 Y336.296
G1 X1380.5 Y334.6
G1 X1380.5 Y334.6
G1 X1379.0 Y331.9
G1 X1379.0 Y331.9
G1 X1379.915 Y332.504
G1 X1382.319 Y335.33
G1 X1385.7 Y339.8
G1 X1385.7 Y339.8
G1 X1389.504 Y344.763
G1 X1392.396 Y347.904
G1 X1394.2 Y349.0
G1 X1394.2 Y349.0
G1 X1395.912 Y347.938
G1 X1394.1 Y343.8
G1 X1394.1 Y343.8
G1 X1392.43 Y340.754
G1 X1390.679 Y337.234
G1 X1388.89 Y333.359
G1 X1387.108 Y329.247
G1 X1385.374 Y325.018
G1 X1383.734 Y320.789
G1 X1382.23 Y316.681
G1 X1380.906 Y312.811
G1 X1379.805 Y309.298
G1 X1378.97 Y306.262
G1 X1378.446 Y303.821
G1 X1378.274 Y302.094
G1 X1378.5 Y301.2
G1 X1378.5 Y301.2
G1 X1381.3 Y302.7
G1 X1381.3 Y302.7
G1 X1382.973 Y303.939
G1 X1385.912 Y305.712
G1 X1389.695 Y307.805
G1 X1393.9 Y310.0
G1 X1393.9 Y310.0
G1 X1396.936 Y311.549
G1 X1400.222 Y313.326
G1 X1403.575 Y315.225
G1 X1406.811 Y317.141
G1 X1409.747 Y318.968
G1 X1412.2 Y320.6
G1 X1412.2 Y320.6
G1 X1416.389 Y323.333
G1 X1419.711 Y325.267
G1 X1421.5 Y326.0
G1 X1421.5 Y326.0
G1 X1424.962 Y326.402
G1 X1429.025 Y327.412
G1 X1432.75 Y328.742
G1 X1435.2 Y330.1
G1 X1435.2 Y330.1
G1 X1433.5 Y330.1
G1 X1433.5 Y330.1
G1 X1429.188 Y328.575
G1 X1424.5 Y327.5
G1 X1424.5 Y327.5
G1 X1421.836 Y326.908
G1 X1419.012 Y325.838
G1 X1415.908 Y324.223
G1 X1412.4 Y322.0
G1 X1412.4 Y322.0
G1 X1410.129 Y320.5
G1 X1407.333 Y318.767
G1 X1404.188 Y316.9
G1 X1400.867 Y315.0
G1 X1397.546 Y313.167
G1 X1394.4 Y311.5
G1 X1394.4 Y311.5
G1 X1390.061 Y309.216
G1 X1386.312 Y307.175
G1 X1383.558 Y305.622
G1 X1382.2 Y304.8
G1 X1382.2 Y304.8
G1 X1380.538 Y304.625
G1 X1381.5 Y310.0
G1 X1381.5 Y310.0
G1 X1382.126 Y312.114
G1 X1382.991 Y314.626
G1 X1384.074 Y317.489
G1 X1385.355 Y320.655
G1 X1386.812 Y324.078
G1 X1388.426 Y327.711
G1 X1390.176 Y331.507
G1 X1392.04 Y335.419
G1 X1394.0 Y339.4
G1 X1394.0 Y339.4
G1 X1396.014 Y343.222
G1 X1397.683 Y345.379
G1 X1399.645 Y346.125
G1 X1402.538 Y345.714
G1 X1407.0 Y344.4
G1 X1407.0 Y344.4
G1 X1410.644 Y343.47
G1 X1414.956 Y342.63
G1 X1419.0 Y342.1
G1 X1419.0 Y342.1
G1 X1423.938 Y341.438
G1 X1426.7 Y340.7
G1 X1426.7 Y340.7
G1 X1428.4 Y340.9
G1 X1428.4 Y340.9
G1 X1426.563 Y342.259
G1 X1421.837 Y343.374
G1 X1417.8 Y343.4
G1 X1417.8 Y343.4
G1 X1416.853 Y343.264
G1 X1415.504 Y343.415
G1 X1413.547 Y343.92
G1 X1410.774 Y344.844
G1 X1406.979 Y346.254
G1 X1401.957 Y348.217
G1 X1395.5 Y350.8
G1 X1395.5 Y350.8
G1 X1386.5 Y354.5
G1 X1386.5 Y354.5
G1 X1364.5 Y355.2
G1 X1364.5 Y355.2
G1 X1359.94 Y355.363
G1 X1355.412 Y355.55
G1 X1351.035 Y355.755
G1 X1346.925 Y355.975
G1 X1343.199 Y356.204
G1 X1339.975 Y356.438
G1 X1337.37 Y356.671
G1 X1335.5 Y356.9
G1 X1335.5 Y356.9
G1 X1331.267 Y357.43
G1 X1326.833 Y357.804
G1 X1323.2 Y358.0
G1 X1323.2 Y358.0
G1 X1317.3 Y359.6
G1 X1317.3 Y359.6
G1 X1316.1 Y360.2
G1 X1316.1 Y360.2
G1 X1314.113 Y359.812
G1 X1309.5 Y360.7
G1 X1309.5 Y360.7
G1 X1308.079 Y360.991
G1 X1306.266 Y361.265
G1 X1304.047 Y361.522
G1 X1301.409 Y361.762
G1 X1298.338 Y361.988
G1 X1294.819 Y362.198
G1 X1290.84 Y362.393
G1 X1286.386 Y362.575
G1 X1281.444 Y362.744
G1 X1276.0 Y362.9
G1 X1276.0 Y362.9
G1 X1270.446 Y363.063
G1 X1265.191 Y363.248
G1 X1260.352 Y363.45
G1 X1256.05 Y363.662
G1 X1252.404 Y363.879
G1 X1249.534 Y364.095
G1 X1247.56 Y364.304
G1 X1246.6 Y364.5
G1 X1246.6 Y364.5
G1 X1244.96 Y364.752
G1 X1242.125 Y364.676
G1 X1238.395 Y364.314
G1 X1234.068 Y363.705
G1 X1229.444 Y362.889
G1 X1224.822 Y361.908
G1 X1220.5 Y360.8
G1 X1220.5 Y360.8
G1 X1218.248 Y360.046
G1 X1215.415 Y358.937
G1 X1212.188 Y357.55
G1 X1208.752 Y355.963
G1 X1205.294 Y354.254
G1 X1202.0 Y352.5
G1 X1202.0 Y352.5
G1 X1195.405 Y348.932
G1 X1190.237 Y346.189
G1 X1186.375 Y344.213
G1 X1183.696 Y342.944
G1 X1182.079 Y342.326
G1 X1181.4 Y342.3
G1 X1181.4 Y342.3
G1 X1181.534 Y342.936
G1 X1182.302 Y344.348
G1 X1183.624 Y346.426
G1 X1185.421 Y349.06
G1 X1187.613 Y352.138
G1 X1190.119 Y355.548
G1 X1192.861 Y359.18
G1 X1195.758 Y362.924
G1 X1198.731 Y366.668
G1 X1201.7 Y370.3
G1 X1201.7 Y370.3
G1 X1204.073 Y373.189
G1 X1206.501 Y376.205
G1 X1208.895 Y379.232
G1 X1211.162 Y382.152
G1 X1213.213 Y384.848
G1 X1214.956 Y387.203
G1 X1216.3 Y389.1
G1 X1216.3 Y389.1
G1 X1219.159 Y392.874
G1 X1222.107 Y396.293
G1 X1224.5 Y398.6
G1 X1224.5 Y398.6
G1 X1226.269 Y400.203
G1 X1228.181 Y402.422
G1 X1230.25 Y405.275
G1 X1232.485 Y408.778
G1 X1234.898 Y412.947
G1 X1237.5 Y417.8
G1 X1237.5 Y417.8
G1 X1239.848 Y421.708
G1 X1242.338 Y424.312
G1 X1245.333 Y425.886
G1 X1249.2 Y426.7
G1 X1249.2 Y426.7
G1 X1255.688 Y428.575
G1 X1257.3 Y430.0
G1 X1257.3 Y430.0
G1 X1254.392 Y429.538
G1 X1250.012 Y428.4
G1 X1245.502 Y426.963
G1 X1242.2 Y425.6
G1 X1242.2 Y425.6
G1 X1240.523 Y424.348
G1 X1238.613 Y422.188
G1 X1236.42 Y419.033
G1 X1233.9 Y414.8
G1 X1233.9 Y414.8
G1 X1231.929 Y411.556
G1 X1229.626 Y408.12
G1 X1227.19 Y404.756
G1 X1224.815 Y401.728
G1 X1222.7 Y399.3
G1 X1222.7 Y399.3
G1 X1220.125 Y396.489
G1 X1217.55 Y393.538
G1 X1215.275 Y390.792
G1 X1213.6 Y388.6
G1 X1213.6 Y388.6
G1 X1212.215 Y386.72
G1 X1210.226 Y384.12
G1 X1207.818 Y381.04
G1 X1205.181 Y377.72
G1 X1202.5 Y374.4
G1 X1202.5 Y374.4
G1 X1199.936 Y371.192
G1 X1197.566 Y368.201
G1 X1195.359 Y365.385
G1 X1193.289 Y362.702
G1 X1191.325 Y360.112
G1 X1189.439 Y357.574
G1 X1187.603 Y355.044
G1 X1185.786 Y352.483
G1 X1183.962 Y349.849
G1 X1182.1 Y347.1
G1 X1182.1 Y347.1
G1 X1179.641 Y343.736
G1 X1177.425 Y341.412
G1 X1174.872 Y339.633
G1 X1171.4 Y337.9
G1 X1171.4 Y337.9
G1 X1166.75 Y335.85
G1 X1164.5 Y335.0
G1 X1164.5 Y335.0
G1 X1166.4 Y338.3
G1 X1166.4 Y338.3
G1 X1168.412 Y341.338
G1 X1169.9 Y344.3
G1 X1169.9 Y344.3
G1 X1170.632 Y345.99
G1 X1171.645 Y347.947
G1 X1172.918 Y350.145
G1 X1174.429 Y352.556
G1 X1176.158 Y355.155
G1 X1178.082 Y357.913
G1 X1180.18 Y360.804
G1 X1182.432 Y363.801
G1 X1184.816 Y366.878
G1 X1187.309 Y370.007
G1 X1189.892 Y373.162
G1 X1192.543 Y376.315
G1 X1195.24 Y379.441
G1 X1197.962 Y382.511
G1 X1200.688 Y385.5
G1 X1203.395 Y388.38
G1 X1206.064 Y391.125
G1 X1208.673 Y393.707
G1 X1211.2 Y396.1
G1 X1211.2 Y396.1
G1 X1214.027 Y398.85
G1 X1216.815 Y401.7
G1 X1219.425 Y404.5
G1 X1221.719 Y407.1
G1 X1223.556 Y409.35
G1 X1224.8 Y411.1
G1 X1224.8 Y411.1
G1 X1227.173 Y415.003
G1 X1229.57 Y419.007
G1 X1231.972 Y423.08
G1 X1234.361 Y427.186
G1 X1236.719 Y431.291
G1 X1239.027 Y435.36
G1 X1241.268 Y439.361
G1 X1243.422 Y443.257
G1 X1245.473 Y447.015
G1 X1247.4 Y450.6
G1 X1249.186 Y453.978
G1 X1250.814 Y457.115
G1 X1252.263 Y459.976
G1 X1253.517 Y462.528
G1 X1254.556 Y464.734
G1 X1255.363 Y466.562
G1 X1255.919 Y467.977
G1 X1256.206 Y468.945
G1 X1256.206 Y469.43
G1 X1255.9 Y469.4
G1 X1255.9 Y469.4
G1 X1254.767 Y467.833
G1 X1252.833 Y464.267
G1 X1250.5 Y459.5
G1 X1250.5 Y459.5
G1 X1249.038 Y456.443
G1 X1247.387 Y453.153
G1 X1245.597 Y449.72
G1 X1243.718 Y446.234
G1 X1241.8 Y442.788
G1 X1239.894 Y439.47
G1 X1238.051 Y436.371
G1 X1236.321 Y433.583
G1 X1234.754 Y431.196
G1 X1233.4 Y429.3
G1 X1233.4 Y429.3
G1 X1230.65 Y426.738
G1 X1227.3 Y425.0
G1 X1227.3 Y425.0
G1 X1225.393 Y424.288
G1 X1222.857 Y423.199
G1 X1219.825 Y421.8
G1 X1216.426 Y420.159
G1 X1212.791 Y418.345
G1 X1209.05 Y416.425
G1 X1205.334 Y414.468
G1 X1201.774 Y412.541
G1 X1198.5 Y410.713
G1 X1195.643 Y409.051
G1 X1193.332 Y407.624
G1 X1191.7 Y406.5
G1 X1191.7 Y406.5
G1 X1187.0 Y403.7
G1 X1187.0 Y403.7
G1 X1187.291 Y404.487
G1 X1188.088 Y405.944
G1 X1189.391 Y408.066
G1 X1191.2 Y410.85
G1 X1193.516 Y414.29
G1 X1196.338 Y418.381
G1 X1199.666 Y423.12
G1 X1203.5 Y428.5
G1 X1203.5 Y428.5
G1 X1205.413 Y431.193
G1 X1207.282 Y433.883
G1 X1209.114 Y436.582
G1 X1210.918 Y439.304
G1 X1212.703 Y442.063
G1 X1214.477 Y444.872
G1 X1216.248 Y447.746
G1 X1218.026 Y450.697
G1 X1219.818 Y453.74
G1 X1221.633 Y456.888
G1 X1223.479 Y460.155
G1 X1225.365 Y463.555
G1 X1227.3 Y467.1
G1 X1227.3 Y467.1
G1 X1229.662 Y469.375
G1 X1235.7 Y470.3
G1 X1235.7 Y470.3
G1 X1239.663 Y470.774
G1 X1243.404 Y471.493
G1 X1246.1 Y472.3
G1 X1246.1 Y472.3
G1 X1247.988 Y473.8
G1 X1243.5 Y472.9
M5; lift marker up
G4 P0.08
G0 X1250.8 Y474.3
M3 S1000;put marker down
G4 P0.2
G1 X1252.7 Y474.4
G1 X1252.7 Y474.4
G1 X1251.4 Y474.9
G1 X1251.4 Y474.9
G1 X1250.8 Y474.3
M5; lift marker up
G4 P0.08
G0 X1259.0 Y475.3
M3 S1000;put marker down
G4 P0.2
G1 X1262.19 Y475.006
G1 X1265.284 Y474.558
G1 X1268.355 Y473.934
G1 X1271.475 Y473.112
G1 X1274.717 Y472.071
G1 X1278.153 Y470.786
G1 X1281.857 Y469.237
G1 X1285.9 Y467.4
G1 X1285.9 Y467.4
G1 X1291.711 Y464.7
G1 X1295.922 Y462.867
G1 X1297.6 Y462.3
G1 X1297.6 Y462.3
G1 X1295.312 Y463.9
G1 X1289.2 Y467.3
G1 X1289.2 Y467.3
G1 X1285.71 Y469.05
G1 X1282.196 Y470.625
G1 X1278.696 Y472.015
G1 X1275.246 Y473.207
G1 X1271.88 Y474.19
G1 X1268.637 Y474.952
G1 X1265.552 Y475.482
G1 X1262.661 Y475.769
G1 X1260.0 Y475.8
G1 X1260.0 Y475.8
G1 X1256.012 Y475.625
G1 X1259.0 Y475.3
M5; lift marker up
G4 P0.08
G0 X1261.6 Y467.0
M3 S1000;put marker down
G4 P0.2
G1 X1260.4 Y464.923
G1 X1258.867 Y462.119
G1 X1257.1 Y458.775
G1 X1255.2 Y455.081
G1 X1253.267 Y451.227
G1 X1251.4 Y447.4
G1 X1251.4 Y447.4
G1 X1249.288 Y442.979
G1 X1247.248 Y438.89
G1 X1245.424 Y435.39
G1 X1243.96 Y432.741
G1 X1243.0 Y431.2
G1 X1243.0 Y431.2
G1 X1241.3 Y428.4
G1 X1241.3 Y428.4
G1 X1243.137 Y428.904
G1 X1247.596 Y430.563
G1 X1253.7 Y433.0
G1 X1253.7 Y433.0
G1 X1257.274 Y434.388
G1 X1261.159 Y435.807
G1 X1265.15 Y437.188
G1 X1269.041 Y438.459
G1 X1272.626 Y439.553
G1 X1275.7 Y440.4
G1 X1275.7 Y440.4
G1 X1280.177 Y441.57
G1 X1284.871 Y442.854
G1 X1289.655 Y444.209
G1 X1294.4 Y445.596
G1 X1298.979 Y446.973
G1 X1303.262 Y448.3
G1 X1307.123 Y449.535
G1 X1310.433 Y450.637
G1 X1313.064 Y451.566
G1 X1314.888 Y452.28
G1 X1315.776 Y452.738
G1 X1315.6 Y452.9
G1 X1315.6 Y452.9
G1 X1313.688 Y452.713
G1 X1310.5 Y452.075
G1 X1306.488 Y451.1
G1 X1302.1 Y449.9
G1 X1302.1 Y449.9
G1 X1298.958 Y448.993
G1 X1295.467 Y448.011
G1 X1291.825 Y447.013
G1 X1288.233 Y446.056
G1 X1284.892 Y445.199
G1 X1282.0 Y444.5
G1 X1282.0 Y444.5
G1 X1278.355 Y443.547
G1 X1274.495 Y442.447
G1 X1270.53 Y441.237
G1 X1266.569 Y439.956
G1 X1262.724 Y438.641
G1 X1259.104 Y437.33
G1 X1255.82 Y436.061
G1 X1252.982 Y434.871
G1 X1250.7 Y433.8
G1 X1250.7 Y433.8
G1 X1246.475 Y432.475
G1 X1247.2 Y435.2
G1 X1247.2 Y435.2
G1 X1248.519 Y437.681
G1 X1250.548 Y441.919
G1 X1252.8 Y447.0
G1 X1252.8 Y447.0
G1 X1254.37 Y450.406
G1 X1256.219 Y454.187
G1 X1258.193 Y458.045
G1 X1260.138 Y461.682
G1 X1261.9 Y464.8
G1 X1261.9 Y464.8
G1 X1265.162 Y470.588
G1 X1266.1 Y473.0
G1 X1266.1 Y473.0
G1 X1264.412 Y471.238
G1 X1261.6 Y467.0
M5; lift marker up
G4 P0.08
G0 X1281.5 Y519.6
M3 S1000;put marker down
G4 P0.2
G1 X1284.0 Y518.2
G1 X1284.0 Y518.2
G1 X1278.459 Y518.852
G1 X1273.274 Y520.081
G1 X1273.0 Y520.8
G1 X1273.0 Y520.8
G1 X1276.538 Y520.5
G1 X1281.5 Y519.6
M5; lift marker up
G4 P0.08
G0 X1296.0 Y517.0
M3 S1000;put marker down
G4 P0.2
G1 X1298.5 Y516.2
G1 X1298.5 Y516.2
G1 X1296.0 Y516.2
G1 X1296.0 Y516.2
G1 X1290.5 Y517.0
G1 X1290.5 Y517.0
G1 X1287.5 Y517.8
G1 X1287.5 Y517.8
G1 X1290.5 Y517.8
G1 X1290.5 Y517.8
G1 X1296.0 Y517.0
M5; lift marker up
G4 P0.08
G0 X1303.3 Y515.3
M3 S1000;put marker down
G4 P0.2
G1 X1300.8 Y515.3
G1 X1300.8 Y515.3
G1 X1302.0 Y515.8
G1 X1302.0 Y515.8
G1 X1303.3 Y515.3
M5; lift marker up
G4 P0.08
G0 X1290.3 Y567.3
M3 S1000;put marker down
G4 P0.2
G1 X1293.8 Y567.3
G1 X1293.8 Y567.3
G1 X1292.0 Y567.8
G1 X1292.0 Y567.8
G1 X1290.3 Y567.3
M5; lift marker up
G4 P0.08
G0 X1277.9 Y562.8
M3 S1000;put marker down
G4 P0.2
G1 X1276.4 Y561.1
G1 X1276.4 Y561.1
G1 X1281.0 Y564.3
G1 X1281.0 Y564.3
G1 X1282.4 Y566.0
G1 X1282.4 Y566.0
G1 X1277.9 Y562.8
M5; lift marker up
G4 P0.08
G0 X1254.0 Y545.3
M3 S1000;put marker down
G4 P0.2
G1 X1250.075 Y540.612
G1 X1247.8 Y537.5
G1 X1247.8 Y537.5
G1 X1247.2 Y536.0
G1 X1247.2 Y536.0
G1 X1249.363 Y538.338
G1 X1254.0 Y543.3
G1 X1254.0 Y543.3
G1 X1258.325 Y548.213
G1 X1259.8 Y550.5
G1 X1259.8 Y550.5
G1 X1257.875 Y549.213
G1 X1254.0 Y545.3
M5; lift marker up
G4 P0.08
G0 X1279.7 Y616.8
M3 S1000;put marker down
G4 P0.2
G1 X1282.3 Y613.0
G1 X1282.3 Y613.0
G1 X1282.9 Y613.1
G1 X1282.9 Y613.1
G1 X1281.125 Y616.613
G1 X1278.3 Y619.0
G1 X1278.3 Y619.0
G1 X1279.7 Y616.8
M5; lift marker up
G4 P0.08
G0 X1294.0 Y644.0
M3 S1000;put marker down
G4 P0.2
G1 X1289.0 Y644.0
G1 X1289.0 Y644.0
G1 X1292.3 Y645.0
G1 X1292.3 Y645.0
G1 X1294.0 Y644.0
M5; lift marker up
G4 P0.08
G0 X1329.5 Y637.3
M3 S1000;put marker down
G4 P0.2
G1 X1331.0 Y636.5
G1 X1331.0 Y636.5
G1 X1332.172 Y636.654
G1 X1334.189 Y636.811
G1 X1336.94 Y636.966
G1 X1340.312 Y637.113
G1 X1344.196 Y637.245
G1 X1348.48 Y637.358
G1 X1353.051 Y637.445
G1 X1357.8 Y637.5
G1 X1357.8 Y637.5
G1 X1363.138 Y637.597
G1 X1368.083 Y637.713
G1 X1372.486 Y637.844
G1 X1376.198 Y637.983
G1 X1379.07 Y638.125
G1 X1380.953 Y638.266
G1 X1381.7 Y638.4
G1 X1381.7 Y638.4
G1 X1381.187 Y638.528
G1 X1379.407 Y638.65
G1 X1376.515 Y638.762
G1 X1372.664 Y638.858
G1 X1368.009 Y638.934
G1 X1362.703 Y638.983
G1 X1356.9 Y639.0
G1 X1356.9 Y639.0
G1 X1349.562 Y638.956
G1 X1343.703 Y638.889
G1 X1339.143 Y638.787
G1 X1335.7 Y638.638
G1 X1333.195 Y638.427
G1 X1331.447 Y638.142
G1 X1330.275 Y637.771
G1 X1329.5 Y637.3
M5; lift marker up
G4 P0.08
G0 X1332.5 Y601.0
M3 S1000;put marker down
G4 P0.2
G1 X1332.596 Y598.826
G1 X1334.937 Y596.141
G1 X1339.3 Y593.3
G1 X1339.3 Y593.3
G1 X1343.812 Y590.25
G1 X1344.8 Y586.0
G1 X1344.8 Y586.0
G1 X1345.562 Y582.188
G1 X1347.0 Y579.5
G1 X1347.0 Y579.5
G1 X1348.113 Y576.512
G1 X1344.2 Y573.6
G1 X1344.2 Y573.6
G1 X1341.6 Y569.2
G1 X1341.6 Y569.2
G1 X1342.7 Y568.7
G1 X1342.7 Y568.7
G1 X1344.5 Y572.6
G1 X1344.5 Y572.6
G1 X1348.6 Y575.1
G1 X1348.6 Y575.1
G1 X1348.5 Y579.6
G1 X1348.5 Y579.6
G1 X1346.5 Y585.7
G1 X1346.5 Y585.7
G1 X1345.3 Y589.515
G1 X1342.633 Y592.752
G1 X1338.7 Y595.1
G1 X1338.7 Y595.1
G1 X1334.488 Y597.838
G1 X1333.5 Y600.8
G1 X1333.5 Y600.8
G1 X1332.5 Y601.0
M5; lift marker up
G4 P0.08
G0 X1428.5 Y607.5
M3 S1000;put marker down
G4 P0.2
G1 X1434.075 Y603.088
G1 X1435.6 Y602.8
G1 X1435.6 Y602.8
G1 X1433.625 Y604.625
G1 X1429.7 Y607.5
G1 X1429.7 Y607.5
G1 X1424.5 Y611.1
G1 X1424.5 Y611.1
G1 X1428.5 Y607.5
M5; lift marker up
G4 P0.08
G0 X1268.6 Y740.0
M3 S1000;put marker down
G4 P0.2
G1 X1265.5 Y738.375
G1 X1262.1 Y735.7
G1 X1262.1 Y735.7
G1 X1259.332 Y733.167
G1 X1256.403 Y730.662
G1 X1253.374 Y728.23
G1 X1250.305 Y725.913
G1 X1247.258 Y723.757
G1 X1244.293 Y721.804
G1 X1241.471 Y720.097
G1 X1238.853 Y718.682
G1 X1236.5 Y717.6
G1 X1236.5 Y717.6
G1 X1231.281 Y715.431
G1 X1226.881 Y713.525
G1 X1223.213 Y711.838
G1 X1220.187 Y710.325
G1 X1217.719 Y708.944
G1 X1215.719 Y707.65
G1 X1214.1 Y706.4
G1 X1214.1 Y706.4
G1 X1210.97 Y703.381
G1 X1208.038 Y699.875
G1 X1205.986 Y696.781
G1 X1205.5 Y695.0
G1 X1205.5 Y695.0
G1 X1208.062 Y694.3
G1 X1213.7 Y693.6
G1 X1213.7 Y693.6
G1 X1217.762 Y692.97
G1 X1221.733 Y691.93
G1 X1225.438 Y690.55
G1 X1228.7 Y688.904
G1 X1231.346 Y687.063
G1 X1233.2 Y685.1
G1 X1233.2 Y685.1
G1 X1235.825 Y682.712
G1 X1240.4 Y679.5
G1 X1240.4 Y679.5
G1 X1243.841 Y677.222
G1 X1247.259 Y674.744
G1 X1249.9 Y672.6
G1 X1249.9 Y672.6
G1 X1252.059 Y670.869
G1 X1255.25 Y668.575
G1 X1259.041 Y666.019
G1 X1263.0 Y663.5
G1 X1263.0 Y663.5
G1 X1266.303 Y661.302
G1 X1269.794 Y658.801
G1 X1273.202 Y656.199
G1 X1276.261 Y653.698
G1 X1278.7 Y651.5
G1 X1278.7 Y651.5
G1 X1283.876 Y646.568
G1 X1287.204 Y643.604
G1 X1289.284 Y642.176
G1 X1290.716 Y641.852
G1 X1292.1 Y642.2
G1 X1292.1 Y642.2
G1 X1295.038 Y642.588
G1 X1298.8 Y642.0
G1 X1298.8 Y642.0
G1 X1300.558 Y641.44
G1 X1303.026 Y640.472
G1 X1306.044 Y639.174
G1 X1309.451 Y637.624
G1 X1313.088 Y635.9
G1 X1316.793 Y634.08
G1 X1320.407 Y632.242
G1 X1323.77 Y630.464
G1 X1326.721 Y628.824
G1 X1329.1 Y627.4
G1 X1329.1 Y627.4
G1 X1333.4 Y625.15
G1 X1332.9 Y626.8
G1 X1332.9 Y626.8
G1 X1333.2 Y627.1
G1 X1333.2 Y627.1
G1 X1334.5 Y625.1
G1 X1334.5 Y625.1
G1 X1334.899 Y624.123
G1 X1336.418 Y622.236
G1 X1338.821 Y619.66
G1 X1341.873 Y616.612
G1 X1345.338 Y613.312
G1 X1348.979 Y609.98
G1 X1352.562 Y606.834
G1 X1355.85 Y604.092
G1 X1358.608 Y601.974
G1 X1360.6 Y600.7
G1 X1360.6 Y600.7
G1 X1366.2 Y598.6
G1 X1366.2 Y598.6
G1 X1368.0 Y597.5
G1 X1368.0 Y597.5
G1 X1370.3 Y596.0
G1 X1370.3 Y596.0
G1 X1374.6 Y593.5
G1 X1374.6 Y593.5
G1 X1379.5 Y591.7
G1 X1379.5 Y591.7
G1 X1379.219 Y592.696
G1 X1375.781 Y595.004
G1 X1368.9 Y598.8
G1 X1368.9 Y598.8
G1 X1364.976 Y600.955
G1 X1361.683 Y602.861
G1 X1358.877 Y604.625
G1 X1356.417 Y606.355
G1 X1354.162 Y608.156
G1 X1351.971 Y610.135
G1 X1349.7 Y612.4
G1 X1349.7 Y612.4
G1 X1346.096 Y615.941
G1 X1343.27 Y618.393
G1 X1341.8 Y619.2
G1 X1341.8 Y619.2
G1 X1341.4 Y619.9
G1 X1341.4 Y619.9
G1 X1338.6 Y622.2
G1 X1338.6 Y622.2
G1 X1338.2 Y622.9
G1 X1338.2 Y622.9
G1 X1337.938 Y623.822
G1 X1336.866 Y625.088
G1 X1335.056 Y626.652
G1 X1332.579 Y628.465
G1 X1329.507 Y630.48
G1 X1325.911 Y632.648
G1 X1321.864 Y634.923
G1 X1317.436 Y637.256
G1 X1312.7 Y639.6
G1 X1312.7 Y639.6
G1 X1307.288 Y642.186
G1 X1303.1 Y644.013
G1 X1299.848 Y645.187
G1 X1297.244 Y645.814
G1 X1295.0 Y646.0
G1 X1295.0 Y646.0
G1 X1291.124 Y646.185
G1 X1287.896 Y646.854
G1 X1284.956 Y648.182
G1 X1281.944 Y650.339
G1 X1278.5 Y653.5
G1 X1278.5 Y653.5
G1 X1276.169 Y655.651
G1 X1273.194 Y658.134
G1 X1269.846 Y660.75
G1 X1266.391 Y663.305
G1 X1263.1 Y665.6
G1 X1263.1 Y665.6
G1 X1258.517 Y668.663
G1 X1254.264 Y671.54
G1 X1250.365 Y674.213
G1 X1246.844 Y676.664
G1 X1243.725 Y678.875
G1 X1241.032 Y680.828
G1 X1238.789 Y682.505
G1 X1237.02 Y683.888
G1 X1235.749 Y684.959
G1 X1235.0 Y685.7
G1 X1235.0 Y685.7
G1 X1232.697 Y687.925
G1 X1229.55 Y690.375
G1 X1226.253 Y692.562
G1 X1223.5 Y694.0
G1 X1223.5 Y694.0
G1 X1219.825 Y694.863
G1 X1214.8 Y695.5
G1 X1214.8 Y695.5
G1 X1208.3 Y696.3
G1 X1208.3 Y696.3
G1 X1208.839 Y697.852
G1 X1211.262 Y700.613
G1 X1214.755 Y703.767
G1 X1218.5 Y706.5
G1 X1218.5 Y706.5
G1 X1221.158 Y708.016
G1 X1224.762 Y709.85
G1 X1228.836 Y711.759
G1 X1232.9 Y713.5
G1 X1232.9 Y713.5
G1 X1235.834 Y714.777
G1 X1238.71 Y716.157
G1 X1241.545 Y717.652
G1 X1244.361 Y719.274
G1 X1247.175 Y721.038
G1 X1250.007 Y722.954
G1 X1252.877 Y725.035
G1 X1255.802 Y727.295
G1 X1258.804 Y729.746
G1 X1261.9 Y732.4
G1 X1261.9 Y732.4
G1 X1268.4 Y738.0
G1 X1268.4 Y738.0
G1 X1276.0 Y738.0
G1 X1276.0 Y738.0
G1 X1278.962 Y737.931
G1 X1282.605 Y737.738
G1 X1286.627 Y737.438
G1 X1290.726 Y737.053
G1 X1294.6 Y736.6
G1 X1294.6 Y736.6
G1 X1299.203 Y736.03
G1 X1303.675 Y735.562
G1 X1307.509 Y735.264
G1 X1310.2 Y735.2
G1 X1310.2 Y735.2
G1 X1314.475 Y734.688
G1 X1317.7 Y733.2
G1 X1317.7 Y733.2
G1 X1320.197 Y731.219
G1 X1322.687 Y728.911
G1 X1325.126 Y726.328
G1 X1327.47 Y723.523
G1 X1329.677 Y720.548
G1 X1331.701 Y717.457
G1 X1333.5 Y714.3
G1 X1333.5 Y714.3
G1 X1336.725 Y708.788
G1 X1338.9 Y706.5
G1 X1338.9 Y706.5
G1 X1340.8 Y705.1
G1 X1340.8 Y705.1
G1 X1340.1 Y704.4
G1 X1340.1 Y704.4
G1 X1340.1 Y702.3
G1 X1340.1 Y702.3
G1 X1342.237 Y697.778
G1 X1344.53 Y694.522
G1 X1346.2 Y693.6
G1 X1346.2 Y693.6
G1 X1346.6 Y693.1
G1 X1346.6 Y693.1
G1 X1346.509 Y691.868
G1 X1347.307 Y689.911
G1 X1348.95 Y687.288
G1 X1351.393 Y684.056
G1 X1354.591 Y680.274
G1 X1358.5 Y676.0
G1 X1358.5 Y676.0
G1 X1361.423 Y672.762
G1 X1364.262 Y669.6
G1 X1366.67 Y666.888
G1 X1368.3 Y665.0
G1 X1368.3 Y665.0
G1 X1370.4 Y663.0
G1 X1370.4 Y663.0
G1 X1369.284 Y664.847
G1 X1367.474 Y667.411
G1 X1365.175 Y670.425
G1 X1362.593 Y673.622
G1 X1359.932 Y676.736
G1 X1357.4 Y679.5
G1 X1357.4 Y679.5
G1 X1354.05 Y683.312
G1 X1352.8 Y685.4
G1 X1352.8 Y685.4
G1 X1351.7 Y687.9
G1 X1351.7 Y687.9
G1 X1350.757 Y689.2
G1 X1349.34 Y691.485
G1 X1347.567 Y694.533
G1 X1345.557 Y698.122
G1 X1343.428 Y702.03
G1 X1341.3 Y706.033
G1 X1339.29 Y709.911
G1 X1337.517 Y713.441
G1 X1336.1 Y716.4
G1 X1336.1 Y716.4
G1 X1334.523 Y719.444
G1 X1332.488 Y722.675
G1 X1330.208 Y725.794
G1 X1327.9 Y728.5
G1 X1327.9 Y728.5
G1 X1324.588 Y732.375
G1 X1323.9 Y734.0
G1 X1323.9 Y734.0
G1 X1325.694 Y733.893
G1 X1328.176 Y733.589
G1 X1331.222 Y733.112
G1 X1334.708 Y732.486
G1 X1338.512 Y731.738
G1 X1342.512 Y730.89
G1 X1346.584 Y729.967
G1 X1350.604 Y728.995
G1 X1354.45 Y727.998
G1 X1358.0 Y727.0
G1 X1358.0 Y727.0
G1 X1361.651 Y725.956
G1 X1365.466 Y724.958
G1 X1369.379 Y724.02
G1 X1373.32 Y723.153
G1 X1377.222 Y722.369
G1 X1381.017 Y721.681
G1 X1384.637 Y721.101
G1 X1388.013 Y720.64
G1 X1391.078 Y720.312
G1 X1393.763 Y720.128
G1 X1396.0 Y720.1
G1 X1396.0 Y720.1
G1 X1395.652 Y720.504
G1 X1391.415 Y721.396
G1 X1384.2 Y722.6
G1 X1384.2 Y722.6
G1 X1380.871 Y723.149
G1 X1377.331 Y723.803
G1 X1373.688 Y724.537
G1 X1370.05 Y725.325
G1 X1366.524 Y726.141
G1 X1363.219 Y726.959
G1 X1360.241 Y727.754
G1 X1357.7 Y728.5
G1 X1357.7 Y728.5
G1 X1353.893 Y729.596
G1 X1349.718 Y730.683
G1 X1345.331 Y731.732
G1 X1340.883 Y732.715
G1 X1336.531 Y733.601
G1 X1332.426 Y734.364
G1 X1328.722 Y734.973
G1 X1325.574 Y735.4
G1 X1323.136 Y735.616
G1 X1321.56 Y735.592
G1 X1321.0 Y735.3
G1 X1321.0 Y735.3
G1 X1322.488 Y733.238
G1 X1326.0 Y729.0
G1 X1326.0 Y729.0
G1 X1329.346 Y725.026
G1 X1330.787 Y723.059
G1 X1330.385 Y723.089
G1 X1328.202 Y725.106
G1 X1324.3 Y729.1
G1 X1324.3 Y729.1
G1 X1317.5 Y736.2
G1 X1317.5 Y736.2
G1 X1304.5 Y737.6
G1 X1304.5 Y737.6
G1 X1295.322 Y738.623
G1 X1288.075 Y739.424
G1 X1282.501 Y740.021
G1 X1278.342 Y740.432
G1 X1275.338 Y740.675
G1 X1273.23 Y740.768
G1 X1271.762 Y740.729
G1 X1270.673 Y740.576
G1 X1269.705 Y740.327
G1 X1268.6 Y740.0
M5; lift marker up
G4 P0.08
G0 X1239.8 Y745.3
M3 S1000;put marker down
G4 P0.2
G1 X1235.8 Y745.3
G1 X1235.8 Y745.3
G1 X1237.5 Y745.7
G1 X1237.5 Y745.7
G1 X1239.8 Y745.3
M5; lift marker up
G4 P0.08
G0 X1218.5 Y747.6
M3 S1000;put marker down
G4 P0.2
G1 X1221.737 Y746.848
G1 X1225.33 Y746.252
G1 X1228.5 Y745.9
G1 X1228.5 Y745.9
G1 X1230.2 Y745.3
G1 X1230.2 Y745.3
G1 X1227.63 Y745.189
G1 X1224.037 Y745.411
G1 X1220.2 Y745.9
G1 X1220.2 Y745.9
G1 X1215.012 Y746.438
G1 X1212.6 Y746.0
G1 X1212.6 Y746.0
G1 X1213.6 Y745.0
G1 X1213.6 Y745.0
G1 X1217.138 Y744.675
G1 X1223.0 Y743.9
G1 X1223.0 Y743.9
G1 X1227.856 Y743.47
G1 X1232.719 Y743.359
G1 X1237.125 Y743.538
G1 X1240.615 Y743.974
G1 X1242.727 Y744.638
G1 X1243.0 Y745.5
G1 X1243.0 Y745.5
G1 X1241.185 Y746.256
G1 X1237.148 Y746.878
G1 X1231.2 Y747.3
G1 X1231.2 Y747.3
G1 X1226.759 Y747.613
G1 X1222.6 Y747.925
G1 X1219.191 Y748.2
G1 X1217.0 Y748.4
G1 X1217.0 Y748.4
G1 X1218.5 Y747.6
M5; lift marker up
G4 P0.08
G0 X1187.3 Y718.7
M3 S1000;put marker down
G4 P0.2
G1 X1185.663 Y716.292
G1 X1183.104 Y712.9
G1 X1180.15 Y709.175
G1 X1177.33 Y705.767
G1 X1175.17 Y703.325
G1 X1174.2 Y702.5
G1 X1174.2 Y702.5
G1 X1175.012 Y703.935
G1 X1177.367 Y707.215
G1 X1180.538 Y711.4
G1 X1183.8 Y715.552
G1 X1186.429 Y718.731
G1 X1187.7 Y720.0
G1 X1187.7 Y720.0
G1 X1187.3 Y718.7
M5; lift marker up
G4 P0.08
G0 X1204.4 Y690.9
M3 S1000;put marker down
G4 P0.2
G1 X1202.66 Y690.446
G1 X1200.186 Y689.611
G1 X1197.141 Y688.463
G1 X1193.683 Y687.07
G1 X1189.975 Y685.5
G1 X1186.177 Y683.822
G1 X1182.449 Y682.105
G1 X1178.954 Y680.417
G1 X1175.85 Y678.826
G1 X1173.3 Y677.4
G1 X1173.3 Y677.4
G1 X1170.894 Y675.77
G1 X1167.7 Y673.212
G1 X1164.131 Y670.073
G1 X1160.6 Y666.7
G1 X1160.6 Y666.7
G1 X1158.577 Y664.728
G1 X1156.588 Y662.852
G1 X1154.593 Y661.04
G1 X1152.553 Y659.261
G1 X1150.426 Y657.484
G1 X1148.174 Y655.676
G1 X1145.755 Y653.805
G1 X1143.129 Y651.84
G1 X1140.257 Y649.75
G1 X1137.098 Y647.503
G1 X1133.613 Y645.066
G1 X1129.76 Y642.409
G1 X1125.5 Y639.5
G1 X1125.5 Y639.5
G1 X1120.378 Y636.036
G1 X1116.084 Y633.063
G1 X1112.53 Y630.507
G1 X1109.625 Y628.298
G1 X1107.279 Y626.361
G1 X1105.404 Y624.626
G1 X1103.909 Y623.019
G1 X1102.704 Y621.468
G1 X1101.7 Y619.9
G1 X1101.7 Y619.9
G1 X1099.375 Y616.888
G1 X1096.9 Y615.0
G1 X1096.9 Y615.0
G1 X1095.106 Y614.012
G1 X1093.148 Y612.459
G1 X1090.912 Y610.212
G1 X1088.285 Y607.141
G1 X1085.152 Y603.113
G1 X1081.4 Y598.0
G1 X1081.4 Y598.0
G1 X1079.973 Y596.049
G1 X1078.2 Y593.711
G1 X1076.141 Y591.059
G1 X1073.857 Y588.165
G1 X1071.4099999999999 Y585.102
G1 X1068.859 Y581.941
G1 X1066.267 Y578.755
G1 X1063.694 Y575.618
G1 X1061.2 Y572.6
G1 X1061.2 Y572.6
G1 X1057.386 Y568.096
G1 X1053.845 Y563.86
G1 X1050.569 Y559.882
G1 X1047.5520000000001 Y556.151
G1 X1044.786 Y552.658
G1 X1042.2640000000001 Y549.391
G1 X1039.9769999999999 Y546.341
G1 X1037.92 Y543.498
G1 X1036.0839999999998 Y540.85
G1 X1034.463 Y538.389
G1 X1033.049 Y536.103
G1 X1031.8339999999998 Y533.982
G1 X1030.812 Y532.016
G1 X1029.975 Y530.196
G1 X1029.315 Y528.51
G1 X1028.826 Y526.948
G1 X1028.5 Y525.5
G1 X1028.5 Y525.5
G1 X1027.617 Y521.773
G1 X1026.162 Y519.238
G1 X1023.452 Y517.133
G1 X1018.8 Y514.7
G1 X1018.8 Y514.7
G1 X1016.151 Y513.274
G1 X1013.162 Y511.49699999999996
G1 X1010.066 Y509.523
G1 X1007.101 Y507.506
G1 X1004.5 Y505.6
G1 X1004.5 Y505.6
G1 X1002.804 Y504.284
G1 X1000.627 Y502.631
G1 X998.058 Y500.706
G1 X995.188 Y498.57500000000005
G1 X992.106 Y496.303
G1 X988.905 Y493.956
G1 X985.672 Y491.6
G1 X982.5 Y489.3
G1 X982.5 Y489.3
G1 X979.033 Y486.779
G1 X975.704 Y484.274
G1 X972.513 Y481.784
G1 X969.459 Y479.31
G1 X966.543 Y476.853
G1 X963.765 Y474.412
G1 X961.125 Y471.988
G1 X958.622 Y469.58
G1 X956.258 Y467.189
G1 X954.031 Y464.816
G1 X951.941 Y462.46
G1 X949.99 Y460.122
G1 X948.176 Y457.802
G1 X946.5 Y455.5
G1 X946.5 Y455.5
G1 X944.002 Y451.989
G1 X941.718 Y448.865
G1 X939.584 Y446.064
G1 X937.541 Y443.522
G1 X935.525 Y441.176
G1 X933.475 Y438.963
G1 X931.329 Y436.818
G1 X929.026 Y434.678
G1 X926.503 Y432.48
G1 X923.699 Y430.16
G1 X920.552 Y427.654
G1 X917.0 Y424.9
G1 X917.0 Y424.9
G1 X912.594 Y421.536
G1 X908.842 Y418.592
G1 X905.66 Y415.993
G1 X902.963 Y413.662
G1 X900.663 Y411.524
G1 X898.677 Y409.502
G1 X896.917 Y407.519
G1 X895.3 Y405.5
G1 X895.3 Y405.5
G1 X893.45 Y403.142
G1 X892.316 Y401.527
G1 X892.104 Y400.738
G1 X893.025 Y400.862
G1 X895.286 Y401.985
G1 X899.097 Y404.192
G1 X904.665 Y407.569
G1 X912.2 Y412.2
G1 X912.2 Y412.2
G1 X915.035 Y413.908
G1 X918.311 Y415.767
G1 X921.838 Y417.675
G1 X925.422 Y419.533
G1 X928.874 Y421.242
G1 X932.0 Y422.7
G1 X932.0 Y422.7
G1 X935.57 Y424.297
G1 X939.155 Y425.994
G1 X942.505 Y427.654
G1 X945.37 Y429.135
G1 X947.5 Y430.3
G1 X947.5 Y430.3
G1 X950.67 Y431.944
G1 X954.263 Y433.456
G1 X957.5 Y434.5
G1 X957.5 Y434.5
G1 X960.016 Y435.375
G1 X963.225 Y436.7
G1 X966.697 Y438.325
G1 X970.0 Y440.1
G1 X970.0 Y440.1
G1 X972.354 Y441.409
G1 X975.2 Y442.974
G1 X978.363 Y444.7
G1 X981.667 Y446.493
G1 X984.938 Y448.257
G1 X988.0 Y449.9
G1 X988.0 Y449.9
G1 X990.659 Y451.346
G1 X993.111 Y452.711
G1 X995.407 Y454.032
G1 X997.599 Y455.348
G1 X999.737 Y456.696
G1 X1001.874 Y458.116
G1 X1004.06 Y459.645
G1 X1006.347 Y461.322
G1 X1008.786 Y463.184
G1 X1011.43 Y465.27
G1 X1014.328 Y467.619
G1 X1017.533 Y470.268
G1 X1021.095 Y473.256
G1 X1025.067 Y476.62
G1 X1029.5 Y480.4
G1 X1029.5 Y480.4
G1 X1031.309 Y481.923
G1 X1033.51 Y483.748
G1 X1036.0520000000001 Y485.834
G1 X1038.883 Y488.139
G1 X1041.9479999999999 Y490.621
G1 X1045.1970000000001 Y493.238
G1 X1048.576 Y495.949
G1 X1052.033 Y498.712
G1 X1055.5149999999999 Y501.485
G1 X1058.971 Y504.227
G1 X1062.347 Y506.895
G1 X1065.592 Y509.44899999999996
G1 X1068.652 Y511.846
G1 X1071.475 Y514.044
G1 X1074.009 Y516.002
G1 X1076.2 Y517.679
G1 X1077.998 Y519.032
G1 X1079.3490000000002 Y520.019
G1 X1080.2 Y520.6
G1 X1080.2 Y520.6
G1 X1082.9850000000001 Y522.511
G1 X1086.481 Y525.089
G1 X1090.0 Y527.8
G1 X1090.0 Y527.8
G1 X1092.408 Y529.649
G1 X1094.975 Y531.442
G1 X1097.689 Y533.173
G1 X1100.537 Y534.837
G1 X1103.507 Y536.427
G1 X1106.588 Y537.938
G1 X1109.766 Y539.363
G1 X1113.03 Y540.696
G1 X1116.367 Y541.933
G1 X1119.766 Y543.066
G1 X1123.215 Y544.091
G1 X1126.7 Y545.0
G1 X1126.7 Y545.0
G1 X1131.58 Y546.186
G1 X1135.738 Y547.138
G1 X1138.752 Y547.77
G1 X1140.2 Y548.0
G1 X1140.2 Y548.0
G1 X1141.083 Y547.745
G1 X1139.238 Y546.938
G1 X1134.448 Y545.511
G1 X1126.5 Y543.4
G1 X1126.5 Y543.4
G1 X1122.47 Y542.318
G1 X1118.627 Y541.172
G1 X1114.966 Y539.958
G1 X1111.481 Y538.674
G1 X1108.17 Y537.318
G1 X1105.025 Y535.888
G1 X1102.043 Y534.38
G1 X1099.219 Y532.793
G1 X1096.547 Y531.123
G1 X1094.023 Y529.37
G1 X1091.642 Y527.53
G1 X1089.4 Y525.6
G1 X1089.4 Y525.6
G1 X1086.074 Y522.781
G1 X1083.126 Y520.452
G1 X1081.2 Y519.1
G1 X1081.2 Y519.1
G1 X1079.2 Y517.5
G1 X1079.2 Y517.5
G1 X1080.789 Y517.493
G1 X1084.578 Y517.841
G1 X1089.7 Y518.5
G1 X1089.7 Y518.5
G1 X1092.109 Y518.835
G1 X1095.059 Y519.231
G1 X1098.436 Y519.674
G1 X1102.125 Y520.15
G1 X1106.011 Y520.645
G1 X1109.978 Y521.144
G1 X1113.913 Y521.634
G1 X1117.7 Y522.1
G1 X1117.7 Y522.1
G1 X1121.919 Y522.617
G1 X1126.08 Y523.13
G1 X1130.04 Y523.619
G1 X1133.656 Y524.069
G1 X1136.783 Y524.46
G1 X1139.279 Y524.776
G1 X1141.0 Y525.0
G1 X1141.0 Y525.0
G1 X1144.544 Y525.446
G1 X1148.297 Y525.736
G1 X1152.176 Y525.874
G1 X1156.1 Y525.862
G1 X1159.986 Y525.706
G1 X1163.753 Y525.408
G1 X1167.318 Y524.971
G1 X1170.6 Y524.4
G1 X1170.6 Y524.4
G1 X1172.692 Y524.001
G1 X1174.882 Y523.68
G1 X1177.205 Y523.44
G1 X1179.697 Y523.28
G1 X1182.391 Y523.201
G1 X1185.322 Y523.205
G1 X1188.525 Y523.291
G1 X1192.035 Y523.462
G1 X1195.887 Y523.717
G1 X1200.114 Y524.057
G1 X1204.753 Y524.484
G1 X1209.836 Y524.998
G1 X1215.4 Y525.6
G1 X1215.4 Y525.6
G1 X1218.962 Y525.976
G1 X1222.301 Y526.271
G1 X1225.474 Y526.481
G1 X1228.54 Y526.605
G1 X1231.556 Y526.638
G1 X1234.58 Y526.578
G1 X1237.669 Y526.422
G1 X1240.881 Y526.167
G1 X1244.273 Y525.81
G1 X1247.903 Y525.348
G1 X1251.83 Y524.777
G1 X1256.109 Y524.096
G1 X1260.8 Y523.3
G1 X1260.8 Y523.3
G1 X1266.318 Y522.243
G1 X1269.078 Y521.574
G1 X1269.238 Y521.3
G1 X1266.956 Y521.426
G1 X1262.39 Y521.957
G1 X1255.7 Y522.9
G1 X1255.7 Y522.9
G1 X1252.162 Y523.419
G1 X1248.736 Y523.862
G1 X1245.402 Y524.229
G1 X1242.138 Y524.521
G1 X1238.926 Y524.738
G1 X1235.745 Y524.881
G1 X1232.575 Y524.95
G1 X1229.396 Y524.945
G1 X1226.187 Y524.868
G1 X1222.929 Y524.718
G1 X1219.601 Y524.495
G1 X1216.184 Y524.201
G1 X1212.657 Y523.836
G1 X1209.0 Y523.4
G1 X1209.0 Y523.4
G1 X1205.788 Y523.044
G1 X1202.411 Y522.73
G1 X1198.919 Y522.46
G1 X1195.363 Y522.238
G1 X1191.792 Y522.067
G1 X1188.258 Y521.952
G1 X1184.81 Y521.895
G1 X1181.5 Y521.9
G1 X1181.5 Y521.9
G1 X1174.098 Y522.01
G1 X1167.603 Y522.101
G1 X1161.938 Y522.169
G1 X1157.03 Y522.214
G1 X1152.804 Y522.233
G1 X1149.183 Y522.226
G1 X1146.094 Y522.191
G1 X1143.461 Y522.126
G1 X1141.209 Y522.03
G1 X1139.263 Y521.9
G1 X1137.548 Y521.736
G1 X1135.99 Y521.535
G1 X1134.512 Y521.297
G1 X1133.041 Y521.019
G1 X1131.5 Y520.7
G1 X1131.5 Y520.7
G1 X1128.933 Y520.229
G1 X1125.763 Y519.733
G1 X1122.188 Y519.238
G1 X1118.404 Y518.767
G1 X1114.609 Y518.346
G1 X1111.0 Y518.0
G1 X1111.0 Y518.0
G1 X1106.518 Y517.553
G1 X1102.219 Y517.014
G1 X1098.122 Y516.389
G1 X1094.248 Y515.682
G1 X1090.615 Y514.899
G1 X1087.244 Y514.044
G1 X1084.155 Y513.123
G1 X1081.367 Y512.14
G1 X1078.9 Y511.1
G1 X1078.9 Y511.1
G1 X1078.0810000000001 Y510.674
G1 X1077.068 Y510.07000000000005
G1 X1075.868 Y509.293
G1 X1074.484 Y508.34799999999996
G1 X1072.925 Y507.24
G1 X1071.1950000000002 Y505.97400000000005
G1 X1069.299 Y504.554
G1 X1067.245 Y502.985
G1 X1065.037 Y501.27200000000005
G1 X1062.682 Y499.41999999999996
G1 X1060.1860000000001 Y497.43399999999997
G1 X1057.5529999999999 Y495.318
G1 X1054.79 Y493.077
G1 X1051.903 Y490.716
G1 X1048.8980000000001 Y488.24
G1 X1045.779 Y485.654
G1 X1042.554 Y482.962
G1 X1039.228 Y480.169
G1 X1035.806 Y477.28
G1 X1032.295 Y474.3
G1 X1028.7 Y471.234
G1 X1025.028 Y468.086
G1 X1021.283 Y464.861
G1 X1017.472 Y461.564
G1 X1013.6 Y458.2
G1 X1013.6 Y458.2
G1 X1011.603 Y456.53
G1 X1009.38 Y454.794
G1 X1006.94 Y452.999
G1 X1004.29 Y451.147
G1 X1001.437 Y449.244
G1 X998.39 Y447.295
G1 X995.155 Y445.302
G1 X991.742 Y443.272
G1 X988.156 Y441.209
G1 X984.406 Y439.117
G1 X980.5 Y437.0
G1 X980.5 Y437.0
G1 X977.063 Y435.165
G1 X973.526 Y433.238
G1 X970.146 Y431.37
G1 X967.185 Y429.707
G1 X964.9 Y428.4
G1 X964.9 Y428.4
G1 X962.949 Y427.283
G1 X960.222 Y425.8
G1 X956.912 Y424.05
G1 X953.211 Y422.133
G1 X949.31 Y420.15
G1 X945.4 Y418.2
G1 X945.4 Y418.2
G1 X942.167 Y416.557
G1 X938.95 Y414.87
G1 X935.753 Y413.142
G1 X932.58 Y411.374
G1 X929.436 Y409.569
G1 X926.324 Y407.729
G1 X923.25 Y405.858
G1 X920.216 Y403.957
G1 X917.227 Y402.028
G1 X914.288 Y400.075
G1 X911.401 Y398.099
G1 X908.572 Y396.103
G1 X905.804 Y394.09
G1 X903.102 Y392.061
G1 X900.47 Y390.019
G1 X897.912 Y387.966
G1 X895.432 Y385.906
G1 X893.034 Y383.84
G1 X890.722 Y381.77
G1 X888.5 Y379.7
G1 X888.5 Y379.7
G1 X885.673 Y376.999
G1 X883.214 Y374.474
G1 X881.024 Y372.009
G1 X879.006 Y369.487
G1 X877.061 Y366.789
G1 X875.092 Y363.799
G1 X873.0 Y360.4
G1 X873.0 Y360.4
G1 X871.336 Y357.677
G1 X869.48 Y354.728
G1 X867.513 Y351.67
G1 X865.513 Y348.622
G1 X863.558 Y345.699
G1 X861.728 Y343.019
G1 X860.1 Y340.7
G1 X860.1 Y340.7
G1 X857.92 Y337.495
G1 X855.692 Y333.95
G1 X853.584 Y330.346
G1 X851.764 Y326.969
G1 X850.4 Y324.1
G1 X850.4 Y324.1
G1 X848.873 Y320.753
G1 X847.262 Y317.275
G1 X845.745 Y314.059
G1 X844.5 Y311.5
G1 X844.5 Y311.5
G1 X842.6 Y306.0
G1 X842.6 Y306.0
G1 X843.993 Y306.637
G1 X846.207 Y309.896
G1 X849.0 Y315.4
G1 X849.0 Y315.4
G1 X851.7 Y321.4
G1 X851.7 Y321.4
G1 X853.0 Y314.4
G1 X853.0 Y314.4
G1 X853.469 Y311.268
G1 X853.678 Y308.352
G1 X853.634 Y305.292
G1 X853.339 Y301.728
G1 X852.8 Y297.3
G1 X852.8 Y297.3
G1 X852.297 Y293.058
G1 X851.99 Y289.215
G1 X851.886 Y285.593
G1 X851.987 Y282.014
G1 X852.3 Y278.3
G1 X852.3 Y278.3
G1 X852.669 Y273.672
G1 X852.7 Y269.775
G1 X852.356 Y266.066
G1 X851.6 Y262.0
G1 X851.6 Y262.0
G1 X850.836 Y258.154
G1 X850.146 Y254.243
G1 X849.533 Y250.305
G1 X849.0 Y246.378
G1 X848.551 Y242.50099999999998
G1 X848.188 Y238.712
G1 X847.914 Y235.051
G1 X847.733 Y231.556
G1 X847.648 Y228.264
G1 X847.662 Y225.215
G1 X847.779 Y222.448
G1 X848.0 Y220.0
G1 X848.0 Y220.0
G1 X848.444 Y216.04
G1 X848.824 Y212.123
G1 X849.141 Y208.264
G1 X849.393 Y204.481
G1 X849.579 Y200.792
G1 X849.7 Y197.212
G1 X849.754 Y193.76
G1 X849.741 Y190.452
G1 X849.659 Y187.305
G1 X849.509 Y184.336
G1 X849.29 Y181.562
G1 X849.0 Y179.0
G1 X849.0 Y179.0
G1 X848.645 Y176.052
G1 X848.293 Y172.552
G1 X847.963 Y168.712
G1 X847.674 Y164.748
G1 X847.447 Y160.873
G1 X847.3 Y157.3
G1 X847.3 Y157.3
G1 X847.14 Y153.054
G1 X847.107 Y149.533
G1 X847.232 Y146.424
G1 X847.544 Y143.411
G1 X848.073 Y140.179
G1 X848.848 Y136.414
G1 X849.9 Y131.8
G1 X849.9 Y131.8
G1 X851.571 Y124.35300000000001
G1 X852.633 Y119.38900000000001
G1 X853.162 Y116.275
G1 X853.233 Y114.37799999999999
G1 X852.921 Y113.064
G1 X852.3 Y111.7
G1 X852.3 Y111.7
G1 X851.566 Y109.613
G1 X850.637 Y106.182
G1 X849.626 Y101.926
G1 X848.645 Y97.362
G1 X847.806 Y93.008
G1 X847.22 Y89.381
G1 X847.0 Y87.0
G1 X847.0 Y87.0
G1 X848.5 Y85.0
G1 X848.5 Y85.0
G1 X850.0 Y85.9
G1 X850.0 Y85.9
G1 X850.194 Y88.256
G1 X850.716 Y91.624
G1 X851.48 Y95.593
G1 X852.398 Y99.754
G1 X853.382 Y103.699
G1 X854.345 Y107.017
G1 X855.2 Y109.3
G1 X855.2 Y109.3
G1 X857.4 Y114.1
G1 X857.4 Y114.1
G1 X853.5 Y129.3
G1 X853.5 Y129.3
G1 X852.576 Y133.005
G1 X851.788 Y136.45
G1 X851.131 Y139.689
G1 X850.604 Y142.779
G1 X850.201 Y145.775
G1 X849.92 Y148.731
G1 X849.759 Y151.705
G1 X849.713 Y154.75
G1 X849.779 Y157.923
G1 X849.954 Y161.28
G1 X850.235 Y164.874
G1 X850.618 Y168.762
G1 X851.1 Y173.0
G1 X851.1 Y173.0
G1 X851.868 Y179.506
G1 X852.612 Y183.645
G1 X853.692 Y186.291
G1 X855.468 Y188.318
G1 X858.3 Y190.6
G1 X858.3 Y190.6
G1 X862.062 Y194.012
G1 X863.8 Y196.6
G1 X863.8 Y196.6
G1 X864.644 Y199.256
G1 X866.2 Y202.7
G1 X868.131 Y206.219
G1 X870.1 Y209.1
G1 X870.1 Y209.1
G1 X871.7 Y212.163
G1 X872.7 Y215.9
G1 X872.7 Y215.9
G1 X871.1 Y220.7
G1 X871.1 Y220.7
G1 X870.1 Y222.7
G1 X870.1 Y222.7
G1 X870.1 Y226.7
G1 X870.1 Y226.7
G1 X869.112 Y230.562
G1 X868.5 Y236.0
G1 X868.5 Y236.0
G1 X867.785 Y241.95600000000002
G1 X866.448 Y246.31099999999998
G1 X864.8 Y248.0
G1 X864.8 Y248.0
G1 X864.0 Y249.60000000000002
G1 X864.0 Y249.60000000000002
G1 X860.5 Y254.7
G1 X860.5 Y254.7
G1 X857.262 Y257.388
G1 X858.0 Y254.89999999999998
G1 X858.0 Y254.89999999999998
G1 X860.5 Y253.0
G1 X860.5 Y253.0
G1 X862.1 Y251.8
G1 X862.1 Y251.8
G1 X862.4 Y249.3
G1 X862.4 Y249.3
G1 X864.4 Y246.7
G1 X864.4 Y246.7
G1 X866.7 Y241.39999999999998
G1 X866.7 Y241.39999999999998
G1 X867.05 Y237.8
G1 X867.4 Y234.5
G1 X867.4 Y234.5
G1 X866.7 Y230.2
G1 X866.7 Y230.2
G1 X867.9 Y226.9
G1 X867.9 Y226.9
G1 X868.8 Y223.3
G1 X868.8 Y223.3
G1 X869.9 Y219.9
G1 X869.9 Y219.9
G1 X870.9 Y214.3
G1 X870.9 Y214.3
G1 X868.2 Y208.9
G1 X868.2 Y208.9
G1 X865.919 Y205.293
G1 X863.881 Y200.974
G1 X863.0 Y197.9
G1 X863.0 Y197.9
G1 X861.648 Y195.72
G1 X858.562 Y192.388
G1 X855.195 Y189.336
G1 X853.0 Y188.0
G1 X853.0 Y188.0
G1 X852.575 Y190.862
G1 X852.3 Y197.7
G1 X852.3 Y197.7
G1 X852.174 Y201.271
G1 X851.937 Y205.294
G1 X851.623 Y209.45
G1 X851.266 Y213.425
G1 X850.9 Y216.9
G1 X850.9 Y216.9
G1 X850.626 Y219.571
G1 X850.449 Y222.487
G1 X850.367 Y225.614
G1 X850.377 Y228.92
G1 X850.476 Y232.371
G1 X850.662 Y235.936
G1 X850.933 Y239.58
G1 X851.287 Y243.27300000000002
G1 X851.72 Y246.98000000000002
G1 X852.23 Y250.66899999999998
G1 X852.815 Y254.30700000000002
G1 X853.473 Y257.862
G1 X854.2 Y261.3
G1 X854.2 Y261.3
G1 X855.081 Y265.372
G1 X855.582 Y268.58
G1 X855.734 Y271.452
G1 X855.563 Y274.516
G1 X855.1 Y278.3
G1 X855.1 Y278.3
G1 X854.632 Y281.946
G1 X854.428 Y285.193
G1 X854.488 Y288.387
G1 X854.812 Y291.874
G1 X855.4 Y296.0
G1 X855.4 Y296.0
G1 X855.841 Y299.426
G1 X856.117 Y302.936
G1 X856.231 Y306.499
G1 X856.188 Y310.088
G1 X855.989 Y313.671
G1 X855.639 Y317.22
G1 X855.142 Y320.706
G1 X854.5 Y324.1
G1 X854.5 Y324.1
G1 X854.48 Y325.497
G1 X855.132 Y327.378
G1 X856.624 Y330.062
G1 X859.124 Y333.863
G1 X862.8 Y339.1
G1 X862.8 Y339.1
G1 X864.922 Y342.158
G1 X867.118 Y345.415
G1 X869.302 Y348.74
G1 X871.388 Y352.003
G1 X873.29 Y355.071
G1 X874.922 Y357.814
G1 X876.2 Y360.1
G1 X876.2 Y360.1
G1 X877.978 Y363.165
G1 X879.789 Y365.952
G1 X881.75 Y368.6
G1 X883.978 Y371.248
G1 X886.589 Y374.035
G1 X889.7 Y377.1
G1 X889.7 Y377.1
G1 X891.71 Y378.984
G1 X893.834 Y380.895
G1 X896.068 Y382.83
G1 X898.403 Y384.784
G1 X900.834 Y386.752
G1 X903.353 Y388.731
G1 X905.956 Y390.716
G1 X908.635 Y392.702
G1 X911.383 Y394.685
G1 X914.194 Y396.661
G1 X917.062 Y398.625
G1 X919.981 Y400.573
G1 X922.943 Y402.501
G1 X925.942 Y404.403
G1 X928.972 Y406.276
G1 X932.027 Y408.116
G1 X935.099 Y409.918
G1 X938.182 Y411.677
G1 X941.271 Y413.389
G1 X944.357 Y415.05
G1 X947.436 Y416.655
G1 X950.5 Y418.2
G1 X950.5 Y418.2
G1 X953.569 Y419.724
G1 X956.79 Y421.352
G1 X960.132 Y423.068
G1 X963.566 Y424.854
G1 X967.061 Y426.695
G1 X970.589 Y428.574
G1 X974.118 Y430.475
G1 X977.619 Y432.381
G1 X981.062 Y434.275
G1 X984.418 Y436.142
G1 X987.655 Y437.964
G1 X990.744 Y439.726
G1 X993.656 Y441.411
G1 X996.36 Y443.002
G1 X998.826 Y444.482
G1 X1001.025 Y445.837
G1 X1002.926 Y447.048
G1 X1004.5 Y448.1
G1 X1004.5 Y448.1
G1 X1007.113 Y449.94
G1 X1010.114 Y452.212
G1 X1013.27 Y454.724
G1 X1016.343 Y457.284
G1 X1019.1 Y459.7
G1 X1019.1 Y459.7
G1 X1022.606 Y462.827
G1 X1026.101 Y465.916
G1 X1029.575 Y468.96
G1 X1033.02 Y471.951
G1 X1036.426 Y474.883
G1 X1039.7849999999999 Y477.747
G1 X1043.087 Y480.537
G1 X1046.3229999999999 Y483.245
G1 X1049.484 Y485.864
G1 X1052.5610000000001 Y488.387
G1 X1055.546 Y490.806
G1 X1058.4279999999999 Y493.115
G1 X1061.199 Y495.305
G1 X1063.85 Y497.37
G1 X1066.371 Y499.302
G1 X1068.754 Y501.09299999999996
G1 X1070.99 Y502.73800000000006
G1 X1073.069 Y504.227
G1 X1074.983 Y505.55499999999995
G1 X1076.722 Y506.71400000000006
G1 X1078.277 Y507.69500000000005
G1 X1079.6399999999999 Y508.49300000000005
G1 X1080.8 Y509.1
G1 X1080.8 Y509.1
G1 X1083.817 Y510.39200000000005
G1 X1087.463 Y511.63800000000003
G1 X1091.277 Y512.714
G1 X1094.8 Y513.5
G1 X1094.8 Y513.5
G1 X1099.546 Y514.294
G1 X1104.181 Y514.953
G1 X1108.163 Y515.415
G1 X1110.95 Y515.618
G1 X1112.0 Y515.5
G1 X1112.0 Y515.5
G1 X1108.0 Y512.6
G1 X1108.0 Y512.6
G1 X1106.015 Y510.869
G1 X1103.658 Y508.155
G1 X1101.18 Y504.83299999999997
G1 X1098.834 Y501.28099999999995
G1 X1096.87 Y497.874
G1 X1095.542 Y494.988
G1 X1095.1 Y493.0
G1 X1095.1 Y493.0
G1 X1096.7 Y495.3
G1 X1096.7 Y495.3
G1 X1099.0 Y498.0
G1 X1099.0 Y498.0
G1 X1100.3 Y498.5
G1 X1100.3 Y498.5
G1 X1099.9 Y499.4
G1 X1099.9 Y499.4
G1 X1099.2 Y500.1
G1 X1099.2 Y500.1
G1 X1100.8 Y501.5
G1 X1100.8 Y501.5
G1 X1102.7 Y502.4
G1 X1102.7 Y502.4
G1 X1102.3 Y502.6
G1 X1102.3 Y502.6
G1 X1102.6 Y505.6
G1 X1102.6 Y505.6
G1 X1103.6 Y505.70000000000005
G1 X1103.6 Y505.70000000000005
G1 X1106.8 Y507.70000000000005
G1 X1106.8 Y507.70000000000005
G1 X1109.7 Y512.1
G1 X1109.7 Y512.1
G1 X1110.537 Y513.441
G1 X1114.93 Y515.093
G1 X1121.5 Y516.5
G1 X1121.5 Y516.5
G1 X1124.214 Y516.985
G1 X1127.495 Y517.57
G1 X1131.069 Y518.214
G1 X1134.662 Y518.871
G1 X1138.0 Y519.5
G1 X1138.0 Y519.5
G1 X1140.843 Y519.944
G1 X1143.897 Y520.293
G1 X1147.129 Y520.547
G1 X1150.507 Y520.705
G1 X1153.997 Y520.767
G1 X1157.569 Y520.733
G1 X1161.188 Y520.602
G1 X1164.824 Y520.374
G1 X1168.442 Y520.048
G1 X1172.012 Y519.623
G1 X1175.5 Y519.1
G1 X1175.5 Y519.1
G1 X1179.474 Y518.674
G1 X1183.759 Y518.626
G1 X1188.0 Y519.0
G1 X1188.0 Y519.0
G1 X1191.097 Y519.403
G1 X1194.7 Y519.825
G1 X1198.378 Y520.209
G1 X1201.7 Y520.5
G1 X1201.7 Y520.5
G1 X1208.8 Y521.1
G1 X1208.8 Y521.1
G1 X1209.2 Y511.29999999999995
G1 X1209.2 Y511.29999999999995
G1 X1209.258 Y507.953
G1 X1209.163 Y504.451
G1 X1208.925 Y500.84000000000003
G1 X1208.552 Y497.16999999999996
G1 X1208.056 Y493.485
G1 X1207.445 Y489.835
G1 X1206.73 Y486.266
G1 X1205.921 Y482.825
G1 X1205.026 Y479.56
G1 X1204.058 Y476.518
G1 X1203.024 Y473.745
G1 X1201.934 Y471.29
G1 X1200.8 Y469.2
G1 X1200.8 Y469.2
G1 X1199.822 Y467.766
G1 X1198.174 Y465.663
G1 X1195.988 Y463.038
G1 X1193.393 Y460.037
G1 X1190.52 Y456.809
G1 X1187.5 Y453.5
G1 X1187.5 Y453.5
G1 X1184.147 Y449.831
G1 X1181.013 Y446.379
G1 X1178.081 Y443.125
G1 X1175.336 Y440.05
G1 X1172.764 Y437.135
G1 X1170.348 Y434.363
G1 X1168.074 Y431.714
G1 X1165.925 Y429.17
G1 X1163.888 Y426.713
G1 X1161.945 Y424.322
G1 X1160.083 Y421.981
G1 X1158.285 Y419.67
G1 X1156.537 Y417.371
G1 X1154.823 Y415.065
G1 X1153.127 Y412.734
G1 X1151.435 Y410.358
G1 X1149.731 Y407.92
G1 X1148.0 Y405.4
G1 X1148.0 Y405.4
G1 X1146.322 Y402.942
G1 X1144.476 Y400.237
G1 X1142.496 Y397.336
G1 X1140.417 Y394.29
G1 X1138.273 Y391.151
G1 X1136.099 Y387.969
G1 X1133.931 Y384.795
G1 X1131.802 Y381.681
G1 X1129.747 Y378.676
G1 X1127.802 Y375.832
G1 X1126.0 Y373.2
G1 X1126.0 Y373.2
G1 X1114.5 Y356.5
G1 X1114.5 Y356.5
G1 X1113.8 Y341.5
G1 X1113.8 Y341.5
G1 X1113.523 Y335.529
G1 X1113.228 Y330.109
G1 X1112.919 Y325.281
G1 X1112.599 Y321.086
G1 X1112.275 Y317.562
G1 X1111.948 Y314.752
G1 X1111.624 Y312.694
G1 X1111.307 Y311.43
G1 X1111.0 Y311.0
G1 X1111.0 Y311.0
G1 X1110.252 Y311.769
G1 X1109.352 Y313.922
G1 X1108.363 Y317.225
G1 X1107.348 Y321.444
G1 X1106.373 Y326.347
G1 X1105.5 Y331.7
G1 X1105.5 Y331.7
G1 X1104.909 Y335.464
G1 X1104.25 Y339.468
G1 X1103.578 Y343.4
G1 X1102.943 Y346.948
G1 X1102.4 Y349.8
G1 X1102.4 Y349.8
G1 X1101.83 Y352.642
G1 X1101.227 Y356.165
G1 X1100.629 Y360.067
G1 X1100.074 Y364.046
G1 X1099.6 Y367.8
G1 X1099.6 Y367.8
G1 X1098.889 Y373.881
G1 X1098.188 Y377.225
G1 X1097.167 Y378.881
G1 X1095.5 Y379.9
G1 X1095.5 Y379.9
G1 X1092.907 Y380.966
G1 X1089.692 Y381.996
G1 X1086.02 Y382.957
G1 X1082.0520000000001 Y383.813
G1 X1077.95 Y384.528
G1 X1073.879 Y385.069
G1 X1070.0 Y385.4
G1 X1070.0 Y385.4
G1 X1061.5 Y385.9
G1 X1061.5 Y385.9
G1 X1071.0 Y384.6
G1 X1071.0 Y384.6
G1 X1075.341 Y383.927
G1 X1079.422 Y383.199
G1 X1083.2060000000001 Y382.42
G1 X1086.655 Y381.595
G1 X1089.729 Y380.73
G1 X1092.39 Y379.83
G1 X1094.6 Y378.9
G1 X1094.6 Y378.9
G1 X1096.615 Y377.533
G1 X1097.519 Y374.9
G1 X1098.0 Y369.0
G1 X1098.0 Y369.0
G1 X1098.291 Y365.753
G1 X1098.77 Y361.862
G1 X1099.382 Y357.646
G1 X1100.077 Y353.419
G1 X1100.8 Y349.5
G1 X1100.8 Y349.5
G1 X1101.428 Y346.259
G1 X1102.093 Y342.674
G1 X1102.762 Y338.95
G1 X1103.407 Y335.293
G1 X1103.997 Y331.907
G1 X1104.5 Y329.0
G1 X1104.5 Y329.0
G1 X1105.289 Y324.85
G1 X1106.238 Y320.55
G1 X1107.242 Y316.625
G1 X1108.2 Y313.6
G1 X1108.2 Y313.6
G1 X1109.407 Y309.522
G1 X1109.659 Y306.644
G1 X1109.0 Y303.7
G1 X1109.0 Y303.7
G1 X1108.107 Y299.615
G1 X1109.059 Y300.685
G1 X1111.3 Y306.2
G1 X1111.3 Y306.2
G1 X1112.021 Y308.462
G1 X1112.625 Y310.725
G1 X1113.135 Y313.175
G1 X1113.575 Y316.0
G1 X1113.968 Y319.388
G1 X1114.338 Y323.525
G1 X1114.707 Y328.6
G1 X1115.1 Y334.8
G1 X1115.1 Y334.8
G1 X1116.4 Y356.1
G1 X1116.4 Y356.1
G1 X1129.0 Y374.8
G1 X1129.0 Y374.8
G1 X1132.252 Y379.622
G1 X1135.292 Y384.127
G1 X1138.135 Y388.335
G1 X1140.794 Y392.262
G1 X1143.283 Y395.927
G1 X1145.617 Y399.348
G1 X1147.81 Y402.544
G1 X1149.875 Y405.532
G1 X1151.826 Y408.33
G1 X1153.677 Y410.958
G1 X1155.443 Y413.432
G1 X1157.137 Y415.772
G1 X1158.773 Y417.995
G1 X1160.366 Y420.119
G1 X1161.928 Y422.163
G1 X1163.475 Y424.145
G1 X1165.02 Y426.082
G1 X1166.577 Y427.994
G1 X1168.16 Y429.897
G1 X1169.784 Y431.811
G1 X1171.461 Y433.754
G1 X1173.206 Y435.743
G1 X1175.033 Y437.797
G1 X1176.956 Y439.934
G1 X1178.989 Y442.173
G1 X1181.146 Y444.53
G1 X1183.441 Y447.025
G1 X1185.888 Y449.676
G1 X1188.5 Y452.5
G1 X1188.5 Y452.5
G1 X1191.513 Y455.808
G1 X1194.37 Y459.033
G1 X1196.95 Y462.025
G1 X1199.13 Y464.633
G1 X1200.787 Y466.708
G1 X1201.8 Y468.1
G1 X1201.8 Y468.1
G1 X1203.016 Y470.317
G1 X1204.168 Y472.879
G1 X1205.246 Y475.744
G1 X1206.243 Y478.87
G1 X1207.15 Y482.215
G1 X1207.959 Y485.736
G1 X1208.663 Y489.392
G1 X1209.252 Y493.141
G1 X1209.719 Y496.94
G1 X1210.056 Y500.74699999999996
G1 X1210.254 Y504.52099999999996
G1 X1210.304 Y508.21900000000005
G1 X1210.2 Y511.79999999999995
G1 X1210.2 Y511.79999999999995
G1 X1210.07 Y517.644
G1 X1210.296 Y520.956
G1 X1210.9 Y522.0
G1 X1210.9 Y522.0
G1 X1211.459 Y521.065
G1 X1211.918 Y518.454
G1 X1212.246 Y514.462
G1 X1212.417 Y509.379
G1 X1212.4 Y503.5
G1 X1212.4 Y503.5
G1 X1212.234 Y501.58399999999995
G1 X1211.844 Y498.581
G1 X1211.275 Y494.781
G1 X1210.575 Y490.475
G1 X1209.791 Y485.953
G1 X1208.969 Y481.506
G1 X1208.156 Y477.425
G1 X1207.4 Y474.0
G1 X1207.4 Y474.0
G1 X1207.8 Y473.0
G1 X1207.8 Y473.0
G1 X1208.42 Y474.623
G1 X1209.312 Y477.963
G1 X1210.373 Y482.52
G1 X1211.5 Y487.8
G1 X1211.5 Y487.8
G1 X1212.361 Y492.256
G1 X1212.987 Y495.934
G1 X1213.402 Y499.08299999999997
G1 X1213.628 Y501.95399999999995
G1 X1213.688 Y504.797
G1 X1213.604 Y507.86199999999997
G1 X1213.4 Y511.4
G1 X1213.4 Y511.4
G1 X1212.7 Y521.7
G1 X1212.7 Y521.7
G1 X1217.6 Y522.5
G1 X1217.6 Y522.5
G1 X1220.662 Y522.794
G1 X1224.707 Y522.99
G1 X1229.224 Y523.088
G1 X1233.703 Y523.088
G1 X1237.632 Y522.99
G1 X1240.501 Y522.794
G1 X1241.8 Y522.5
G1 X1241.8 Y522.5
G1 X1240.8 Y520.7
G1 X1240.8 Y520.7
G1 X1238.486 Y518.119
G1 X1235.938 Y514.225
G1 X1233.895 Y510.294
G1 X1233.1 Y507.6
G1 X1233.1 Y507.6
G1 X1234.0 Y508.1
G1 X1234.0 Y508.1
G1 X1235.002 Y510.491
G1 X1236.688 Y513.425
G1 X1238.88 Y516.622
G1 X1241.4 Y519.8
G1 X1241.4 Y519.8
G1 X1246.0 Y522.0
G1 X1246.0 Y522.0
G1 X1249.176 Y521.815
G1 X1253.012 Y521.305
G1 X1257.204 Y520.536
G1 X1261.445 Y519.574
G1 X1265.429 Y518.487
G1 X1268.849 Y517.34
G1 X1271.4 Y516.2
G1 X1271.4 Y516.2
G1 X1274.27 Y514.632
G1 X1277.241 Y512.89
G1 X1280.28 Y510.999
G1 X1283.352 Y508.98199999999997
G1 X1286.424 Y506.86400000000003
G1 X1289.464 Y504.66999999999996
G1 X1292.437 Y502.423
G1 X1295.31 Y500.148
G1 X1298.051 Y497.87
G1 X1300.625 Y495.612
G1 X1303.0 Y493.4
G1 X1303.0 Y493.4
G1 X1305.217 Y491.343
G1 X1307.543 Y489.295
G1 X1309.974 Y487.26
G1 X1312.504 Y485.241
G1 X1315.13 Y483.241
G1 X1317.845 Y481.264
G1 X1320.645 Y479.314
G1 X1323.525 Y477.394
G1 X1326.479 Y475.508
G1 X1329.504 Y473.659
G1 X1332.593 Y471.851
G1 X1335.742 Y470.088
G1 X1338.947 Y468.373
G1 X1342.201 Y466.709
G1 X1345.5 Y465.1
G1 X1345.5 Y465.1
G1 X1351.922 Y462.13
G1 X1356.211 Y460.27
G1 X1357.5 Y459.9
G1 X1357.5 Y459.9
G1 X1356.18 Y460.764
G1 X1353.388 Y462.312
G1 X1349.527 Y464.33
G1 X1345.0 Y466.6
G1 X1345.0 Y466.6
G1 X1341.869 Y468.175
G1 X1338.761 Y469.817
G1 X1335.682 Y471.521
G1 X1332.64 Y473.281
G1 X1329.641 Y475.093
G1 X1326.691 Y476.95
G1 X1323.798 Y478.849
G1 X1320.968 Y480.784
G1 X1318.209 Y482.75
G1 X1315.526 Y484.741
G1 X1312.927 Y486.752
G1 X1310.418 Y488.779
G1 X1308.006 Y490.816
G1 X1305.698 Y492.858
G1 X1303.5 Y494.9
G1 X1303.5 Y494.9
G1 X1301.182 Y497.07000000000005
G1 X1298.508 Y499.405
G1 X1295.602 Y501.81100000000004
G1 X1292.586 Y504.197
G1 X1289.582 Y506.46900000000005
G1 X1286.712 Y508.534
G1 X1284.1 Y510.29999999999995
G1 X1284.1 Y510.29999999999995
G1 X1278.93 Y513.811
G1 X1275.337 Y516.389
G1 X1274.1 Y517.5
G1 X1274.1 Y517.5
G1 X1275.04 Y517.482
G1 X1277.363 Y517.167
G1 X1280.771 Y516.611
G1 X1284.966 Y515.87
G1 X1289.65 Y515.0
G1 X1294.526 Y514.058
G1 X1299.297 Y513.101
G1 X1303.665 Y512.185
G1 X1307.332 Y511.366
G1 X1310.0 Y510.70000000000005
G1 X1310.0 Y510.70000000000005
G1 X1315.613 Y509.135
G1 X1320.695 Y507.73400000000004
G1 X1325.293 Y506.48400000000004
G1 X1329.452 Y505.375
G1 X1333.218 Y504.394
G1 X1336.635 Y503.53099999999995
G1 X1339.75 Y502.775
G1 X1342.608 Y502.11300000000006
G1 X1345.253 Y501.53499999999997
G1 X1347.733 Y501.029
G1 X1350.092 Y500.58399999999995
G1 X1352.376 Y500.18899999999996
G1 X1354.63 Y499.831
G1 X1356.9 Y499.5
G1 X1356.9 Y499.5
G1 X1360.802 Y499.01800000000003
G1 X1364.193 Y498.683
G1 X1367.202 Y498.519
G1 X1369.958 Y498.554
G1 X1372.59 Y498.81399999999996
G1 X1375.227 Y499.327
G1 X1377.998 Y500.11800000000005
G1 X1381.032 Y501.21400000000006
G1 X1384.458 Y502.64200000000005
G1 X1388.404 Y504.429
G1 X1393.0 Y506.6
G1 X1393.0 Y506.6
G1 X1397.639 Y508.75
G1 X1401.544 Y510.437
G1 X1404.85 Y511.71299999999997
G1 X1407.689 Y512.63
G1 X1410.194 Y513.241
G1 X1412.5 Y513.6
G1 X1412.5 Y513.6
G1 X1417.1 Y513.2
G1 X1417.1 Y513.2
G1 X1417.631 Y512.825
G1 X1420.525 Y512.6
G1 X1425.706 Y512.525
G1 X1433.1 Y512.6
G1 X1433.1 Y512.6
G1 X1436.799 Y512.703
G1 X1440.622 Y512.789
G1 X1444.459 Y512.858
G1 X1448.2 Y512.912
G1 X1451.735 Y512.953
G1 X1454.953 Y512.98
G1 X1457.745 Y512.995
G1 X1460.0 Y513.0
G1 X1460.0 Y513.0
G1 X1462.956 Y513.09
G1 X1466.481 Y513.256
G1 X1470.363 Y513.488
G1 X1474.385 Y513.778
G1 X1478.336 Y514.118
G1 X1482.0 Y514.5
G1 X1482.0 Y514.5
G1 X1484.797 Y514.778
G1 X1487.841 Y515.012
G1 X1491.115 Y515.204
G1 X1494.598 Y515.353
G1 X1498.272 Y515.462
G1 X1502.119 Y515.53
G1 X1506.118 Y515.558
G1 X1510.251 Y515.548
G1 X1514.5 Y515.5
G1 X1514.5 Y515.5
G1 X1520.433 Y515.44
G1 X1525.366 Y515.438
G1 X1529.412 Y515.503
G1 X1532.684 Y515.642
G1 X1535.297 Y515.866
G1 X1537.365 Y516.182
G1 X1539.0 Y516.6
G1 X1539.0 Y516.6
G1 X1543.5 Y518.0
G1 X1543.5 Y518.0
G1 X1539.5 Y517.3
G1 X1539.5 Y517.3
G1 X1538.207 Y517.151
G1 X1536.053 Y517.006
G1 X1533.154 Y516.871
G1 X1529.625 Y516.75
G1 X1525.58 Y516.648
G1 X1521.134 Y516.569
G1 X1516.403 Y516.518
G1 X1511.5 Y516.5
G1 X1511.5 Y516.5
G1 X1507.811 Y516.488
G1 X1503.984 Y516.454
G1 X1500.079 Y516.401
G1 X1496.158 Y516.331
G1 X1492.279 Y516.246
G1 X1488.504 Y516.151
G1 X1484.894 Y516.047
G1 X1481.508 Y515.937
G1 X1478.406 Y515.824
G1 X1475.65 Y515.711
G1 X1473.3 Y515.6
G1 X1473.3 Y515.6
G1 X1466.805 Y515.223
G1 X1462.363 Y515.138
G1 X1459.814 Y515.333
G1 X1459.0 Y515.8
G1 X1459.0 Y515.8
G1 X1459.38 Y516.802
G1 X1460.478 Y518.042
G1 X1462.232 Y519.485
G1 X1464.581 Y521.091
G1 X1467.462 Y522.825
G1 X1470.815 Y524.649
G1 X1474.577 Y526.525
G1 X1478.686 Y528.418
G1 X1483.081 Y530.288
G1 X1487.7 Y532.1
G1 X1487.7 Y532.1
G1 X1493.5 Y534.8
G1 X1493.5 Y534.8
G1 X1492.334 Y534.654
G1 X1489.641 Y533.83
G1 X1485.875 Y532.5
G1 X1481.493 Y530.837
G1 X1476.949 Y529.013
G1 X1472.7 Y527.2
G1 X1472.7 Y527.2
G1 X1468.807 Y525.119
G1 X1464.893 Y522.615
G1 X1461.8 Y520.2
G1 X1461.8 Y520.2
G1 X1458.689 Y517.656
G1 X1455.578 Y516.111
G1 X1451.6 Y515.1
G1 X1451.6 Y515.1
G1 X1448.85 Y514.685
G1 X1445.825 Y514.375
G1 X1442.559 Y514.17
G1 X1439.089 Y514.072
G1 X1435.448 Y514.08
G1 X1431.674 Y514.196
G1 X1427.801 Y514.421
G1 X1423.864 Y514.755
G1 X1419.9 Y515.2
G1 X1419.9 Y515.2
G1 X1416.598 Y515.567
G1 X1413.802 Y515.76
G1 X1411.278 Y515.715
G1 X1408.791 Y515.368
G1 X1406.106 Y514.657
G1 X1402.989 Y513.519
G1 X1399.205 Y511.88800000000003
G1 X1394.521 Y509.703
G1 X1388.7 Y506.9
G1 X1388.7 Y506.9
G1 X1384.98 Y505.17499999999995
G1 X1381.606 Y503.78700000000003
G1 X1378.459 Y502.71900000000005
G1 X1375.418 Y501.951
G1 X1372.363 Y501.467
G1 X1369.174 Y501.24800000000005
G1 X1365.731 Y501.27599999999995
G1 X1361.913 Y501.533
G1 X1357.6 Y502.0
G1 X1357.6 Y502.0
G1 X1354.876 Y502.36699999999996
G1 X1351.822 Y502.85799999999995
G1 X1348.496 Y503.45899999999995
G1 X1344.96 Y504.15599999999995
G1 X1341.272 Y504.93499999999995
G1 X1337.493 Y505.78099999999995
G1 X1333.682 Y506.67999999999995
G1 X1329.899 Y507.619
G1 X1326.204 Y508.582
G1 X1322.657 Y509.55600000000004
G1 X1319.317 Y510.52700000000004
G1 X1316.245 Y511.47900000000004
G1 X1313.5 Y512.4
G1 X1313.5 Y512.4
G1 X1308.262 Y514.475
G1 X1310.0 Y514.9
G1 X1310.0 Y514.9
G1 X1312.295 Y514.795
G1 X1315.988 Y514.512
G1 X1320.561 Y514.098
G1 X1325.5 Y513.6
G1 X1325.5 Y513.6
G1 X1328.246 Y513.296
G1 X1331.458 Y512.991
G1 X1335.019 Y512.689
G1 X1338.812 Y512.4
G1 X1342.724 Y512.129
G1 X1346.636 Y511.884
G1 X1350.433 Y511.672
G1 X1354.0 Y511.5
G1 X1354.0 Y511.5
G1 X1358.88 Y511.31399999999996
G1 X1363.003 Y511.21299999999997
G1 X1366.568 Y511.20500000000004
G1 X1369.775 Y511.29999999999995
G1 X1372.822 Y511.50800000000004
G1 X1375.909 Y511.83799999999997
G1 X1379.236 Y512.298
G1 X1383.0 Y512.9
G1 X1383.0 Y512.9
G1 X1387.19 Y513.541
G1 X1391.293 Y514.114
G1 X1395.031 Y514.578
G1 X1398.126 Y514.887
G1 X1400.3 Y515.0
G1 X1400.3 Y515.0
G1 X1405.0 Y516.1
G1 X1405.0 Y516.1
G1 X1403.995 Y516.538
G1 X1401.296 Y516.674
G1 X1397.375 Y516.538
G1 X1392.704 Y516.159
G1 X1387.755 Y515.57
G1 X1383.0 Y514.8
G1 X1383.0 Y514.8
G1 X1381.357 Y514.533
G1 X1379.44 Y514.309
G1 X1377.264 Y514.127
G1 X1374.845 Y513.985
G1 X1372.202 Y513.884
G1 X1369.348 Y513.823
G1 X1366.302 Y513.799
G1 X1363.079 Y513.814
G1 X1359.696 Y513.866
G1 X1356.169 Y513.953
G1 X1352.514 Y514.076
G1 X1348.748 Y514.234
G1 X1344.888 Y514.425
G1 X1340.948 Y514.649
G1 X1336.946 Y514.905
G1 X1332.899 Y515.192
G1 X1328.822 Y515.51
G1 X1324.732 Y515.857
G1 X1320.645 Y516.233
G1 X1316.578 Y516.637
G1 X1312.546 Y517.068
G1 X1308.567 Y517.525
G1 X1304.656 Y518.007
G1 X1300.831 Y518.515
G1 X1297.107 Y519.046
G1 X1293.5 Y519.6
G1 X1293.5 Y519.6
G1 X1289.448 Y520.255
G1 X1285.182 Y521.001
G1 X1280.836 Y521.808
G1 X1276.543 Y522.646
G1 X1272.438 Y523.488
G1 X1268.653 Y524.302
G1 X1265.323 Y525.059
G1 X1262.582 Y525.731
G1 X1260.563 Y526.288
G1 X1259.4 Y526.7
G1 X1259.4 Y526.7
G1 X1253.5 Y528.4
G1 X1253.5 Y528.4
G1 X1251.0 Y528.906
G1 X1247.15 Y529.75
G1 X1242.475 Y530.819
G1 X1237.5 Y532.0
G1 X1237.5 Y532.0
G1 X1234.795 Y532.605
G1 X1231.7 Y533.281
G1 X1228.324 Y534.004
G1 X1224.775 Y534.75
G1 X1221.16 Y535.496
G1 X1217.588 Y536.219
G1 X1214.165 Y536.895
G1 X1211.0 Y537.5
G1 X1211.0 Y537.5
G1 X1206.877 Y538.285
G1 X1202.652 Y539.111
G1 X1198.538 Y539.938
G1 X1194.748 Y540.722
G1 X1191.498 Y541.424
G1 X1189.0 Y542.0
G1 X1189.0 Y542.0
G1 X1186.241 Y542.658
G1 X1183.186 Y543.317
G1 X1179.897 Y543.968
G1 X1176.434 Y544.601
G1 X1172.86 Y545.209
G1 X1169.235 Y545.781
G1 X1165.621 Y546.309
G1 X1162.079 Y546.784
G1 X1158.671 Y547.197
G1 X1155.458 Y547.539
G1 X1152.5 Y547.8
G1 X1152.5 Y547.8
G1 X1147.238 Y548.362
G1 X1147.0 Y549.0
G1 X1147.0 Y549.0
G1 X1149.562 Y550.675
G1 X1152.2 Y554.6
G1 X1152.2 Y554.6
G1 X1153.311 Y556.387
G1 X1155.056 Y558.926
G1 X1157.3 Y562.038
G1 X1159.911 Y565.541
G1 X1162.756 Y569.255
G1 X1165.7 Y573.0
G1 X1165.7 Y573.0
G1 X1169.659 Y577.955
G1 X1173.135 Y582.354
G1 X1176.126 Y586.196
G1 X1178.631 Y589.48
G1 X1180.647 Y592.205
G1 X1182.174 Y594.37
G1 X1183.21 Y595.975
G1 X1183.752 Y597.019
G1 X1183.8 Y597.5
G1 X1183.8 Y597.5
G1 X1183.005 Y596.805
G1 X1181.113 Y594.638
G1 X1178.414 Y591.327
G1 X1175.2 Y587.2
G1 X1175.2 Y587.2
G1 X1173.109 Y584.525
G1 X1170.84 Y581.636
G1 X1168.483 Y578.646
G1 X1166.129 Y575.672
G1 X1163.871 Y572.83
G1 X1161.797 Y570.234
G1 X1160.0 Y568.0
G1 X1160.0 Y568.0
G1 X1157.178 Y564.356
G1 X1154.6 Y560.75
G1 X1152.547 Y557.594
G1 X1151.3 Y555.3
G1 X1151.3 Y555.3
G1 X1149.088 Y551.625
G1 X1145.0 Y550.5
G1 X1145.0 Y550.5
G1 X1141.963 Y550.026
G1 X1138.37 Y549.307
G1 X1135.0 Y548.5
G1 X1135.0 Y548.5
G1 X1132.28 Y547.805
G1 X1128.912 Y546.988
G1 X1125.339 Y546.152
G1 X1122.0 Y545.4
G1 X1122.0 Y545.4
G1 X1119.052 Y544.634
G1 X1115.884 Y543.613
G1 X1112.555 Y542.365
G1 X1109.12 Y540.918
G1 X1105.638 Y539.3
G1 X1102.164 Y537.538
G1 X1098.756 Y535.659
G1 X1095.472 Y533.691
G1 X1092.368 Y531.662
G1 X1089.5 Y529.6
G1 X1089.5 Y529.6
G1 X1086.366 Y527.25
G1 X1082.95 Y524.75
G1 X1079.684 Y522.4
G1 X1077.0 Y520.5
G1 X1077.0 Y520.5
G1 X1075.632 Y519.505
G1 X1073.752 Y518.094
G1 X1071.429 Y516.324
G1 X1068.734 Y514.248
G1 X1065.739 Y511.924
G1 X1062.512 Y509.40599999999995
G1 X1059.126 Y506.751
G1 X1055.65 Y504.01300000000003
G1 X1052.156 Y501.24699999999996
G1 X1048.713 Y498.51099999999997
G1 X1045.393 Y495.858
G1 X1042.266 Y493.345
G1 X1039.402 Y491.028
G1 X1036.873 Y488.96
G1 X1034.749 Y487.199
G1 X1033.1 Y485.8
G1 X1033.1 Y485.8
G1 X1028.0 Y482.0
G1 X1028.0 Y482.0
G1 X1025.85 Y484.15
G1 X1021.9 Y489.3
G1 X1021.9 Y489.3
G1 X1019.55 Y492.42
G1 X1017.05 Y495.662
G1 X1014.7 Y498.62300000000005
G1 X1012.8 Y500.9
G1 X1012.8 Y500.9
G1 X1010.662 Y503.581
G1 X1009.949 Y505.57000000000005
G1 X1010.935 Y507.33000000000004
G1 X1013.894 Y509.31899999999996
G1 X1019.1 Y512.0
G1 X1019.1 Y512.0
G1 X1023.563 Y514.497
G1 X1026.9180000000001 Y516.878
G1 X1029.23 Y519.222
G1 X1030.569 Y521.603
G1 X1031.0 Y524.1
G1 X1031.0 Y524.1
G1 X1032.1 Y529.6
G1 X1032.1 Y529.6
G1 X1032.662 Y530.838
G1 X1033.588 Y532.492
G1 X1034.8429999999998 Y534.515
G1 X1036.394 Y536.862
G1 X1038.205 Y539.485
G1 X1040.2440000000001 Y542.338
G1 X1042.475 Y545.377
G1 X1044.865 Y548.554
G1 X1047.38 Y551.823
G1 X1049.984 Y555.138
G1 X1052.646 Y558.454
G1 X1055.329 Y561.723
G1 X1058.0 Y564.9
G1 X1058.0 Y564.9
G1 X1061.645 Y569.202
G1 X1064.8600000000001 Y573.011
G1 X1067.691 Y576.386
G1 X1070.1889999999999 Y579.387
G1 X1072.4009999999998 Y582.075
G1 X1074.375 Y584.509
G1 X1076.159 Y586.75
G1 X1077.8029999999999 Y588.858
G1 X1079.354 Y590.892
G1 X1080.8609999999999 Y592.914
G1 X1082.3719999999998 Y594.982
G1 X1083.9360000000001 Y597.157
G1 X1085.6 Y599.5
G1 X1085.6 Y599.5
G1 X1088.416 Y603.275
G1 X1090.896 Y606.35
G1 X1093.088 Y608.766
G1 X1095.04 Y610.569
G1 X1096.8 Y611.8
G1 X1096.8 Y611.8
G1 X1100.262 Y614.325
G1 X1102.9 Y617.3
G1 X1102.9 Y617.3
G1 X1104.22 Y619.208
G1 X1105.827 Y621.145
G1 X1107.792 Y623.169
G1 X1110.188 Y625.338
G1 X1113.085 Y627.707
G1 X1116.555 Y630.336
G1 X1120.669 Y633.281
G1 X1125.5 Y636.6
G1 X1125.5 Y636.6
G1 X1129.282 Y639.156
G1 X1132.8 Y641.566
G1 X1136.08 Y643.847
G1 X1139.145 Y646.019
G1 X1142.02 Y648.099
G1 X1144.731 Y650.108
G1 X1147.3 Y652.062
G1 X1149.753 Y653.982
G1 X1152.114 Y655.885
G1 X1154.408 Y657.79
G1 X1156.659 Y659.715
G1 X1158.892 Y661.679
G1 X1161.131 Y663.701
G1 X1163.4 Y665.8
G1 X1163.4 Y665.8
G1 X1166.772 Y668.897
G1 X1169.807 Y671.478
G1 X1172.688 Y673.675
G1 X1175.593 Y675.622
G1 X1178.703 Y677.453
G1 X1182.2 Y679.3
G1 X1182.2 Y679.3
G1 X1187.094 Y681.64
G1 X1191.52 Y683.642
G1 X1195.508 Y685.313
G1 X1199.088 Y686.662
G1 X1202.287 Y687.697
G1 X1205.136 Y688.427
G1 X1207.664 Y688.858
G1 X1209.9 Y689.0
G1 X1209.9 Y689.0
G1 X1211.936 Y688.834
G1 X1214.242 Y688.336
G1 X1216.811 Y687.507
G1 X1219.64 Y686.351
G1 X1222.723 Y684.868
G1 X1226.056 Y683.059
G1 X1229.633 Y680.927
G1 X1233.449 Y678.474
G1 X1237.5 Y675.7
G1 X1237.5 Y675.7
G1 X1239.635 Y674.207
G1 X1242.188 Y672.44
G1 X1245.038 Y670.478
G1 X1248.066 Y668.403
G1 X1251.149 Y666.295
G1 X1254.167 Y664.234
G1 X1257.0 Y662.3
G1 X1257.0 Y662.3
G1 X1262.39 Y658.663
G1 X1267.098 Y655.419
G1 X1271.177 Y652.519
G1 X1274.681 Y649.915
G1 X1277.667 Y647.558
G1 X1280.188 Y645.4
G1 X1282.298 Y643.392
G1 X1284.052 Y641.485
G1 X1285.505 Y639.631
G1 X1286.711 Y637.781
G1 X1287.724 Y635.887
G1 X1288.6 Y633.9
G1 X1288.6 Y633.9
G1 X1290.256 Y630.222
G1 X1292.311 Y626.678
G1 X1294.3 Y624.0
G1 X1294.3 Y624.0
G1 X1297.585 Y620.348
G1 X1300.404 Y616.946
G1 X1302.741 Y613.811
G1 X1304.583 Y610.962
G1 X1305.917 Y608.415
G1 X1306.727 Y606.189
G1 X1307.0 Y604.3
G1 X1307.0 Y604.3
G1 X1307.222 Y601.153
G1 X1307.741 Y597.722
G1 X1308.519 Y594.206
G1 X1309.518 Y590.799
G1 X1310.7 Y587.7
G1 X1310.7 Y587.7
G1 X1312.625 Y584.488
G1 X1311.4 Y589.6
G1 X1311.4 Y589.6
G1 X1310.138 Y593.75
G1 X1309.4 Y597.0
G1 X1309.4 Y597.0
G1 X1308.881 Y600.981
G1 X1308.319 Y606.052
G1 X1308.0 Y609.7
G1 X1308.0 Y609.7
G1 X1307.642 Y610.69
G1 X1306.483 Y612.457
G1 X1304.393 Y615.179
G1 X1301.242 Y619.034
G1 X1296.9 Y624.2
G1 X1296.9 Y624.2
G1 X1292.9 Y627.4
G1 X1292.9 Y627.4
G1 X1292.0 Y627.9
G1 X1292.0 Y627.9
G1 X1291.3 Y630.6
G1 X1291.3 Y630.6
G1 X1291.9 Y631.5
G1 X1291.9 Y631.5
G1 X1292.825 Y631.6
G1 X1291.5 Y636.8
G1 X1291.5 Y636.8
G1 X1290.0 Y638.5
G1 X1290.0 Y638.5
G1 X1288.5 Y640.0
G1 X1288.5 Y640.0
G1 X1284.7 Y644.2
G1 X1284.7 Y644.2
G1 X1282.433 Y645.881
G1 X1279.633 Y648.185
G1 X1276.9 Y650.6
G1 X1276.9 Y650.6
G1 X1275.268 Y651.989
G1 X1272.978 Y653.778
G1 X1270.188 Y655.85
G1 X1267.056 Y658.089
G1 X1263.74 Y660.378
G1 X1260.4 Y662.6
G1 X1260.4 Y662.6
G1 X1255.747 Y665.759
G1 X1251.825 Y668.45
G1 X1249.066 Y670.391
G1 X1247.9 Y671.3
G1 X1247.9 Y671.3
G1 X1246.837 Y672.265
G1 X1244.722 Y673.845
G1 X1241.814 Y675.869
G1 X1238.375 Y678.162
G1 X1234.664 Y680.555
G1 X1230.941 Y682.873
G1 X1227.466 Y684.946
G1 X1224.5 Y686.6
G1 X1224.5 Y686.6
G1 X1220.817 Y688.419
G1 X1217.333 Y689.781
G1 X1214.0 Y690.7
G1 X1210.767 Y691.185
G1 X1207.583 Y691.248
G1 X1204.4 Y690.9
M5; lift marker up
G4 P0.08
G0 X1240.0 Y786.2
M3 S1000;put marker down
G4 P0.2
G1 X1235.548 Y783.503
G1 X1231.142 Y780.742
G1 X1226.891 Y777.991
G1 X1222.899 Y775.323
G1 X1219.275 Y772.812
G1 X1216.125 Y770.533
G1 X1213.555 Y768.558
G1 X1211.674 Y766.962
G1 X1210.586 Y765.818
G1 X1210.4 Y765.2
G1 X1210.4 Y765.2
G1 X1215.2 Y768.3
G1 X1215.2 Y768.3
G1 X1217.429 Y770.046
G1 X1220.102 Y772.032
G1 X1223.104 Y774.178
G1 X1226.315 Y776.405
G1 X1229.618 Y778.635
G1 X1232.896 Y780.789
G1 X1236.031 Y782.787
G1 X1238.905 Y784.55
G1 X1241.4 Y786.0
G1 X1241.4 Y786.0
G1 X1246.3 Y789.012
G1 X1246.7 Y790.0
G1 X1246.7 Y790.0
G1 X1244.662 Y788.888
G1 X1240.0 Y786.2
M5; lift marker up
G4 P0.08
G0 X1241.5 Y824.4
M3 S1000;put marker down
G4 P0.2
G1 X1238.868 Y824.084
G1 X1235.768 Y823.677
G1 X1232.296 Y823.193
G1 X1228.548 Y822.644
G1 X1224.619 Y822.045
G1 X1220.604 Y821.407
G1 X1216.599 Y820.745
G1 X1212.699 Y820.072
G1 X1209.0 Y819.4
G1 X1209.0 Y819.4
G1 X1202.99 Y818.3
G1 X1197.282 Y817.236
G1 X1191.872 Y816.206
G1 X1186.753 Y815.209
G1 X1181.919 Y814.243
G1 X1177.365 Y813.308
G1 X1173.085 Y812.4
G1 X1169.073 Y811.52
G1 X1165.324 Y810.665
G1 X1161.83 Y809.834
G1 X1158.588 Y809.025
G1 X1155.59 Y808.238
G1 X1152.831 Y807.47
G1 X1150.305 Y806.72
G1 X1148.007 Y805.987
G1 X1145.93 Y805.269
G1 X1144.07 Y804.565
G1 X1142.419 Y803.873
G1 X1140.972 Y803.193
G1 X1139.724 Y802.521
G1 X1138.669 Y801.857
G1 X1137.8 Y801.2
G1 X1137.8 Y801.2
G1 X1134.288 Y798.863
G1 X1130.1 Y796.9
G1 X1130.1 Y796.9
G1 X1125.439 Y795.186
G1 X1121.046 Y793.548
G1 X1116.904 Y791.979
G1 X1112.998 Y790.471
G1 X1109.311 Y789.017
G1 X1105.828 Y787.609
G1 X1102.533 Y786.24
G1 X1099.409 Y784.902
G1 X1096.441 Y783.587
G1 X1093.613 Y782.288
G1 X1090.908 Y780.997
G1 X1088.311 Y779.706
G1 X1085.806 Y778.409
G1 X1083.377 Y777.098
G1 X1081.008 Y775.764
G1 X1078.682 Y774.401
G1 X1076.385 Y773.0
G1 X1074.0990000000002 Y771.555
G1 X1071.81 Y770.058
G1 X1069.5 Y768.5
G1 X1069.5 Y768.5
G1 X1067.1399999999999 Y766.868
G1 X1064.346 Y764.945
G1 X1061.248 Y762.822
G1 X1057.975 Y760.586
G1 X1054.656 Y758.328
G1 X1051.421 Y756.136
G1 X1048.4 Y754.1
G1 X1048.4 Y754.1
G1 X1044.304 Y751.289
G1 X1040.867 Y748.788
G1 X1037.981 Y746.492
G1 X1035.538 Y744.3
G1 X1033.426 Y742.108
G1 X1031.539 Y739.812
G1 X1029.767 Y737.311
G1 X1028.0 Y734.5
G1 X1028.0 Y734.5
G1 X1026.818 Y732.681
G1 X1024.955 Y730.026
G1 X1022.593 Y726.782
G1 X1019.914 Y723.191
G1 X1017.1 Y719.5
G1 X1017.1 Y719.5
G1 X1013.163 Y714.472
G1 X1010.034 Y710.436
G1 X1007.576 Y707.204
G1 X1005.65 Y704.588
G1 X1004.118 Y702.397
G1 X1002.841 Y700.445
G1 X1001.681 Y698.542
G1 X1000.5 Y696.5
G1 X1000.5 Y696.5
G1 X999.406 Y694.598
G1 X998.059 Y692.339
G1 X996.483 Y689.761
G1 X994.702 Y686.902
G1 X992.738 Y683.8
G1 X990.614 Y680.494
G1 X988.356 Y677.023
G1 X985.985 Y673.425
G1 X983.525 Y669.738
G1 X981.0 Y666.0
G1 X981.0 Y666.0
G1 X979.005 Y662.991
G1 X977.1 Y659.965
G1 X975.285 Y656.922
G1 X973.56 Y653.862
G1 X971.925 Y650.788
G1 X970.38 Y647.698
G1 X968.925 Y644.593
G1 X967.56 Y641.475
G1 X966.285 Y638.344
G1 X965.1 Y635.2
G1 X965.1 Y635.2
G1 X964.313 Y633.036
G1 X963.277 Y630.318
G1 X962.046 Y627.176
G1 X960.677 Y623.742
G1 X959.225 Y620.148
G1 X957.748 Y616.523
G1 X956.3 Y613.0
G1 X956.3 Y613.0
G1 X955.139 Y610.162
G1 X953.877 Y607.036
G1 X952.548 Y603.704
G1 X951.184 Y600.248
G1 X949.819 Y596.752
G1 X948.485 Y593.296
G1 X947.215 Y589.964
G1 X946.043 Y586.838
G1 X945.0 Y584.0
G1 X945.0 Y584.0
G1 X944.026 Y581.347
G1 X942.966 Y578.515
G1 X941.829 Y575.525
G1 X940.624 Y572.397
G1 X939.358 Y569.15
G1 X938.04 Y565.805
G1 X936.678 Y562.381
G1 X935.281 Y558.9
G1 X933.856 Y555.381
G1 X932.413 Y551.844
G1 X930.96 Y548.309
G1 X929.505 Y544.797
G1 X928.056 Y541.326
G1 X926.622 Y537.919
G1 X925.211 Y534.593
G1 X923.832 Y531.371
G1 X922.492 Y528.271
G1 X921.201 Y525.314
G1 X919.966 Y522.519
G1 X918.797 Y519.908
G1 X917.7 Y517.5
G1 X917.7 Y517.5
G1 X916.344 Y514.498
G1 X914.887 Y511.236
G1 X913.386 Y507.84900000000005
G1 X911.899 Y504.46900000000005
G1 X910.484 Y501.22900000000004
G1 X909.199 Y498.26199999999994
G1 X908.1 Y495.7
G1 X908.1 Y495.7
G1 X906.694 Y492.441
G1 X905.203 Y489.103
G1 X903.638 Y485.708
G1 X902.012 Y482.279
G1 X900.335 Y478.838
G1 X898.622 Y475.407
G1 X896.882 Y472.01
G1 X895.128 Y468.668
G1 X893.373 Y465.404
G1 X891.628 Y462.241
G1 X889.904 Y459.201
G1 X888.215 Y456.306
G1 X886.572 Y453.579
G1 X884.987 Y451.042
G1 X883.472 Y448.719
G1 X882.039 Y446.631
G1 X880.7 Y444.8
G1 X880.7 Y444.8
G1 X878.908 Y442.402
G1 X876.93 Y439.659
G1 X874.851 Y436.692
G1 X872.755 Y433.622
G1 X870.725 Y430.57
G1 X868.845 Y427.655
G1 X867.2 Y425.0
G1 X867.2 Y425.0
G1 X864.619 Y420.791
G1 X862.3 Y417.125
G1 X860.506 Y414.397
G1 X859.5 Y413.0
G1 X859.5 Y413.0
G1 X858.241 Y411.096
G1 X856.159 Y407.504
G1 X853.7 Y403.0
G1 X853.7 Y403.0
G1 X852.64 Y400.803
G1 X851.413 Y397.974
G1 X850.06 Y394.629
G1 X848.62 Y390.882
G1 X847.13 Y386.85
G1 X845.631 Y382.646
G1 X844.162 Y378.388
G1 X842.762 Y374.188
G1 X841.47 Y370.164
G1 X840.325 Y366.43
G1 X839.367 Y363.101
G1 X838.634 Y360.293
G1 X838.165 Y358.121
G1 X838.0 Y356.7
G1 X838.0 Y356.7
G1 X837.4 Y353.488
G1 X835.9 Y349.3
G1 X835.9 Y349.3
G1 X833.411 Y343.378
G1 X832.522 Y340.656
G1 X832.9 Y340.0
G1 X832.9 Y340.0
G1 X836.1 Y345.2
G1 X836.1 Y345.2
G1 X837.789 Y348.6
G1 X839.944 Y352.467
G1 X842.1 Y356.0
G1 X842.1 Y356.0
G1 X845.468 Y361.148
G1 X848.515 Y365.819
G1 X851.266 Y370.057
G1 X853.745 Y373.904
G1 X855.977 Y377.402
G1 X857.986 Y380.593
G1 X859.798 Y383.521
G1 X861.437 Y386.226
G1 X862.928 Y388.753
G1 X864.294 Y391.143
G1 X865.562 Y393.439
G1 X866.756 Y395.682
G1 X867.899 Y397.917
G1 X869.018 Y400.184
G1 X870.137 Y402.527
G1 X871.279 Y404.987
G1 X872.471 Y407.608
G1 X873.736 Y410.431
G1 X875.1 Y413.5
G1 X875.1 Y413.5
G1 X878.822 Y421.841
G1 X879.811 Y424.693
G1 X879.0 Y424.5
G1 X879.0 Y424.5
G1 X878.295 Y423.492
G1 X876.89 Y421.02
G1 X874.946 Y417.372
G1 X872.629 Y412.836
G1 X870.1 Y407.7
G1 X870.1 Y407.7
G1 X868.388 Y404.285
G1 X866.589 Y400.783
G1 X864.754 Y397.292
G1 X862.938 Y393.912
G1 X861.191 Y390.744
G1 X859.567 Y387.886
G1 X858.119 Y385.438
G1 X856.9 Y383.5
G1 X856.9 Y383.5
G1 X855.01 Y380.534
G1 X852.823 Y377.103
G1 X850.521 Y373.485
G1 X848.286 Y369.958
G1 X846.3 Y366.8
G1 X846.3 Y366.8
G1 X843.419 Y362.341
G1 X841.115 Y359.193
G1 X839.9 Y358.0
G1 X839.9 Y358.0
G1 X840.0 Y359.9
G1 X840.0 Y359.9
G1 X840.58 Y361.351
G1 X841.64 Y364.19
G1 X843.06 Y368.122
G1 X844.72 Y372.857
G1 X846.5 Y378.1
G1 X846.5 Y378.1
G1 X847.693 Y381.528
G1 X848.994 Y385.069
G1 X850.36 Y388.619
G1 X851.75 Y392.075
G1 X853.121 Y395.334
G1 X854.431 Y398.294
G1 X855.638 Y400.85
G1 X856.7 Y402.9
G1 X856.7 Y402.9
G1 X857.873 Y405.001
G1 X859.29 Y407.429
G1 X860.917 Y410.134
G1 X862.72 Y413.063
G1 X864.667 Y416.167
G1 X866.722 Y419.393
G1 X868.854 Y422.69
G1 X871.027 Y426.008
G1 X873.21 Y429.295
G1 X875.367 Y432.5
G1 X877.465 Y435.571
G1 X879.471 Y438.458
G1 X881.351 Y441.11
G1 X883.072 Y443.474
G1 X884.6 Y445.5
G1 X884.6 Y445.5
G1 X886.691 Y448.461
G1 X889.025 Y452.088
G1 X891.322 Y455.92
G1 X893.3 Y459.5
G1 X893.3 Y459.5
G1 X894.915 Y462.723
G1 X896.542 Y465.995
G1 X898.173 Y469.304
G1 X899.801 Y472.634
G1 X901.42 Y475.972
G1 X903.022 Y479.303
G1 X904.6 Y482.612
G1 X906.148 Y485.887
G1 X907.658 Y489.112
G1 X909.124 Y492.274
G1 X910.538 Y495.358
G1 X911.893 Y498.35
G1 X913.183 Y501.235
G1 X914.4 Y504.0
G1 X914.4 Y504.0
G1 X916.799 Y509.51
G1 X919.006 Y514.56
G1 X921.036 Y519.181
G1 X922.905 Y523.404
G1 X924.629 Y527.261
G1 X926.222 Y530.781
G1 X927.701 Y533.997
G1 X929.08 Y536.939
G1 X930.375 Y539.638
G1 X931.602 Y542.124
G1 X932.775 Y544.43
G1 X933.911 Y546.585
G1 X935.025 Y548.622
G1 X936.132 Y550.57
G1 X937.247 Y552.461
G1 X938.387 Y554.325
G1 X939.566 Y556.195
G1 X940.8 Y558.1
G1 X940.8 Y558.1
G1 X942.414 Y560.55
G1 X944.224 Y563.315
G1 X946.181 Y566.319
G1 X948.238 Y569.482
G1 X950.344 Y572.729
G1 X952.452 Y575.981
G1 X954.513 Y579.162
G1 X956.478 Y582.194
G1 X958.3 Y585.0
G1 X958.3 Y585.0
G1 X960.531 Y588.424
G1 X962.608 Y591.648
G1 X964.553 Y594.71
G1 X966.387 Y597.644
G1 X968.132 Y600.488
G1 X969.808 Y603.278
G1 X971.438 Y606.05
G1 X973.041 Y608.84
G1 X974.639 Y611.685
G1 X976.253 Y614.621
G1 X977.906 Y617.684
G1 X979.617 Y620.911
G1 X981.408 Y624.337
G1 X983.3 Y628.0
G1 X983.3 Y628.0
G1 X986.142 Y633.432
G1 X988.369 Y637.28
G1 X990.255 Y639.952
G1 X992.074 Y641.856
G1 X994.1 Y643.4
G1 X994.1 Y643.4
G1 X995.813 Y644.587
G1 X997.728 Y646.007
G1 X999.826 Y647.64
G1 X1002.087 Y649.469
G1 X1004.492 Y651.475
G1 X1007.021 Y653.64
G1 X1009.655 Y655.946
G1 X1012.374 Y658.374
G1 X1015.158 Y660.907
G1 X1017.988 Y663.525
G1 X1020.844 Y666.211
G1 X1023.706 Y668.946
G1 X1026.556 Y671.711
G1 X1029.374 Y674.49
G1 X1032.1390000000001 Y677.262
G1 X1034.833 Y680.011
G1 X1037.435 Y682.718
G1 X1039.9270000000001 Y685.363
G1 X1042.289 Y687.93
G1 X1044.5 Y690.4
G1 X1044.5 Y690.4
G1 X1046.557 Y692.678
G1 X1048.7350000000001 Y694.962
G1 X1051.025 Y697.246
G1 X1053.415 Y699.52
G1 X1055.896 Y701.775
G1 X1058.4569999999999 Y704.005
G1 X1061.088 Y706.2
G1 X1063.778 Y708.352
G1 X1066.518 Y710.453
G1 X1069.297 Y712.495
G1 X1072.105 Y714.469
G1 X1074.932 Y716.366
G1 X1077.767 Y718.179
G1 X1080.6 Y719.9
G1 X1080.6 Y719.9
G1 X1086.329 Y723.295
G1 X1091.318 Y726.262
G1 X1095.641 Y728.848
G1 X1099.374 Y731.1
G1 X1102.594 Y733.064
G1 X1105.375 Y734.788
G1 X1107.794 Y736.317
G1 X1109.926 Y737.7
G1 X1111.847 Y738.983
G1 X1113.632 Y740.213
G1 X1115.358 Y741.436
G1 X1117.1 Y742.7
G1 X1117.1 Y742.7
G1 X1120.696 Y745.381
G1 X1123.875 Y747.914
G1 X1126.698 Y750.355
G1 X1129.225 Y752.762
G1 X1131.518 Y755.193
G1 X1133.638 Y757.705
G1 X1135.645 Y760.354
G1 X1137.6 Y763.2
G1 X1137.6 Y763.2
G1 X1139.617 Y766.12
G1 X1141.888 Y769.088
G1 X1144.139 Y771.736
G1 X1146.1 Y773.7
G1 X1146.1 Y773.7
G1 X1149.122 Y776.445
G1 X1151.83 Y778.997
G1 X1154.289 Y781.426
G1 X1156.563 Y783.806
G1 X1158.715 Y786.209
G1 X1160.811 Y788.707
G1 X1162.914 Y791.374
G1 X1165.089 Y794.281
G1 X1167.4 Y797.5
G1 X1167.4 Y797.5
G1 X1170.359 Y801.766
G1 X1172.775 Y805.45
G1 X1174.403 Y808.159
G1 X1175.0 Y809.5
G1 X1175.0 Y809.5
G1 X1180.7 Y811.6
G1 X1180.7 Y811.6
G1 X1179.6 Y809.5
G1 X1179.6 Y809.5
G1 X1177.675 Y806.988
G1 X1175.3 Y803.2
G1 X1175.3 Y803.2
G1 X1173.41 Y799.998
G1 X1171.524 Y796.967
G1 X1169.615 Y794.07
G1 X1167.656 Y791.273
G1 X1165.622 Y788.538
G1 X1163.485 Y785.83
G1 X1161.22 Y783.111
G1 X1158.801 Y780.347
G1 X1156.2 Y777.5
G1 X1156.2 Y777.5
G1 X1152.441 Y773.427
G1 X1149.286 Y769.835
G1 X1146.701 Y766.679
G1 X1144.654 Y763.913
G1 X1143.11 Y761.491
G1 X1142.036 Y759.369
G1 X1141.4 Y757.5
G1 X1141.4 Y757.5
G1 X1143.6 Y755.4
G1 X1143.6 Y755.4
G1 X1146.297 Y755.91
G1 X1149.261 Y756.3
G1 X1152.454 Y756.57
G1 X1155.838 Y756.72
G1 X1159.375 Y756.75
G1 X1163.026 Y756.66
G1 X1166.752 Y756.45
G1 X1170.515 Y756.12
G1 X1174.277 Y755.67
G1 X1178.0 Y755.1
G1 X1178.0 Y755.1
G1 X1183.006 Y754.214
G1 X1187.375 Y753.412
G1 X1190.656 Y752.78
G1 X1192.4 Y752.4
G1 X1192.4 Y752.4
G1 X1193.6 Y752.8
G1 X1193.6 Y752.8
G1 X1188.8 Y754.4
G1 X1188.8 Y754.4
G1 X1186.22 Y754.838
G1 X1182.412 Y755.5
G1 X1177.873 Y756.312
G1 X1173.1 Y757.2
G1 X1173.1 Y757.2
G1 X1168.617 Y758.003
G1 X1165.1 Y758.522
G1 X1162.15 Y758.775
G1 X1159.367 Y758.778
G1 X1156.35 Y758.547
G1 X1152.7 Y758.1
G1 X1152.7 Y758.1
G1 X1146.225 Y757.463
G1 X1143.2 Y757.5
G1 X1143.2 Y757.5
G1 X1143.069 Y758.405
G1 X1143.815 Y760.07
G1 X1145.5 Y762.575
G1 X1148.185 Y765.996
G1 X1151.931 Y770.412
G1 X1156.8 Y775.9
G1 X1156.8 Y775.9
G1 X1159.278 Y778.693
G1 X1161.648 Y781.47
G1 X1163.911 Y784.233
G1 X1166.071 Y786.981
G1 X1168.129 Y789.715
G1 X1170.089 Y792.433
G1 X1171.952 Y795.137
G1 X1173.722 Y797.826
G1 X1175.4 Y800.5
G1 X1175.4 Y800.5
G1 X1182.7 Y812.4
G1 X1182.7 Y812.4
G1 X1190.1 Y813.7
G1 X1190.1 Y813.7
G1 X1192.542 Y814.127
G1 X1195.633 Y814.685
G1 X1199.175 Y815.338
G1 X1202.967 Y816.048
G1 X1206.808 Y816.781
G1 X1210.5 Y817.5
G1 X1210.5 Y817.5
G1 X1214.165 Y818.176
G1 X1217.818 Y818.82
G1 X1221.454 Y819.431
G1 X1225.068 Y820.008
G1 X1228.655 Y820.551
G1 X1232.211 Y821.059
G1 X1235.73 Y821.532
G1 X1239.207 Y821.969
G1 X1242.638 Y822.37
G1 X1246.018 Y822.734
G1 X1249.341 Y823.061
G1 X1252.604 Y823.35
G1 X1255.8 Y823.6
G1 X1255.8 Y823.6
G1 X1263.0 Y824.312
G1 X1264.8 Y825.1
G1 X1264.8 Y825.1
G1 X1263.798 Y825.497
G1 X1262.184 Y825.74
G1 X1259.859 Y825.822
G1 X1256.727 Y825.736
G1 X1252.688 Y825.475
G1 X1247.645 Y825.032
G1 X1241.5 Y824.4
M5; lift marker up
G4 P0.08
G0 X1201.1 Y850.2
M3 S1000;put marker down
G4 P0.2
G1 X1201.6 Y848.8
G1 X1201.6 Y848.8
G1 X1202.7 Y851.7
G1 X1202.7 Y851.7
G1 X1201.1 Y850.2
M5; lift marker up
G4 P0.08
G0 X1187.0 Y860.6
M3 S1000;put marker down
G4 P0.2
G1 X1186.0 Y859.5
G1 X1186.0 Y859.5
G1 X1185.0 Y859.9
G1 X1185.0 Y859.9
G1 X1186.0 Y861.0
G1 X1186.0 Y861.0
G1 X1187.0 Y860.6
M5; lift marker up
G4 P0.08
G0 X1182.5 Y856.0
M3 S1000;put marker down
G4 P0.2
G1 X1180.2 Y854.5
G1 X1180.2 Y854.5
G1 X1181.5 Y857.0
G1 X1181.5 Y857.0
G1 X1183.8 Y858.5
G1 X1183.8 Y858.5
G1 X1182.5 Y856.0
M5; lift marker up
G4 P0.08
G0 X1174.2 Y848.0
M3 S1000;put marker down
G4 P0.2
G1 X1169.775 Y844.125
G1 X1166.7 Y841.9
G1 X1166.7 Y841.9
G1 X1165.923 Y841.667
G1 X1166.863 Y842.738
G1 X1169.92 Y845.514
G1 X1175.5 Y850.4
G1 X1175.5 Y850.4
G1 X1178.696 Y852.911
G1 X1178.137 Y851.889
G1 X1174.2 Y848.0
M5; lift marker up
G4 P0.08
G0 X1159.4 Y837.5
M3 S1000;put marker down
G4 P0.2
G1 X1156.5 Y836.1
G1 X1156.5 Y836.1
G1 X1157.4 Y837.5
G1 X1157.4 Y837.5
G1 X1160.4 Y839.0
G1 X1160.4 Y839.0
G1 X1159.4 Y837.5
M5; lift marker up
G4 P0.08
G0 X1174.0 Y809.7
M3 S1000;put marker down
G4 P0.2
G1 X1173.484 Y808.483
G1 X1172.068 Y806.206
G1 X1169.95 Y803.126
G1 X1167.328 Y799.505
G1 X1164.4 Y795.6
G1 X1161.364 Y791.671
G1 X1158.418 Y787.978
G1 X1155.76 Y784.778
G1 X1153.588 Y782.333
G1 X1152.1 Y780.9
G1 X1152.1 Y780.9
G1 X1148.527 Y778.112
G1 X1145.681 Y775.726
G1 X1143.375 Y773.562
G1 X1141.419 Y771.441
G1 X1139.623 Y769.18
G1 X1137.8 Y766.6
G1 X1137.8 Y766.6
G1 X1135.468 Y763.201
G1 X1133.336 Y760.266
G1 X1131.3 Y757.689
G1 X1129.257 Y755.364
G1 X1127.102 Y753.184
G1 X1124.733 Y751.044
G1 X1122.046 Y748.838
G1 X1118.936 Y746.458
G1 X1115.3 Y743.8
G1 X1115.3 Y743.8
G1 X1112.866 Y742.077
G1 X1110.517 Y740.442
G1 X1108.209 Y738.867
G1 X1105.895 Y737.324
G1 X1103.53 Y735.782
G1 X1101.069 Y734.215
G1 X1098.465 Y732.593
G1 X1095.673 Y730.887
G1 X1092.648 Y729.069
G1 X1089.344 Y727.11
G1 X1085.715 Y724.981
G1 X1081.7150000000001 Y722.654
G1 X1077.3 Y720.1
G1 X1077.3 Y720.1
G1 X1074.663 Y718.529
G1 X1071.992 Y716.818
G1 X1069.2930000000001 Y714.973
G1 X1066.5720000000001 Y712.998
G1 X1063.835 Y710.896
G1 X1061.088 Y708.674
G1 X1058.336 Y706.335
G1 X1055.585 Y703.883
G1 X1052.842 Y701.324
G1 X1050.1109999999999 Y698.661
G1 X1047.4 Y695.9
G1 X1047.4 Y695.9
G1 X1043.563 Y691.956
G1 X1039.915 Y688.219
G1 X1036.451 Y684.686
G1 X1033.1660000000002 Y681.351
G1 X1030.0549999999998 Y678.209
G1 X1027.1109999999999 Y675.256
G1 X1024.3310000000001 Y672.485
G1 X1021.708 Y669.893
G1 X1019.238 Y667.475
G1 X1016.914 Y665.225
G1 X1014.733 Y663.139
G1 X1012.689 Y661.211
G1 X1010.776 Y659.437
G1 X1008.989 Y657.812
G1 X1007.324 Y656.331
G1 X1005.774 Y654.988
G1 X1004.334 Y653.78
G1 X1003.0 Y652.7
G1 X1003.0 Y652.7
G1 X999.408 Y649.848
G1 X995.938 Y647.062
G1 X992.973 Y644.67
G1 X990.9 Y643.0
G1 X990.9 Y643.0
G1 X989.376 Y641.534
G1 X987.684 Y639.411
G1 X985.824 Y636.621
G1 X983.796 Y633.154
G1 X981.6 Y629.0
G1 X981.6 Y629.0
G1 X980.317 Y626.525
G1 X978.947 Y623.942
G1 X977.493 Y621.258
G1 X975.959 Y618.48
G1 X974.349 Y615.614
G1 X972.667 Y612.668
G1 X970.916 Y609.649
G1 X969.1 Y606.562
G1 X967.223 Y603.417
G1 X965.289 Y600.218
G1 X963.302 Y596.973
G1 X961.266 Y593.689
G1 X959.183 Y590.373
G1 X957.059 Y587.031
G1 X954.897 Y583.672
G1 X952.7 Y580.3
G1 X952.7 Y580.3
G1 X950.369 Y576.731
G1 X948.048 Y573.144
G1 X945.85 Y569.725
G1 X943.885 Y566.656
G1 X942.265 Y564.119
G1 X941.1 Y562.3
G1 X941.1 Y562.3
G1 X938.207 Y557.978
G1 X937.359 Y557.456
G1 X938.6 Y560.8
G1 X938.6 Y560.8
G1 X939.16 Y562.124
G1 X940.031 Y564.292
G1 X941.158 Y567.166
G1 X942.485 Y570.61
G1 X943.954 Y574.488
G1 X945.511 Y578.664
G1 X947.1 Y583.0
G1 X947.1 Y583.0
G1 X948.292 Y586.175
G1 X949.572 Y589.534
G1 X950.911 Y593.012
G1 X952.284 Y596.539
G1 X953.662 Y600.05
G1 X955.02 Y603.477
G1 X956.33 Y606.752
G1 X957.564 Y609.81
G1 X958.696 Y612.581
G1 X959.7 Y615.0
G1 X959.7 Y615.0
G1 X961.075 Y618.308
G1 X962.505 Y621.798
G1 X963.938 Y625.333
G1 X965.317 Y628.777
G1 X966.591 Y631.994
G1 X967.703 Y634.847
G1 X968.6 Y637.2
G1 X968.6 Y637.2
G1 X969.823 Y640.341
G1 X971.009 Y643.186
G1 X972.23 Y645.87
G1 X973.559 Y648.527
G1 X975.071 Y651.291
G1 X976.837 Y654.296
G1 X978.932 Y657.677
G1 X981.429 Y661.567
G1 X984.4 Y666.1
G1 X984.4 Y666.1
G1 X986.785 Y669.67
G1 X989.15 Y673.255
G1 X991.334 Y676.605
G1 X993.171 Y679.47
G1 X994.5 Y681.6
G1 X994.5 Y681.6
G1 X997.324 Y686.308
G1 X999.779 Y690.357
G1 X1001.927 Y693.843
G1 X1003.83 Y696.862
G1 X1005.55 Y699.512
G1 X1007.15 Y701.89
G1 X1008.693 Y704.09
G1 X1010.241 Y706.211
G1 X1011.856 Y708.349
G1 X1013.6 Y710.6
G1 X1013.6 Y710.6
G1 X1015.391 Y712.9
G1 X1017.446 Y715.604
G1 X1019.674 Y718.59
G1 X1021.985 Y721.735
G1 X1024.287 Y724.916
G1 X1026.489 Y728.012
G1 X1028.5 Y730.9
G1 X1028.5 Y730.9
G1 X1030.3980000000001 Y733.627
G1 X1032.089 Y735.998
G1 X1033.662 Y738.091
G1 X1035.204 Y739.982
G1 X1036.8020000000001 Y741.75
G1 X1038.546 Y743.471
G1 X1040.5230000000001 Y745.222
G1 X1042.821 Y747.081
G1 X1045.527 Y749.125
G1 X1048.73 Y751.432
G1 X1052.518 Y754.079
G1 X1056.979 Y757.142
G1 X1062.2 Y760.7
G1 X1062.2 Y760.7
G1 X1066.1280000000002 Y763.364
G1 X1069.844 Y765.843
G1 X1073.364 Y768.147
G1 X1076.705 Y770.285
G1 X1079.885 Y772.267
G1 X1082.92 Y774.102
G1 X1085.827 Y775.799
G1 X1088.623 Y777.37
G1 X1091.324 Y778.822
G1 X1093.948 Y780.167
G1 X1096.512 Y781.412
G1 X1099.032 Y782.569
G1 X1101.525 Y783.646
G1 X1104.009 Y784.653
G1 X1106.5 Y785.6
G1 X1106.5 Y785.6
G1 X1110.04 Y786.923
G1 X1113.868 Y788.41
G1 X1117.696 Y789.934
G1 X1121.236 Y791.373
G1 X1124.2 Y792.6
G1 X1124.2 Y792.6
G1 X1129.95 Y795.012
G1 X1133.0 Y796.0
G1 X1133.0 Y796.0
G1 X1137.1 Y798.4
G1 X1137.1 Y798.4
G1 X1138.684 Y799.559
G1 X1140.675 Y800.716
G1 X1143.098 Y801.877
G1 X1145.975 Y803.05
G1 X1149.33 Y804.242
G1 X1153.188 Y805.459
G1 X1157.57 Y806.71
G1 X1162.5 Y808.0
G1 X1162.5 Y808.0
G1 X1168.096 Y809.463
G1 X1172.137 Y810.504
G1 X1173.8 Y810.9
G1 X1173.8 Y810.9
G1 X1174.0 Y809.7
M5; lift marker up
G4 P0.08
G0 X1125.2 Y836.3
M3 S1000;put marker down
G4 P0.2
G1 X1124.87 Y829.792
G1 X1124.062 Y825.713
G1 X1122.598 Y823.602
G1 X1120.3 Y823.0
G1 X1120.3 Y823.0
G1 X1119.2 Y822.5
G1 X1119.2 Y822.5
G1 X1125.5 Y823.5
G1 X1125.5 Y823.5
G1 X1131.625 Y825.425
G1 X1129.2 Y825.4
G1 X1129.2 Y825.4
G1 X1126.1 Y824.8
G1 X1126.1 Y824.8
G1 X1125.7 Y835.6
G1 X1125.7 Y835.6
G1 X1125.4 Y846.5
G1 X1125.4 Y846.5
G1 X1125.2 Y836.3
M5; lift marker up
G4 P0.08
G0 X1112.8 Y820.3
M3 S1000;put marker down
G4 P0.2
G1 X1114.7 Y820.4
G1 X1114.7 Y820.4
G1 X1113.4 Y820.9
G1 X1113.4 Y820.9
G1 X1112.8 Y820.3
M5; lift marker up
G4 P0.08
G0 X1091.0 Y818.4
M3 S1000;put marker down
G4 P0.2
G1 X1085.95 Y817.35
G1 X1081.5 Y816.6
G1 X1081.5 Y816.6
G1 X1074.6779999999999 Y815.783
G1 X1070.2 Y815.088
G1 X1067.7469999999998 Y814.448
G1 X1067.0 Y813.8
G1 X1067.0 Y813.8
G1 X1068.8 Y813.4
G1 X1068.8 Y813.4
G1 X1071.75 Y813.95
G1 X1076.5 Y814.5
G1 X1076.5 Y814.5
G1 X1080.493 Y815.074
G1 X1085.174 Y815.893
G1 X1089.5 Y816.8
G1 X1089.5 Y816.8
G1 X1093.807 Y817.637
G1 X1098.293 Y818.43
G1 X1102.0 Y819.0
G1 X1102.0 Y819.0
G1 X1107.5 Y819.7
G1 X1107.5 Y819.7
G1 X1102.0 Y819.7
G1 X1102.0 Y819.7
G1 X1098.481 Y819.585
G1 X1094.519 Y819.115
G1 X1091.0 Y818.4
M5; lift marker up
G4 P0.08
G0 X1134.4 Y872.4
M3 S1000;put marker down
G4 P0.2
G1 X1133.528 Y869.542
G1 X1132.375 Y866.188
G1 X1131.109 Y862.739
G1 X1129.9 Y859.6
G1 X1129.9 Y859.6
G1 X1128.419 Y855.696
G1 X1127.181 Y852.104
G1 X1126.5 Y849.6
G1 X1126.5 Y849.6
G1 X1126.628 Y849.104
G1 X1127.556 Y850.93
G1 X1129.05 Y854.5
G1 X1130.878 Y859.237
G1 X1132.806 Y864.563
G1 X1134.6 Y869.9
G1 X1134.6 Y869.9
G1 X1136.15 Y875.312
G1 X1136.5 Y877.8
G1 X1136.5 Y877.8
G1 X1134.4 Y872.4
M5; lift marker up
G4 P0.08
G0 X1184.0 Y882.2
M3 S1000;put marker down
G4 P0.2
G1 X1184.863 Y879.1
G1 X1186.904 Y875.267
G1 X1189.3 Y872.3
G1 X1189.3 Y872.3
G1 X1189.2 Y873.7
G1 X1189.2 Y873.7
G1 X1187.2 Y876.912
G1 X1185.5 Y880.2
G1 X1185.5 Y880.2
G1 X1184.0 Y882.2
M5; lift marker up
G4 P0.08
G0 X1184.0 Y889.6
M3 S1000;put marker down
G4 P0.2
G1 X1183.3 Y885.8
G1 X1183.3 Y885.8
G1 X1183.9 Y886.2
G1 X1183.9 Y886.2
G1 X1185.8 Y889.9
G1 X1185.8 Y889.9
G1 X1186.4 Y891.0
G1 X1186.4 Y891.0
G1 X1184.0 Y889.6
M5; lift marker up
G4 P0.08
G0 X1189.8 Y890.3
M3 S1000;put marker down
G4 P0.2
G1 X1191.7 Y890.4
G1 X1191.7 Y890.4
G1 X1190.4 Y890.9
G1 X1190.4 Y890.9
G1 X1189.8 Y890.3
M5; lift marker up
G4 P0.08
G0 X1197.0 Y890.6
M3 S1000;put marker down
G4 P0.2
G1 X1198.6 Y889.6
G1 X1198.6 Y889.6
G1 X1199.5 Y890.0
G1 X1199.5 Y890.0
G1 X1197.0 Y890.6
M5; lift marker up
G4 P0.08
G0 X1200.4 Y880.8
M3 S1000;put marker down
G4 P0.2
G1 X1198.2 Y877.0
G1 X1198.2 Y877.0
G1 X1198.5 Y876.5
G1 X1198.5 Y876.5
G1 X1201.6 Y882.0
G1 X1201.6 Y882.0
G1 X1200.4 Y880.8
M5; lift marker up
G4 P0.08
G0 X1268.0 Y912.5
M3 S1000;put marker down
G4 P0.2
G1 X1266.5 Y911.1
G1 X1266.5 Y911.1
G1 X1270.0 Y912.5
G1 X1270.0 Y912.5
G1 X1271.5 Y913.9
G1 X1271.5 Y913.9
G1 X1268.0 Y912.5
M5; lift marker up
G4 P0.08
G0 X1273.9 Y960.3
M3 S1000;put marker down
G4 P0.2
G1 X1272.776 Y958.998
G1 X1271.343 Y957.207
G1 X1269.643 Y954.986
G1 X1267.717 Y952.396
G1 X1265.609 Y949.496
G1 X1263.361 Y946.349
G1 X1261.015 Y943.014
G1 X1258.613 Y939.55
G1 X1256.199 Y936.02
G1 X1253.814 Y932.483
G1 X1251.5 Y929.0
G1 X1251.5 Y929.0
G1 X1249.544 Y925.961
G1 X1247.452 Y922.752
G1 X1245.338 Y919.538
G1 X1243.315 Y916.481
G1 X1241.498 Y913.748
G1 X1240.0 Y911.5
G1 X1240.0 Y911.5
G1 X1237.575 Y907.703
G1 X1235.215 Y903.743
G1 X1232.993 Y899.77
G1 X1230.98 Y895.933
G1 X1229.25 Y892.381
G1 X1227.874 Y889.263
G1 X1226.926 Y886.727
G1 X1226.477 Y884.923
G1 X1226.6 Y884.0
G1 X1226.6 Y884.0
G1 X1228.488 Y884.488
G1 X1232.1 Y889.1
G1 X1232.1 Y889.1
G1 X1233.816 Y891.372
G1 X1235.662 Y893.479
G1 X1237.689 Y895.456
G1 X1239.945 Y897.335
G1 X1242.481 Y899.153
G1 X1245.344 Y900.944
G1 X1248.586 Y902.743
G1 X1252.255 Y904.583
G1 X1256.4 Y906.5
G1 X1256.4 Y906.5
G1 X1262.388 Y909.312
G1 X1264.7 Y910.7
G1 X1264.7 Y910.7
G1 X1263.397 Y910.45
G1 X1260.474 Y909.37
G1 X1256.512 Y907.713
G1 X1252.093 Y905.73
G1 X1247.795 Y903.675
G1 X1244.2 Y901.8
G1 X1244.2 Y901.8
G1 X1241.251 Y899.959
G1 X1238.578 Y898.004
G1 X1236.138 Y895.888
G1 X1233.889 Y893.563
G1 X1231.79 Y890.983
G1 X1229.8 Y888.1
G1 X1229.8 Y888.1
G1 X1227.0 Y884.8
G1 X1227.0 Y884.8
G1 X1227.384 Y886.093
G1 X1228.442 Y888.45
G1 X1230.032 Y891.613
G1 X1232.012 Y895.325
G1 X1234.241 Y899.327
G1 X1236.577 Y903.363
G1 X1238.877 Y907.173
G1 X1241.0 Y910.5
G1 X1241.0 Y910.5
G1 X1243.13 Y913.747
G1 X1245.438 Y917.35
G1 X1247.652 Y920.878
G1 X1249.5 Y923.9
G1 X1249.5 Y923.9
G1 X1251.256 Y926.677
G1 X1253.048 Y929.205
G1 X1254.951 Y931.552
G1 X1257.038 Y933.788
G1 X1259.382 Y935.981
G1 X1262.058 Y938.202
G1 X1265.139 Y940.518
G1 X1268.7 Y943.0
G1 X1268.7 Y943.0
G1 X1272.781 Y945.789
G1 X1275.952 Y948.044
G1 X1277.5 Y949.3
G1 X1277.5 Y949.3
G1 X1277.064 Y949.434
G1 X1273.788 Y947.6
G1 X1269.217 Y944.716
G1 X1264.9 Y941.7
G1 X1264.9 Y941.7
G1 X1259.4 Y938.3
G1 X1259.4 Y938.3
G1 X1259.97 Y939.395
G1 X1261.788 Y942.113
G1 X1264.561 Y946.048
G1 X1268.0 Y950.8
G1 X1268.0 Y950.8
G1 X1271.497 Y955.533
G1 X1274.3 Y959.412
G1 X1276.128 Y962.036
G1 X1276.7 Y963.0
G1 X1276.7 Y963.0
G1 X1273.9 Y960.3
M5; lift marker up
G4 P0.08
G0 X1269.4 Y975.5
M3 S1000;put marker down
G4 P0.2
G1 X1265.4 Y973.0
G1 X1265.4 Y973.0
G1 X1262.593 Y972.274
G1 X1260.007 Y969.993
G1 X1257.4 Y966.0
G1 X1257.4 Y966.0
G1 X1253.1 Y961.6
G1 X1253.1 Y961.6
G1 X1250.2 Y962.516
G1 X1247.675 Y962.175
G1 X1244.662 Y960.222
G1 X1240.3 Y956.3
G1 X1240.3 Y956.3
G1 X1236.933 Y952.927
G1 X1234.177 Y949.7
G1 X1232.022 Y946.604
G1 X1230.462 Y943.625
G1 X1229.488 Y940.749
G1 X1229.092 Y937.963
G1 X1229.265 Y935.251
G1 X1230.0 Y932.6
G1 X1230.0 Y932.6
G1 X1230.05 Y930.012
G1 X1225.9 Y927.5
G1 X1225.9 Y927.5
G1 X1222.888 Y925.597
G1 X1220.256 Y923.245
G1 X1218.046 Y920.53
G1 X1216.3 Y917.538
G1 X1215.06 Y914.353
G1 X1214.369 Y911.061
G1 X1214.268 Y907.748
G1 X1214.8 Y904.5
G1 X1214.8 Y904.5
G1 X1215.4 Y901.812
G1 X1215.025 Y899.65
G1 X1213.113 Y896.738
G1 X1209.1 Y891.8
G1 X1209.1 Y891.8
G1 X1204.6 Y886.5
G1 X1204.6 Y886.5
G1 X1208.9 Y890.5
G1 X1208.9 Y890.5
G1 X1212.67 Y894.167
G1 X1215.015 Y896.966
G1 X1216.165 Y899.37
G1 X1216.35 Y901.857
G1 X1215.8 Y904.9
G1 X1215.8 Y904.9
G1 X1215.212 Y909.85
G1 X1216.5 Y914.5
G1 X1216.5 Y914.5
G1 X1218.09 Y917.974
G1 X1220.073 Y921.049
G1 X1222.411 Y923.687
G1 X1225.066 Y925.85
G1 X1228.0 Y927.5
G1 X1228.0 Y927.5
G1 X1231.4 Y931.9
G1 X1231.4 Y931.9
G1 X1230.71 Y935.124
G1 X1230.616 Y938.298
G1 X1231.127 Y941.443
G1 X1232.252 Y944.583
G1 X1234.001 Y947.741
G1 X1236.38 Y950.939
G1 X1239.4 Y954.2
G1 X1239.4 Y954.2
G1 X1244.078 Y958.692
G1 X1247.2 Y961.038
G1 X1249.497 Y961.639
G1 X1251.7 Y960.9
G1 X1251.7 Y960.9
G1 X1256.4 Y962.1
G1 X1256.4 Y962.1
G1 X1258.375 Y964.888
G1 X1260.2 Y967.9
G1 X1260.2 Y967.9
G1 X1264.9 Y971.6
G1 X1264.9 Y971.6
G1 X1270.1 Y974.6
G1 X1270.1 Y974.6
G1 X1274.162 Y976.888
G1 X1278.0 Y975.8
G1 X1278.0 Y975.8
G1 X1278.1 Y976.3
G1 X1278.1 Y976.3
G1 X1274.125 Y977.888
G1 X1269.4 Y975.5
M5; lift marker up
G4 P0.08
G0 X1342.9 Y966.3
M3 S1000;put marker down
G4 P0.2
G1 X1343.3 Y965.9
G1 X1343.3 Y965.9
G1 X1345.0 Y967.6
G1 X1345.0 Y967.6
G1 X1342.9 Y966.3
M5; lift marker up
G4 P0.08
G0 X1348.0 Y967.6
M3 S1000;put marker down
G4 P0.2
G1 X1349.8 Y965.9
G1 X1349.8 Y965.9
G1 X1350.1 Y966.3
G1 X1350.1 Y966.3
G1 X1348.0 Y967.6
M5; lift marker up
G4 P0.08
G0 X1190.3 Y971.3
M3 S1000;put marker down
G4 P0.2
G1 X1187.525 Y967.861
G1 X1184.906 Y964.722
G1 X1182.411 Y961.851
G1 X1180.007 Y959.216
G1 X1177.661 Y956.786
G1 X1175.341 Y954.528
G1 X1173.016 Y952.41
G1 X1170.651 Y950.4
G1 X1168.215 Y948.467
G1 X1165.676 Y946.577
G1 X1163.0 Y944.7
G1 X1163.0 Y944.7
G1 X1160.38 Y942.856
G1 X1157.337 Y940.619
G1 X1154.05 Y938.125
G1 X1150.696 Y935.515
G1 X1147.454 Y932.927
G1 X1144.5 Y930.5
G1 X1144.5 Y930.5
G1 X1140.547 Y927.245
G1 X1137.175 Y924.562
G1 X1134.741 Y922.723
G1 X1133.6 Y922.0
G1 X1133.6 Y922.0
G1 X1131.84 Y921.401
G1 X1129.11 Y919.862
G1 X1125.76 Y917.644
G1 X1122.142 Y915.009
G1 X1118.609 Y912.216
G1 X1115.511 Y909.526
G1 X1113.2 Y907.2
G1 X1113.2 Y907.2
G1 X1112.089 Y905.836
G1 X1110.801 Y904.159
G1 X1109.352 Y902.196
G1 X1107.758 Y899.97
G1 X1106.035 Y897.507
G1 X1104.198 Y894.831
G1 X1102.265 Y891.968
G1 X1100.25 Y888.941
G1 X1098.17 Y885.777
G1 X1096.04 Y882.499
G1 X1093.877 Y879.133
G1 X1091.696 Y875.704
G1 X1089.513 Y872.236
G1 X1087.345 Y868.754
G1 X1085.207 Y865.283
G1 X1083.115 Y861.849
G1 X1081.085 Y858.475
G1 X1079.133 Y855.187
G1 X1077.275 Y852.009
G1 X1075.527 Y848.966
G1 X1073.904 Y846.084
G1 X1072.423 Y843.387
G1 X1071.1 Y840.9
G1 X1071.1 Y840.9
G1 X1069.107 Y836.957
G1 X1067.0529999999999 Y832.667
G1 X1065.0259999999998 Y828.237
G1 X1063.112 Y823.877
G1 X1061.399 Y819.794
G1 X1059.9740000000002 Y816.196
G1 X1058.924 Y813.293
G1 X1058.337 Y811.291
G1 X1058.3 Y810.4
G1 X1058.3 Y810.4
G1 X1058.829 Y811.17
G1 X1060.0819999999999 Y813.533
G1 X1061.922 Y817.211
G1 X1064.2069999999999 Y821.926
G1 X1066.8 Y827.4
G1 X1066.8 Y827.4
G1 X1068.3809999999999 Y830.709
G1 X1070.096 Y834.18
G1 X1071.9 Y837.733
G1 X1073.748 Y841.286
G1 X1075.596 Y844.758
G1 X1077.4 Y848.067
G1 X1079.115 Y851.131
G1 X1080.696 Y853.869
G1 X1082.1 Y856.2
G1 X1082.1 Y856.2
G1 X1084.483 Y859.984
G1 X1086.838 Y863.72
G1 X1088.99 Y867.144
G1 X1090.769 Y869.992
G1 X1092.0 Y872.0
G1 X1092.0 Y872.0
G1 X1093.724 Y874.832
G1 X1095.677 Y877.925
G1 X1097.808 Y881.207
G1 X1100.065 Y884.606
G1 X1102.398 Y888.048
G1 X1104.754 Y891.463
G1 X1107.083 Y894.778
G1 X1109.332 Y897.919
G1 X1111.452 Y900.815
G1 X1113.39 Y903.394
G1 X1115.094 Y905.582
G1 X1116.515 Y907.309
G1 X1117.6 Y908.5
G1 X1117.6 Y908.5
G1 X1119.863 Y910.533
G1 X1122.8 Y912.838
G1 X1126.038 Y915.123
G1 X1129.2 Y917.1
G1 X1129.2 Y917.1
G1 X1131.528 Y918.544
G1 X1134.389 Y920.485
G1 X1137.6 Y922.788
G1 X1140.978 Y925.315
G1 X1144.339 Y927.931
G1 X1147.5 Y930.5
G1 X1147.5 Y930.5
G1 X1150.23 Y932.714
G1 X1153.118 Y935.014
G1 X1156.051 Y937.314
G1 X1158.918 Y939.529
G1 X1161.606 Y941.571
G1 X1164.004 Y943.357
G1 X1166.0 Y944.8
G1 X1166.0 Y944.8
G1 X1169.155 Y947.021
G1 X1172.044 Y949.175
G1 X1174.707 Y951.3
G1 X1177.183 Y953.432
G1 X1179.51 Y955.609
G1 X1181.726 Y957.867
G1 X1183.871 Y960.243
G1 X1185.982 Y962.775
G1 X1188.1 Y965.5
G1 X1188.1 Y965.5
G1 X1190.4 Y968.538
G1 X1192.775 Y971.575
G1 X1194.962 Y974.275
G1 X1196.7 Y976.3
G1 X1196.7 Y976.3
G1 X1199.0 Y981.0
G1 X1199.0 Y981.0
G1 X1197.478 Y979.663
G1 X1194.356 Y976.17
G1 X1190.3 Y971.3
M5; lift marker up
G4 P0.08
G0 X1168.4 Y974.2
M3 S1000;put marker down
G4 P0.2
G1 X1166.225 Y971.752
G1 X1163.79 Y968.992
G1 X1161.294 Y966.136
G1 X1158.931 Y963.4
G1 X1156.9 Y961.0
G1 X1156.9 Y961.0
G1 X1155.417 Y959.217
G1 X1153.519 Y957.023
G1 X1151.306 Y954.522
G1 X1148.878 Y951.815
G1 X1146.334 Y949.007
G1 X1143.775 Y946.201
G1 X1141.3 Y943.5
G1 X1141.3 Y943.5
G1 X1137.51 Y939.376
G1 X1134.059 Y935.461
G1 X1131.017 Y931.844
G1 X1128.45 Y928.613
G1 X1126.427 Y925.854
G1 X1125.016 Y923.658
G1 X1124.284 Y922.11
G1 X1124.3 Y921.3
G1 X1124.3 Y921.3
G1 X1125.12 Y921.322
G1 X1126.763 Y922.078
G1 X1129.2 Y923.55
G1 X1132.404 Y925.722
G1 X1136.346 Y928.578
G1 X1141.0 Y932.1
G1 X1141.0 Y932.1
G1 X1142.785 Y933.49
G1 X1145.006 Y935.214
G1 X1147.574 Y937.203
G1 X1150.4 Y939.388
G1 X1153.395 Y941.699
G1 X1156.469 Y944.067
G1 X1159.534 Y946.424
G1 X1162.5 Y948.7
G1 X1162.5 Y948.7
G1 X1165.432 Y951.016
G1 X1168.391 Y953.465
G1 X1171.344 Y956.013
G1 X1174.255 Y958.625
G1 X1177.093 Y961.267
G1 X1179.823 Y963.905
G1 X1182.412 Y966.506
G1 X1184.826 Y969.034
G1 X1187.032 Y971.456
G1 X1188.996 Y973.738
G1 X1190.684 Y975.846
G1 X1192.064 Y977.744
G1 X1193.1 Y979.4
G1 X1193.1 Y979.4
G1 X1193.792 Y981.042
G1 X1192.562 Y980.238
G1 X1189.627 Y977.164
G1 X1185.2 Y972.0
G1 X1185.2 Y972.0
G1 X1183.206 Y969.647
G1 X1181.214 Y967.418
G1 X1179.178 Y965.269
G1 X1177.051 Y963.157
G1 X1174.788 Y961.038
G1 X1172.341 Y958.867
G1 X1169.665 Y956.602
G1 X1166.714 Y954.198
G1 X1163.441 Y951.612
G1 X1159.8 Y948.8
G1 X1159.8 Y948.8
G1 X1157.934 Y947.361
G1 X1155.541 Y945.519
G1 X1152.775 Y943.388
G1 X1149.793 Y941.081
G1 X1146.749 Y938.714
G1 X1143.8 Y936.4
G1 X1143.8 Y936.4
G1 X1139.556 Y933.08
G1 X1135.65 Y930.088
G1 X1132.494 Y927.752
G1 X1130.5 Y926.4
G1 X1130.5 Y926.4
G1 X1127.5 Y924.5
G1 X1127.5 Y924.5
G1 X1130.9 Y929.2
G1 X1130.9 Y929.2
G1 X1132.473 Y931.221
G1 X1134.77 Y933.99
G1 X1137.582 Y937.25
G1 X1140.695 Y940.739
G1 X1143.9 Y944.2
G1 X1143.9 Y944.2
G1 X1146.272 Y946.766
G1 X1148.78 Y949.504
G1 X1151.328 Y952.308
G1 X1153.821 Y955.068
G1 X1156.161 Y957.675
G1 X1158.253 Y960.022
G1 X1160.0 Y962.0
G1 X1160.0 Y962.0
G1 X1162.298 Y964.617
G1 X1164.755 Y967.406
G1 X1167.193 Y970.158
G1 X1169.434 Y972.659
G1 X1171.3 Y974.7
G1 X1171.3 Y974.7
G1 X1174.625 Y978.575
G1 X1176.0 Y980.5
G1 X1176.0 Y980.5
G1 X1175.23 Y980.867
G1 X1172.77 Y978.833
G1 X1168.4 Y974.2
M5; lift marker up
G4 P0.08
G0 X1110.7 Y967.8
M3 S1000;put marker down
G4 P0.2
G1 X1110.2 Y969.0
G1 X1110.2 Y969.0
G1 X1110.7 Y970.3
G1 X1110.7 Y970.3
G1 X1110.7 Y967.8
M5; lift marker up
G4 P0.08
G0 X1111.7 Y959.8
M3 S1000;put marker down
G4 P0.2
G1 X1111.3 Y961.5
G1 X1111.3 Y961.5
G1 X1111.7 Y963.8
G1 X1111.7 Y963.8
G1 X1111.7 Y959.8
M5; lift marker up
G4 P0.08
G0 X1108.0 Y978.3
M3 S1000;put marker down
G4 P0.2
G1 X1108.059 Y977.099
G1 X1108.224 Y974.958
G1 X1108.48 Y972.016
G1 X1108.812 Y968.411
G1 X1109.203 Y964.281
G1 X1109.637 Y959.765
G1 X1110.1 Y955.0
G1 X1110.1 Y955.0
G1 X1110.925 Y947.004
G1 X1111.599 Y940.363
G1 X1112.12 Y934.927
G1 X1112.489 Y930.541
G1 X1112.703 Y927.054
G1 X1112.762 Y924.312
G1 X1112.665 Y922.165
G1 X1112.411 Y920.459
G1 X1111.998 Y919.042
G1 X1111.426 Y917.762
G1 X1110.694 Y916.465
G1 X1109.8 Y915.0
G1 X1109.8 Y915.0
G1 X1107.593 Y911.481
G1 X1104.941 Y907.519
G1 X1102.4 Y904.0
G1 X1102.4 Y904.0
G1 X1100.771 Y901.746
G1 X1098.808 Y898.968
G1 X1096.578 Y895.766
G1 X1094.145 Y892.238
G1 X1091.578 Y888.481
G1 X1088.941 Y884.595
G1 X1086.301 Y880.677
G1 X1083.723 Y876.827
G1 X1081.275 Y873.141
G1 X1079.022 Y869.719
G1 X1077.031 Y866.658
G1 X1075.366 Y864.058
G1 X1074.096 Y862.016
G1 X1073.2849999999999 Y860.63
G1 X1073.0 Y860.0
G1 X1073.0 Y860.0
G1 X1072.1 Y859.0
G1 X1072.1 Y859.0
G1 X1071.363 Y861.15
G1 X1070.7 Y866.3
G1 X1070.7 Y866.3
G1 X1070.45 Y868.402
G1 X1070.0149999999999 Y871.028
G1 X1069.413 Y874.107
G1 X1068.665 Y877.569
G1 X1067.79 Y881.344
G1 X1066.807 Y885.359
G1 X1065.737 Y889.546
G1 X1064.5990000000002 Y893.833
G1 X1063.412 Y898.15
G1 X1062.1970000000001 Y902.426
G1 X1060.973 Y906.591
G1 X1059.759 Y910.574
G1 X1058.576 Y914.305
G1 X1057.442 Y917.712
G1 X1056.3780000000002 Y920.726
G1 X1055.403 Y923.276
G1 X1054.537 Y925.29
G1 X1053.8 Y926.7
G1 X1053.8 Y926.7
G1 X1052.47 Y930.248
G1 X1053.23 Y933.819
G1 X1056.3 Y938.5
G1 X1056.3 Y938.5
G1 X1059.796 Y943.144
G1 X1060.204 Y944.189
G1 X1057.7 Y942.1
G1 X1057.7 Y942.1
G1 X1054.688 Y938.7
G1 X1052.5 Y935.3
G1 X1052.5 Y935.3
G1 X1050.1 Y932.4
G1 X1050.1 Y932.4
G1 X1048.225 Y934.775
G1 X1044.7 Y939.7
G1 X1044.7 Y939.7
G1 X1042.52 Y942.725
G1 X1039.938 Y945.975
G1 X1037.261 Y949.038
G1 X1034.8 Y951.5
G1 X1034.8 Y951.5
G1 X1030.762 Y955.238
G1 X1033.7 Y952.0
G1 X1033.7 Y952.0
G1 X1035.062 Y950.368
G1 X1036.863 Y948.078
G1 X1038.975 Y945.288
G1 X1041.27 Y942.156
G1 X1043.621 Y938.84
G1 X1045.9 Y935.5
G1 X1045.9 Y935.5
G1 X1048.594 Y931.476
G1 X1050.754 Y928.08
G1 X1052.491 Y925.083
G1 X1053.921 Y922.256
G1 X1055.1570000000002 Y919.369
G1 X1056.312 Y916.193
G1 X1057.5 Y912.5
G1 X1057.5 Y912.5
G1 X1058.662 Y908.745
G1 X1059.815 Y904.874
G1 X1060.877 Y901.182
G1 X1061.766 Y897.959
G1 X1062.4 Y895.5
G1 X1062.4 Y895.5
G1 X1063.1660000000002 Y892.416
G1 X1064.175 Y888.45
G1 X1065.297 Y884.109
G1 X1066.4 Y879.9
G1 X1066.4 Y879.9
G1 X1067.3339999999998 Y876.233
G1 X1068.091 Y872.498
G1 X1068.661 Y868.798
G1 X1069.034 Y865.231
G1 X1069.2 Y861.9
G1 X1069.2 Y861.9
G1 X1069.5 Y853.5
G1 X1069.5 Y853.5
G1 X1058.6 Y831.7
G1 X1058.6 Y831.7
G1 X1055.6019999999999 Y825.687
G1 X1052.837 Y820.202
G1 X1050.3049999999998 Y815.241
G1 X1048.004 Y810.804
G1 X1045.935 Y806.888
G1 X1044.096 Y803.492
G1 X1042.4859999999999 Y800.613
G1 X1041.105 Y798.249
G1 X1039.952 Y796.4
G1 X1039.0259999999998 Y795.062
G1 X1038.325 Y794.234
G1 X1037.85 Y793.914
G1 X1037.6 Y794.1
G1 X1037.6 Y794.1
G1 X1037.289 Y795.349
G1 X1036.646 Y797.946
G1 X1035.75 Y801.61
G1 X1034.675 Y806.055
G1 X1033.5 Y811.0
G1 X1033.5 Y811.0
G1 X1032.638 Y814.561
G1 X1031.75 Y818.094
G1 X1030.838 Y821.598
G1 X1029.9 Y825.074
G1 X1028.938 Y828.522
G1 X1027.952 Y831.941
G1 X1026.94 Y835.331
G1 X1025.904 Y838.693
G1 X1024.8429999999998 Y842.025
G1 X1023.757 Y845.329
G1 X1022.647 Y848.604
G1 X1021.512 Y851.85
G1 X1020.353 Y855.067
G1 X1019.17 Y858.254
G1 X1017.962 Y861.412
G1 X1016.73 Y864.541
G1 X1015.473 Y867.64
G1 X1014.192 Y870.709
G1 X1012.887 Y873.749
G1 X1011.558 Y876.759
G1 X1010.204 Y879.739
G1 X1008.827 Y882.69
G1 X1007.426 Y885.61
G1 X1006.0 Y888.5
G1 X1006.0 Y888.5
G1 X1004.669 Y891.014
G1 X1004.213 Y891.52
G1 X1004.544 Y890.263
G1 X1005.569 Y887.488
G1 X1007.197 Y883.439
G1 X1009.338 Y878.361
G1 X1011.9 Y872.5
G1 X1011.9 Y872.5
G1 X1013.501 Y868.887
G1 X1015.092 Y865.171
G1 X1016.618 Y861.493
G1 X1018.019 Y857.995
G1 X1019.238 Y854.819
G1 X1020.218 Y852.107
G1 X1020.9 Y850.0
G1 X1020.9 Y850.0
G1 X1021.984 Y846.553
G1 X1023.2 Y842.675
G1 X1024.4160000000002 Y838.834
G1 X1025.5 Y835.5
G1 X1025.5 Y835.5
G1 X1026.58 Y832.136
G1 X1027.762 Y828.088
G1 X1028.8890000000001 Y823.87
G1 X1029.8 Y820.0
G1 X1029.8 Y820.0
G1 X1030.566 Y816.787
G1 X1031.491 Y812.994
G1 X1032.493 Y808.926
G1 X1033.49 Y804.893
G1 X1034.4 Y801.2
G1 X1034.4 Y801.2
G1 X1037.1 Y790.9
G1 X1037.1 Y790.9
G1 X1033.6 Y782.2
G1 X1033.6 Y782.2
G1 X1032.109 Y778.342
G1 X1030.6 Y774.288
G1 X1029.241 Y770.514
G1 X1028.2 Y767.5
G1 X1028.2 Y767.5
G1 X1027.001 Y764.04
G1 X1025.796 Y760.739
G1 X1024.5729999999999 Y757.577
G1 X1023.318 Y754.531
G1 X1022.021 Y751.582
G1 X1020.668 Y748.708
G1 X1019.247 Y745.888
G1 X1017.747 Y743.101
G1 X1016.154 Y740.325
G1 X1014.456 Y737.539
G1 X1012.641 Y734.723
G1 X1010.696 Y731.855
G1 X1008.61 Y728.915
G1 X1006.369 Y725.88
G1 X1003.962 Y722.73
G1 X1001.377 Y719.444
G1 X998.6 Y716.0
G1 X998.6 Y716.0
G1 X995.782 Y712.506
G1 X993.345 Y709.442
G1 X991.201 Y706.685
G1 X989.262 Y704.113
G1 X987.441 Y701.601
G1 X985.648 Y699.027
G1 X983.797 Y696.267
G1 X981.8 Y693.2
G1 X981.8 Y693.2
G1 X979.415 Y689.805
G1 X976.494 Y686.026
G1 X973.348 Y682.211
G1 X970.286 Y678.711
G1 X967.618 Y675.876
G1 X965.652 Y674.056
G1 X964.7 Y673.6
G1 X964.7 Y673.6
G1 X964.458 Y674.781
G1 X964.8 Y677.111
G1 X965.675 Y680.425
G1 X967.033 Y684.556
G1 X968.825 Y689.336
G1 X971.0 Y694.6
G1 X971.0 Y694.6
G1 X974.422 Y702.426
G1 X976.707 Y707.707
G1 X978.038 Y710.9
G1 X978.593 Y712.459
G1 X978.553 Y712.841
G1 X978.1 Y712.5
G1 X978.1 Y712.5
G1 X977.243 Y711.251
G1 X975.891 Y708.825
G1 X974.187 Y705.518
G1 X972.275 Y701.625
G1 X970.297 Y697.441
G1 X968.397 Y693.262
G1 X966.717 Y689.384
G1 X965.4 Y686.1
G1 X965.4 Y686.1
G1 X964.267 Y682.753
G1 X963.538 Y679.575
G1 X963.164 Y676.284
G1 X963.1 Y672.6
G1 X963.1 Y672.6
G1 X963.7 Y667.0
G1 X963.7 Y667.0
G1 X964.937 Y668.841
G1 X967.663 Y672.259
G1 X971.3 Y676.5
G1 X971.3 Y676.5
G1 X973.714 Y679.374
G1 X976.263 Y682.551
G1 X978.745 Y685.781
G1 X980.958 Y688.814
G1 X982.7 Y691.4
G1 X982.7 Y691.4
G1 X984.218 Y693.671
G1 X985.853 Y696.036
G1 X987.626 Y698.522
G1 X989.557 Y701.156
G1 X991.666 Y703.966
G1 X993.974 Y706.978
G1 X996.502 Y710.219
G1 X999.271 Y713.718
G1 X1002.3 Y717.5
G1 X1002.3 Y717.5
G1 X1004.637 Y720.471
G1 X1006.918 Y723.49
G1 X1009.136 Y726.545
G1 X1011.286 Y729.625
G1 X1013.36 Y732.719
G1 X1015.352 Y735.816
G1 X1017.255 Y738.905
G1 X1019.062 Y741.975
G1 X1020.768 Y745.014
G1 X1022.365 Y748.012
G1 X1023.847 Y750.957
G1 X1025.208 Y753.838
G1 X1026.44 Y756.643
G1 X1027.537 Y759.363
G1 X1028.493 Y761.986
G1 X1029.3 Y764.5
G1 X1029.3 Y764.5
G1 X1030.1860000000001 Y767.323
G1 X1031.242 Y770.407
G1 X1032.444 Y773.687
G1 X1033.762 Y777.101
G1 X1035.17 Y780.587
G1 X1036.642 Y784.082
G1 X1038.15 Y787.524
G1 X1039.6660000000002 Y790.849
G1 X1041.165 Y793.995
G1 X1042.6190000000001 Y796.9
G1 X1044.0 Y799.5
G1 X1044.0 Y799.5
G1 X1044.8110000000001 Y800.976
G1 X1045.828 Y802.875
G1 X1047.03 Y805.153
G1 X1048.393 Y807.767
G1 X1049.894 Y810.672
G1 X1051.512 Y813.825
G1 X1053.2240000000002 Y817.182
G1 X1055.007 Y820.7
G1 X1056.839 Y824.334
G1 X1058.6970000000001 Y828.042
G1 X1060.558 Y831.778
G1 X1062.4 Y835.5
G1 X1062.4 Y835.5
G1 X1063.9279999999999 Y838.585
G1 X1065.359 Y841.464
G1 X1066.71 Y844.162
G1 X1067.993 Y846.701
G1 X1069.225 Y849.106
G1 X1070.42 Y851.401
G1 X1071.592 Y853.609
G1 X1072.757 Y855.755
G1 X1073.9299999999998 Y857.863
G1 X1075.124 Y859.956
G1 X1076.355 Y862.058
G1 X1077.638 Y864.194
G1 X1078.988 Y866.388
G1 X1080.4180000000001 Y868.662
G1 X1081.9450000000002 Y871.041
G1 X1083.5819999999999 Y873.55
G1 X1085.345 Y876.212
G1 X1087.248 Y879.05
G1 X1089.306 Y882.09
G1 X1091.535 Y885.354
G1 X1093.948 Y888.867
G1 X1096.56 Y892.652
G1 X1099.387 Y896.735
G1 X1102.442 Y901.137
G1 X1105.742 Y905.884
G1 X1109.3 Y911.0
G1 X1109.3 Y911.0
G1 X1112.091 Y915.103
G1 X1113.55 Y918.025
G1 X1114.109 Y920.984
G1 X1114.2 Y925.2
G1 X1114.2 Y925.2
G1 X1114.004 Y929.481
G1 X1113.63 Y933.719
G1 X1113.1 Y937.0
G1 X1113.1 Y937.0
G1 X1112.578 Y940.311
G1 X1112.256 Y944.622
G1 X1112.2 Y949.0
G1 X1112.2 Y949.0
G1 X1112.3 Y956.5
G1 X1112.3 Y956.5
G1 X1113.0 Y948.0
G1 X1113.0 Y948.0
G1 X1113.366 Y944.302
G1 X1113.825 Y940.538
G1 X1114.322 Y937.13
G1 X1114.8 Y934.5
G1 X1114.8 Y934.5
G1 X1115.762 Y929.875
G1 X1116.5 Y925.7
G1 X1116.5 Y925.7
G1 X1117.1 Y921.9
G1 X1117.1 Y921.9
G1 X1121.8 Y927.2
G1 X1121.8 Y927.2
G1 X1123.407 Y929.014
G1 X1125.626 Y931.444
G1 X1128.3 Y934.325
G1 X1131.274 Y937.489
G1 X1134.393 Y940.769
G1 X1137.5 Y944.0
G1 X1137.5 Y944.0
G1 X1140.532 Y947.174
G1 X1143.603 Y950.41
G1 X1146.675 Y953.668
G1 X1149.711 Y956.906
G1 X1152.673 Y960.083
G1 X1155.524 Y963.157
G1 X1158.225 Y966.088
G1 X1160.74 Y968.833
G1 X1163.03 Y971.351
G1 X1165.058 Y973.602
G1 X1166.787 Y975.544
G1 X1168.179 Y977.135
G1 X1169.196 Y978.334
G1 X1169.8 Y979.1
G1 X1169.8 Y979.1
G1 X1170.312 Y980.775
G1 X1165.8 Y976.3
G1 X1165.8 Y976.3
G1 X1163.133 Y973.437
G1 X1160.333 Y970.463
G1 X1158.0 Y968.0
G1 X1158.0 Y968.0
G1 X1157.088 Y967.04
G1 X1155.661 Y965.537
G1 X1153.781 Y963.556
G1 X1151.512 Y961.159
G1 X1148.914 Y958.412
G1 X1146.052 Y955.378
G1 X1142.987 Y952.122
G1 X1139.782 Y948.708
G1 X1136.5 Y945.2
G1 X1136.5 Y945.2
G1 X1132.417 Y940.842
G1 X1128.641 Y936.846
G1 X1125.285 Y933.329
G1 X1122.462 Y930.409
G1 X1120.281 Y928.203
G1 X1118.857 Y926.827
G1 X1118.3 Y926.4
G1 X1118.3 Y926.4
G1 X1117.958 Y927.025
G1 X1117.579 Y928.231
G1 X1117.168 Y929.976
G1 X1116.732 Y932.219
G1 X1116.276 Y934.919
G1 X1115.805 Y938.034
G1 X1115.325 Y941.525
G1 X1114.842 Y945.349
G1 X1114.362 Y949.466
G1 X1113.89 Y953.834
G1 X1113.433 Y958.413
G1 X1112.994 Y963.161
G1 X1112.582 Y968.037
G1 X1112.2 Y973.0
G1 X1112.2 Y973.0
G1 X1111.73 Y978.574
G1 X1111.37 Y979.526
G1 X1110.9 Y976.5
G1 X1110.9 Y976.5
G1 X1110.3 Y971.5
G1 X1110.3 Y971.5
G1 X1110.2 Y976.3
G1 X1110.2 Y976.3
G1 X1109.025 Y980.938
G1 X1108.0 Y978.3
M5; lift marker up
G4 P0.08
G0 X1087.3 Y967.7
M3 S1000;put marker down
G4 P0.2
G1 X1091.0 Y962.4
G1 X1091.0 Y962.4
G1 X1091.9 Y961.5
G1 X1091.9 Y961.5
G1 X1090.388 Y965.738
G1 X1086.7 Y969.0
G1 X1086.7 Y969.0
G1 X1087.3 Y967.7
M5; lift marker up
G4 P0.08
G0 X1091.7 Y958.3
M3 S1000;put marker down
G4 P0.2
G1 X1090.1 Y953.3
G1 X1090.1 Y953.3
G1 X1088.425 Y949.525
G1 X1086.0 Y946.8
G1 X1086.0 Y946.8
G1 X1083.0 Y941.9
G1 X1083.0 Y941.9
G1 X1081.5 Y938.0
G1 X1081.5 Y938.0
G1 X1083.8 Y935.0
G1 X1083.8 Y935.0
G1 X1087.262 Y934.325
G1 X1089.9 Y931.4
G1 X1089.9 Y931.4
G1 X1091.2 Y926.2
G1 X1091.2 Y926.2
G1 X1088.6 Y921.3
G1 X1088.6 Y921.3
G1 X1084.6 Y918.0
G1 X1084.6 Y918.0
G1 X1081.6 Y917.2
G1 X1081.6 Y917.2
G1 X1083.3 Y916.6
G1 X1083.3 Y916.6
G1 X1086.6 Y916.9
G1 X1086.6 Y916.9
G1 X1088.25 Y918.562
G1 X1090.5 Y922.4
G1 X1090.5 Y922.4
G1 X1092.488 Y927.225
G1 X1092.0 Y930.1
G1 X1092.0 Y930.1
G1 X1088.7 Y934.625
G1 X1084.8 Y936.0
G1 X1084.8 Y936.0
G1 X1083.0 Y938.5
G1 X1083.0 Y938.5
G1 X1084.0 Y941.5
G1 X1084.0 Y941.5
G1 X1086.9 Y946.2
G1 X1086.9 Y946.2
G1 X1089.438 Y949.25
G1 X1091.3 Y953.8
G1 X1091.3 Y953.8
G1 X1091.7 Y958.3
M5; lift marker up
G4 P0.08
G0 X1079.3 Y913.8
M3 S1000;put marker down
G4 P0.2
G1 X1077.3 Y910.0
G1 X1077.3 Y910.0
G1 X1079.4 Y912.5
G1 X1079.4 Y912.5
G1 X1079.3 Y913.8
M5; lift marker up
G4 P0.08
G0 X1076.8 Y906.0
M3 S1000;put marker down
G4 P0.2
G1 X1078.763 Y902.311
G1 X1078.837 Y897.756
G1 X1077.0 Y894.0
G1 X1077.0 Y894.0
G1 X1075.9 Y892.0
G1 X1075.9 Y892.0
G1 X1078.625 Y894.688
G1 X1080.0 Y900.0
G1 X1080.0 Y900.0
G1 X1078.613 Y905.388
G1 X1075.8 Y908.0
G1 X1075.8 Y908.0
G1 X1076.8 Y906.0
M5; lift marker up
G4 P0.08
G0 X1005.0 Y978.0
M3 S1000;put marker down
G4 P0.2
G1 X1002.654 Y977.878
G1 X999.738 Y977.772
G1 X996.391 Y977.685
G1 X992.754 Y977.621
G1 X988.966 Y977.583
G1 X985.169 Y977.575
G1 X981.5 Y977.6
G1 X981.5 Y977.6
G1 X966.5 Y977.8
G1 X966.5 Y977.8
G1 X980.0 Y976.9
G1 X980.0 Y976.9
G1 X985.918 Y976.495
G1 X990.083 Y976.222
G1 X993.07 Y976.076
G1 X995.451 Y976.055
G1 X997.8 Y976.154
G1 X1000.692 Y976.37
G1 X1004.7 Y976.7
G1 X1004.7 Y976.7
G1 X1009.4 Y977.248
G1 X1012.967 Y977.819
G1 X1014.6 Y978.3
G1 X1014.6 Y978.3
G1 X1014.4 Y978.8
G1 X1014.4 Y978.8
G1 X1011.275 Y978.512
G1 X1005.0 Y978.0
M5; lift marker up
G4 P0.08
G0 X1146.4 Y543.8
M3 S1000;put marker down
G4 P0.2
G1 X1145.9 Y541.5
G1 X1145.9 Y541.5
G1 X1146.9 Y543.8
G1 X1146.9 Y543.8
G1 X1151.1 Y546.0
G1 X1151.1 Y546.0
G1 X1152.807 Y545.906
G1 X1155.278 Y545.637
G1 X1158.404 Y545.215
G1 X1162.076 Y544.66
G1 X1166.182 Y543.993
G1 X1170.614 Y543.235
G1 X1175.262 Y542.406
G1 X1180.017 Y541.527
G1 X1184.768 Y540.619
G1 X1189.407 Y539.702
G1 X1193.822 Y538.799
G1 X1197.906 Y537.928
G1 X1201.547 Y537.111
G1 X1204.637 Y536.37
G1 X1207.066 Y535.723
G1 X1208.723 Y535.193
G1 X1209.5 Y534.8
G1 X1209.5 Y534.8
G1 X1210.5 Y530.8
G1 X1210.5 Y530.8
G1 X1210.676 Y528.851
G1 X1210.174 Y527.507
G1 X1208.5 Y526.625
G1 X1205.159 Y526.059
G1 X1199.657 Y525.666
G1 X1191.5 Y525.3
G1 X1191.5 Y525.3
G1 X1186.137 Y525.152
G1 X1181.696 Y525.119
G1 X1177.95 Y525.213
G1 X1174.67 Y525.448
G1 X1171.63 Y525.839
G1 X1168.6 Y526.4
G1 X1168.6 Y526.4
G1 X1165.131 Y527.056
G1 X1161.905 Y527.527
G1 X1158.779 Y527.812
G1 X1155.613 Y527.912
G1 X1152.263 Y527.831
G1 X1148.589 Y527.567
G1 X1144.449 Y527.123
G1 X1139.7 Y526.5
G1 X1139.7 Y526.5
G1 X1136.904 Y526.124
G1 X1133.592 Y525.695
G1 X1129.921 Y525.235
G1 X1126.049 Y524.765
G1 X1122.133 Y524.305
G1 X1118.331 Y523.876
G1 X1114.8 Y523.5
G1 X1114.8 Y523.5
G1 X1110.711 Y523.063
G1 X1106.485 Y522.57
G1 X1102.338 Y522.05
G1 X1098.481 Y521.53
G1 X1095.131 Y521.037
G1 X1092.5 Y520.6
G1 X1092.5 Y520.6
G1 X1084.5 Y519.2
G1 X1084.5 Y519.2
G1 X1089.0 Y523.2
G1 X1089.0 Y523.2
G1 X1091.587 Y525.412
G1 X1094.164 Y527.457
G1 X1096.755 Y529.347
G1 X1099.381 Y531.093
G1 X1102.068 Y532.706
G1 X1104.838 Y534.2
G1 X1107.713 Y535.585
G1 X1110.719 Y536.874
G1 X1113.877 Y538.078
G1 X1117.211 Y539.209
G1 X1120.744 Y540.279
G1 X1124.5 Y541.3
G1 X1124.5 Y541.3
G1 X1129.874 Y542.722
G1 X1134.359 Y544.011
G1 X1137.0 Y544.9
G1 X1137.0 Y544.9
G1 X1143.2 Y545.9
G1 X1143.2 Y545.9
G1 X1146.4 Y543.8
M5; lift marker up
G4 P0.08
G0 X1109.0 Y511.70000000000005
M3 S1000;put marker down
G4 P0.2
G1 X1106.4 Y508.9
G1 X1106.4 Y508.9
G1 X1104.9 Y508.70000000000005
G1 X1104.9 Y508.70000000000005
G1 X1108.8 Y511.9
G1 X1108.8 Y511.9
G1 X1109.0 Y511.70000000000005
M5; lift marker up
G4 P0.08
G0 X1097.2 Y492.0
M3 S1000;put marker down
G4 P0.2
G1 X1097.7 Y490.8
G1 X1097.7 Y490.8
G1 X1097.7 Y493.3
G1 X1097.7 Y493.3
G1 X1097.2 Y492.0
M5; lift marker up
G4 P0.08
G0 X1091.6 Y488.5
M3 S1000;put marker down
G4 P0.2
G1 X1091.823 Y487.252
G1 X1092.081 Y484.752
G1 X1092.363 Y481.213
G1 X1092.652 Y476.848
G1 X1092.936 Y471.873
G1 X1093.2 Y466.5
G1 X1093.2 Y466.5
G1 X1093.414 Y461.167
G1 X1093.644 Y456.3
G1 X1093.875 Y452.1
G1 X1094.089 Y448.767
G1 X1094.269 Y446.5
G1 X1094.4 Y445.5
G1 X1094.4 Y445.5
G1 X1094.534 Y446.228
G1 X1094.581 Y448.804
G1 X1094.551 Y452.916
G1 X1094.454 Y458.252
G1 X1094.3 Y464.5
G1 X1094.3 Y464.5
G1 X1094.083 Y470.85
G1 X1093.83 Y476.13
G1 X1093.537 Y480.388
G1 X1093.204 Y483.67
G1 X1092.825 Y486.025
G1 X1092.4 Y487.5
G1 X1092.4 Y487.5
G1 X1091.6 Y488.5
M5; lift marker up
G4 P0.08
G0 X1089.0 Y494.5
M3 S1000;put marker down
G4 P0.2
G1 X1090.0 Y492.0
G1 X1090.0 Y492.0
G1 X1091.0 Y491.5
G1 X1091.0 Y491.5
G1 X1090.0 Y494.0
G1 X1090.0 Y494.0
G1 X1089.0 Y494.5
M5; lift marker up
G4 P0.08
G0 X1090.0 Y497.1
M3 S1000;put marker down
G4 P0.2
G1 X1091.0 Y495.5
G1 X1091.0 Y495.5
G1 X1091.4 Y496.4
G1 X1091.4 Y496.4
G1 X1090.0 Y497.1
M5; lift marker up
G4 P0.08
G0 X1096.5 Y484.0
M3 S1000;put marker down
G4 P0.2
G1 X1096.69 Y481.582
G1 X1096.895 Y478.147
G1 X1097.105 Y474.021
G1 X1097.31 Y469.53
G1 X1097.5 Y465.0
G1 X1097.5 Y465.0
G1 X1097.776 Y459.981
G1 X1098.124 Y455.83
G1 X1098.544 Y452.53
G1 X1099.036 Y450.059
G1 X1099.6 Y448.4
G1 X1099.6 Y448.4
G1 X1099.7 Y442.4
G1 X1099.7 Y442.4
G1 X1098.859 Y439.952
G1 X1098.707 Y436.681
G1 X1099.2 Y431.5
G1 X1099.2 Y431.5
G1 X1099.431 Y429.194
G1 X1099.688 Y426.153
G1 X1099.961 Y422.537
G1 X1100.239 Y418.504
G1 X1100.512 Y414.214
G1 X1100.769 Y409.827
G1 X1101.0 Y405.5
G1 X1101.0 Y405.5
G1 X1101.8 Y387.5
G1 X1101.8 Y387.5
G1 X1101.4 Y407.0
G1 X1101.4 Y407.0
G1 X1101.266 Y411.632
G1 X1101.123 Y416.248
G1 X1100.975 Y420.686
G1 X1100.825 Y424.783
G1 X1100.677 Y428.376
G1 X1100.534 Y431.303
G1 X1100.4 Y433.4
G1 X1100.4 Y433.4
G1 X1100.238 Y438.7
G1 X1100.9 Y441.3
G1 X1100.9 Y441.3
G1 X1101.95 Y444.35
G1 X1100.6 Y448.3
G1 X1100.6 Y448.3
G1 X1100.085 Y449.705
G1 X1099.622 Y452.122
G1 X1099.218 Y455.558
G1 X1098.875 Y460.015
G1 X1098.6 Y465.5
G1 X1098.6 Y465.5
G1 X1098.328 Y470.475
G1 X1098.008 Y475.23
G1 X1097.664 Y479.446
G1 X1097.32 Y482.809
G1 X1097.0 Y485.0
G1 X1097.0 Y485.0
G1 X1096.1 Y489.5
G1 X1096.1 Y489.5
G1 X1096.5 Y484.0
M5; lift marker up
G4 P0.08
G0 X1095.2 Y428.0
M3 S1000;put marker down
G4 P0.2
G1 X1095.7 Y426.8
G1 X1095.7 Y426.8
G1 X1095.7 Y429.3
G1 X1095.7 Y429.3
G1 X1095.2 Y428.0
M5; lift marker up
G4 P0.08
G0 X1096.3 Y419.0
M3 S1000;put marker down
G4 P0.2
G1 X1096.7 Y416.3
G1 X1096.7 Y416.3
G1 X1096.7 Y421.8
G1 X1096.7 Y421.8
G1 X1096.3 Y419.0
M5; lift marker up
G4 P0.08
G0 X1096.4 Y402.5
M3 S1000;put marker down
G4 P0.2
G1 X1096.475 Y396.45
G1 X1096.7 Y397.3
G1 X1096.7 Y397.3
G1 X1096.833 Y400.93
G1 X1096.833 Y404.87
G1 X1096.7 Y408.3
G1 X1096.7 Y408.3
G1 X1096.475 Y408.775
G1 X1096.4 Y402.5
M5; lift marker up
G4 P0.08
G0 X986.5 Y403.8
M3 S1000;put marker down
G4 P0.2
G1 X988.393 Y402.607
G1 X991.441 Y400.526
G1 X995.0 Y398.0
G1 X995.0 Y398.0
G1 X997.881 Y396.048
G1 X1001.377 Y393.894
G1 X1005.194 Y391.693
G1 X1009.038 Y389.6
G1 X1012.614 Y387.77
G1 X1015.63 Y386.356
G1 X1017.79 Y385.515
G1 X1018.8 Y385.4
G1 X1018.8 Y385.4
G1 X1017.474 Y386.422
G1 X1013.659 Y388.578
G1 X1008.2 Y391.4
G1 X1008.2 Y391.4
G1 X1003.841 Y393.614
G1 X1000.175 Y395.612
G1 X997.597 Y397.18
G1 X996.5 Y398.1
G1 X996.5 Y398.1
G1 X993.519 Y400.511
G1 X988.781 Y403.522
G1 X985.6 Y405.0
G1 X985.6 Y405.0
G1 X986.5 Y403.8
M5; lift marker up
G4 P0.08
G0 X939.2 Y317.5
M3 S1000;put marker down
G4 P0.2
G1 X940.0 Y312.5
G1 X940.0 Y312.5
G1 X940.8 Y312.0
G1 X940.8 Y312.0
G1 X940.0 Y317.0
G1 X940.0 Y317.0
G1 X939.2 Y317.5
M5; lift marker up
G4 P0.08
G0 X941.2 Y306.5
M3 S1000;put marker down
G4 P0.2
G1 X941.7 Y305.3
G1 X941.7 Y305.3
G1 X941.7 Y308.3
G1 X941.7 Y308.3
G1 X941.2 Y306.5
M5; lift marker up
G4 P0.08
G0 X932.7 Y295.0
M3 S1000;put marker down
G4 P0.2
G1 X932.511 Y293.498
G1 X932.279 Y291.124
G1 X932.014 Y288.045
G1 X931.729 Y284.431
G1 X931.435 Y280.45
G1 X931.142 Y276.271
G1 X930.862 Y272.062
G1 X930.607 Y267.992
G1 X930.387 Y264.229
G1 X930.215 Y260.942
G1 X930.1 Y258.3
G1 X930.1 Y258.3
G1 X927.0 Y259.7
G1 X927.0 Y259.7
G1 X925.3 Y261.8
G1 X925.3 Y261.8
G1 X922.3 Y262.3
G1 X922.3 Y262.3
G1 X921.6 Y261.5
G1 X921.6 Y261.5
G1 X924.1 Y260.5
G1 X924.1 Y260.5
G1 X926.0 Y259.1
G1 X926.0 Y259.1
G1 X928.0 Y255.7
G1 X928.0 Y255.7
G1 X929.5 Y253.675
G1 X928.9 Y248.8
G1 X928.9 Y248.8
G1 X927.981 Y245.33300000000003
G1 X926.619 Y241.46699999999998
G1 X925.1 Y238.0
G1 X925.1 Y238.0
G1 X923.089 Y234.426
G1 X920.678 Y231.941
G1 X917.0 Y229.7
G1 X917.0 Y229.7
G1 X914.5 Y227.4
G1 X914.5 Y227.4
G1 X916.778 Y228.092
G1 X918.891 Y229.092
G1 X920.842 Y230.4
G1 X922.631 Y232.02
G1 X924.259 Y233.956
G1 X925.729 Y236.208
G1 X927.04 Y238.78
G1 X928.196 Y241.676
G1 X929.195 Y244.89600000000002
G1 X930.041 Y248.44400000000002
G1 X930.733 Y252.324
G1 X931.274 Y256.536
G1 X931.665 Y261.084
G1 X931.906 Y265.972
G1 X932.0 Y271.2
G1 X932.0 Y271.2
G1 X932.057 Y275.46
G1 X932.214 Y279.648
G1 X932.454 Y283.476
G1 X932.755 Y286.656
G1 X933.1 Y288.9
G1 X933.1 Y288.9
G1 X933.75 Y293.25
G1 X933.8 Y296.7
G1 X933.8 Y296.7
G1 X932.7 Y295.0
M5; lift marker up
G4 P0.08
G0 X909.0 Y297.0
M3 S1000;put marker down
G4 P0.2
G1 X908.4 Y295.0
G1 X908.4 Y295.0
G1 X910.0 Y297.0
G1 X910.0 Y297.0
G1 X910.6 Y299.0
G1 X910.6 Y299.0
G1 X909.0 Y297.0
M5; lift marker up
G4 P0.08
G0 X900.5 Y292.5
M3 S1000;put marker down
G4 P0.2
G1 X897.025 Y290.8
G1 X894.3 Y290.0
G1 X894.3 Y290.0
G1 X891.6 Y289.2
G1 X891.6 Y289.2
G1 X894.238 Y288.638
G1 X898.9 Y290.4
G1 X898.9 Y290.4
G1 X902.4 Y292.0
G1 X902.4 Y292.0
G1 X905.6 Y293.5
G1 X905.6 Y293.5
G1 X905.713 Y294.912
G1 X900.5 Y292.5
M5; lift marker up
G4 P0.08
G0 X885.0 Y302.0
M3 S1000;put marker down
G4 P0.2
G1 X888.5 Y302.0
G1 X888.5 Y302.0
G1 X887.8 Y302.9
G1 X887.8 Y302.9
G1 X885.0 Y302.0
M5; lift marker up
G4 P0.08
G0 X881.7 Y299.3
M3 S1000;put marker down
G4 P0.2
G1 X880.9 Y293.0
G1 X880.9 Y293.0
G1 X882.2 Y296.5
G1 X882.2 Y296.5
G1 X881.7 Y299.3
M5; lift marker up
G4 P0.08
G0 X874.6 Y292.3
M3 S1000;put marker down
G4 P0.2
G1 X878.4 Y288.0
G1 X878.4 Y288.0
G1 X878.2 Y289.2
G1 X878.2 Y289.2
G1 X878.0 Y291.5
G1 X878.0 Y291.5
G1 X877.0 Y292.7
G1 X877.0 Y292.7
G1 X874.6 Y292.3
M5; lift marker up
G4 P0.08
G0 X857.2 Y287.0
M3 S1000;put marker down
G4 P0.2
G1 X857.8 Y285.8
G1 X857.8 Y285.8
G1 X862.0 Y288.3
G1 X862.0 Y288.3
G1 X861.4 Y288.9
G1 X861.4 Y288.9
G1 X857.2 Y287.0
M5; lift marker up
G4 P0.08
G0 X863.8 Y264.9
M3 S1000;put marker down
G4 P0.2
G1 X867.0 Y264.5
G1 X867.0 Y264.5
G1 X868.3 Y263.0
G1 X868.3 Y263.0
G1 X870.148 Y260.533
G1 X873.885 Y259.733
G1 X879.2 Y260.6
G1 X879.2 Y260.6
G1 X885.4 Y263.0
G1 X885.4 Y263.0
G1 X880.4 Y262.1
G1 X880.4 Y262.1
G1 X875.067 Y260.911
G1 X871.6 Y261.389
G1 X869.6 Y263.6
G1 X869.6 Y263.6
G1 X865.1 Y265.7
G1 X865.1 Y265.7
G1 X863.8 Y264.9
M5; lift marker up
G4 P0.08
G0 X881.7 Y258.3
M3 S1000;put marker down
G4 P0.2
G1 X881.0 Y256.1
G1 X881.0 Y256.1
G1 X881.9 Y255.89999999999998
G1 X881.9 Y255.89999999999998
G1 X884.1 Y256.4
G1 X884.1 Y256.4
G1 X884.1 Y257.3
G1 X884.1 Y257.3
G1 X881.7 Y258.3
M5; lift marker up
G4 P0.08
G0 X882.3 Y251.5
M3 S1000;put marker down
G4 P0.2
G1 X881.075 Y248.36200000000002
G1 X882.1 Y245.0
G1 X882.1 Y245.0
G1 X882.7 Y246.2
G1 X882.7 Y246.2
G1 X883.425 Y250.488
G1 X885.2 Y251.39999999999998
G1 X885.2 Y251.39999999999998
G1 X887.0 Y246.7
G1 X887.0 Y246.7
G1 X888.7 Y243.39999999999998
G1 X888.7 Y243.39999999999998
G1 X888.33 Y246.289
G1 X886.47 Y250.711
G1 X884.7 Y253.0
G1 X884.7 Y253.0
G1 X882.3 Y251.5
M5; lift marker up
G4 P0.08
G0 X878.1 Y250.0
M3 S1000;put marker down
G4 P0.2
G1 X876.25 Y246.688
G1 X874.4 Y244.5
G1 X874.4 Y244.5
G1 X874.2 Y243.0
G1 X874.2 Y243.0
G1 X875.4 Y240.1
G1 X875.4 Y240.1
G1 X876.8 Y235.2
G1 X876.8 Y235.2
G1 X879.3 Y231.3
G1 X879.3 Y231.3
G1 X879.9 Y232.3
G1 X879.9 Y232.3
G1 X880.478 Y235.089
G1 X881.456 Y233.478
G1 X882.3 Y228.4
G1 X882.3 Y228.4
G1 X883.162 Y222.763
G1 X885.0 Y219.6
G1 X885.0 Y219.6
G1 X887.2 Y217.5
G1 X887.2 Y217.5
G1 X886.9 Y222.0
G1 X886.9 Y222.0
G1 X886.83 Y229.019
G1 X887.204 Y233.348
G1 X888.0 Y234.5
G1 X888.0 Y234.5
G1 X889.1 Y234.7
G1 X889.1 Y234.7
G1 X889.688 Y240.388
G1 X889.0 Y241.5
G1 X889.0 Y241.5
G1 X887.4 Y242.39999999999998
G1 X887.4 Y242.39999999999998
G1 X885.9 Y244.0
G1 X885.9 Y244.0
G1 X887.1 Y240.5
G1 X887.1 Y240.5
G1 X888.8 Y236.9
G1 X888.8 Y236.9
G1 X883.8 Y236.4
G1 X883.8 Y236.4
G1 X879.625 Y236.425
G1 X878.3 Y238.7
G1 X878.3 Y238.7
G1 X877.67 Y243.348
G1 X878.196 Y247.35199999999998
G1 X879.9 Y250.8
G1 X879.9 Y250.8
G1 X881.0 Y254.0
G1 X881.0 Y254.0
G1 X878.1 Y250.0
M5; lift marker up
G4 P0.08
G0 X876.7 Y237.8
M3 S1000;put marker down
G4 P0.2
G1 X876.2 Y239.0
G1 X876.2 Y239.0
G1 X876.7 Y240.3
G1 X876.7 Y240.3
G1 X876.7 Y237.8
M5; lift marker up
G4 P0.08
G0 X885.1 Y234.3
M3 S1000;put marker down
G4 P0.2
G1 X885.262 Y231.675
G1 X885.5 Y226.5
G1 X885.5 Y226.5
G1 X885.475 Y221.013
G1 X884.4 Y222.5
G1 X884.4 Y222.5
G1 X883.274 Y227.341
G1 X883.126 Y232.559
G1 X884.0 Y235.0
G1 X884.0 Y235.0
G1 X885.1 Y234.3
M5; lift marker up
G4 P0.08
G0 X880.2 Y225.3
M3 S1000;put marker down
G4 P0.2
G1 X879.4 Y220.3
G1 X879.4 Y220.3
G1 X879.9 Y219.6
G1 X879.9 Y219.6
G1 X880.7 Y224.6
G1 X880.7 Y224.6
G1 X880.2 Y225.3
M5; lift marker up
G4 P0.08
G0 X874.3 Y227.3
M3 S1000;put marker down
G4 P0.2
G1 X877.3 Y227.3
G1 X877.3 Y227.3
G1 X875.5 Y227.8
G1 X875.5 Y227.8
G1 X874.3 Y227.3
M5; lift marker up
G4 P0.08
G0 X873.8 Y224.3
M3 S1000;put marker down
G4 P0.2
G1 X875.7 Y224.4
G1 X875.7 Y224.4
G1 X874.4 Y224.9
G1 X874.4 Y224.9
G1 X873.8 Y224.3
M5; lift marker up
G4 P0.08
G0 X892.2 Y226.0
M3 S1000;put marker down
G4 P0.2
G1 X892.7 Y224.8
G1 X892.7 Y224.8
G1 X892.7 Y227.3
G1 X892.7 Y227.3
G1 X892.2 Y226.0
M5; lift marker up
G4 P0.08
G0 X900.6 Y225.8
M3 S1000;put marker down
G4 P0.2
G1 X899.8 Y222.3
G1 X899.8 Y222.3
G1 X900.8 Y221.5
G1 X900.8 Y221.5
G1 X898.0 Y219.7
G1 X898.0 Y219.7
G1 X895.3 Y218.138
G1 X893.5 Y213.8
G1 X893.5 Y213.8
G1 X892.614 Y209.79
G1 X892.127 Y205.459
G1 X892.053 Y201.373
G1 X892.406 Y198.098
G1 X893.2 Y196.2
G1 X893.2 Y196.2
G1 X893.919 Y194.733
G1 X891.148 Y194.933
G1 X884.4 Y196.8
G1 X884.4 Y196.8
G1 X875.5 Y199.6
G1 X875.5 Y199.6
G1 X883.0 Y200.5
G1 X883.0 Y200.5
G1 X888.612 Y201.375
G1 X885.9 Y201.8
G1 X885.9 Y201.8
G1 X881.225 Y201.762
G1 X876.4 Y201.2
G1 X876.4 Y201.2
G1 X871.5 Y200.4
G1 X871.5 Y200.4
G1 X875.0 Y198.8
G1 X875.0 Y198.8
G1 X877.393 Y197.841
G1 X880.348 Y196.728
G1 X883.733 Y195.507
G1 X887.415 Y194.225
G1 X891.259 Y192.927
G1 X895.133 Y191.659
G1 X898.904 Y190.468
G1 X902.437 Y189.4
G1 X905.6 Y188.5
G1 X905.6 Y188.5
G1 X911.056 Y187.248
G1 X914.911 Y186.819
G1 X917.9 Y187.1
G1 X917.9 Y187.1
G1 X919.471 Y187.422
G1 X922.006 Y187.871
G1 X925.319 Y188.419
G1 X929.219 Y189.037
G1 X933.517 Y189.698
G1 X938.025 Y190.375
G1 X942.554 Y191.039
G1 X946.915 Y191.663
G1 X950.919 Y192.219
G1 X954.377 Y192.679
G1 X957.1 Y193.015
G1 X958.9 Y193.2
G1 X958.9 Y193.2
G1 X962.333 Y194.063
G1 X961.367 Y195.504
G1 X956.2 Y197.3
G1 X956.2 Y197.3
G1 X953.07 Y198.141
G1 X950.826 Y199.059
G1 X949.088 Y200.5
G1 X947.474 Y202.907
G1 X945.605 Y206.726
G1 X943.1 Y212.4
G1 X943.1 Y212.4
G1 X940.738 Y216.325
G1 X938.0 Y218.3
G1 X938.0 Y218.3
G1 X935.0 Y220.7
G1 X935.0 Y220.7
G1 X932.5 Y223.2
G1 X932.5 Y223.2
G1 X928.325 Y223.013
G1 X927.3 Y218.4
G1 X927.3 Y218.4
G1 X927.525 Y214.925
G1 X927.3 Y211.0
G1 X927.3 Y211.0
G1 X924.1 Y205.8
G1 X924.1 Y205.8
G1 X920.6 Y204.9
G1 X920.6 Y204.9
G1 X918.1 Y204.5
G1 X918.1 Y204.5
G1 X911.6 Y203.7
G1 X911.6 Y203.7
G1 X906.975 Y204.088
G1 X904.3 Y208.0
G1 X904.3 Y208.0
G1 X902.6 Y209.5
G1 X902.6 Y209.5
G1 X904.1 Y204.8
G1 X904.1 Y204.8
G1 X903.7 Y202.0
G1 X903.7 Y202.0
G1 X900.325 Y199.8
G1 X898.0 Y196.7
G1 X898.0 Y196.7
G1 X901.2 Y198.5
G1 X901.2 Y198.5
G1 X904.9 Y201.0
G1 X904.9 Y201.0
G1 X910.9 Y202.0
G1 X910.9 Y202.0
G1 X916.3 Y201.3
G1 X916.3 Y201.3
G1 X916.4 Y198.3
G1 X916.4 Y198.3
G1 X913.062 Y196.938
G1 X907.4 Y195.5
G1 X907.4 Y195.5
G1 X902.596 Y194.69
G1 X898.859 Y194.698
G1 X896.13 Y195.584
G1 X894.349 Y197.408
G1 X893.457 Y200.229
G1 X893.394 Y204.106
G1 X894.1 Y209.1
G1 X894.1 Y209.1
G1 X895.185 Y213.87
G1 X896.381 Y216.463
G1 X898.2 Y217.9
G1 X898.2 Y217.9
G1 X902.9 Y217.6
G1 X902.9 Y217.6
G1 X904.775 Y214.75
G1 X906.5 Y210.4
G1 X906.5 Y210.4
G1 X909.1 Y204.4
G1 X909.1 Y204.4
G1 X909.675 Y205.3
G1 X907.7 Y211.6
G1 X907.7 Y211.6
G1 X907.225 Y214.888
G1 X908.4 Y218.4
G1 X908.4 Y218.4
G1 X909.463 Y223.662
G1 X907.6 Y227.2
G1 X907.6 Y227.2
G1 X903.838 Y227.888
G1 X900.6 Y225.8
M5; lift marker up
G4 P0.08
G0 X907.6 Y224.6
M3 S1000;put marker down
G4 P0.2
G1 X907.725 Y220.162
G1 X905.6 Y218.5
G1 X905.6 Y218.5
G1 X904.9 Y221.7
G1 X904.9 Y221.7
G1 X906.4 Y223.1
G1 X906.4 Y223.1
G1 X903.9 Y223.0
G1 X903.9 Y223.0
G1 X902.0 Y223.8
G1 X902.0 Y223.8
G1 X904.425 Y227.125
G1 X907.6 Y224.6
M5; lift marker up
G4 P0.08
G0 X913.0 Y225.0
M3 S1000;put marker down
G4 P0.2
G1 X913.2 Y224.0
G1 X913.2 Y224.0
G1 X915.5 Y225.0
G1 X915.5 Y225.0
G1 X913.0 Y225.0
M5; lift marker up
G4 P0.08
G0 X928.0 Y226.0
M3 S1000;put marker down
G4 P0.2
G1 X930.1 Y225.6
G1 X930.1 Y225.6
G1 X936.1 Y225.1
G1 X936.1 Y225.1
G1 X936.6 Y225.4
G1 X936.6 Y225.4
G1 X932.338 Y226.938
G1 X928.0 Y226.0
M5; lift marker up
G4 P0.08
G0 X932.9 Y221.1
M3 S1000;put marker down
G4 P0.2
G1 X932.4 Y217.9
G1 X932.4 Y217.9
G1 X932.2 Y215.9
G1 X932.2 Y215.9
G1 X931.9 Y215.0
G1 X931.9 Y215.0
G1 X929.075 Y217.85
G1 X928.5 Y221.9
G1 X928.5 Y221.9
G1 X932.9 Y221.1
M5; lift marker up
G4 P0.08
G0 X935.0 Y213.6
M3 S1000;put marker down
G4 P0.2
G1 X934.0 Y212.5
G1 X934.0 Y212.5
G1 X933.0 Y212.9
G1 X933.0 Y212.9
G1 X934.0 Y214.0
G1 X934.0 Y214.0
G1 X935.0 Y213.6
M5; lift marker up
G4 P0.08
G0 X931.2 Y213.4
M3 S1000;put marker down
G4 P0.2
G1 X930.978 Y210.633
G1 X929.622 Y205.933
G1 X928.2 Y202.9
G1 X928.2 Y202.9
G1 X925.1 Y201.8
G1 X925.1 Y201.8
G1 X924.8 Y204.5
G1 X924.8 Y204.5
G1 X927.4 Y205.775
G1 X928.5 Y209.6
G1 X928.5 Y209.6
G1 X931.2 Y213.4
M5; lift marker up
G4 P0.08
G0 X940.7 Y214.0
M3 S1000;put marker down
G4 P0.2
G1 X943.5 Y208.1
G1 X943.5 Y208.1
G1 X944.488 Y204.05
G1 X943.0 Y201.8
G1 X943.0 Y201.8
G1 X941.0 Y201.1
G1 X941.0 Y201.1
G1 X939.3 Y201.5
G1 X939.3 Y201.5
G1 X936.3 Y200.3
G1 X936.3 Y200.3
G1 X935.038 Y201.9
G1 X937.0 Y205.3
G1 X937.0 Y205.3
G1 X936.0 Y206.7
G1 X936.0 Y206.7
G1 X933.0 Y204.0
G1 X933.0 Y204.0
G1 X934.4 Y199.5
G1 X934.4 Y199.5
G1 X937.5 Y199.0
G1 X937.5 Y199.0
G1 X940.6 Y198.5
G1 X940.6 Y198.5
G1 X943.6 Y199.1
G1 X943.6 Y199.1
G1 X943.9 Y201.0
G1 X943.9 Y201.0
G1 X947.6 Y199.8
G1 X947.6 Y199.8
G1 X947.631 Y197.616
G1 X945.975 Y196.125
G1 X942.481 Y195.272
G1 X937.0 Y195.0
G1 X937.0 Y195.0
G1 X931.232 Y195.39
G1 X926.64 Y196.395
G1 X923.752 Y197.765
G1 X923.096 Y199.25
G1 X925.2 Y200.6
G1 X925.2 Y200.6
G1 X927.8 Y200.1
G1 X927.8 Y200.1
G1 X931.6 Y200.2
G1 X931.6 Y200.2
G1 X931.2 Y200.6
G1 X931.2 Y200.6
G1 X930.089 Y202.044
G1 X931.511 Y206.889
G1 X934.2 Y210.8
G1 X934.2 Y210.8
G1 X936.0 Y215.2
G1 X936.0 Y215.2
G1 X937.8 Y216.9
G1 X937.8 Y216.9
G1 X940.7 Y214.0
M5; lift marker up
G4 P0.08
G0 X944.8 Y224.3
M3 S1000;put marker down
G4 P0.2
G1 X946.7 Y224.4
G1 X946.7 Y224.4
G1 X945.4 Y224.9
G1 X945.4 Y224.9
G1 X944.8 Y224.3
M5; lift marker up
G4 P0.08
G0 X953.8 Y208.3
M3 S1000;put marker down
G4 P0.2
G1 X957.875 Y208.15
G1 X961.8 Y208.3
G1 X961.8 Y208.3
G1 X957.5 Y208.7
G1 X957.5 Y208.7
G1 X953.8 Y208.3
M5; lift marker up
G4 P0.08
G0 X966.3 Y225.3
M3 S1000;put marker down
G4 P0.2
G1 X969.3 Y225.3
G1 X969.3 Y225.3
G1 X967.5 Y225.8
G1 X967.5 Y225.8
G1 X966.3 Y225.3
M5; lift marker up
G4 P0.08
G0 X973.3 Y224.3
M3 S1000;put marker down
G4 P0.2
G1 X976.3 Y224.3
G1 X976.3 Y224.3
G1 X974.5 Y224.8
G1 X974.5 Y224.8
G1 X973.3 Y224.3
M5; lift marker up
G4 P0.08
G0 X972.5 Y220.1
M3 S1000;put marker down
G4 P0.2
G1 X978.662 Y219.15
G1 X981.9 Y219.4
G1 X981.9 Y219.4
G1 X975.5 Y220.3
G1 X975.5 Y220.3
G1 X972.5 Y220.1
M5; lift marker up
G4 P0.08
G0 X978.8 Y224.3
M3 S1000;put marker down
G4 P0.2
G1 X980.7 Y224.4
G1 X980.7 Y224.4
G1 X979.4 Y224.9
G1 X979.4 Y224.9
G1 X978.8 Y224.3
M5; lift marker up
G4 P0.08
G0 X984.8 Y224.3
M3 S1000;put marker down
G4 P0.2
G1 X989.3 Y224.3
G1 X989.3 Y224.3
G1 X987.0 Y224.7
G1 X987.0 Y224.7
G1 X984.8 Y224.3
M5; lift marker up
G4 P0.08
G0 X986.5 Y219.0
M3 S1000;put marker down
G4 P0.2
G1 X988.8 Y218.0
G1 X988.8 Y218.0
G1 X989.0 Y219.0
G1 X989.0 Y219.0
G1 X986.5 Y219.0
M5; lift marker up
G4 P0.08
G0 X989.3 Y208.3
M3 S1000;put marker down
G4 P0.2
G1 X992.3 Y208.3
G1 X992.3 Y208.3
G1 X990.5 Y208.8
G1 X990.5 Y208.8
G1 X989.3 Y208.3
M5; lift marker up
G4 P0.08
G0 X997.8 Y207.3
M3 S1000;put marker down
G4 P0.2
G1 X1000.3 Y207.3
G1 X1000.3 Y207.3
G1 X999.0 Y207.8
G1 X999.0 Y207.8
G1 X997.8 Y207.3
M5; lift marker up
G4 P0.08
G0 X1005.3 Y206.3
M3 S1000;put marker down
G4 P0.2
G1 X1008.8 Y206.3
G1 X1008.8 Y206.3
G1 X1007.0 Y206.8
G1 X1007.0 Y206.8
G1 X1005.3 Y206.3
M5; lift marker up
G4 P0.08
G0 X1014.3 Y205.3
M3 S1000;put marker down
G4 P0.2
G1 X1017.3 Y205.3
G1 X1017.3 Y205.3
G1 X1015.5 Y205.8
G1 X1015.5 Y205.8
G1 X1014.3 Y205.3
M5; lift marker up
G4 P0.08
G0 X1022.3 Y204.3
M3 S1000;put marker down
G4 P0.2
G1 X1025.8 Y204.3
G1 X1025.8 Y204.3
G1 X1024.0 Y204.8
G1 X1024.0 Y204.8
G1 X1022.3 Y204.3
M5; lift marker up
G4 P0.08
G0 X1015.8 Y215.3
M3 S1000;put marker down
G4 P0.2
G1 X1018.3 Y215.3
G1 X1018.3 Y215.3
G1 X1017.0 Y215.8
G1 X1017.0 Y215.8
G1 X1015.8 Y215.3
M5; lift marker up
G4 P0.08
G0 X1016.3 Y222.3
M3 S1000;put marker down
G4 P0.2
G1 X1019.948 Y222.167
G1 X1024.085 Y222.167
G1 X1027.8 Y222.3
G1 X1027.8 Y222.3
G1 X1028.425 Y222.525
G1 X1022.0 Y222.6
G1 X1022.0 Y222.6
G1 X1015.588 Y222.525
G1 X1016.3 Y222.3
M5; lift marker up
G4 P0.08
G0 X1010.8 Y225.3
M3 S1000;put marker down
G4 P0.2
G1 X1017.3 Y225.3
G1 X1017.3 Y225.3
G1 X1014.0 Y225.7
G1 X1014.0 Y225.7
G1 X1010.8 Y225.3
M5; lift marker up
G4 P0.08
G0 X1003.2 Y230.5
M3 S1000;put marker down
G4 P0.2
G1 X1003.622 Y226.011
G1 X1004.044 Y221.922
G1 X1004.4 Y219.1
G1 X1004.4 Y219.1
G1 X1003.9 Y216.7
G1 X1003.9 Y216.7
G1 X1002.938 Y219.238
G1 X1001.9 Y224.1
G1 X1001.9 Y224.1
G1 X1000.746 Y230.299
G1 X999.57 Y234.256
G1 X998.5 Y235.912
G1 X997.663 Y235.211
G1 X997.187 Y232.093
G1 X997.2 Y226.5
G1 X997.2 Y226.5
G1 X997.275 Y219.8
G1 X996.9 Y217.0
G1 X996.9 Y217.0
G1 X996.288 Y219.425
G1 X995.6 Y225.3
G1 X995.6 Y225.3
G1 X995.222 Y229.793
G1 X994.778 Y233.707
G1 X994.4 Y236.2
G1 X994.4 Y236.2
G1 X998.1 Y238.7
G1 X998.1 Y238.7
G1 X1002.5 Y238.4
G1 X1002.5 Y238.4
G1 X1003.2 Y230.5
M5; lift marker up
G4 P0.08
G0 X1002.5 Y257.4
M3 S1000;put marker down
G4 P0.2
G1 X1004.475 Y254.25
G1 X1004.8 Y249.60000000000002
G1 X1004.8 Y249.60000000000002
G1 X1004.3 Y248.0
G1 X1004.3 Y248.0
G1 X1003.381 Y251.981
G1 X1002.552 Y251.519
G1 X1002.3 Y246.89999999999998
G1 X1002.3 Y246.89999999999998
G1 X1002.5 Y240.5
G1 X1002.5 Y240.5
G1 X999.2 Y240.2
G1 X999.2 Y240.2
G1 X995.348 Y240.5
G1 X993.585 Y242.66699999999997
G1 X993.6 Y247.10000000000002
G1 X993.6 Y247.10000000000002
G1 X993.212 Y252.02499999999998
G1 X991.7 Y249.3
G1 X991.7 Y249.3
G1 X991.1 Y250.60000000000002
G1 X991.1 Y250.60000000000002
G1 X991.729 Y254.974
G1 X993.586 Y258.091
G1 X996.27 Y259.701
G1 X999.375 Y259.554
G1 X1002.5 Y257.4
M5; lift marker up
G4 P0.08
G0 X999.5 Y266.1
M3 S1000;put marker down
G4 P0.2
G1 X997.7 Y261.3
G1 X997.7 Y261.3
G1 X995.3 Y266.4
G1 X995.3 Y266.4
G1 X999.5 Y266.1
M5; lift marker up
G4 P0.08
G0 X994.7 Y268.3
M3 S1000;put marker down
G4 P0.2
G1 X994.0 Y264.3
G1 X994.0 Y264.3
G1 X992.0 Y258.8
G1 X992.0 Y258.8
G1 X989.922 Y255.204
G1 X989.178 Y250.76299999999998
G1 X989.9 Y246.3
G1 X989.9 Y246.3
G1 X990.7 Y242.39999999999998
G1 X990.7 Y242.39999999999998
G1 X986.6 Y242.5
G1 X986.6 Y242.5
G1 X983.1 Y243.2
G1 X983.1 Y243.2
G1 X982.7 Y250.89999999999998
G1 X982.7 Y250.89999999999998
G1 X982.512 Y252.3
G1 X982.4 Y245.0
G1 X982.4 Y245.0
G1 X982.433 Y238.944
G1 X982.533 Y236.022
G1 X982.7 Y236.9
G1 X982.7 Y236.9
G1 X985.3 Y241.60000000000002
G1 X985.3 Y241.60000000000002
G1 X989.6 Y241.0
G1 X989.6 Y241.0
G1 X991.5 Y239.825
G1 X992.8 Y234.3
G1 X992.8 Y234.3
G1 X993.437 Y230.115
G1 X994.03 Y225.752
G1 X994.4 Y222.1
G1 X994.4 Y222.1
G1 X995.863 Y215.925
G1 X998.3 Y214.7
G1 X998.3 Y214.7
G1 X998.838 Y217.225
G1 X998.7 Y223.2
G1 X998.7 Y223.2
G1 X998.503 Y228.497
G1 X998.925 Y230.4
G1 X999.684 Y228.853
G1 X1000.5 Y223.8
G1 X1000.5 Y223.8
G1 X1001.493 Y217.881
G1 X1002.907 Y214.852
G1 X1005.1 Y214.0
G1 X1005.1 Y214.0
G1 X1006.6 Y216.8
G1 X1006.6 Y216.8
G1 X1006.308 Y218.75
G1 X1005.912 Y222.05
G1 X1005.461 Y226.25
G1 X1005.0 Y230.9
G1 X1005.0 Y230.9
G1 X1004.572 Y236.763
G1 X1004.5 Y240.525
G1 X1004.803 Y242.825
G1 X1005.5 Y244.3
G1 X1005.5 Y244.3
G1 X1007.0 Y250.7
G1 X1007.0 Y250.7
G1 X1006.363 Y254.76299999999998
G1 X1004.0 Y258.3
G1 X1004.0 Y258.3
G1 X1001.9 Y261.475
G1 X1001.0 Y264.2
G1 X1001.0 Y264.2
G1 X998.675 Y268.5
G1 X994.7 Y268.3
M5; lift marker up
G4 P0.08
G0 X984.5 Y272.0
M3 S1000;put marker down
G4 P0.2
G1 X983.925 Y269.575
G1 X983.5 Y265.2
G1 X983.5 Y265.2
G1 X983.326 Y261.274
G1 X983.774 Y262.126
G1 X984.8 Y267.8
G1 X984.8 Y267.8
G1 X984.5 Y272.0
M5; lift marker up
G4 P0.08
G0 X975.5 Y264.0
M3 S1000;put marker down
G4 P0.2
G1 X975.91 Y261.869
G1 X976.415 Y258.685
G1 X976.975 Y254.76299999999998
G1 X977.552 Y250.41500000000002
G1 X978.106 Y245.95600000000002
G1 X978.6 Y241.7
G1 X978.6 Y241.7
G1 X979.7 Y236.3
G1 X979.7 Y236.3
G1 X979.874 Y237.633
G1 X979.761 Y240.55
G1 X979.421 Y244.555
G1 X978.912 Y249.14999999999998
G1 X978.297 Y253.839
G1 X977.633 Y258.125
G1 X976.981 Y261.511
G1 X976.4 Y263.5
G1 X976.4 Y263.5
G1 X975.5 Y264.0
M5; lift marker up
G4 P0.08
G0 X962.3 Y244.5
M3 S1000;put marker down
G4 P0.2
G1 X958.713 Y242.89999999999998
G1 X961.5 Y242.8
G1 X961.5 Y242.8
G1 X965.0 Y244.10000000000002
G1 X965.0 Y244.10000000000002
G1 X967.3 Y243.7
G1 X967.3 Y243.7
G1 X973.5 Y243.0
G1 X973.5 Y243.0
G1 X977.5 Y243.7
G1 X977.5 Y243.7
G1 X973.2 Y243.89999999999998
G1 X973.2 Y243.89999999999998
G1 X967.2 Y244.8
G1 X967.2 Y244.8
G1 X962.3 Y244.5
M5; lift marker up
G4 P0.08
G0 X975.8 Y208.3
M3 S1000;put marker down
G4 P0.2
G1 X979.875 Y208.15
G1 X983.8 Y208.3
G1 X983.8 Y208.3
G1 X979.5 Y208.7
G1 X979.5 Y208.7
G1 X975.8 Y208.3
M5; lift marker up
G4 P0.08
G0 X921.0 Y200.1
M3 S1000;put marker down
G4 P0.2
G1 X921.838 Y197.275
G1 X925.6 Y194.9
G1 X925.6 Y194.9
G1 X929.096 Y193.53
G1 X932.77 Y193.07
G1 X938.4 Y193.3
G1 X938.4 Y193.3
G1 X943.448 Y193.863
G1 X946.452 Y194.67
G1 X948.1 Y195.9
G1 X948.1 Y195.9
G1 X950.175 Y197.338
G1 X955.1 Y196.0
G1 X955.1 Y196.0
G1 X959.213 Y194.375
G1 X957.1 Y194.1
G1 X957.1 Y194.1
G1 X955.189 Y194.005
G1 X952.703 Y193.795
G1 X949.711 Y193.478
G1 X946.282 Y193.065
G1 X942.485 Y192.565
G1 X938.389 Y191.989
G1 X934.063 Y191.346
G1 X929.577 Y190.647
G1 X925.0 Y189.9
G1 X925.0 Y189.9
G1 X913.5 Y188.0
G1 X913.5 Y188.0
G1 X905.0 Y190.4
G1 X905.0 Y190.4
G1 X896.6 Y192.7
G1 X896.6 Y192.7
G1 X903.0 Y193.3
G1 X903.0 Y193.3
G1 X909.016 Y194.094
G1 X913.475 Y195.15
G1 X916.472 Y196.506
G1 X918.1 Y198.2
G1 X918.1 Y198.2
G1 X918.1 Y200.8
G1 X918.1 Y200.8
G1 X919.0 Y203.0
G1 X919.0 Y203.0
G1 X921.0 Y200.1
M5; lift marker up
G4 P0.08
G0 X899.2 Y242.8
M3 S1000;put marker down
G4 P0.2
G1 X897.9 Y239.0
G1 X897.9 Y239.0
G1 X894.5 Y238.3
G1 X894.5 Y238.3
G1 X893.4 Y241.10000000000002
G1 X893.4 Y241.10000000000002
G1 X893.3 Y243.0
G1 X893.3 Y243.0
G1 X891.8 Y240.9
G1 X891.8 Y240.9
G1 X891.8 Y238.4
G1 X891.8 Y238.4
G1 X893.047 Y235.333
G1 X894.425 Y231.188
G1 X895.541 Y227.248
G1 X896.0 Y224.8
G1 X896.0 Y224.8
G1 X893.5 Y220.6
G1 X893.5 Y220.6
G1 X892.5 Y218.0
G1 X892.5 Y218.0
G1 X895.5 Y220.388
G1 X897.0 Y225.1
G1 X897.0 Y225.1
G1 X895.4 Y231.5
G1 X895.4 Y231.5
G1 X895.4 Y236.8
G1 X895.4 Y236.8
G1 X898.5 Y237.0
G1 X898.5 Y237.0
G1 X899.6 Y231.7
G1 X899.6 Y231.7
G1 X900.1 Y228.5
G1 X900.1 Y228.5
G1 X900.575 Y230.491
G1 X900.71 Y234.59
G1 X900.546 Y239.422
G1 X900.129 Y243.61700000000002
G1 X899.5 Y245.8
G1 X899.5 Y245.8
G1 X899.2 Y242.8
M5; lift marker up
G4 P0.08
G0 X891.7 Y247.3
M3 S1000;put marker down
G4 P0.2
G1 X891.1 Y244.60000000000002
G1 X891.1 Y244.60000000000002
G1 X892.1 Y244.89999999999998
G1 X892.1 Y244.89999999999998
G1 X891.7 Y247.3
M5; lift marker up
G4 P0.08
G0 X898.0 Y253.39999999999998
M3 S1000;put marker down
G4 P0.2
G1 X896.5 Y252.0
G1 X896.5 Y252.0
G1 X895.6 Y255.3
G1 X895.6 Y255.3
G1 X898.0 Y253.39999999999998
M5; lift marker up
G4 P0.08
G0 X894.6 Y255.8
M3 S1000;put marker down
G4 P0.2
G1 X893.7 Y251.7
G1 X893.7 Y251.7
G1 X895.4 Y249.5
G1 X895.4 Y249.5
G1 X897.474 Y251.00400000000002
G1 X899.859 Y249.13
G1 X901.0 Y245.10000000000002
G1 X901.0 Y245.10000000000002
G1 X901.922 Y243.32600000000002
G1 X904.778 Y243.17399999999998
G1 X909.7 Y244.60000000000002
G1 X909.7 Y244.60000000000002
G1 X913.738 Y245.75
G1 X916.8 Y245.10000000000002
G1 X916.8 Y245.10000000000002
G1 X917.6 Y245.5
G1 X917.6 Y245.5
G1 X913.738 Y246.925
G1 X908.3 Y245.5
G1 X908.3 Y245.5
G1 X903.412 Y244.075
G1 X901.9 Y245.8
G1 X901.9 Y245.8
G1 X900.759 Y249.652
G1 X898.374 Y254.281
G1 X896.3 Y256.8
G1 X896.3 Y256.8
G1 X894.6 Y255.8
M5; lift marker up
G4 P0.08
G0 X903.6 Y261.9
M3 S1000;put marker down
G4 P0.2
G1 X906.4 Y261.0
G1 X906.4 Y261.0
G1 X909.196 Y260.507
G1 X911.824 Y259.026
G1 X914.284 Y256.55
G1 X916.576 Y253.077
G1 X918.7 Y248.60000000000002
G1 X918.7 Y248.60000000000002
G1 X920.838 Y242.75
G1 X921.4 Y239.9
G1 X921.4 Y239.9
G1 X922.0 Y238.5
G1 X922.0 Y238.5
G1 X922.925 Y239.675
G1 X921.6 Y244.3
G1 X921.6 Y244.3
G1 X920.112 Y248.01299999999998
G1 X918.4 Y252.39999999999998
G1 X918.4 Y252.39999999999998
G1 X916.3 Y256.45
G1 X913.9 Y259.3
G1 X913.9 Y259.3
G1 X909.807 Y261.196
G1 X905.226 Y262.337
G1 X903.6 Y261.9
M5; lift marker up
G4 P0.08
G0 X888.4 Y265.4
M3 S1000;put marker down
G4 P0.2
G1 X888.9 Y265.1
G1 X888.9 Y265.1
G1 X891.912 Y265.763
G1 X895.9 Y265.6
G1 X895.9 Y265.6
G1 X899.0 Y266.0
G1 X899.0 Y266.0
G1 X895.719 Y266.911
G1 X891.615 Y266.689
G1 X888.4 Y265.4
M5; lift marker up
G4 P0.08
G0 X909.0 Y311.4
M3 S1000;put marker down
G4 P0.2
G1 X908.0 Y310.5
G1 X908.0 Y310.5
G1 X907.5 Y312.1
G1 X907.5 Y312.1
G1 X909.0 Y311.4
M5; lift marker up
G4 P0.08
G0 X906.9 Y312.9
M3 S1000;put marker down
G4 P0.2
G1 X909.8 Y308.5
G1 X909.8 Y308.5
G1 X911.5 Y306.5
G1 X911.5 Y306.5
G1 X909.3 Y304.7
G1 X909.3 Y304.7
G1 X909.0 Y302.5
G1 X909.0 Y302.5
G1 X913.0 Y305.5
G1 X913.0 Y305.5
G1 X912.03 Y308.896
G1 X910.037 Y313.004
G1 X908.4 Y315.0
G1 X908.4 Y315.0
G1 X906.9 Y312.9
M5; lift marker up
G4 P0.08
G0 X921.2 Y317.0
M3 S1000;put marker down
G4 P0.2
G1 X921.7 Y315.8
G1 X921.7 Y315.8
G1 X921.7 Y318.3
G1 X921.7 Y318.3
G1 X921.2 Y317.0
M5; lift marker up
G4 P0.08
G0 X878.1 Y322.7
M3 S1000;put marker down
G4 P0.2
G1 X873.822 Y319.885
G1 X871.478 Y317.048
G1 X871.8 Y315.1
G1 X871.8 Y315.1
G1 X869.0 Y311.1
G1 X869.0 Y311.1
G1 X865.25 Y306.912
G1 X866.3 Y304.6
G1 X866.3 Y304.6
G1 X870.3 Y303.6
G1 X870.3 Y303.6
G1 X873.0 Y301.0
G1 X873.0 Y301.0
G1 X871.7 Y299.0
G1 X871.7 Y299.0
G1 X868.252 Y297.574
G1 X864.048 Y294.659
G1 X862.0 Y292.3
G1 X862.0 Y292.3
G1 X865.1 Y293.7
G1 X865.1 Y293.7
G1 X868.162 Y295.938
G1 X871.3 Y297.5
G1 X871.3 Y297.5
G1 X874.5 Y301.0
G1 X874.5 Y301.0
G1 X873.525 Y303.425
G1 X867.0 Y305.7
G1 X867.0 Y305.7
G1 X869.8 Y309.9
G1 X869.8 Y309.9
G1 X873.775 Y314.3
G1 X872.8 Y316.0
G1 X872.8 Y316.0
G1 X874.988 Y319.038
G1 X879.5 Y322.0
G1 X879.5 Y322.0
G1 X882.4 Y323.5
G1 X882.4 Y323.5
G1 X883.213 Y324.9
G1 X878.1 Y322.7
M5; lift marker up
G4 P0.08
G0 X868.2 Y332.5
M3 S1000;put marker down
G4 P0.2
G1 X865.0 Y330.0
G1 X865.0 Y330.0
G1 X864.0 Y328.5
G1 X864.0 Y328.5
G1 X865.0 Y327.0
G1 X865.0 Y327.0
G1 X865.8 Y327.8
G1 X865.8 Y327.8
G1 X868.312 Y331.238
G1 X872.7 Y334.3
G1 X872.7 Y334.3
G1 X872.4 Y334.9
G1 X872.4 Y334.9
G1 X868.2 Y332.5
M5; lift marker up
G4 P0.08
G0 X881.1 Y337.7
M3 S1000;put marker down
G4 P0.2
G1 X879.0 Y335.3
G1 X879.0 Y335.3
G1 X878.4 Y333.0
G1 X878.4 Y333.0
G1 X881.7 Y337.7
G1 X881.7 Y337.7
G1 X881.1 Y337.7
M5; lift marker up
G4 P0.08
G0 X883.5 Y345.0
M3 S1000;put marker down
G4 P0.2
G1 X881.7 Y344.1
G1 X881.7 Y344.1
G1 X884.3 Y343.4
G1 X884.3 Y343.4
G1 X886.3 Y344.4
G1 X886.3 Y344.4
G1 X886.7 Y345.9
G1 X886.7 Y345.9
G1 X883.5 Y345.0
M5; lift marker up
G4 P0.08
G0 X826.6 Y310.2
M3 S1000;put marker down
G4 P0.2
G1 X826.927 Y305.486
G1 X827.412 Y300.988
G1 X827.992 Y297.22
G1 X828.6 Y294.7
G1 X828.6 Y294.7
G1 X829.931 Y290.776
G1 X831.064 Y287.098
G1 X832.007 Y283.611
G1 X832.771 Y280.257
G1 X833.363 Y276.98
G1 X833.793 Y273.722
G1 X834.069 Y270.428
G1 X834.202 Y267.039
G1 X834.2 Y263.5
G1 X834.2 Y263.5
G1 X834.208 Y260.909
G1 X834.3 Y257.922
G1 X834.467 Y254.63
G1 X834.7 Y251.125
G1 X834.989 Y247.498
G1 X835.325 Y243.841
G1 X835.698 Y240.244
G1 X836.1 Y236.8
G1 X836.1 Y236.8
G1 X838.2 Y221.1
G1 X838.2 Y221.1
G1 X835.1 Y214.3
G1 X835.1 Y214.3
G1 X833.163 Y210.493
G1 X831.204 Y206.974
G1 X829.6 Y204.5
G1 X829.6 Y204.5
G1 X827.126 Y200.819
G1 X824.941 Y196.915
G1 X824.0 Y194.5
G1 X824.0 Y194.5
G1 X824.688 Y195.016
G1 X826.467 Y197.426
G1 X828.912 Y201.075
G1 X831.6 Y205.307
G1 X834.104 Y209.468
G1 X836.0 Y212.9
G1 X836.0 Y212.9
G1 X837.377 Y216.037
G1 X838.315 Y219.063
G1 X838.825 Y222.15
G1 X838.919 Y225.47
G1 X838.606 Y229.196
G1 X837.9 Y233.5
G1 X837.9 Y233.5
G1 X837.669 Y235.177
G1 X837.412 Y237.71
G1 X837.139 Y240.949
G1 X836.861 Y244.747
G1 X836.588 Y248.95299999999997
G1 X836.331 Y253.421
G1 X836.1 Y258.0
G1 X836.1 Y258.0
G1 X835.813 Y264.057
G1 X835.53 Y268.902
G1 X835.216 Y272.792
G1 X834.838 Y275.988
G1 X834.361 Y278.747
G1 X833.752 Y281.33
G1 X832.976 Y283.994
G1 X832.0 Y287.0
G1 X832.0 Y287.0
G1 X831.0 Y290.269
G1 X830.1 Y293.681
G1 X829.3 Y297.25
G1 X828.6 Y300.985
G1 X828.0 Y304.898
G1 X827.5 Y309.0
G1 X827.5 Y309.0
G1 X826.1 Y321.5
G1 X826.1 Y321.5
G1 X826.6 Y310.2
M5; lift marker up
G4 P0.08
G0 X799.5 Y251.8
M3 S1000;put marker down
G4 P0.2
G1 X798.1 Y245.89999999999998
G1 X798.1 Y245.89999999999998
G1 X797.394 Y243.461
G1 X796.275 Y240.188
G1 X794.894 Y236.52
G1 X793.4 Y232.9
G1 X793.4 Y232.9
G1 X791.213 Y227.81
G1 X789.478 Y223.644
G1 X788.123 Y220.18
G1 X787.075 Y217.2
G1 X786.261 Y214.482
G1 X785.609 Y211.806
G1 X785.046 Y208.952
G1 X784.5 Y205.7
G1 X784.5 Y205.7
G1 X783.921 Y201.734
G1 X783.431 Y197.869
G1 X783.03 Y194.105
G1 X782.718 Y190.442
G1 X782.494 Y186.883
G1 X782.359 Y183.427
G1 X782.313 Y180.075
G1 X782.356 Y176.828
G1 X782.487 Y173.687
G1 X782.707 Y170.653
G1 X783.016 Y167.727
G1 X783.414 Y164.909
G1 X783.9 Y162.2
G1 X783.9 Y162.2
G1 X784.981 Y156.693
G1 X785.752 Y152.207
G1 X786.1 Y149.7
G1 X786.1 Y149.7
G1 X786.7 Y148.8
G1 X786.7 Y148.8
G1 X786.689 Y150.248
G1 X786.388 Y153.262
G1 X785.842 Y157.42
G1 X785.1 Y162.3
G1 X785.1 Y162.3
G1 X784.47 Y166.044
G1 X784.0 Y169.244
G1 X783.68 Y172.116
G1 X783.5 Y174.875
G1 X783.452 Y177.738
G1 X783.525 Y180.919
G1 X783.711 Y184.634
G1 X784.0 Y189.1
G1 X784.0 Y189.1
G1 X784.355 Y194.07
G1 X784.763 Y198.618
G1 X785.23 Y202.772
G1 X785.762 Y206.561
G1 X786.362 Y210.012
G1 X787.038 Y213.155
G1 X787.795 Y216.017
G1 X788.637 Y218.626
G1 X789.57 Y221.011
G1 X790.6 Y223.2
G1 X790.6 Y223.2
G1 X792.274 Y226.689
G1 X794.059 Y230.778
G1 X795.6 Y234.6
G1 X795.6 Y234.6
G1 X797.049 Y238.933
G1 X798.478 Y243.798
G1 X799.654 Y248.33800000000002
G1 X800.339 Y251.69099999999997
G1 X800.3 Y253.0
G1 X800.3 Y253.0
G1 X799.5 Y251.8
M5; lift marker up
G4 P0.08
G0 X806.2 Y181.0
M3 S1000;put marker down
G4 P0.2
G1 X806.7 Y179.8
G1 X806.7 Y179.8
G1 X806.7 Y182.3
G1 X806.7 Y182.3
G1 X806.2 Y181.0
M5; lift marker up
G4 P0.08
G0 X805.6 Y173.3
M3 S1000;put marker down
G4 P0.2
G1 X805.329 Y171.039
G1 X805.014 Y167.598
G1 X804.686 Y163.306
G1 X804.371 Y158.497
G1 X804.1 Y153.5
G1 X804.1 Y153.5
G1 X803.896 Y149.163
G1 X803.786 Y145.305
G1 X803.782 Y141.831
G1 X803.897 Y138.646
G1 X804.146 Y135.654
G1 X804.542 Y132.759
G1 X805.099 Y129.866
G1 X805.829 Y126.87899999999999
G1 X806.747 Y123.703
G1 X807.866 Y120.24199999999999
G1 X809.2 Y116.4
G1 X809.2 Y116.4
G1 X810.315 Y113.06200000000001
G1 X811.185 Y110.0
G1 X811.85 Y106.988
G1 X812.348 Y103.8
G1 X812.719 Y100.212
G1 X813.0 Y96.0
G1 X813.0 Y96.0
G1 X813.6 Y84.5
G1 X813.6 Y84.5
G1 X813.8 Y94.6
G1 X813.8 Y94.6
G1 X813.78 Y99.397
G1 X813.562 Y103.35
G1 X813.139 Y106.553
G1 X812.5 Y109.1
G1 X812.5 Y109.1
G1 X811.25 Y112.719
G1 X810.125 Y116.20500000000001
G1 X809.12 Y119.582
G1 X808.234 Y122.87299999999999
G1 X807.465 Y126.10300000000001
G1 X806.808 Y129.296
G1 X806.263 Y132.474
G1 X805.825 Y135.662
G1 X805.493 Y138.885
G1 X805.264 Y142.165
G1 X805.135 Y145.528
G1 X805.103 Y148.995
G1 X805.167 Y152.593
G1 X805.322 Y156.343
G1 X805.568 Y160.271
G1 X805.9 Y164.4
G1 X805.9 Y164.4
G1 X806.406 Y171.124
G1 X806.615 Y175.712
G1 X806.541 Y177.828
G1 X806.198 Y177.136
G1 X805.6 Y173.3
M5; lift marker up
G4 P0.08
G0 X787.3 Y140.5
M3 S1000;put marker down
G4 P0.2
G1 X787.7 Y138.3
G1 X787.7 Y138.3
G1 X787.7 Y143.3
G1 X787.7 Y143.3
G1 X787.3 Y140.5
M5; lift marker up
G4 P0.08
G0 X787.2 Y133.0
M3 S1000;put marker down
G4 P0.2
G1 X787.7 Y131.8
G1 X787.7 Y131.8
G1 X787.7 Y134.3
G1 X787.7 Y134.3
G1 X787.2 Y133.0
M5; lift marker up
G4 P0.08
G0 X776.1 Y118.5
M3 S1000;put marker down
G4 P0.2
G1 X777.0 Y114.0
G1 X777.0 Y114.0
G1 X777.439 Y111.705
G1 X777.963 Y108.012
G1 X778.505 Y103.439
G1 X779.0 Y98.5
G1 X779.0 Y98.5
G1 X779.704 Y92.33
G1 X780.496 Y87.67
G1 X781.2 Y85.5
G1 X781.2 Y85.5
G1 X781.6 Y88.0
G1 X781.6 Y88.0
G1 X781.25 Y90.17
G1 X780.825 Y93.512
G1 X780.362 Y97.548
G1 X779.9 Y101.8
G1 X779.9 Y101.8
G1 X779.178 Y107.156
G1 X778.231 Y112.416
G1 X777.265 Y116.668
G1 X776.486 Y119.0
G1 X776.1 Y118.5
M5; lift marker up
G4 P0.08
G0 X737.1 Y117.4
M3 S1000;put marker down
G4 P0.2
G1 X737.7 Y116.80000000000001
G1 X737.7 Y116.80000000000001
G1 X737.6 Y118.69999999999999
G1 X737.6 Y118.69999999999999
G1 X737.1 Y117.4
M5; lift marker up
G4 P0.08
G0 X734.5 Y107.8
M3 S1000;put marker down
G4 P0.2
G1 X733.389 Y103.4
G1 X732.078 Y98.867
G1 X730.9 Y95.2
G1 X730.9 Y95.2
G1 X729.575 Y90.988
G1 X729.0 Y88.2
G1 X729.0 Y88.2
G1 X731.5 Y93.4
G1 X731.5 Y93.4
G1 X732.83 Y97.568
G1 X734.137 Y102.144
G1 X735.3 Y106.638
G1 X736.196 Y110.556
G1 X736.704 Y113.40700000000001
G1 X736.7 Y114.69999999999999
G1 X736.7 Y114.69999999999999
G1 X735.862 Y112.825
G1 X734.5 Y107.8
M5; lift marker up
G4 P0.08
G0 X709.6 Y106.8
M3 S1000;put marker down
G4 P0.2
G1 X708.5 Y104.3
G1 X708.5 Y104.3
G1 X708.7 Y103.0
G1 X708.7 Y103.0
G1 X711.4 Y104.6
G1 X711.4 Y104.6
G1 X709.9 Y108.0
G1 X709.9 Y108.0
G1 X709.6 Y106.8
M5; lift marker up
G4 P0.08
G0 X711.6 Y118.5
M3 S1000;put marker down
G4 P0.2
G1 X711.8 Y117.0
G1 X711.8 Y117.0
G1 X710.0 Y116.0
G1 X710.0 Y116.0
G1 X712.9 Y115.9
G1 X712.9 Y115.9
G1 X711.3 Y120.0
G1 X711.3 Y120.0
G1 X711.6 Y118.5
M5; lift marker up
G4 P0.08
G0 X707.5 Y125.0
M3 S1000;put marker down
G4 P0.2
G1 X706.5 Y124.0
G1 X706.5 Y124.0
G1 X705.5 Y125.0
G1 X705.5 Y125.0
G1 X706.5 Y126.0
G1 X706.5 Y126.0
G1 X707.5 Y125.0
M5; lift marker up
G4 P0.08
G0 X704.3 Y126.30000000000001
M3 S1000;put marker down
G4 P0.2
G1 X705.0 Y122.69999999999999
G1 X705.0 Y122.69999999999999
G1 X709.6 Y125.80000000000001
G1 X709.6 Y125.80000000000001
G1 X704.3 Y126.30000000000001
M5; lift marker up
G4 P0.08
G0 X708.0 Y133.0
M3 S1000;put marker down
G4 P0.2
G1 X712.3 Y131.9
G1 X712.3 Y131.9
G1 X712.5 Y133.7
G1 X712.5 Y133.7
G1 X711.3 Y133.3
G1 X711.3 Y133.3
G1 X709.9 Y132.0
G1 X709.9 Y132.0
G1 X709.5 Y133.0
G1 X709.5 Y133.0
G1 X709.1 Y134.0
G1 X709.1 Y134.0
G1 X708.0 Y133.0
M5; lift marker up
G4 P0.08
G0 X708.0 Y139.0
M3 S1000;put marker down
G4 P0.2
G1 X708.5 Y138.2
G1 X708.5 Y138.2
G1 X713.5 Y139.0
G1 X713.5 Y139.0
G1 X713.0 Y139.8
G1 X713.0 Y139.8
G1 X708.0 Y139.0
M5; lift marker up
G4 P0.08
G0 X687.5 Y134.4
M3 S1000;put marker down
G4 P0.2
G1 X683.5 Y133.1
G1 X683.5 Y133.1
G1 X688.5 Y133.7
G1 X688.5 Y133.7
G1 X693.425 Y134.175
G1 X698.2 Y134.5
G1 X698.2 Y134.5
G1 X702.759 Y134.852
G1 X702.541 Y135.315
G1 X697.7 Y135.6
G1 X697.7 Y135.6
G1 X694.033 Y135.511
G1 X690.367 Y135.089
G1 X687.5 Y134.4
M5; lift marker up
G4 P0.08
G0 X679.9 Y120.1
M3 S1000;put marker down
G4 P0.2
G1 X678.6 Y117.0
G1 X678.6 Y117.0
G1 X683.0 Y117.5
G1 X683.0 Y117.5
G1 X680.7 Y118.19999999999999
G1 X680.7 Y118.19999999999999
G1 X679.4 Y118.9
G1 X679.4 Y118.9
G1 X683.1 Y120.0
G1 X683.1 Y120.0
G1 X686.0 Y121.0
G1 X686.0 Y121.0
G1 X683.888 Y121.93799999999999
G1 X679.9 Y120.1
M5; lift marker up
G4 P0.08
G0 X669.0 Y126.4
M3 S1000;put marker down
G4 P0.2
G1 X664.222 Y124.814
G1 X660.175 Y123.762
G1 X656.541 Y123.18
G1 X653.0 Y123.0
G1 X653.0 Y123.0
G1 X648.331 Y122.874
G1 X643.921 Y122.595
G1 X639.894 Y122.179
G1 X636.374 Y121.644
G1 X633.485 Y121.007
G1 X631.353 Y120.287
G1 X630.1 Y119.5
G1 X630.1 Y119.5
G1 X631.6 Y119.4
G1 X631.6 Y119.4
G1 X633.301 Y119.965
G1 X635.798 Y120.46199999999999
G1 X639.146 Y120.898
G1 X643.395 Y121.275
G1 X648.6 Y121.6
G1 X648.6 Y121.6
G1 X654.63 Y121.912
G1 X659.109 Y122.29599999999999
G1 X662.503 Y122.82400000000001
G1 X665.278 Y123.56800000000001
G1 X667.9 Y124.6
G1 X667.9 Y124.6
G1 X672.012 Y126.28800000000001
G1 X674.4 Y127.0
G1 X674.4 Y127.0
G1 X677.6 Y128.5
G1 X677.6 Y128.5
G1 X678.926 Y129.689
G1 X676.674 Y129.144
G1 X669.0 Y126.4
M5; lift marker up
G4 P0.08
G0 X659.9 Y114.1
M3 S1000;put marker down
G4 P0.2
G1 X658.45 Y112.012
G1 X663.3 Y110.6
G1 X663.3 Y110.6
G1 X666.0 Y111.0
G1 X666.0 Y111.0
G1 X663.5 Y112.0
G1 X663.5 Y112.0
G1 X661.0 Y113.0
G1 X661.0 Y113.0
G1 X663.1 Y114.0
G1 X663.1 Y114.0
G1 X664.5 Y115.0
G1 X664.5 Y115.0
G1 X659.9 Y114.1
M5; lift marker up
G4 P0.08
G0 X675.2 Y103.4
M3 S1000;put marker down
G4 P0.2
G1 X676.0 Y100.0
G1 X676.0 Y100.0
G1 X679.0 Y101.1
G1 X679.0 Y101.1
G1 X677.5 Y101.6
G1 X677.5 Y101.6
G1 X676.0 Y102.0
G1 X676.0 Y102.0
G1 X678.0 Y103.0
G1 X678.0 Y103.0
G1 X680.0 Y104.0
G1 X680.0 Y104.0
G1 X675.2 Y103.4
M5; lift marker up
G4 P0.08
G0 X675.7 Y88.3
M3 S1000;put marker down
G4 P0.2
G1 X675.0 Y86.6
G1 X675.0 Y86.6
G1 X676.2 Y86.8
G1 X676.2 Y86.8
G1 X679.6 Y86.5
G1 X679.6 Y86.5
G1 X680.0 Y85.0
G1 X680.0 Y85.0
G1 X681.0 Y87.0
G1 X681.0 Y87.0
G1 X678.7 Y89.0
G1 X678.7 Y89.0
G1 X675.7 Y88.3
M5; lift marker up
G4 P0.08
G0 X689.6 Y95.6
M3 S1000;put marker down
G4 P0.2
G1 X691.8 Y93.5
G1 X691.8 Y93.5
G1 X691.5 Y95.0
G1 X691.5 Y95.0
G1 X689.6 Y95.6
M5; lift marker up
G4 P0.08
G0 X695.0 Y91.2
M3 S1000;put marker down
G4 P0.2
G1 X698.0 Y89.5
G1 X698.0 Y89.5
G1 X703.15 Y89.112
G1 X705.0 Y91.2
G1 X705.0 Y91.2
G1 X703.7 Y91.1
G1 X703.7 Y91.1
G1 X699.4 Y90.9
G1 X699.4 Y90.9
G1 X695.0 Y91.2
M5; lift marker up
G4 P0.08
G0 X693.8 Y101.3
M3 S1000;put marker down
G4 P0.2
G1 X694.4 Y99.7
G1 X694.4 Y99.7
G1 X697.525 Y98.875
G1 X696.0 Y95.8
G1 X696.0 Y95.8
G1 X695.2 Y94.0
G1 X695.2 Y94.0
G1 X698.125 Y95.662
G1 X700.0 Y98.3
G1 X700.0 Y98.3
G1 X696.2 Y101.9
G1 X696.2 Y101.9
G1 X693.8 Y101.3
M5; lift marker up
G4 P0.08
G0 X695.6 Y120.0
M3 S1000;put marker down
G4 P0.2
G1 X698.312 Y117.4
G1 X696.6 Y114.5
G1 X696.6 Y114.5
G1 X692.6 Y113.613
G1 X691.6 Y116.4
G1 X691.6 Y116.4
G1 X691.0 Y117.4
G1 X691.0 Y117.4
G1 X690.5 Y114.1
G1 X690.5 Y114.1
G1 X694.088 Y111.888
G1 X698.5 Y114.4
G1 X698.5 Y114.4
G1 X699.125 Y118.85
G1 X695.7 Y120.9
G1 X695.7 Y120.9
G1 X695.6 Y120.0
M5; lift marker up
G4 P0.08
G0 X657.8 Y90.2
M3 S1000;put marker down
G4 P0.2
G1 X655.0 Y87.3
G1 X655.0 Y87.3
G1 X658.0 Y88.0
G1 X658.0 Y88.0
G1 X660.6 Y88.3
G1 X660.6 Y88.3
G1 X661.9 Y88.4
G1 X661.9 Y88.4
G1 X663.038 Y91.7
G1 X657.8 Y90.2
M5; lift marker up
G4 P0.08
G0 X644.2 Y95.0
M3 S1000;put marker down
G4 P0.2
G1 X647.225 Y93.25
G1 X651.0 Y94.5
G1 X651.0 Y94.5
G1 X649.5 Y95.0
G1 X649.5 Y95.0
G1 X645.2 Y95.2
G1 X645.2 Y95.2
G1 X644.2 Y95.0
M5; lift marker up
G4 P0.08
G0 X646.5 Y100.1
M3 S1000;put marker down
G4 P0.2
G1 X650.3 Y98.9
G1 X650.3 Y98.9
G1 X655.612 Y99.05
G1 X654.4 Y100.4
G1 X654.4 Y100.4
G1 X650.6 Y100.925
G1 X646.5 Y100.1
M5; lift marker up
G4 P0.08
G0 X634.2 Y108.8
M3 S1000;put marker down
G4 P0.2
G1 X630.8 Y108.8
G1 X630.8 Y108.8
G1 X633.1 Y109.9
G1 X633.1 Y109.9
G1 X634.2 Y108.8
M5; lift marker up
G4 P0.08
G0 X630.2 Y110.9
M3 S1000;put marker down
G4 P0.2
G1 X628.2 Y108.8
G1 X628.2 Y108.8
G1 X631.738 Y107.25
G1 X636.7 Y107.5
G1 X636.7 Y107.5
G1 X636.5 Y110.0
G1 X636.5 Y110.0
G1 X633.875 Y111.8
G1 X630.2 Y110.9
M5; lift marker up
G4 P0.08
G0 X617.3 Y119.19999999999999
M3 S1000;put marker down
G4 P0.2
G1 X614.0 Y118.0
G1 X614.0 Y118.0
G1 X617.038 Y117.662
G1 X620.9 Y118.6
G1 X620.9 Y118.6
G1 X617.3 Y119.19999999999999
M5; lift marker up
G4 P0.08
G0 X598.5 Y120.5
M3 S1000;put marker down
G4 P0.2
G1 X602.911 Y119.88900000000001
G1 X608.589 Y119.744
G1 X610.8 Y120.19999999999999
G1 X610.8 Y120.19999999999999
G1 X608.125 Y120.69999999999999
G1 X603.5 Y120.9
G1 X603.5 Y120.9
G1 X598.5 Y120.5
M5; lift marker up
G4 P0.08
G0 X590.0 Y118.30000000000001
M3 S1000;put marker down
G4 P0.2
G1 X586.788 Y117.57499999999999
G1 X582.6 Y116.4
G1 X582.6 Y116.4
G1 X579.344 Y115.68100000000001
G1 X575.556 Y115.185
G1 X572.1 Y115.0
G1 X572.1 Y115.0
G1 X567.8 Y114.75
G1 X565.3 Y114.19999999999999
G1 X565.3 Y114.19999999999999
G1 X565.587 Y113.74199999999999
G1 X567.996 Y113.63300000000001
G1 X571.85 Y113.82499999999999
G1 X576.47 Y114.267
G1 X581.18 Y114.90799999999999
G1 X585.3 Y115.69999999999999
G1 X585.3 Y115.69999999999999
G1 X589.656 Y116.452
G1 X594.278 Y116.84800000000001
G1 X598.5 Y116.80000000000001
G1 X598.5 Y116.80000000000001
G1 X604.2 Y117.1
G1 X604.2 Y117.1
G1 X601.995 Y117.79400000000001
G1 X597.888 Y118.30000000000001
G1 X593.386 Y118.506
G1 X590.0 Y118.30000000000001
M5; lift marker up
G4 P0.08
G0 X602.3 Y103.5
M3 S1000;put marker down
G4 P0.2
G1 X599.162 Y101.238
G1 X601.2 Y98.6
G1 X601.2 Y98.6
G1 X605.575 Y97.1
G1 X610.1 Y98.0
G1 X610.1 Y98.0
G1 X610.0 Y100.5
G1 X610.0 Y100.5
G1 X608.0 Y101.3
G1 X608.0 Y101.3
G1 X606.425 Y103.975
G1 X602.3 Y103.5
M5; lift marker up
G4 P0.08
G0 X608.0 Y98.8
M3 S1000;put marker down
G4 P0.2
G1 X602.8 Y99.1
G1 X602.8 Y99.1
G1 X600.7 Y100.3
G1 X600.7 Y100.3
G1 X603.0 Y101.5
G1 X603.0 Y101.5
G1 X606.7 Y101.1
G1 X606.7 Y101.1
G1 X608.0 Y98.8
M5; lift marker up
G4 P0.08
G0 X623.0 Y88.1
M3 S1000;put marker down
G4 P0.2
G1 X624.2 Y85.4
G1 X624.2 Y85.4
G1 X624.8 Y86.8
G1 X624.8 Y86.8
G1 X628.0 Y87.0
G1 X628.0 Y87.0
G1 X629.0 Y87.5
G1 X629.0 Y87.5
G1 X624.95 Y89.938
G1 X623.0 Y88.1
M5; lift marker up
G4 P0.08
G0 X591.6 Y88.2
M3 S1000;put marker down
G4 P0.2
G1 X592.1 Y86.0
G1 X592.1 Y86.0
G1 X593.0 Y85.9
G1 X593.0 Y85.9
G1 X594.3 Y86.7
G1 X594.3 Y86.7
G1 X597.0 Y86.9
G1 X597.0 Y86.9
G1 X591.6 Y88.2
M5; lift marker up
G4 P0.08
G0 X576.2 Y102.1
M3 S1000;put marker down
G4 P0.2
G1 X577.5 Y100.6
G1 X577.5 Y100.6
G1 X582.0 Y102.1
G1 X582.0 Y102.1
G1 X576.2 Y102.1
M5; lift marker up
G4 P0.08
G0 X571.2 Y98.7
M3 S1000;put marker down
G4 P0.2
G1 X569.3 Y96.6
G1 X569.3 Y96.6
G1 X572.812 Y95.188
G1 X577.0 Y96.4
G1 X577.0 Y96.4
G1 X577.2 Y98.0
G1 X577.2 Y98.0
G1 X575.5 Y97.0
G1 X575.5 Y97.0
G1 X572.7 Y96.0
G1 X572.7 Y96.0
G1 X572.4 Y97.5
G1 X572.4 Y97.5
G1 X571.2 Y98.7
M5; lift marker up
G4 P0.08
G0 X529.2 Y99.4
M3 S1000;put marker down
G4 P0.2
G1 X526.1 Y98.0
G1 X526.1 Y98.0
G1 X523.0 Y96.5
G1 X523.0 Y96.5
G1 X524.4 Y94.4
G1 X524.4 Y94.4
G1 X527.925 Y94.55
G1 X530.1 Y97.7
G1 X530.1 Y97.7
G1 X529.2 Y99.4
M5; lift marker up
G4 P0.08
G0 X527.5 Y96.0
M3 S1000;put marker down
G4 P0.2
G1 X525.9 Y95.0
G1 X525.9 Y95.0
G1 X525.5 Y96.0
G1 X525.5 Y96.0
G1 X527.1 Y97.0
G1 X527.1 Y97.0
G1 X527.5 Y96.0
M5; lift marker up
G4 P0.08
G0 X526.0 Y110.4
M3 S1000;put marker down
G4 P0.2
G1 X521.5 Y109.0
G1 X521.5 Y109.0
G1 X525.9 Y109.5
G1 X525.9 Y109.5
G1 X531.838 Y110.988
G1 X532.0 Y111.8
G1 X532.0 Y111.8
G1 X526.0 Y110.4
M5; lift marker up
G4 P0.08
G0 X532.6 Y146.2
M3 S1000;put marker down
G4 P0.2
G1 X531.313 Y143.445
G1 X529.6469999999999 Y139.634
G1 X527.8140000000001 Y135.282
G1 X526.023 Y130.9
G1 X524.483 Y127.0
G1 X523.406 Y124.096
G1 X523.0 Y122.69999999999999
G1 X523.0 Y122.69999999999999
G1 X522.602 Y121.714
G1 X521.4929999999999 Y119.303
G1 X519.803 Y115.745
G1 X517.662 Y111.318
G1 X515.2 Y106.3
G1 X515.2 Y106.3
G1 X511.448 Y98.602
G1 X508.752 Y93.025
G1 X506.969 Y89.226
G1 X505.956 Y86.866
G1 X505.569 Y85.602
G1 X505.665 Y85.094
G1 X506.1 Y85.0
G1 X506.1 Y85.0
G1 X506.585 Y85.465
G1 X507.446 Y86.782
G1 X508.627 Y88.838
G1 X510.073 Y91.519
G1 X511.727 Y94.709
G1 X513.534 Y98.295
G1 X515.438 Y102.162
G1 X517.383 Y106.197
G1 X519.3140000000001 Y110.283
G1 X521.174 Y114.30799999999999
G1 X522.909 Y118.156
G1 X524.462 Y121.714
G1 X525.778 Y124.86699999999999
G1 X526.8 Y127.5
G1 X526.8 Y127.5
G1 X528.212 Y131.08
G1 X529.775 Y134.912
G1 X531.3 Y138.539
G1 X532.6 Y141.5
G1 X532.6 Y141.5
G1 X535.4 Y147.5
G1 X535.4 Y147.5
G1 X536.2 Y139.0
G1 X536.2 Y139.0
G1 X536.37 Y137.104
G1 X536.544 Y134.607
G1 X536.719 Y131.6
G1 X536.8910000000001 Y128.17
G1 X537.057 Y124.40700000000001
G1 X537.2149999999999 Y120.4
G1 X537.36 Y116.237
G1 X537.489 Y112.007
G1 X537.6 Y107.8
G1 X537.6 Y107.8
G1 X537.773 Y101.736
G1 X537.981 Y96.289
G1 X538.212 Y91.675
G1 X538.452 Y88.111
G1 X538.6859999999999 Y85.814
G1 X538.9 Y85.0
G1 X538.9 Y85.0
G1 X539.315 Y86.615
G1 X539.685 Y90.852
G1 X539.9 Y96.8
G1 X539.9 Y96.8
G1 X539.981 Y100.861
G1 X540.0899999999999 Y105.142
G1 X540.21 Y109.314
G1 X540.319 Y113.043
G1 X540.4 Y116.0
G1 X540.4 Y116.0
G1 X540.381 Y120.49600000000001
G1 X539.985 Y125.10400000000001
G1 X539.3 Y128.8
G1 X539.3 Y128.8
G1 X538.652 Y132.104
G1 X538.181 Y135.696
G1 X538.0 Y138.8
G1 X538.0 Y138.8
G1 X537.678 Y144.719
G1 X536.889 Y149.215
G1 X535.9 Y151.0
G1 X535.9 Y151.0
G1 X532.6 Y146.2
M5; lift marker up
G4 P0.08
G0 X512.8 Y158.4
M3 S1000;put marker down
G4 P0.2
G1 X512.0 Y153.8
G1 X512.0 Y153.8
G1 X511.088 Y150.138
G1 X509.5 Y153.0
G1 X509.5 Y153.0
G1 X507.9 Y155.5
G1 X507.9 Y155.5
G1 X508.6 Y151.8
G1 X508.6 Y151.8
G1 X509.466 Y149.307
G1 X509.843 Y146.268
G1 X509.747 Y142.787
G1 X509.19 Y138.966
G1 X508.187 Y134.909
G1 X506.753 Y130.72
G1 X504.9 Y126.5
G1 X504.9 Y126.5
G1 X503.881 Y124.27600000000001
G1 X502.663 Y121.46799999999999
G1 X501.303 Y118.214
G1 X499.859 Y114.65199999999999
G1 X498.388 Y110.92
G1 X496.95 Y107.157
G1 X495.6 Y103.5
G1 X495.6 Y103.5
G1 X493.89 Y98.701
G1 X492.315 Y94.338
G1 X490.985 Y90.706
G1 X490.01 Y88.095
G1 X489.5 Y86.8
G1 X489.5 Y86.8
G1 X489.7 Y85.0
G1 X489.7 Y85.0
G1 X490.238 Y85.399
G1 X491.015 Y86.65
G1 X492.064 Y88.834
G1 X493.415 Y92.03
G1 X495.101 Y96.319
G1 X497.152 Y101.783
G1 X499.6 Y108.5
G1 X499.6 Y108.5
G1 X500.898 Y112.062
G1 X502.427 Y115.945
G1 X504.057 Y119.84700000000001
G1 X505.658 Y123.46600000000001
G1 X507.1 Y126.5
G1 X507.1 Y126.5
G1 X509.044 Y130.878
G1 X510.456 Y134.522
G1 X511.0 Y136.7
G1 X511.0 Y136.7
G1 X511.462 Y140.388
G1 X512.6 Y146.4
G1 X512.6 Y146.4
G1 X513.63 Y153.178
G1 X513.704 Y157.622
G1 X512.8 Y158.4
M5; lift marker up
G4 P0.08
G0 X509.0 Y214.9
M3 S1000;put marker down
G4 P0.2
G1 X509.072 Y212.868
G1 X509.274 Y209.911
G1 X509.588 Y206.238
G1 X509.993 Y202.056
G1 X510.47 Y197.574
G1 X511.0 Y193.0
G1 X511.0 Y193.0
G1 X511.457 Y189.003
G1 X511.878 Y184.913
G1 X512.249 Y180.883
G1 X512.559 Y177.064
G1 X512.796 Y173.609
G1 X512.947 Y170.671
G1 X513.0 Y168.4
G1 X513.0 Y168.4
G1 X513.0 Y160.2
G1 X513.0 Y160.2
G1 X516.8 Y158.4
G1 X516.8 Y158.4
G1 X519.137 Y157.492
G1 X521.858 Y156.837
G1 X524.9100000000001 Y156.431
G1 X528.242 Y156.269
G1 X531.802 Y156.347
G1 X535.5360000000001 Y156.661
G1 X539.392 Y157.205
G1 X543.3199999999999 Y157.976
G1 X547.265 Y158.968
G1 X551.1759999999999 Y160.178
G1 X555.0 Y161.6
G1 X555.0 Y161.6
G1 X561.225 Y163.838
G1 X561.6 Y162.4
G1 X561.6 Y162.4
G1 X561.322 Y161.319
G1 X560.9490000000001 Y159.407
G1 X560.5 Y156.791
G1 X559.9929999999999 Y153.593
G1 X559.4449999999999 Y149.938
G1 X558.875 Y145.95
G1 X558.3009999999999 Y141.754
G1 X557.741 Y137.474
G1 X557.212 Y133.234
G1 X556.7339999999999 Y129.159
G1 X556.3240000000001 Y125.37299999999999
G1 X556.0 Y122.0
G1 X556.0 Y122.0
G1 X555.658 Y118.031
G1 X555.2529999999999 Y113.88999999999999
G1 X554.819 Y109.882
G1 X554.39 Y106.317
G1 X554.0 Y103.5
G1 X554.0 Y103.5
G1 X553.544 Y99.174
G1 X553.222 Y94.493
G1 X553.1 Y90.5
G1 X553.1 Y90.5
G1 X553.1890000000001 Y87.789
G1 X553.393 Y86.416
G1 X553.697 Y86.3
G1 X554.087 Y87.354
G1 X554.547 Y89.497
G1 X555.065 Y92.644
G1 X555.625 Y96.71
G1 X556.213 Y101.613
G1 X556.8140000000001 Y107.268
G1 X557.415 Y113.59200000000001
G1 X558.0 Y120.5
G1 X558.0 Y120.5
G1 X558.434 Y125.451
G1 X558.9159999999999 Y130.294
G1 X559.442 Y134.996
G1 X560.004 Y139.524
G1 X560.597 Y143.844
G1 X561.2139999999999 Y147.922
G1 X561.85 Y151.725
G1 X562.498 Y155.218
G1 X563.152 Y158.369
G1 X563.806 Y161.143
G1 X564.454 Y163.507
G1 X565.0899999999999 Y165.427
G1 X565.707 Y166.869
G1 X566.3 Y167.8
G1 X566.3 Y167.8
G1 X567.462 Y169.913
G1 X563.9 Y167.9
G1 X563.9 Y167.9
G1 X561.163 Y166.467
G1 X556.804 Y164.633
G1 X551.8 Y162.8
G1 X551.8 Y162.8
G1 X548.1569999999999 Y161.716
G1 X544.2950000000001 Y160.804
G1 X540.3109999999999 Y160.07
G1 X536.3050000000001 Y159.525
G1 X532.376 Y159.175
G1 X528.6220000000001 Y159.03
G1 X525.142 Y159.096
G1 X522.0350000000001 Y159.384
G1 X519.4 Y159.9
G1 X519.4 Y159.9
G1 X515.2 Y161.0
G1 X515.2 Y161.0
G1 X514.7 Y173.3
G1 X514.7 Y173.3
G1 X514.5450000000001 Y176.201
G1 X514.302 Y179.638
G1 X513.985 Y183.495
G1 X513.608 Y187.653
G1 X513.184 Y191.993
G1 X512.727 Y196.398
G1 X512.25 Y200.75
G1 X511.767 Y204.93
G1 X511.292 Y208.821
G1 X510.837 Y212.304
G1 X510.417 Y215.262
G1 X510.045 Y217.576
G1 X509.735 Y219.128
G1 X509.5 Y219.8
G1 X509.5 Y219.8
G1 X509.0 Y214.9
M5; lift marker up
G4 P0.08
G0 X506.5 Y229.0
M3 S1000;put marker down
G4 P0.2
G1 X505.883 Y227.518
G1 X505.177 Y224.959
G1 X504.427 Y221.58
G1 X503.679 Y217.637
G1 X502.978 Y213.388
G1 X502.37 Y209.09
G1 X501.9 Y205.0
G1 X501.9 Y205.0
G1 X501.54 Y200.921
G1 X501.202 Y196.637
G1 X500.889 Y192.237
G1 X500.606 Y187.811
G1 X500.355 Y183.446
G1 X500.142 Y179.234
G1 X499.969 Y175.263
G1 X499.84 Y171.622
G1 X499.76 Y168.401
G1 X499.732 Y165.689
G1 X499.761 Y163.575
G1 X499.848 Y162.149
G1 X500.0 Y161.5
G1 X500.0 Y161.5
G1 X501.3 Y156.1
G1 X501.3 Y156.1
G1 X502.556 Y151.463
G1 X504.811 Y147.87
G1 X507.6 Y146.1
G1 X507.6 Y146.1
G1 X506.2 Y149.4
G1 X506.2 Y149.4
G1 X503.775 Y153.012
G1 X503.0 Y156.4
G1 X503.0 Y156.4
G1 X506.6 Y159.6
G1 X506.6 Y159.6
G1 X510.562 Y160.5
G1 X507.4 Y161.7
G1 X507.4 Y161.7
G1 X501.925 Y162.712
G1 X501.4 Y166.2
G1 X501.4 Y166.2
G1 X501.557 Y167.504
G1 X501.761 Y169.776
G1 X501.998 Y172.867
G1 X502.255 Y176.633
G1 X502.517 Y180.924
G1 X502.77 Y185.596
G1 X503.0 Y190.5
G1 X503.0 Y190.5
G1 X503.29 Y195.557
G1 X503.617 Y200.261
G1 X503.982 Y204.623
G1 X504.388 Y208.651
G1 X504.835 Y212.354
G1 X505.326 Y215.743
G1 X505.863 Y218.827
G1 X506.446 Y221.615
G1 X507.079 Y224.117
G1 X507.763 Y226.342
G1 X508.5 Y228.3
G1 X508.5 Y228.3
G1 X506.5 Y229.0
M5; lift marker up
G4 P0.08
G0 X478.2 Y239.4
M3 S1000;put marker down
G4 P0.2
G1 X472.4 Y237.4
G1 X472.4 Y237.4
G1 X471.0 Y237.0
G1 X471.0 Y237.0
G1 X473.038 Y236.125
G1 X478.3 Y238.4
G1 X478.3 Y238.4
G1 X482.275 Y240.238
G1 X485.5 Y239.6
G1 X485.5 Y239.6
G1 X489.0 Y238.85
G1 X494.0 Y239.3
G1 X494.0 Y239.3
G1 X499.489 Y240.133
G1 X503.044 Y240.233
G1 X506.0 Y239.6
G1 X506.0 Y239.6
G1 X506.5 Y240.5
G1 X506.5 Y240.5
G1 X500.5 Y241.5
G1 X500.5 Y241.5
G1 X495.792 Y240.919
G1 X491.112 Y240.675
G1 X487.127 Y240.769
G1 X484.5 Y241.2
G1 X484.5 Y241.2
G1 X481.912 Y241.125
G1 X478.2 Y239.4
M5; lift marker up
G4 P0.08
G0 X471.5 Y263.3
M3 S1000;put marker down
G4 P0.2
G1 X468.362 Y261.962
G1 X465.0 Y261.0
G1 X465.0 Y261.0
G1 X463.9 Y259.1
G1 X463.9 Y259.1
G1 X466.9 Y258.8
G1 X466.9 Y258.8
G1 X470.9 Y261.425
G1 X475.8 Y263.0
G1 X475.8 Y263.0
G1 X479.0 Y261.5
G1 X479.0 Y261.5
G1 X484.4 Y260.0
G1 X484.4 Y260.0
G1 X486.438 Y260.026
G1 X489.595 Y259.989
G1 X493.573 Y259.899
G1 X498.074 Y259.766
G1 X502.8 Y259.6
G1 X502.8 Y259.6
G1 X508.9 Y259.467
G1 X513.35 Y259.513
G1 X516.075 Y259.727
G1 X517.0 Y260.1
G1 X517.0 Y260.1
G1 X514.3620000000001 Y260.812
G1 X507.3 Y261.0
G1 X507.3 Y261.0
G1 X502.031 Y260.985
G1 X497.027 Y261.083
G1 X492.399 Y261.287
G1 X488.262 Y261.588
G1 X484.731 Y261.978
G1 X481.917 Y262.448
G1 X479.936 Y262.992
G1 X478.9 Y263.6
G1 X478.9 Y263.6
G1 X476.025 Y264.875
G1 X471.5 Y263.3
M5; lift marker up
G4 P0.08
G0 X478.0 Y281.2
M3 S1000;put marker down
G4 P0.2
G1 X480.462 Y277.462
G1 X484.2 Y275.0
G1 X484.2 Y275.0
G1 X483.3 Y276.5
G1 X483.3 Y276.5
G1 X479.5 Y280.3
G1 X479.5 Y280.3
G1 X478.0 Y281.2
M5; lift marker up
G4 P0.08
G0 X481.4 Y292.1
M3 S1000;put marker down
G4 P0.2
G1 X483.438 Y290.412
G1 X487.5 Y287.6
G1 X487.5 Y287.6
G1 X490.626 Y285.352
G1 X493.574 Y282.948
G1 X495.7 Y280.9
G1 X495.7 Y280.9
G1 X498.388 Y277.988
G1 X501.0 Y275.3
G1 X501.0 Y275.3
G1 X503.025 Y272.288
G1 X503.4 Y267.7
G1 X503.4 Y267.7
G1 X504.0 Y264.5
G1 X504.0 Y264.5
G1 X504.9 Y270.3
G1 X504.9 Y270.3
G1 X505.9 Y275.8
G1 X505.9 Y275.8
G1 X507.438 Y281.588
G1 X507.1 Y284.0
G1 X507.1 Y284.0
G1 X506.0 Y280.4
G1 X506.0 Y280.4
G1 X504.7 Y276.6
G1 X504.7 Y276.6
G1 X502.825 Y275.862
G1 X498.4 Y280.0
G1 X498.4 Y280.0
G1 X495.085 Y283.146
G1 X491.081 Y286.47
G1 X487.05 Y289.5
G1 X483.652 Y291.763
G1 X481.548 Y292.787
G1 X481.4 Y292.1
M5; lift marker up
G4 P0.08
G0 X502.0 Y292.1
M3 S1000;put marker down
G4 P0.2
G1 X503.0 Y290.5
G1 X503.0 Y290.5
G1 X503.4 Y291.4
G1 X503.4 Y291.4
G1 X502.0 Y292.1
M5; lift marker up
G4 P0.08
G0 X509.7 Y301.5
M3 S1000;put marker down
G4 P0.2
G1 X508.1 Y297.3
G1 X510.1 Y300.3
G1 X510.1 Y300.3
G1 X511.8 Y304.6
G1 X511.8 Y304.6
G1 X509.7 Y301.5
M5; lift marker up
G4 P0.08
G0 X499.2 Y305.0
M3 S1000;put marker down
G4 P0.2
G1 X499.562 Y300.263
G1 X500.6 Y296.5
G1 X500.6 Y296.5
G1 X501.4 Y295.5
G1 X501.4 Y295.5
G1 X500.7 Y298.812
G1 X500.0 Y304.0
G1 X500.0 Y304.0
G1 X499.3 Y310.5
G1 X499.3 Y310.5
G1 X499.2 Y305.0
M5; lift marker up
G4 P0.08
G0 X484.6 Y320.1
M3 S1000;put marker down
G4 P0.2
G1 X482.37 Y318.233
G1 X479.63 Y317.167
G1 X475.4 Y316.5
G1 X475.4 Y316.5
G1 X469.788 Y315.538
G1 X468.3 Y313.0
G1 X468.3 Y313.0
G1 X464.9 Y309.5
G1 X464.9 Y309.5
G1 X461.4 Y307.8
G1 X461.4 Y307.8
G1 X463.1 Y307.3
G1 X463.1 Y307.3
G1 X467.3 Y308.0
G1 X467.3 Y308.0
G1 X469.0 Y310.4
G1 X469.0 Y310.4
G1 X469.674 Y313.037
G1 X472.126 Y314.63
G1 X477.0 Y315.6
G1 X477.0 Y315.6
G1 X481.95 Y316.788
G1 X485.7 Y319.1
G1 X485.7 Y319.1
G1 X488.1 Y322.4
G1 X488.1 Y322.4
G1 X484.6 Y320.1
M5; lift marker up
G4 P0.08
G0 X499.0 Y339.8
M3 S1000;put marker down
G4 P0.2
G1 X503.5 Y339.0
G1 X503.5 Y339.0
G1 X507.625 Y338.388
G1 X506.5 Y335.0
G1 X506.5 Y335.0
G1 X505.1 Y330.8
G1 X506.4 Y329.0
G1 X506.4 Y329.0
G1 X508.3 Y327.8
G1 X508.3 Y327.8
G1 X508.9 Y328.3
G1 X508.9 Y328.3
G1 X507.5 Y330.0
G1 X507.5 Y330.0
G1 X507.6 Y335.1
G1 X507.6 Y335.1
G1 X507.9 Y340.1
G1 X507.9 Y340.1
G1 X502.85 Y340.738
G1 X499.0 Y339.8
M5; lift marker up
G4 P0.08
G0 X497.3 Y343.3
M3 S1000;put marker down
G4 P0.2
G1 X496.312 Y340.812
G1 X496.0 Y333.9
G1 X496.0 Y333.9
G1 X496.0 Y325.0
G1 X496.0 Y325.0
G1 X492.8 Y323.6
G1 X492.8 Y323.6
G1 X494.4 Y323.0
G1 X494.4 Y323.0
G1 X496.185 Y324.033
G1 X496.881 Y326.667
G1 X497.0 Y332.9
G1 X497.0 Y332.9
G1 X497.312 Y339.812
G1 X498.3 Y342.3
G1 X498.3 Y342.3
G1 X499.0 Y343.2
G1 X499.0 Y343.2
G1 X497.3 Y343.3
M5; lift marker up
G4 P0.08
G0 X491.6 Y356.2
M3 S1000;put marker down
G4 P0.2
G1 X491.1 Y353.262
G1 X490.6 Y347.4
G1 X490.6 Y347.4
G1 X490.366 Y342.431
G1 X490.525 Y341.25
G1 X491.022 Y343.744
G1 X491.8 Y349.8
G1 X491.8 Y349.8
G1 X492.375 Y356.262
G1 X491.6 Y356.2
M5; lift marker up
G4 P0.08
G0 X480.6 Y358.8
M3 S1000;put marker down
G4 P0.2
G1 X479.822 Y354.274
G1 X479.578 Y349.326
G1 X480.0 Y347.0
G1 X480.0 Y347.0
G1 X481.0 Y351.9
G1 X481.0 Y351.9
G1 X481.578 Y356.356
G1 X483.489 Y358.544
G1 X487.0 Y358.8
G1 X487.0 Y358.8
G1 X490.0 Y359.2
G1 X490.0 Y359.2
G1 X485.45 Y359.975
G1 X480.6 Y358.8
M5; lift marker up
G4 P0.08
G0 X469.8 Y354.6
M3 S1000;put marker down
G4 P0.2
G1 X469.604 Y351.099
G1 X469.445 Y347.297
G1 X469.322 Y343.346
G1 X469.237 Y339.399
G1 X469.188 Y335.607
G1 X469.176 Y332.124
G1 X469.2 Y329.1
G1 X469.2 Y329.1
G1 X469.253 Y325.139
G1 X469.326 Y323.144
G1 X469.438 Y323.25
G1 X469.607 Y325.589
G1 X469.855 Y330.294
G1 X470.2 Y337.5
G1 X470.2 Y337.5
G1 X470.364 Y342.219
G1 X470.511 Y346.841
G1 X470.636 Y351.21
G1 X470.732 Y355.168
G1 X470.795 Y358.557
G1 X470.819 Y361.22
G1 X470.8 Y363.0
G1 X470.8 Y363.0
G1 X470.541 Y363.844
G1 X470.193 Y360.822
G1 X469.8 Y354.6
M5; lift marker up
G4 P0.08
G0 X500.3 Y374.0
M3 S1000;put marker down
G4 P0.2
G1 X500.7 Y369.8
G1 X500.7 Y369.8
G1 X500.85 Y374.012
G1 X500.7 Y378.3
G1 X500.7 Y378.3
G1 X500.3 Y374.0
M5; lift marker up
G4 P0.08
G0 X504.6 Y403.8
M3 S1000;put marker down
G4 P0.2
G1 X504.233 Y398.996
G1 X503.933 Y394.437
G1 X503.7 Y391.1
G1 X503.7 Y391.1
G1 X503.075 Y387.275
G1 X500.5 Y386.3
G1 X500.5 Y386.3
G1 X496.8 Y385.1
G1 X496.8 Y385.1
G1 X496.403 Y383.59
G1 X495.986 Y380.164
G1 X495.585 Y375.465
G1 X495.238 Y370.138
G1 X494.979 Y364.824
G1 X494.845 Y360.167
G1 X494.874 Y356.812
G1 X495.1 Y355.4
G1 X495.1 Y355.4
G1 X495.373 Y356.377
G1 X495.712 Y359.312
G1 X496.07 Y363.767
G1 X496.4 Y369.3
G1 X496.4 Y369.3
G1 X496.697 Y374.827
G1 X496.975 Y379.388
G1 X497.216 Y382.505
G1 X497.4 Y383.7
G1 X497.4 Y383.7
G1 X503.9 Y384.6
G1 X503.9 Y384.6
G1 X508.838 Y385.575
G1 X511.3 Y387.0
G1 X511.3 Y387.0
G1 X514.3 Y389.3
G1 X514.3 Y389.3
G1 X516.0 Y391.5
G1 X516.0 Y391.5
G1 X520.4 Y393.0
G1 X520.4 Y393.0
G1 X525.5 Y392.0
G1 X525.5 Y392.0
G1 X527.3 Y391.0
G1 X527.3 Y391.0
G1 X526.8 Y392.525
G1 X521.8 Y394.5
G1 X521.8 Y394.5
G1 X518.338 Y394.6
G1 X515.7 Y392.6
G1 X515.7 Y392.6
G1 X512.2 Y390.0
G1 X512.2 Y390.0
G1 X510.0 Y388.0
G1 X510.0 Y388.0
G1 X506.9 Y386.0
G1 X506.9 Y386.0
G1 X505.755 Y386.259
G1 X505.238 Y387.775
G1 X505.227 Y391.653
G1 X505.6 Y399.0
G1 X505.6 Y399.0
G1 X505.831 Y405.203
G1 X505.852 Y409.489
G1 X505.7 Y411.675
G1 X505.415 Y411.578
G1 X505.035 Y409.014
G1 X504.6 Y403.8
M5; lift marker up
G4 P0.08
G0 X509.1 Y425.9
M3 S1000;put marker down
G4 P0.2
G1 X509.45 Y420.963
G1 X511.0 Y417.9
G1 X511.0 Y417.9
G1 X513.0 Y416.6
G1 X513.0 Y416.6
G1 X511.8 Y418.8
G1 X511.8 Y418.8
G1 X510.7 Y421.4
G1 X509.9 Y425.8
G1 X509.9 Y425.8
G1 X509.3 Y431.5
G1 X509.3 Y431.5
G1 X509.1 Y425.9
M5; lift marker up
G4 P0.08
G0 X502.3 Y427.6
M3 S1000;put marker down
G4 P0.2
G1 X499.5 Y425.7
G1 X499.5 Y425.7
G1 X499.7 Y425.1
G1 X499.7 Y425.1
G1 X503.0 Y427.0
G1 X503.0 Y427.0
G1 X502.3 Y427.6
M5; lift marker up
G4 P0.08
G0 X493.0 Y426.7
M3 S1000;put marker down
G4 P0.2
G1 X490.8 Y423.45
G1 X485.9 Y422.0
G1 X485.9 Y422.0
G1 X480.45 Y421.388
G1 X478.0 Y420.1
G1 X478.0 Y420.1
G1 X480.025 Y419.912
G1 X484.9 Y420.4
G1 X484.9 Y420.4
G1 X489.659 Y421.226
G1 X491.974 Y422.407
G1 X493.4 Y424.7
G1 X493.4 Y424.7
G1 X494.0 Y428.0
G1 X494.0 Y428.0
G1 X493.0 Y426.7
M5; lift marker up
G4 P0.08
G0 X476.8 Y408.8
M3 S1000;put marker down
G4 P0.2
G1 X476.744 Y404.267
G1 X476.622 Y400.4
G1 X476.5 Y398.0
G1 X476.5 Y398.0
G1 X476.159 Y393.428
G1 X475.888 Y388.611
G1 X475.691 Y383.848
G1 X475.575 Y379.438
G1 X475.543 Y375.679
G1 X475.6 Y372.87
G1 X475.751 Y371.311
G1 X476.0 Y371.3
G1 X476.0 Y371.3
G1 X476.24 Y372.738
G1 X476.492 Y375.336
G1 X476.749 Y378.871
G1 X477.0 Y383.122
G1 X477.238 Y387.866
G1 X477.453 Y392.884
G1 X477.638 Y397.951
G1 X477.782 Y402.848
G1 X477.878 Y407.351
G1 X477.916 Y411.24
G1 X477.889 Y414.292
G1 X477.786 Y416.286
G1 X477.6 Y417.0
G1 X477.6 Y417.0
G1 X477.125 Y414.588
G1 X476.8 Y408.8
M5; lift marker up
G4 P0.08
G0 X519.0 Y435.3
M3 S1000;put marker down
G4 P0.2
G1 X523.0 Y432.9
G1 X523.0 Y432.9
G1 X524.4 Y428.488
G1 X528.5 Y427.0
G1 X528.5 Y427.0
G1 X532.0 Y427.0
G1 X532.0 Y427.0
G1 X532.1 Y419.8
G1 X532.1 Y419.8
G1 X532.7 Y415.2
G1 X532.7 Y415.2
G1 X537.6 Y418.2
G1 X537.6 Y418.2
G1 X542.6 Y418.1
G1 X542.6 Y418.1
G1 X542.7180000000001 Y417.049
G1 X542.827 Y414.346
G1 X542.9169999999999 Y410.31
G1 X542.9780000000001 Y405.255
G1 X543.0 Y399.5
G1 X543.0 Y399.5
G1 X543.046 Y393.462
G1 X543.179 Y388.327
G1 X543.389 Y384.301
G1 X543.6659999999999 Y381.59
G1 X544.0 Y380.4
G1 X544.0 Y380.4
G1 X544.544 Y378.426
G1 X545.0889999999999 Y374.141
G1 X545.5 Y368.5
G1 X545.5 Y368.5
G1 X545.856 Y362.663
G1 X546.278 Y358.004
G1 X546.7 Y355.5
G1 X546.7 Y355.5
G1 X547.2 Y351.0
G1 X547.2 Y351.0
G1 X549.6 Y345.5
G1 X549.6 Y345.5
G1 X552.2 Y342.5
G1 X552.2 Y342.5
G1 X550.4 Y345.5
G1 X550.4 Y345.5
G1 X549.062 Y348.675
G1 X548.4 Y352.0
G1 X548.4 Y352.0
G1 X547.918 Y359.726
G1 X547.508 Y365.867
G1 X547.1469999999999 Y370.628
G1 X546.812 Y374.213
G1 X546.483 Y376.827
G1 X546.136 Y378.677
G1 X545.749 Y379.966
G1 X545.3 Y380.9
G1 X545.3 Y380.9
G1 X544.685 Y382.342
G1 X544.2660000000001 Y384.639
G1 X544.0260000000001 Y388.165
G1 X543.943 Y393.294
G1 X544.0 Y400.4
G1 X544.0 Y400.4
G1 X544.058 Y405.846
G1 X544.107 Y410.701
G1 X544.137 Y414.663
G1 X544.1379999999999 Y417.43
G1 X544.1 Y418.7
G1 X544.1 Y418.7
G1 X538.8 Y420.2
G1 X538.8 Y420.2
G1 X533.5 Y420.5
G1 X533.5 Y420.5
G1 X533.0 Y424.5
G1 X533.0 Y424.5
G1 X532.038 Y427.963
G1 X528.9 Y428.8
G1 X528.9 Y428.8
G1 X524.4 Y432.3
G1 X524.4 Y432.3
G1 X522.962 Y435.0
G1 X519.2 Y435.6
G1 X519.2 Y435.6
G1 X515.0 Y435.7
G1 X515.0 Y435.7
G1 X519.0 Y435.3
M5; lift marker up
G4 P0.08
G0 X510.5 Y456.1
M3 S1000;put marker down
G4 P0.2
G1 X514.8 Y452.9
G1 X514.8 Y452.9
G1 X517.0 Y450.6
G1 X517.0 Y450.6
G1 X518.9 Y448.5
G1 X518.9 Y448.5
G1 X521.3 Y446.2
G1 X521.3 Y446.2
G1 X521.9 Y446.8
G1 X521.9 Y446.8
G1 X521.0 Y449.0
G1 X521.0 Y449.0
G1 X517.8 Y451.5
G1 X517.8 Y451.5
G1 X514.6 Y454.0
G1 X514.6 Y454.0
G1 X511.1 Y456.3
G1 X511.1 Y456.3
G1 X508.5 Y458.5
G1 X508.5 Y458.5
G1 X510.5 Y456.1
M5; lift marker up
G4 P0.08
G0 X514.5 Y471.0
M3 S1000;put marker down
G4 P0.2
G1 X517.0 Y469.7
G1 X517.0 Y469.7
G1 X518.5 Y470.0
G1 X518.5 Y470.0
G1 X516.0 Y471.3
G1 X516.0 Y471.3
G1 X514.5 Y471.0
M5; lift marker up
G4 P0.08
G0 X532.2 Y469.7
M3 S1000;put marker down
G4 P0.2
G1 X528.288 Y467.612
G1 X524.0 Y468.0
G1 X524.0 Y468.0
G1 X522.0 Y468.1
G1 X522.0 Y468.1
G1 X524.5 Y466.4
G1 X524.5 Y466.4
G1 X528.956 Y466.356
G1 X532.678 Y467.778
G1 X533.8 Y470.0
G1 X533.8 Y470.0
G1 X532.2 Y469.7
M5; lift marker up
G4 P0.08
G0 X532.6 Y473.5
M3 S1000;put marker down
G4 P0.2
G1 X534.2 Y472.0
G1 X534.2 Y472.0
G1 X534.0 Y473.5
G1 X534.0 Y473.5
G1 X532.4 Y475.0
G1 X532.4 Y475.0
G1 X532.6 Y473.5
M5; lift marker up
G4 P0.08
G0 X549.5 Y480.8
M3 S1000;put marker down
G4 P0.2
G1 X549.252 Y477.514
G1 X547.062 Y474.838
G1 X543.467 Y473.192
G1 X539.0 Y473.0
G1 X539.0 Y473.0
G1 X538.7 Y472.0
G1 X538.7 Y472.0
G1 X541.13 Y471.256
G1 X544.604 Y472.044
G1 X547.9 Y474.1
G1 X547.9 Y474.1
G1 X550.538 Y478.575
G1 X550.1 Y482.3
G1 X550.1 Y482.3
G1 X549.5 Y480.8
M5; lift marker up
G4 P0.08
G0 X554.8 Y481.3
M3 S1000;put marker down
G4 P0.2
G1 X556.7 Y481.4
G1 X556.7 Y481.4
G1 X555.4 Y481.9
G1 X555.4 Y481.9
G1 X554.8 Y481.3
M5; lift marker up
G4 P0.08
G0 X559.6 Y483.5
M3 S1000;put marker down
G4 P0.2
G1 X559.1 Y482.0
G1 X559.1 Y482.0
G1 X562.4 Y483.5
G1 X562.4 Y483.5
G1 X562.9 Y485.0
G1 X562.9 Y485.0
G1 X559.6 Y483.5
M5; lift marker up
G4 P0.08
G0 X554.0 Y488.6
M3 S1000;put marker down
G4 P0.2
G1 X556.0 Y487.7
G1 X556.0 Y487.7
G1 X557.4 Y488.1
G1 X557.4 Y488.1
G1 X554.0 Y488.6
M5; lift marker up
G4 P0.08
G0 X563.7 Y491.3
M3 S1000;put marker down
G4 P0.2
G1 X566.7 Y486.988
G1 X570.6 Y485.0
G1 X570.6 Y485.0
G1 X573.3 Y483.0
G1 X573.3 Y483.0
G1 X576.7 Y481.1
G1 X576.7 Y481.1
G1 X577.1 Y481.7
G1 X577.1 Y481.7
G1 X574.3 Y484.1
G1 X574.3 Y484.1
G1 X570.8 Y486.0
G1 X570.8 Y486.0
G1 X565.9 Y489.5
G1 X565.9 Y489.5
G1 X563.7 Y491.3
M5; lift marker up
G4 P0.08
G0 X542.0 Y492.4
M3 S1000;put marker down
G4 P0.2
G1 X543.6 Y489.2
G1 X543.6 Y489.2
G1 X549.3 Y487.2
G1 X549.3 Y487.2
G1 X553.5 Y487.3
G1 X553.5 Y487.3
G1 X549.8 Y487.7
G1 X549.8 Y487.7
G1 X546.488 Y488.675
G1 X544.0 Y490.7
G1 X544.0 Y490.7
G1 X542.0 Y492.4
M5; lift marker up
G4 P0.08
G0 X584.0 Y507.1
M3 S1000;put marker down
G4 P0.2
G1 X585.5 Y506.0
G1 X585.5 Y506.0
G1 X589.7 Y503.0
G1 X589.7 Y503.0
G1 X593.6 Y500.0
G1 X593.6 Y500.0
G1 X591.6 Y503.4
G1 X591.6 Y503.4
G1 X586.6 Y507.275
G1 X584.0 Y507.1
M5; lift marker up
G4 P0.08
G0 X597.0 Y493.3
M3 S1000;put marker down
G4 P0.2
G1 X599.3 Y491.3
G1 X599.3 Y491.3
G1 X599.1 Y486.0
G1 X599.1 Y486.0
G1 X599.5 Y487.1
G1 X599.5 Y487.1
G1 X600.5 Y490.0
G1 X600.5 Y490.0
G1 X599.8 Y493.4
G1 X599.8 Y493.4
G1 X595.5 Y495.0
G1 X595.5 Y495.0
G1 X597.0 Y493.3
M5; lift marker up
G4 P0.08
G0 X600.1 Y484.3
M3 S1000;put marker down
G4 P0.2
G1 X597.963 Y481.741
G1 X593.737 Y478.559
G1 X590.4 Y477.0
G1 X590.4 Y477.0
G1 X586.0 Y479.6
G1 X586.0 Y479.6
G1 X582.4 Y481.7
G1 X582.4 Y481.7
G1 X585.9 Y478.1
G1 X585.9 Y478.1
G1 X589.712 Y475.6
G1 X592.7 Y476.4
G1 X592.7 Y476.4
G1 X597.085 Y479.219
G1 X599.981 Y482.015
G1 X600.7 Y484.1
G1 X600.7 Y484.1
G1 X600.1 Y484.3
M5; lift marker up
G4 P0.08
G0 X605.7 Y525.4
M3 S1000;put marker down
G4 P0.2
G1 X608.9 Y520.8
G1 X608.9 Y520.8
G1 X607.8 Y516.0
G1 X607.8 Y516.0
G1 X603.9 Y514.0
G1 X603.9 Y514.0
G1 X601.8 Y510.29999999999995
G1 X601.8 Y510.29999999999995
G1 X599.3 Y505.5
G1 X599.3 Y505.5
G1 X596.5 Y501.0
G1 X596.5 Y501.0
G1 X598.956 Y502.693
G1 X601.878 Y506.274
G1 X603.4 Y509.5
G1 X603.4 Y509.5
G1 X606.3 Y513.7
G1 X606.3 Y513.7
G1 X609.417 Y516.336
G1 X610.388 Y519.562
G1 X609.239 Y522.883
G1 X606.0 Y525.8
G1 X606.0 Y525.8
G1 X603.5 Y527.2
G1 X603.5 Y527.2
G1 X605.7 Y525.4
M5; lift marker up
G4 P0.08
G0 X593.4 Y546.2
M3 S1000;put marker down
G4 P0.2
G1 X590.262 Y542.55
G1 X589.0 Y538.6
G1 X589.0 Y538.6
G1 X590.506 Y537.061
G1 X594.075 Y535.588
G1 X598.281 Y534.62
G1 X601.7 Y534.6
G1 X601.7 Y534.6
G1 X606.0 Y533.5
G1 X606.0 Y533.5
G1 X608.0 Y532.6
G1 X608.0 Y532.6
G1 X606.025 Y535.125
G1 X600.3 Y536.0
G1 X600.3 Y536.0
G1 X594.541 Y536.519
G1 X591.226 Y538.015
G1 X590.6 Y540.4
G1 X590.6 Y540.4
G1 X593.8 Y545.3
G1 X593.8 Y545.3
G1 X593.4 Y546.2
M5; lift marker up
G4 P0.08
G0 X589.3 Y554.7
M3 S1000;put marker down
G4 P0.2
G1 X587.113 Y552.363
G1 X584.642 Y549.59
G1 X582.086 Y546.614
G1 X579.639 Y543.673
G1 X577.5 Y541.0
G1 X577.5 Y541.0
G1 X575.641 Y538.701
G1 X573.363 Y536.011
G1 X570.812 Y533.088
G1 X568.137 Y530.089
G1 X565.4839999999999 Y527.174
G1 X563.0 Y524.5
G1 X563.0 Y524.5
G1 X558.181 Y519.394
G1 X554.758 Y515.551
G1 X552.546 Y512.721
G1 X551.355 Y510.654
G1 X551.0 Y509.1
G1 X551.0 Y509.1
G1 X553.9 Y512.1
G1 X553.9 Y512.1
G1 X555.6410000000001 Y514.395
G1 X558.225 Y517.412
G1 X561.297 Y520.748
G1 X564.5 Y524.0
G1 X564.5 Y524.0
G1 X566.7860000000001 Y526.259
G1 X569.256 Y528.841
G1 X571.775 Y531.6
G1 X574.211 Y534.393
G1 X576.431 Y537.074
G1 X578.3 Y539.5
G1 X578.3 Y539.5
G1 X580.547 Y542.341
G1 X583.078 Y545.426
G1 X585.694 Y548.522
G1 X588.201 Y551.391
G1 X590.4 Y553.8
G1 X590.4 Y553.8
G1 X594.425 Y558.312
G1 X595.9 Y560.5
G1 X595.9 Y560.5
G1 X593.762 Y558.95
G1 X589.3 Y554.7
M5; lift marker up
G4 P0.08
G0 X578.6 Y549.7
M3 S1000;put marker down
G4 P0.2
G1 X579.8 Y548.5
G1 X579.8 Y548.5
G1 X579.1 Y550.3
G1 X579.1 Y550.3
G1 X578.6 Y549.7
M5; lift marker up
G4 P0.08
G0 X576.0 Y564.3
M3 S1000;put marker down
G4 P0.2
G1 X573.544 Y562.267
G1 X573.222 Y559.233
G1 X575.1 Y555.6
G1 X575.1 Y555.6
G1 X577.65 Y553.425
G1 X576.0 Y556.8
G1 X576.0 Y556.8
G1 X574.248 Y560.252
G1 X576.052 Y562.281
G1 X582.1 Y563.6
G1 X582.1 Y563.6
G1 X589.5 Y564.7
G1 X589.5 Y564.7
G1 X583.5 Y564.8
G1 X583.5 Y564.8
G1 X578.812 Y564.662
G1 X576.0 Y564.3
M5; lift marker up
G4 P0.08
G0 X545.0 Y574.0
M3 S1000;put marker down
G4 P0.2
G1 X538.793 Y572.526
G1 X534.75 Y571.715
G1 X533.142 Y571.581
G1 X534.235 Y572.138
G1 X538.3 Y573.4
G1 X538.3 Y573.4
G1 X543.7339999999999 Y574.902
G1 X548.1 Y575.963
G1 X551.491 Y576.592
G1 X554.0 Y576.8
G1 X554.0 Y576.8
G1 X552.3879999999999 Y576.038
G1 X545.0 Y574.0
M5; lift marker up
G4 P0.08
G0 X520.8 Y610.4
M3 S1000;put marker down
G4 P0.2
G1 X519.316 Y609.023
G1 X517.2629999999999 Y607.081
G1 X514.788 Y604.712
G1 X512.037 Y602.052
G1 X509.159 Y599.236
G1 X506.3 Y596.4
G1 X506.3 Y596.4
G1 X502.286 Y592.497
G1 X499.012 Y589.4
G1 X496.808 Y587.428
G1 X496.0 Y586.9
G1 X496.0 Y586.9
G1 X496.542 Y587.951
G1 X498.043 Y589.834
G1 X500.316 Y592.369
G1 X503.174 Y595.374
G1 X506.431 Y598.67
G1 X509.9 Y602.075
G1 X513.394 Y605.409
G1 X516.726 Y608.493
G1 X519.7090000000001 Y611.144
G1 X522.1569999999999 Y613.182
G1 X523.883 Y614.428
G1 X524.7 Y614.7
G1 X524.7 Y614.7
G1 X520.8 Y610.4
M5; lift marker up
G4 P0.08
G0 X513.3 Y626.6
M3 S1000;put marker down
G4 P0.2
G1 X517.711 Y625.906
G1 X521.662 Y625.1
G1 X524.733 Y624.294
G1 X526.5 Y623.6
G1 X526.5 Y623.6
G1 X530.338 Y622.075
G1 X533.8 Y623.1
G1 X533.8 Y623.1
G1 X539.5 Y621.6
G1 X539.5 Y621.6
G1 X544.7 Y619.4
G1 X544.7 Y619.4
G1 X546.5 Y618.9
G1 X546.5 Y618.9
G1 X548.233 Y617.778
G1 X552.1 Y615.722
G1 X557.3 Y613.2
G1 X557.3 Y613.2
G1 X561.519 Y611.083
G1 X565.475 Y608.938
G1 X568.719 Y606.998
G1 X570.8 Y605.5
G1 X570.8 Y605.5
G1 X573.533 Y602.408
G1 X576.312 Y598.238
G1 X578.211 Y594.573
G1 X578.3 Y593.0
G1 X578.3 Y593.0
G1 X576.5 Y593.763
G1 X572.633 Y595.77
G1 X567.5 Y598.6
G1 X567.5 Y598.6
G1 X562.977 Y601.07
G1 X558.527 Y603.43
G1 X554.1669999999999 Y605.67
G1 X549.9169999999999 Y607.786
G1 X545.794 Y609.767
G1 X541.818 Y611.609
G1 X538.006 Y613.303
G1 X534.377 Y614.841
G1 X530.95 Y616.217
G1 X527.7429999999999 Y617.424
G1 X524.774 Y618.453
G1 X522.062 Y619.298
G1 X519.625 Y619.951
G1 X517.482 Y620.405
G1 X515.652 Y620.653
G1 X514.1510000000001 Y620.687
G1 X513.0 Y620.5
G1 X513.0 Y620.5
G1 X508.9 Y621.0
G1 X508.9 Y621.0
G1 X510.0 Y621.5
G1 X510.0 Y621.5
G1 X507.3 Y623.2
G1 X507.3 Y623.2
G1 X502.838 Y625.138
G1 X501.0 Y626.7
G1 X501.0 Y626.7
G1 X501.278 Y627.763
G1 X504.289 Y627.737
G1 X513.3 Y626.6
M5; lift marker up
G4 P0.08
G0 X505.0 Y623.0
M3 S1000;put marker down
G4 P0.2
G1 X505.5 Y622.0
G1 X505.5 Y622.0
G1 X503.0 Y623.0
G1 X503.0 Y623.0
G1 X502.5 Y624.0
G1 X502.5 Y624.0
G1 X505.0 Y623.0
M5; lift marker up
G4 P0.08
G0 X486.2 Y615.4
M3 S1000;put marker down
G4 P0.2
G1 X488.9 Y614.1
G1 X488.9 Y614.1
G1 X487.2 Y615.8
G1 X487.2 Y615.8
G1 X486.2 Y615.4
M5; lift marker up
G4 P0.08
G0 X476.0 Y631.6
M3 S1000;put marker down
G4 P0.2
G1 X479.5 Y630.9
G1 X479.5 Y630.9
G1 X476.0 Y632.4
G1 X476.0 Y632.4
G1 X473.5 Y633.1
G1 X473.5 Y633.1
G1 X476.0 Y631.6
M5; lift marker up
G4 P0.08
G0 X460.0 Y634.2
M3 S1000;put marker down
G4 P0.2
G1 X465.3 Y632.0
G1 X465.3 Y632.0
G1 X470.174 Y630.746
G1 X474.943 Y629.381
G1 X479.045 Y628.083
G1 X481.918 Y627.03
G1 X483.0 Y626.4
G1 X483.0 Y626.4
G1 X480.5 Y623.8
G1 X480.5 Y623.8
G1 X478.126 Y620.078
G1 X478.907 Y616.556
G1 X482.4 Y615.1
G1 X482.4 Y615.1
G1 X482.2 Y616.0
G1 X482.2 Y616.0
G1 X479.563 Y617.881
G1 X479.637 Y620.385
G1 X482.4 Y623.6
G1 X482.4 Y623.6
G1 X486.2 Y626.8
G1 X486.2 Y626.8
G1 X483.8 Y628.1
G1 X483.8 Y628.1
G1 X479.5 Y629.6
G1 X479.5 Y629.6
G1 X476.787 Y630.13
G1 X472.27 Y631.245
G1 X467.238 Y632.595
G1 X462.985 Y633.83
G1 X460.8 Y634.6
G1 X460.8 Y634.6
G1 X460.0 Y634.2
M5; lift marker up
G4 P0.08
G0 X463.4 Y585.5
M3 S1000;put marker down
G4 P0.2
G1 X467.4 Y584.0
G1 X467.4 Y584.0
G1 X466.1 Y585.5
G1 X466.1 Y585.5
G1 X463.4 Y585.5
M5; lift marker up
G4 P0.08
G0 X479.7 Y589.3
M3 S1000;put marker down
G4 P0.2
G1 X475.3 Y585.7
G1 X475.3 Y585.7
G1 X471.5 Y585.3
G1 X471.5 Y585.3
G1 X475.2 Y585.2
G1 X475.2 Y585.2
G1 X479.762 Y586.612
G1 X480.8 Y590.8
G1 X480.8 Y590.8
G1 X479.7 Y589.3
M5; lift marker up
G4 P0.08
G0 X510.8 Y539.6
M3 S1000;put marker down
G4 P0.2
G1 X508.766 Y536.759
G1 X506.921 Y534.012
G1 X505.222 Y531.282
G1 X503.623 Y528.493
G1 X502.083 Y525.568
G1 X500.556 Y522.429
G1 X499.0 Y519.0
G1 X499.0 Y519.0
G1 X498.072 Y516.904
G1 X497.016 Y514.636
G1 X495.838 Y512.205
G1 X494.544 Y509.62300000000005
G1 X493.14 Y506.9
G1 X491.631 Y504.04600000000005
G1 X490.024 Y501.072
G1 X488.325 Y497.98699999999997
G1 X486.539 Y494.803
G1 X484.672 Y491.53
G1 X482.73 Y488.178
G1 X480.719 Y484.758
G1 X478.644 Y481.279
G1 X476.512 Y477.753
G1 X474.329 Y474.19
G1 X472.1 Y470.6
G1 X472.1 Y470.6
G1 X468.936 Y465.517
G1 X466.362 Y461.213
G1 X464.633 Y458.127
G1 X464.0 Y456.7
G1 X464.0 Y456.7
G1 X464.062 Y456.07
G1 X464.595 Y456.481
G1 X466.117 Y458.687
G1 X469.146 Y463.442
G1 X474.2 Y471.5
G1 X474.2 Y471.5
G1 X476.716 Y475.508
G1 X479.092 Y479.329
G1 X481.335 Y482.971
G1 X483.45 Y486.447
G1 X485.443 Y489.767
G1 X487.32 Y492.942
G1 X489.087 Y495.983
G1 X490.75 Y498.9
G1 X492.314 Y501.70500000000004
G1 X493.786 Y504.408
G1 X495.171 Y507.02099999999996
G1 X496.475 Y509.553
G1 X497.704 Y512.016
G1 X498.864 Y514.421
G1 X499.961 Y516.779
G1 X501.0 Y519.1
G1 X501.0 Y519.1
G1 X502.69 Y522.789
G1 X504.539 Y526.482
G1 X506.393 Y529.922
G1 X508.098 Y532.847
G1 X509.5 Y535.0
G1 X509.5 Y535.0
G1 X511.975 Y538.775
G1 X512.8 Y540.9
G1 X512.8 Y540.9
G1 X510.8 Y539.6
M5; lift marker up
G4 P0.08
G0 X482.1 Y510.4
M3 S1000;put marker down
G4 P0.2
G1 X482.7 Y509.79999999999995
G1 X482.7 Y509.79999999999995
G1 X482.6 Y511.70000000000005
G1 X482.6 Y511.70000000000005
G1 X482.1 Y510.4
M5; lift marker up
G4 P0.08
G0 X570.3 Y422.3
M3 S1000;put marker down
G4 P0.2
G1 X575.3 Y422.3
G1 X575.3 Y422.3
G1 X572.5 Y422.7
G1 X572.5 Y422.7
G1 X570.3 Y422.3
M5; lift marker up
G4 P0.08
G0 X566.0 Y416.5
M3 S1000;put marker down
G4 P0.2
G1 X566.0 Y413.1
G1 X566.0 Y413.1
G1 X559.8 Y412.8
G1 X559.8 Y412.8
G1 X553.5 Y412.5
G1 X553.5 Y412.5
G1 X552.8 Y397.0
G1 X552.8 Y397.0
G1 X552.675 Y393.658
G1 X552.528 Y390.081
G1 X552.3679999999999 Y386.383
G1 X552.2 Y382.675
G1 X552.0319999999999 Y379.07
G1 X551.8720000000001 Y375.681
G1 X551.725 Y372.62
G1 X551.6 Y370.0
G1 X551.6 Y370.0
G1 X551.367 Y363.944
G1 X551.467 Y360.356
G1 X551.9 Y359.5
G1 X551.9 Y359.5
G1 X552.131 Y360.422
G1 X552.3879999999999 Y362.567
G1 X552.6610000000001 Y365.774
G1 X552.9390000000001 Y369.881
G1 X553.212 Y374.729
G1 X553.469 Y380.155
G1 X553.7 Y386.0
G1 X553.7 Y386.0
G1 X554.5 Y411.5
G1 X554.5 Y411.5
G1 X560.0 Y411.8
G1 X560.0 Y411.8
G1 X566.1 Y412.8
G1 X566.1 Y412.8
G1 X567.375 Y416.888
G1 X567.0 Y420.0
G1 X567.0 Y420.0
G1 X566.0 Y416.5
M5; lift marker up
G4 P0.08
G0 X583.3 Y412.0
M3 S1000;put marker down
G4 P0.2
G1 X583.7 Y409.8
G1 X583.7 Y409.8
G1 X583.7 Y414.3
G1 X583.7 Y414.3
G1 X583.3 Y412.0
M5; lift marker up
G4 P0.08
G0 X582.2 Y399.8
M3 S1000;put marker down
G4 P0.2
G1 X581.875 Y393.85
G1 X581.4 Y390.3
G1 X581.4 Y390.3
G1 X582.0 Y390.2
G1 X582.0 Y390.2
G1 X582.65 Y393.638
G1 X582.7 Y399.7
G1 X582.7 Y399.7
G1 X582.4 Y407.5
G1 X582.4 Y407.5
G1 X582.2 Y399.8
M5; lift marker up
G4 P0.08
G0 X574.5 Y385.9
M3 S1000;put marker down
G4 P0.2
G1 X574.273 Y380.003
G1 X574.188 Y375.1
G1 X574.233 Y371.697
G1 X574.4 Y370.3
G1 X574.4 Y370.3
G1 X575.1 Y374.6
G1 X575.1 Y374.6
G1 X575.211 Y377.327
G1 X575.388 Y381.112
G1 X575.62 Y385.442
G1 X575.9 Y389.8
G1 X575.9 Y389.8
G1 X576.1 Y395.089
G1 X576.1 Y398.978
G1 X575.9 Y400.6
G1 X575.9 Y400.6
G1 X575.569 Y399.555
G1 X575.2 Y396.438
G1 X574.831 Y391.727
G1 X574.5 Y385.9
M5; lift marker up
G4 P0.08
G0 X581.3 Y378.0
M3 S1000;put marker down
G4 P0.2
G1 X581.7 Y373.8
G1 X581.7 Y373.8
G1 X581.85 Y378.012
G1 X581.7 Y382.3
G1 X581.7 Y382.3
G1 X581.3 Y378.0
M5; lift marker up
G4 P0.08
G0 X588.6 Y381.9
M3 S1000;put marker down
G4 P0.2
G1 X588.386 Y376.562
G1 X588.229 Y371.791
G1 X588.139 Y367.889
G1 X588.126 Y365.158
G1 X588.2 Y363.9
G1 X588.2 Y363.9
G1 X588.486 Y364.33
G1 X588.802 Y366.703
G1 X589.119 Y370.506
G1 X589.412 Y375.225
G1 X589.654 Y380.347
G1 X589.817 Y385.359
G1 X589.875 Y389.748
G1 X589.8 Y393.0
G1 X589.8 Y393.0
G1 X589.511 Y393.478
G1 X589.089 Y389.489
G1 X588.6 Y381.9
M5; lift marker up
G4 P0.08
G0 X596.5 Y368.4
M3 S1000;put marker down
G4 P0.2
G1 X592.625 Y365.575
G1 X591.0 Y362.9
G1 X591.0 Y362.9
G1 X593.3 Y364.3
G1 X593.3 Y364.3
G1 X598.0 Y368.2
G1 X598.0 Y368.2
G1 X596.5 Y368.4
M5; lift marker up
G4 P0.08
G0 X606.9 Y367.1
M3 S1000;put marker down
G4 P0.2
G1 X609.6 Y363.3
G1 X609.6 Y363.3
G1 X610.9 Y362.0
G1 X610.9 Y362.0
G1 X609.4 Y365.75
G1 X606.7 Y368.0
G1 X606.7 Y368.0
G1 X606.9 Y367.1
M5; lift marker up
G4 P0.08
G0 X623.4 Y364.5
M3 S1000;put marker down
G4 P0.2
G1 X623.732 Y358.506
G1 X624.112 Y353.409
G1 X624.516 Y349.459
G1 X624.92 Y346.906
G1 X625.3 Y346.0
G1 X625.3 Y346.0
G1 X625.7 Y349.3
G1 X625.7 Y349.3
G1 X625.472 Y350.992
G1 X625.268 Y353.836
G1 X625.088 Y357.544
G1 X624.932 Y361.828
G1 X624.8 Y366.4
G1 X624.8 Y366.4
G1 X624.639 Y371.883
G1 X624.338 Y376.588
G1 X623.942 Y379.998
G1 X623.5 Y381.6
G1 X623.5 Y381.6
G1 X623.163 Y381.425
G1 X622.99 Y379.67
G1 X622.974 Y376.294
G1 X623.113 Y371.251
G1 X623.4 Y364.5
M5; lift marker up
G4 P0.08
G0 X630.7 Y355.3
M3 S1000;put marker down
G4 P0.2
G1 X630.088 Y352.162
G1 X631.8 Y348.8
G1 X631.8 Y348.8
G1 X634.1 Y347.088
G1 X637.3 Y345.0
G1 X637.3 Y345.0
G1 X640.193 Y343.541
G1 X642.841 Y343.259
G1 X647.0 Y344.0
G1 X647.0 Y344.0
G1 X652.715 Y344.911
G1 X654.452 Y344.156
G1 X652.5 Y341.6
G1 X652.5 Y341.6
G1 X649.5 Y338.8
G1 X649.5 Y338.8
G1 X651.8 Y337.2
G1 X651.8 Y337.2
G1 X653.378 Y335.885
G1 X652.356 Y333.815
G1 X647.6 Y328.7
G1 X647.6 Y328.7
G1 X644.0 Y324.0
G1 X644.0 Y324.0
G1 X647.538 Y320.438
G1 X651.6 Y318.3
G1 X651.6 Y318.3
G1 X650.3 Y319.9
G1 X650.3 Y319.9
G1 X646.419 Y322.53
G1 X646.315 Y324.937
G1 X649.9 Y329.1
G1 X649.9 Y329.1
G1 X653.785 Y333.578
G1 X654.848 Y336.189
G1 X653.4 Y337.8
G1 X653.4 Y337.8
G1 X653.9 Y340.9
G1 X653.9 Y340.9
G1 X655.922 Y343.845
G1 X655.075 Y345.562
G1 X651.566 Y345.948
G1 X645.6 Y344.9
G1 X645.6 Y344.9
G1 X641.25 Y344.45
G1 X636.6 Y347.0
G1 X636.6 Y347.0
G1 X632.747 Y350.018
G1 X631.146 Y352.331
G1 X631.79 Y353.905
G1 X634.677 Y354.706
G1 X639.8 Y354.7
G1 X639.8 Y354.7
G1 X646.0 Y355.1
G1 X646.0 Y355.1
G1 X643.75 Y355.694
G1 X638.725 Y355.95
G1 X633.512 Y355.831
G1 X630.7 Y355.3
M5; lift marker up
G4 P0.08
G0 X640.0 Y372.0
M3 S1000;put marker down
G4 P0.2
G1 X638.25 Y371.362
G1 X642.8 Y371.1
G1 X642.8 Y371.1
G1 X649.0 Y370.0
G1 X649.0 Y370.0
G1 X648.0 Y369.0
G1 X648.0 Y369.0
G1 X645.488 Y366.463
G1 X644.7 Y362.2
G1 X644.7 Y362.2
G1 X647.662 Y358.775
G1 X652.2 Y357.0
G1 X652.2 Y357.0
G1 X650.2 Y358.7
G1 X650.2 Y358.7
G1 X647.044 Y361.289
G1 X646.156 Y364.278
G1 X647.8 Y366.8
G1 X647.8 Y366.8
G1 X649.888 Y369.662
G1 X647.4 Y372.0
G1 X647.4 Y372.0
G1 X644.2 Y372.9
G1 X644.2 Y372.9
G1 X640.0 Y372.0
M5; lift marker up
G4 P0.08
G0 X627.6 Y378.9
M3 S1000;put marker down
G4 P0.2
G1 X627.422 Y375.907
G1 X629.178 Y373.159
G1 X632.4 Y371.3
G1 X632.4 Y371.3
G1 X635.9 Y370.925
G1 X632.8 Y373.1
G1 X632.8 Y373.1
G1 X628.9 Y377.5
G1 X628.9 Y377.5
G1 X627.6 Y378.9
M5; lift marker up
G4 P0.08
G0 X628.2 Y390.8
M3 S1000;put marker down
G4 P0.2
G1 X630.612 Y387.775
G1 X634.0 Y387.0
G1 X634.0 Y387.0
G1 X639.5 Y385.0
G1 X639.5 Y385.0
G1 X644.4 Y383.0
G1 X644.4 Y383.0
G1 X641.4 Y385.5
G1 X641.4 Y385.5
G1 X637.138 Y387.275
G1 X633.7 Y388.0
G1 X633.7 Y388.0
G1 X629.8 Y390.5
G1 X629.8 Y390.5
G1 X627.8 Y393.0
G1 X627.8 Y393.0
G1 X628.2 Y390.8
M5; lift marker up
G4 P0.08
G0 X622.0 Y390.8
M3 S1000;put marker down
G4 P0.2
G1 X620.0 Y387.5
G1 X620.0 Y387.5
G1 X619.0 Y383.5
G1 X619.0 Y383.5
G1 X619.4 Y384.3
G1 X619.4 Y384.3
G1 X621.5 Y386.8
G1 X621.5 Y386.8
G1 X623.0 Y392.0
G1 X623.0 Y392.0
G1 X622.0 Y390.8
M5; lift marker up
G4 P0.08
G0 X641.8 Y404.7
M3 S1000;put marker down
G4 P0.2
G1 X638.975 Y401.812
G1 X638.4 Y396.0
G1 X638.4 Y396.0
G1 X638.362 Y391.338
G1 X638.7 Y395.0
G1 X638.7 Y395.0
G1 X639.659 Y400.03
G1 X641.774 Y403.104
G1 X645.4 Y404.8
G1 X645.4 Y404.8
G1 X646.8 Y406.3
G1 X646.8 Y406.3
G1 X641.8 Y404.7
M5; lift marker up
G4 P0.08
G0 X650.1 Y400.9
M3 S1000;put marker down
G4 P0.2
G1 X651.275 Y397.312
G1 X654.1 Y396.2
G1 X654.1 Y396.2
G1 X655.8 Y391.8
G1 X655.8 Y391.8
G1 X656.475 Y387.713
G1 X658.8 Y387.0
G1 X658.8 Y387.0
G1 X664.5 Y389.0
G1 X664.5 Y389.0
G1 X670.4 Y390.4
G1 X670.4 Y390.4
G1 X672.6 Y390.9
G1 X672.6 Y390.9
G1 X668.788 Y391.95
G1 X663.7 Y390.0
G1 X663.7 Y390.0
G1 X659.0 Y388.0
G1 X659.0 Y388.0
G1 X657.5 Y392.0
G1 X657.5 Y392.0
G1 X657.638 Y395.688
G1 X654.7 Y397.5
G1 X654.7 Y397.5
G1 X650.7 Y401.2
G1 X650.7 Y401.2
G1 X650.1 Y400.9
M5; lift marker up
G4 P0.08
G0 X647.8 Y384.3
M3 S1000;put marker down
G4 P0.2
G1 X649.7 Y384.4
G1 X649.7 Y384.4
G1 X648.4 Y384.9
G1 X648.4 Y384.9
G1 X647.8 Y384.3
M5; lift marker up
G4 P0.08
G0 X662.5 Y363.1
M3 S1000;put marker down
G4 P0.2
G1 X658.919 Y361.452
G1 X655.515 Y359.248
G1 X654.0 Y357.6
G1 X654.0 Y357.6
G1 X656.3 Y358.4
G1 X656.3 Y358.4
G1 X661.8 Y361.5
G1 X661.8 Y361.5
G1 X665.0 Y363.5
G1 X665.0 Y363.5
G1 X664.8 Y363.9
G1 X664.8 Y363.9
G1 X662.5 Y363.1
M5; lift marker up
G4 P0.08
G0 X634.1 Y335.3
M3 S1000;put marker down
G4 P0.2
G1 X634.181 Y332.667
G1 X634.552 Y328.9
G1 X635.1 Y324.8
G1 X635.1 Y324.8
G1 X635.715 Y320.67
G1 X636.285 Y316.83
G1 X636.7 Y314.1
G1 X636.7 Y314.1
G1 X637.7 Y311.4
G1 X637.7 Y311.4
G1 X637.808 Y312.529
G1 X637.655 Y315.178
G1 X637.299 Y318.883
G1 X636.797 Y323.182
G1 X636.209 Y327.61
G1 X635.59 Y331.704
G1 X635.0 Y335.0
G1 X635.0 Y335.0
G1 X634.2 Y338.5
G1 X634.2 Y338.5
G1 X634.1 Y335.3
M5; lift marker up
G4 P0.08
G0 X624.0 Y333.1
M3 S1000;put marker down
G4 P0.2
G1 X625.7 Y330.9
G1 X625.7 Y330.9
G1 X627.688 Y328.738
G1 X630.2 Y325.6
G1 X630.2 Y325.6
G1 X633.0 Y322.8
G1 X633.0 Y322.8
G1 X631.784 Y325.014
G1 X629.05 Y328.812
G1 X626.166 Y332.405
G1 X624.5 Y334.0
G1 X624.5 Y334.0
G1 X624.0 Y333.1
M5; lift marker up
G4 P0.08
G0 X624.4 Y322.5
M3 S1000;put marker down
G4 P0.2
G1 X629.3 Y321.0
G1 X629.3 Y321.0
G1 X628.2 Y322.6
G1 X628.2 Y322.6
G1 X624.4 Y324.1
G1 X624.4 Y324.1
G1 X622.8 Y325.0
G1 X622.8 Y325.0
G1 X624.4 Y322.5
M5; lift marker up
G4 P0.08
G0 X631.6 Y318.5
M3 S1000;put marker down
G4 P0.2
G1 X632.45 Y315.775
G1 X633.6 Y312.0
G1 X633.6 Y312.0
G1 X635.0 Y307.5
G1 X635.0 Y307.5
G1 X634.4 Y311.5
G1 X634.4 Y311.5
G1 X633.575 Y315.05
G1 X632.3 Y318.0
G1 X632.3 Y318.0
G1 X631.6 Y318.5
M5; lift marker up
G4 P0.08
G0 X626.1 Y306.9
M3 S1000;put marker down
G4 P0.2
G1 X628.1 Y302.1
G1 X628.1 Y302.1
G1 X630.738 Y300.388
G1 X635.1 Y300.1
G1 X635.1 Y300.1
G1 X640.0 Y301.1
G1 X640.0 Y301.1
G1 X635.5 Y301.2
G1 X635.5 Y301.2
G1 X631.3 Y301.304
G1 X628.7 Y302.896
G1 X627.1 Y306.4
G1 X627.1 Y306.4
G1 X626.1 Y306.9
M5; lift marker up
G4 P0.08
G0 X622.8 Y288.3
M3 S1000;put marker down
G4 P0.2
G1 X620.041 Y283.0
G1 X617.393 Y279.633
G1 X615.5 Y279.0
G1 X615.5 Y279.0
G1 X615.6 Y274.8
G1 X615.6 Y274.8
G1 X616.412 Y270.075
G1 X616.4 Y266.1
G1 X616.4 Y266.1
G1 X617.0 Y263.5
G1 X617.0 Y263.5
G1 X617.825 Y265.55
G1 X617.6 Y270.6
G1 X617.6 Y270.6
G1 X617.33 Y274.269
G1 X617.612 Y276.85
G1 X618.739 Y279.431
G1 X621.0 Y283.1
G1 X621.0 Y283.1
G1 X623.825 Y287.738
G1 X625.0 Y290.2
G1 X625.0 Y290.2
G1 X622.8 Y288.3
M5; lift marker up
G4 P0.08
G0 X611.5 Y287.3
M3 S1000;put marker down
G4 P0.2
G1 X614.0 Y283.9
G1 X614.0 Y283.9
G1 X612.512 Y287.975
G1 X610.5 Y291.0
G1 X610.5 Y291.0
G1 X611.5 Y287.3
M5; lift marker up
G4 P0.08
G0 X608.1 Y295.4
M3 S1000;put marker down
G4 P0.2
G1 X608.7 Y294.8
G1 X608.7 Y294.8
G1 X608.6 Y296.7
G1 X608.6 Y296.7
G1 X608.1 Y295.4
M5; lift marker up
G4 P0.08
G0 X597.0 Y292.6
M3 S1000;put marker down
G4 P0.2
G1 X599.7 Y289.6
G1 X599.7 Y289.6
G1 X604.975 Y286.2
G1 X608.0 Y286.1
G1 X608.0 Y286.1
G1 X606.2 Y287.0
G1 X606.2 Y287.0
G1 X600.7 Y290.1
G1 X600.7 Y290.1
G1 X597.0 Y292.6
M5; lift marker up
G4 P0.08
G0 X597.1 Y277.3
M3 S1000;put marker down
G4 P0.2
G1 X601.3 Y273.5
G1 X601.3 Y273.5
G1 X604.788 Y270.25
G1 X607.3 Y266.7
G1 X607.3 Y266.7
G1 X609.35 Y263.162
G1 X608.7 Y266.6
G1 X608.7 Y266.6
G1 X607.004 Y269.46
G1 X604.012 Y272.872
G1 X600.708 Y275.924
G1 X598.076 Y277.704
G1 X597.1 Y277.3
M5; lift marker up
G4 P0.08
G0 X586.0 Y278.2
M3 S1000;put marker down
G4 P0.2
G1 X586.9 Y277.8
G1 X586.9 Y277.8
G1 X588.325 Y277.05
G1 X589.0 Y271.8
G1 X589.0 Y271.8
G1 X585.6 Y269.0
G1 X585.6 Y269.0
G1 X582.585 Y269.556
G1 X581.748 Y271.711
G1 X582.8 Y276.2
G1 X582.8 Y276.2
G1 X584.925 Y280.238
G1 X586.0 Y278.2
M5; lift marker up
G4 P0.08
G0 X581.2 Y277.8
M3 S1000;put marker down
G4 P0.2
G1 X580.0 Y274.9
G1 X580.0 Y274.9
G1 X577.5 Y272.2
G1 X577.5 Y272.2
G1 X576.5 Y275.2
G1 X576.5 Y275.2
G1 X578.7 Y278.3
G1 X578.7 Y278.3
G1 X582.0 Y278.9
G1 X582.0 Y278.9
G1 X581.2 Y277.8
M5; lift marker up
G4 P0.08
G0 X581.0 Y280.4
M3 S1000;put marker down
G4 P0.2
G1 X576.3 Y279.0
G1 X576.3 Y279.0
G1 X574.6 Y275.8
G1 X574.6 Y275.8
G1 X575.888 Y270.763
G1 X578.0 Y270.3
G1 X578.0 Y270.3
G1 X580.888 Y269.15
G1 X581.0 Y265.9
G1 X581.0 Y265.9
G1 X580.6 Y262.7
G1 X580.6 Y262.7
G1 X579.675 Y261.312
G1 X572.3 Y261.5
G1 X572.3 Y261.5
G1 X565.8140000000001 Y261.911
G1 X560.4649999999999 Y262.203
G1 X556.202 Y262.379
G1 X552.975 Y262.443
G1 X550.733 Y262.399
G1 X549.425 Y262.25
G1 X549.0 Y262.0
G1 X549.0 Y262.0
G1 X549.7 Y261.684
G1 X551.688 Y261.343
G1 X554.794 Y260.99
G1 X558.847 Y260.637
G1 X563.679 Y260.296
G1 X569.12 Y259.98
G1 X575.0 Y259.7
G1 X575.0 Y259.7
G1 X580.5 Y259.5
G1 X580.5 Y259.5
G1 X580.8 Y254.7
G1 X580.8 Y254.7
G1 X580.0 Y248.5
G1 X580.0 Y248.5
G1 X573.7 Y246.60000000000002
G1 X573.7 Y246.60000000000002
G1 X570.557 Y246.43400000000003
G1 X566.702 Y246.51
G1 X562.525 Y246.786
G1 X558.4159999999999 Y247.224
G1 X554.7660000000001 Y247.78199999999998
G1 X551.9639999999999 Y248.421
G1 X550.4 Y249.10000000000002
G1 X550.4 Y249.10000000000002
G1 X549.0 Y254.60000000000002
G1 X549.0 Y254.60000000000002
G1 X548.0 Y259.5
G1 X548.0 Y259.5
G1 X546.0 Y264.0
G1 X546.0 Y264.0
G1 X547.0 Y270.0
G1 X547.0 Y270.0
G1 X547.5 Y275.0
G1 X547.5 Y275.0
G1 X543.5 Y275.2
G1 X543.5 Y275.2
G1 X538.0 Y275.1
G1 X538.0 Y275.1
G1 X534.562 Y275.513
G1 X529.7 Y273.6
G1 X529.7 Y273.6
G1 X525.9110000000001 Y271.536
G1 X523.102 Y269.448
G1 X521.146 Y267.192
G1 X519.921 Y264.624
G1 X519.3 Y261.6
G1 X519.3 Y261.6
G1 X519.462 Y257.711
G1 X520.675 Y254.038
G1 X522.675 Y251.09500000000003
G1 X525.2 Y249.39999999999998
G1 X525.2 Y249.39999999999998
G1 X525.4 Y247.7
G1 X525.4 Y247.7
G1 X521.5 Y245.0
G1 X521.5 Y245.0
G1 X517.0 Y242.5
G1 X517.0 Y242.5
G1 X514.0070000000001 Y241.11900000000003
G1 X511.459 Y238.848
G1 X509.4 Y235.8
G1 X509.4 Y235.8
G1 X508.712 Y232.688
G1 X511.7 Y228.0
G1 X511.7 Y228.0
G1 X514.236 Y225.045
G1 X517.06 Y222.646
G1 X520.196 Y220.786
G1 X523.668 Y219.443
G1 X527.5 Y218.6
G1 X527.5 Y218.6
G1 X530.4490000000001 Y218.461
G1 X533.0260000000001 Y219.052
G1 X535.425 Y220.538
G1 X537.841 Y223.081
G1 X540.4680000000001 Y226.848
G1 X543.5 Y232.0
G1 X543.5 Y232.0
G1 X546.712 Y237.648
G1 X549.065 Y241.572
G1 X550.9490000000001 Y244.046
G1 X552.755 Y245.34300000000002
G1 X554.8720000000001 Y245.736
G1 X557.69 Y245.497
G1 X561.6 Y244.89999999999998
G1 X561.6 Y244.89999999999998
G1 X566.392 Y244.337
G1 X570.088 Y244.14999999999998
G1 X573.314 Y244.337
G1 X576.7 Y244.89999999999998
G1 X576.7 Y244.89999999999998
G1 X582.7 Y246.2
G1 X582.7 Y246.2
G1 X582.6 Y255.7
G1 X582.6 Y255.7
G1 X582.5 Y265.3
G1 X582.5 Y265.3
G1 X585.7 Y266.6
G1 X585.7 Y266.6
G1 X589.4 Y268.0
G1 X589.4 Y268.0
G1 X590.278 Y266.989
G1 X591.075 Y264.23
G1 X591.733 Y260.138
G1 X592.194 Y255.123
G1 X592.4 Y249.60000000000002
G1 X592.4 Y249.60000000000002
G1 X592.5 Y238.7
G1 X592.5 Y238.7
G1 X585.5 Y234.6
G1 X585.5 Y234.6
G1 X582.33 Y232.781
G1 X578.812 Y230.925
G1 X575.389 Y229.256
G1 X572.5 Y228.0
G1 X572.5 Y228.0
G1 X566.252 Y225.48
G1 X562.8620000000001 Y223.812
G1 X561.742 Y222.614
G1 X562.3 Y221.5
G1 X562.3 Y221.5
G1 X563.13 Y219.641
G1 X563.804 Y215.826
G1 X564.3 Y210.3
G1 X564.3 Y210.3
G1 X564.53 Y207.662
G1 X564.864 Y204.478
G1 X565.287 Y200.901
G1 X565.779 Y197.083
G1 X566.323 Y193.175
G1 X566.903 Y189.33
G1 X567.5 Y185.7
G1 X567.5 Y185.7
G1 X568.481 Y179.875
G1 X569.275 Y175.025
G1 X569.806 Y171.638
G1 X570.0 Y170.2
G1 X570.0 Y170.2
G1 X571.0 Y170.6
G1 X571.0 Y170.6
G1 X571.338 Y171.903
G1 X571.3 Y174.8
G1 X570.8879999999999 Y179.347
G1 X570.1 Y185.6
G1 X570.1 Y185.6
G1 X569.565 Y189.412
G1 X569.005 Y193.509
G1 X568.438 Y197.766
G1 X567.8779999999999 Y202.055
G1 X567.342 Y206.251
G1 X566.845 Y210.228
G1 X566.403 Y213.859
G1 X566.031 Y217.018
G1 X565.7470000000001 Y219.578
G1 X565.5640000000001 Y221.414
G1 X565.5 Y222.4
G1 X565.5 Y222.4
G1 X570.8 Y225.1
G1 X570.8 Y225.1
G1 X573.536 Y226.178
G1 X576.852 Y227.691
G1 X580.485 Y229.495
G1 X584.17 Y231.45
G1 X587.644 Y233.413
G1 X590.642 Y235.244
G1 X592.9 Y236.8
G1 X592.9 Y236.8
G1 X594.47 Y238.596
G1 X595.063 Y241.837
G1 X595.1 Y248.7
G1 X595.1 Y248.7
G1 X594.97 Y253.03500000000003
G1 X594.663 Y256.944
G1 X594.15 Y260.588
G1 X593.404 Y264.122
G1 X592.396 Y267.707
G1 X591.1 Y271.5
G1 X591.1 Y271.5
G1 X589.6 Y277.1
G1 X589.6 Y277.1
G1 X586.5 Y280.8
G1 X586.5 Y280.8
G1 X583.7 Y281.9
G1 X583.7 Y281.9
G1 X581.0 Y280.4
M5; lift marker up
G4 P0.08
G0 X561.0 Y298.3
M3 S1000;put marker down
G4 P0.2
G1 X562.6 Y294.9
G1 X562.6 Y294.9
G1 X563.5 Y296.0
G1 X563.5 Y296.0
G1 X561.0 Y298.3
M5; lift marker up
G4 P0.08
G0 X563.0 Y314.0
M3 S1000;put marker down
G4 P0.2
G1 X561.075 Y309.75
G1 X562.0 Y307.0
G1 X562.0 Y307.0
G1 X562.3 Y308.5
G1 X562.3 Y308.5
G1 X563.55 Y311.988
G1 X567.5 Y315.1
G1 X567.5 Y315.1
G1 X567.3 Y315.9
G1 X567.3 Y315.9
G1 X563.0 Y314.0
M5; lift marker up
G4 P0.08
G0 X571.0 Y326.5
M3 S1000;put marker down
G4 P0.2
G1 X575.2 Y323.0
G1 X575.2 Y323.0
G1 X575.3 Y324.5
G1 X575.3 Y324.5
G1 X574.2 Y325.6
G1 X574.2 Y325.6
G1 X572.3 Y326.1
G1 X572.3 Y326.1
G1 X571.0 Y326.5
M5; lift marker up
G4 P0.08
G0 X558.1 Y333.9
M3 S1000;put marker down
G4 P0.2
G1 X560.303 Y331.143
G1 X562.694 Y328.438
G1 X565.244 Y325.807
G1 X567.925 Y323.275
G1 X570.7090000000001 Y320.865
G1 X573.569 Y318.6
G1 X576.475 Y316.504
G1 X579.4 Y314.6
G1 X579.4 Y314.6
G1 X581.815 Y313.196
G1 X580.185 Y314.77
G1 X573.8 Y319.9
G1 X573.8 Y319.9
G1 X571.5319999999999 Y321.785
G1 X569.0260000000001 Y324.044
G1 X566.425 Y326.538
G1 X563.874 Y329.122
G1 X561.518 Y331.657
G1 X559.5 Y334.0
G1 X559.5 Y334.0
G1 X556.059 Y338.03
G1 X553.5070000000001 Y340.904
G1 X552.4 Y342.0
G1 X552.4 Y342.0
G1 X553.8620000000001 Y339.638
G1 X558.1 Y333.9
M5; lift marker up
G4 P0.08
G0 X545.3 Y328.0
M3 S1000;put marker down
G4 P0.2
G1 X542.1 Y325.2
G1 X542.1 Y325.2
G1 X538.7 Y322.6
G1 X538.7 Y322.6
G1 X535.175 Y319.263
G1 X534.2 Y315.4
G1 X534.2 Y315.4
G1 X535.8 Y317.9
G1 X535.8 Y317.9
G1 X538.5 Y321.0
G1 X538.5 Y321.0
G1 X543.1 Y324.1
G1 X543.1 Y324.1
G1 X546.012 Y326.5
G1 X549.0 Y326.8
G1 X549.0 Y326.8
G1 X552.0 Y327.2
G1 X552.0 Y327.2
G1 X551.1 Y328.0
G1 X551.1 Y328.0
G1 X548.8 Y328.4
G1 X548.8 Y328.4
G1 X545.3 Y328.0
M5; lift marker up
G4 P0.08
G0 X534.9 Y344.4
M3 S1000;put marker down
G4 P0.2
G1 X529.6 Y343.3
G1 X529.6 Y343.3
G1 X527.1 Y342.9
G1 X527.1 Y342.9
G1 X532.1120000000001 Y342.025
G1 X536.0 Y344.0
G1 X536.0 Y344.0
G1 X534.9 Y344.4
M5; lift marker up
G4 P0.08
G0 X525.8 Y331.3
M3 S1000;put marker down
G4 P0.2
G1 X526.8 Y327.0
G1 X526.8 Y327.0
G1 X527.3 Y326.9
G1 X527.3 Y326.9
G1 X529.0 Y330.1
G1 X529.0 Y330.1
G1 X526.3 Y331.9
G1 X526.3 Y331.9
G1 X525.8 Y331.3
M5; lift marker up
G4 P0.08
G0 X515.5 Y320.0
M3 S1000;put marker down
G4 P0.2
G1 X519.1120000000001 Y317.788
G1 X522.5 Y317.0
G1 X522.5 Y317.0
G1 X527.0 Y315.5
G1 X527.0 Y315.5
G1 X529.3 Y314.0
G1 X529.3 Y314.0
G1 X527.9 Y316.6
G1 X527.9 Y316.6
G1 X522.6 Y318.6
G1 X522.6 Y318.6
G1 X516.8 Y320.5
G1 X516.8 Y320.5
G1 X512.8 Y323.0
G1 X512.8 Y323.0
G1 X515.5 Y320.0
M5; lift marker up
G4 P0.08
G0 X515.4 Y287.6
M3 S1000;put marker down
G4 P0.2
G1 X511.504 Y283.826
G1 X508.83 Y281.074
G1 X508.0 Y279.9
G1 X508.0 Y279.9
G1 X509.359 Y280.77
G1 X512.4069999999999 Y283.396
G1 X516.5 Y287.2
G1 X516.5 Y287.2
G1 X520.441 Y291.133
G1 X523.0930000000001 Y293.933
G1 X523.9 Y295.0
G1 X523.9 Y295.0
G1 X522.5409999999999 Y293.993
G1 X519.4929999999999 Y291.341
G1 X515.4 Y287.6
M5; lift marker up
G4 P0.08
G0 X526.1 Y283.9
M3 S1000;put marker down
G4 P0.2
G1 X521.9 Y281.0
G1 X521.9 Y281.0
G1 X524.922 Y282.03
G1 X529.011 Y284.17
G1 X531.5 Y286.0
G1 X531.5 Y286.0
G1 X531.5 Y286.712
G1 X526.1 Y283.9
M5; lift marker up
G4 P0.08
G0 X546.8 Y272.2
M3 S1000;put marker down
G4 P0.2
G1 X545.7 Y270.4
G1 X545.7 Y270.4
G1 X543.0 Y266.9
G1 X543.0 Y266.9
G1 X540.1 Y263.9
G1 X540.1 Y263.9
G1 X539.8 Y263.3
G1 X539.8 Y263.3
G1 X539.5 Y260.3
G1 X539.5 Y260.3
G1 X538.4 Y256.4
G1 X538.4 Y256.4
G1 X537.6669999999999 Y253.63
G1 X534.6 Y251.10399999999998
G1 X530.6 Y250.0
G1 X530.6 Y250.0
G1 X527.075 Y250.94400000000002
G1 X524.0 Y253.425
G1 X521.825 Y256.919
G1 X521.0 Y260.9
G1 X521.0 Y260.9
G1 X521.688 Y264.638
G1 X524.7 Y268.0
G1 X524.7 Y268.0
G1 X528.15 Y270.662
G1 X531.3 Y272.5
G1 X531.3 Y272.5
G1 X535.198 Y273.367
G1 X540.212 Y273.588
G1 X544.645 Y273.189
G1 X546.8 Y272.2
M5; lift marker up
G4 P0.08
G0 X546.9 Y253.0
M3 S1000;put marker down
G4 P0.2
G1 X543.3 Y250.5
G1 X543.3 Y250.5
G1 X537.5 Y249.5
G1 X537.5 Y249.5
G1 X538.0 Y251.7
G1 X538.0 Y251.7
G1 X542.3 Y254.3
G1 X542.3 Y254.3
G1 X542.6 Y256.2
G1 X542.6 Y256.2
G1 X542.2 Y261.8
G1 X542.2 Y261.8
G1 X543.5 Y265.1
G1 X543.5 Y265.1
G1 X545.2 Y260.3
G1 X545.2 Y260.3
G1 X546.3879999999999 Y256.2
G1 X546.9 Y253.0
M5; lift marker up
G4 P0.08
G0 X538.7 Y247.10000000000002
M3 S1000;put marker down
G4 P0.2
G1 X535.3620000000001 Y245.238
G1 X531.2 Y243.3
G1 X531.2 Y243.3
G1 X524.1669999999999 Y240.185
G1 X522.733 Y239.248
G1 X525.5 Y239.6
G1 X525.5 Y239.6
G1 X528.846 Y240.481
G1 X532.9449999999999 Y242.13400000000001
G1 X536.991 Y244.15800000000002
G1 X540.178 Y246.147
G1 X541.7 Y247.7
G1 X541.7 Y247.7
G1 X545.475 Y248.988
G1 X549.4 Y248.10000000000002
G1 X549.4 Y248.10000000000002
G1 X549.2049999999999 Y246.846
G1 X548.158 Y244.30900000000003
G1 X546.466 Y240.868
G1 X544.338 Y236.9
G1 X541.979 Y232.782
G1 X539.598 Y228.891
G1 X537.403 Y225.604
G1 X535.6 Y223.3
G1 X535.6 Y223.3
G1 X532.885 Y221.456
G1 X528.948 Y221.078
G1 X523.5 Y222.1
G1 X523.5 Y222.1
G1 X520.395 Y223.518
G1 X517.0699999999999 Y225.887
G1 X514.046 Y228.717
G1 X511.849 Y231.518
G1 X511.0 Y233.8
G1 X511.0 Y233.8
G1 X512.0930000000001 Y236.296
G1 X514.807 Y238.837
G1 X518.3 Y240.6
G1 X518.3 Y240.6
G1 X521.9 Y243.10000000000002
G1 X521.9 Y243.10000000000002
G1 X524.725 Y244.788
G1 X529.5 Y246.10000000000002
G1 X529.5 Y246.10000000000002
G1 X534.188 Y247.13799999999998
G1 X537.0 Y248.10000000000002
G1 X537.0 Y248.10000000000002
G1 X538.7 Y247.10000000000002
M5; lift marker up
G4 P0.08
G0 X585.0 Y253.8
M3 S1000;put marker down
G4 P0.2
G1 X585.6 Y253.3
G1 X585.6 Y253.3
G1 X588.1 Y252.89999999999998
G1 X588.1 Y252.89999999999998
G1 X589.4 Y253.5
G1 X589.4 Y253.5
G1 X585.0 Y253.8
M5; lift marker up
G4 P0.08
G0 X600.0 Y246.2
M3 S1000;put marker down
G4 P0.2
G1 X600.978 Y245.55599999999998
G1 X604.356 Y245.178
G1 X610.8 Y245.0
G1 X610.8 Y245.0
G1 X617.3 Y243.7
G1 X617.3 Y243.7
G1 X619.949 Y243.022
G1 X623.889 Y242.51100000000002
G1 X628.362 Y242.2
G1 X632.611 Y242.122
G1 X635.876 Y242.31099999999998
G1 X637.4 Y242.8
G1 X637.4 Y242.8
G1 X635.312 Y243.3
G1 X629.7 Y243.5
G1 X629.7 Y243.5
G1 X624.863 Y243.596
G1 X621.07 Y244.07
G1 X618.5 Y244.89999999999998
G1 X618.5 Y244.89999999999998
G1 X615.309 Y245.784
G1 X610.562 Y246.452
G1 X605.562 Y246.808
G1 X601.607 Y246.75599999999997
G1 X600.0 Y246.2
M5; lift marker up
G4 P0.08
G0 X628.8 Y264.1
M3 S1000;put marker down
G4 P0.2
G1 X625.988 Y262.638
G1 X622.5 Y261.7
G1 X622.5 Y261.7
G1 X618.45 Y261.05
G1 X614.4 Y260.4
G1 X614.4 Y260.4
G1 X608.1 Y260.9
G1 X608.1 Y260.9
G1 X605.2 Y261.588
G1 X600.8 Y261.3
G1 X600.8 Y261.3
G1 X595.5 Y260.5
G1 X595.5 Y260.5
G1 X603.0 Y259.8
G1 X603.0 Y259.8
G1 X606.602 Y259.573
G1 X610.888 Y259.488
G1 X615.305 Y259.533
G1 X619.3 Y259.7
G1 X619.3 Y259.7
G1 X624.863 Y260.211
G1 X627.804 Y260.922
G1 X629.1 Y262.1
G1 X629.1 Y262.1
G1 X632.4 Y263.925
G1 X637.8 Y262.0
G1 X637.8 Y262.0
G1 X639.558 Y261.066
G1 X641.523 Y260.507
G1 X644.309 Y260.265
G1 X648.53 Y260.282
G1 X654.8 Y260.5
G1 X654.8 Y260.5
G1 X658.708 Y260.665
G1 X662.7 Y260.852
G1 X666.575 Y261.05
G1 X670.133 Y261.248
G1 X673.175 Y261.435
G1 X675.5 Y261.6
G1 X675.5 Y261.6
G1 X677.843 Y261.756
G1 X680.841 Y261.919
G1 X684.3 Y262.075
G1 X688.026 Y262.215
G1 X691.824 Y262.327
G1 X695.5 Y262.4
G1 X695.5 Y262.4
G1 X699.266 Y262.5
G1 X703.23 Y262.596
G1 X707.188 Y262.688
G1 X710.937 Y262.77
G1 X714.275 Y262.842
G1 X717.0 Y262.9
G1 X717.0 Y262.9
G1 X722.975 Y263.212
G1 X724.0 Y263.9
G1 X724.0 Y263.9
G1 X720.912 Y264.425
G1 X715.5 Y264.2
G1 X715.5 Y264.2
G1 X711.596 Y263.937
G1 X708.004 Y263.763
G1 X705.5 Y263.7
G1 X705.5 Y263.7
G1 X704.49 Y263.715
G1 X702.591 Y263.696
G1 X699.9 Y263.644
G1 X696.512 Y263.563
G1 X692.525 Y263.455
G1 X688.033 Y263.322
G1 X683.135 Y263.167
G1 X677.925 Y262.992
G1 X672.5 Y262.8
G1 X672.5 Y262.8
G1 X664.483 Y262.504
G1 X657.997 Y262.28
G1 X652.838 Y262.134
G1 X648.802 Y262.072
G1 X645.688 Y262.1
G1 X643.29 Y262.224
G1 X641.405 Y262.45
G1 X639.831 Y262.784
G1 X638.364 Y263.232
G1 X636.8 Y263.8
G1 X636.8 Y263.8
G1 X631.6 Y265.412
G1 X628.8 Y264.1
M5; lift marker up
G4 P0.08
G0 X629.0 Y276.3
M3 S1000;put marker down
G4 P0.2
G1 X624.8 Y273.575
G1 X622.1 Y271.0
G1 X622.1 Y271.0
G1 X624.2 Y271.6
G1 X624.2 Y271.6
G1 X627.912 Y274.212
G1 X631.7 Y276.0
G1 X631.7 Y276.0
G1 X636.262 Y278.025
G1 X635.8 Y279.0
G1 X635.8 Y279.0
G1 X633.15 Y278.212
G1 X629.0 Y276.3
M5; lift marker up
G4 P0.08
G0 X648.2 Y276.0
M3 S1000;put marker down
G4 P0.2
G1 X648.7 Y274.3
G1 X648.7 Y274.3
G1 X648.7 Y277.8
G1 X648.7 Y277.8
G1 X648.2 Y276.0
M5; lift marker up
G4 P0.08
G0 X647.0 Y287.2
M3 S1000;put marker down
G4 P0.2
G1 X648.0 Y282.0
G1 X648.0 Y282.0
G1 X648.3 Y286.8
G1 X648.3 Y286.8
G1 X647.35 Y291.725
G1 X647.0 Y287.2
M5; lift marker up
G4 P0.08
G0 X671.0 Y294.4
M3 S1000;put marker down
G4 P0.2
G1 X671.9 Y292.1
G1 X671.9 Y292.1
G1 X672.0 Y289.0
G1 X672.0 Y289.0
G1 X667.2 Y288.9
G1 X667.2 Y288.9
G1 X662.922 Y289.731
G1 X661.1 Y288.8
G1 X661.828 Y286.369
G1 X665.2 Y282.7
G1 X665.2 Y282.7
G1 X669.5 Y279.0
G1 X669.5 Y279.0
G1 X665.3 Y279.6
G1 X665.3 Y279.6
G1 X661.0 Y278.7
G1 X661.0 Y278.7
G1 X662.35 Y276.528
G1 X665.575 Y274.0
G1 X669.438 Y271.922
G1 X672.7 Y271.1
G1 X672.7 Y271.1
G1 X673.0 Y271.7
G1 X673.0 Y271.7
G1 X669.081 Y273.489
G1 X664.319 Y276.478
G1 X662.0 Y278.6
G1 X662.0 Y278.6
G1 X666.0 Y278.5
G1 X666.0 Y278.5
G1 X670.088 Y279.238
G1 X666.6 Y282.9
G1 X666.6 Y282.9
G1 X662.826 Y286.252
G1 X662.341 Y288.581
G1 X665.5 Y288.2
G1 X665.5 Y288.2
G1 X670.689 Y287.156
G1 X673.544 Y288.978
G1 X673.0 Y293.0
G1 X673.0 Y293.0
G1 X671.0 Y294.4
M5; lift marker up
G4 P0.08
G0 X667.5 Y312.0
M3 S1000;put marker down
G4 P0.2
G1 X669.4 Y311.0
G1 X669.4 Y311.0
G1 X672.6 Y309.9
G1 X672.6 Y309.9
G1 X668.3 Y307.0
G1 X668.3 Y307.0
G1 X665.6 Y306.1
G1 X665.6 Y306.1
G1 X668.8 Y305.962
G1 X673.8 Y307.4
G1 X673.8 Y307.4
G1 X672.1 Y311.3
G1 X672.1 Y311.3
G1 X667.5 Y312.0
M5; lift marker up
G4 P0.08
G0 X667.6 Y323.4
M3 S1000;put marker down
G4 P0.2
G1 X662.867 Y321.47
G1 X659.4 Y318.963
G1 X658.6 Y316.9
G1 X658.6 Y316.9
G1 X657.1 Y315.9
G1 X657.1 Y315.9
G1 X652.4 Y314.8
G1 X652.4 Y314.8
G1 X658.1 Y315.0
G1 X658.1 Y315.0
G1 X660.0 Y317.5
G1 X660.0 Y317.5
G1 X661.174 Y319.548
G1 X664.326 Y321.285
G1 X668.9 Y322.4
G1 X668.9 Y322.4
G1 X672.5 Y320.8
G1 X672.5 Y320.8
G1 X671.25 Y315.45
G1 X672.4 Y313.7
G1 X672.4 Y313.7
G1 X675.456 Y314.77
G1 X679.244 Y317.596
G1 X680.5 Y319.8
G1 X680.5 Y319.8
G1 X677.9 Y317.7
G1 X677.9 Y317.7
G1 X673.9 Y315.0
G1 X673.9 Y315.0
G1 X673.2 Y319.7
G1 X673.2 Y319.7
G1 X673.793 Y322.948
G1 X672.074 Y324.085
G1 X667.6 Y323.4
M5; lift marker up
G4 P0.08
G0 X683.8 Y324.6
M3 S1000;put marker down
G4 P0.2
G1 X682.0 Y322.4
G1 X682.0 Y322.4
G1 X682.373 Y321.745
G1 X683.439 Y320.436
G1 X685.116 Y318.557
G1 X687.322 Y316.192
G1 X689.975 Y313.425
G1 X692.994 Y310.34
G1 X696.298 Y307.021
G1 X699.805 Y303.552
G1 X703.433 Y300.017
G1 X707.1 Y296.5
G1 X707.1 Y296.5
G1 X710.203 Y293.573
G1 X712.09 Y291.875
G1 X712.826 Y291.333
G1 X712.475 Y291.873
G1 X711.103 Y293.42
G1 X708.774 Y295.9
G1 X705.554 Y299.24
G1 X701.508 Y303.364
G1 X696.7 Y308.2
G1 X696.7 Y308.2
G1 X692.303 Y312.639
G1 X688.598 Y316.57
G1 X685.77 Y319.77
G1 X684.009 Y322.021
G1 X683.5 Y323.1
G1 X683.5 Y323.1
G1 X686.4 Y325.0
G1 X686.4 Y325.0
G1 X687.0 Y325.9
G1 X687.0 Y325.9
G1 X683.8 Y324.6
M5; lift marker up
G4 P0.08
G0 X691.0 Y327.9
M3 S1000;put marker down
G4 P0.2
G1 X689.6 Y326.0
G1 X689.6 Y326.0
G1 X692.0 Y327.5
G1 X692.0 Y327.5
G1 X692.8 Y326.0
G1 X692.8 Y326.0
G1 X692.4 Y321.2
G1 X692.4 Y321.2
G1 X693.2 Y321.6
G1 X693.2 Y321.6
G1 X694.5 Y326.0
G1 X694.5 Y326.0
G1 X697.0 Y329.0
G1 X697.0 Y329.0
G1 X694.862 Y329.612
G1 X691.0 Y327.9
M5; lift marker up
G4 P0.08
G0 X704.7 Y327.7
M3 S1000;put marker down
G4 P0.2
G1 X699.5 Y324.0
G1 X699.5 Y324.0
G1 X695.5 Y321.2
G1 X695.5 Y321.2
G1 X698.293 Y321.9
G1 X702.774 Y324.467
G1 X705.5 Y326.9
G1 X705.5 Y326.9
G1 X705.6 Y328.7
G1 X705.6 Y328.7
G1 X704.7 Y327.7
M5; lift marker up
G4 P0.08
G0 X708.6 Y330.4
M3 S1000;put marker down
G4 P0.2
G1 X709.0 Y328.0
G1 X709.0 Y328.0
G1 X710.0 Y329.6
G1 X710.0 Y329.6
G1 X712.5 Y330.8
G1 X712.5 Y330.8
G1 X715.0 Y331.1
G1 X715.0 Y331.1
G1 X712.025 Y331.988
G1 X708.6 Y330.4
M5; lift marker up
G4 P0.08
G0 X713.0 Y328.3
M3 S1000;put marker down
G4 P0.2
G1 X714.619 Y325.363
G1 X718.281 Y323.937
G1 X722.5 Y324.6
G1 X722.5 Y324.6
G1 X721.4 Y325.3
G1 X721.4 Y325.3
G1 X717.612 Y325.312
G1 X715.1 Y326.9
G1 X715.1 Y326.9
G1 X713.0 Y328.3
M5; lift marker up
G4 P0.08
G0 X709.1 Y325.0
M3 S1000;put marker down
G4 P0.2
G1 X710.0 Y322.0
G1 X710.0 Y322.0
G1 X710.0 Y324.5
G1 X710.0 Y324.5
G1 X709.1 Y325.0
M5; lift marker up
G4 P0.08
G0 X711.1 Y318.8
M3 S1000;put marker down
G4 P0.2
G1 X712.662 Y313.95
G1 X714.6 Y310.3
G1 X714.6 Y310.3
G1 X713.1 Y315.1
G1 X713.1 Y315.1
G1 X711.1 Y318.8
M5; lift marker up
G4 P0.08
G0 X717.4 Y315.8
M3 S1000;put marker down
G4 P0.2
G1 X718.759 Y311.792
G1 X720.306 Y307.664
G1 X721.842 Y303.92
G1 X723.173 Y301.064
G1 X724.1 Y299.6
G1 X724.1 Y299.6
G1 X725.0 Y302.1
G1 X725.0 Y302.1
G1 X725.5 Y308.0
G1 X725.5 Y308.0
G1 X724.6 Y307.0
G1 X724.6 Y307.0
G1 X723.2 Y303.5
G1 X723.2 Y303.5
G1 X721.0 Y308.5
G1 X721.0 Y308.5
G1 X719.312 Y312.85
G1 X718.3 Y316.3
G1 X718.3 Y316.3
G1 X716.9 Y319.6
G1 X716.9 Y319.6
G1 X717.4 Y315.8
M5; lift marker up
G4 P0.08
G0 X715.4 Y308.0
M3 S1000;put marker down
G4 P0.2
G1 X716.362 Y304.988
G1 X718.0 Y299.8
G1 X718.0 Y299.8
G1 X720.1 Y293.2
G1 X720.1 Y293.2
G1 X717.7 Y286.3
G1 X717.7 Y286.3
G1 X715.47 Y280.438
G1 X713.512 Y275.925
G1 X711.948 Y273.025
G1 X710.9 Y272.0
G1 X710.9 Y272.0
G1 X707.3 Y275.5
G1 X707.3 Y275.5
G1 X704.93 Y277.933
G1 X701.337 Y280.833
G1 X697.3 Y283.6
G1 X697.3 Y283.6
G1 X694.707 Y285.37
G1 X691.87 Y287.557
G1 X688.998 Y289.979
G1 X686.305 Y292.454
G1 X684.0 Y294.8
G1 X684.0 Y294.8
G1 X679.845 Y299.164
G1 X678.138 Y300.462
G1 X679.036 Y298.78
G1 X682.7 Y294.2
G1 X682.7 Y294.2
G1 X684.598 Y292.204
G1 X687.033 Y289.944
G1 X689.799 Y287.612
G1 X692.69 Y285.4
G1 X695.5 Y283.5
G1 X695.5 Y283.5
G1 X699.472 Y280.678
G1 X703.211 Y277.593
G1 X706.45 Y274.513
G1 X708.922 Y271.707
G1 X710.361 Y269.447
G1 X710.5 Y268.0
G1 X710.5 Y268.0
G1 X710.9 Y267.0
G1 X710.9 Y267.0
G1 X712.0 Y269.0
G1 X712.0 Y269.0
G1 X713.4 Y273.3
G1 X713.4 Y273.3
G1 X714.574 Y275.622
G1 X716.259 Y279.611
G1 X718.1 Y284.4
G1 X718.1 Y284.4
G1 X721.3 Y293.3
G1 X721.3 Y293.3
G1 X719.5 Y298.9
G1 X719.5 Y298.9
G1 X717.862 Y303.588
G1 X716.3 Y307.0
G1 X716.3 Y307.0
G1 X715.4 Y308.0
M5; lift marker up
G4 P0.08
G0 X727.6 Y316.5
M3 S1000;put marker down
G4 P0.2
G1 X728.1 Y315.3
G1 X728.1 Y315.3
G1 X728.7 Y317.6
G1 X728.7 Y317.6
G1 X727.6 Y316.5
M5; lift marker up
G4 P0.08
G0 X731.7 Y312.3
M3 S1000;put marker down
G4 P0.2
G1 X731.0 Y310.1
G1 X731.0 Y310.1
G1 X732.1 Y310.3
G1 X732.1 Y310.3
G1 X731.7 Y312.3
M5; lift marker up
G4 P0.08
G0 X728.2 Y294.5
M3 S1000;put marker down
G4 P0.2
G1 X726.679 Y290.469
G1 X725.166 Y286.117
G1 X723.732 Y281.698
G1 X722.45 Y277.462
G1 X721.393 Y273.663
G1 X720.634 Y270.552
G1 X720.246 Y268.38
G1 X720.3 Y267.4
G1 X720.3 Y267.4
G1 X721.238 Y269.675
G1 X723.0 Y275.7
G1 X723.0 Y275.7
G1 X723.942 Y278.998
G1 X725.139 Y282.815
G1 X726.485 Y286.853
G1 X727.874 Y290.814
G1 X729.2 Y294.4
G1 X729.2 Y294.4
G1 X731.085 Y299.4
G1 X732.348 Y303.067
G1 X732.7 Y304.6
G1 X732.7 Y304.6
G1 X731.956 Y303.359
G1 X730.344 Y299.741
G1 X728.2 Y294.5
M5; lift marker up
G4 P0.08
G0 X712.8 Y248.3
M3 S1000;put marker down
G4 P0.2
G1 X714.7 Y248.39999999999998
G1 X714.7 Y248.39999999999998
G1 X713.4 Y248.89999999999998
G1 X713.4 Y248.89999999999998
G1 X712.8 Y248.3
M5; lift marker up
G4 P0.08
G0 X697.0 Y250.10000000000002
M3 S1000;put marker down
G4 P0.2
G1 X698.526 Y248.85899999999998
G1 X702.274 Y248.44099999999997
G1 X707.0 Y249.0
G1 X707.0 Y249.0
G1 X711.5 Y249.89999999999998
G1 X711.5 Y249.89999999999998
G1 X706.1 Y249.5
G1 X706.1 Y249.5
G1 X701.788 Y249.5
G1 X698.9 Y250.10000000000002
G1 X698.9 Y250.10000000000002
G1 X697.0 Y250.10000000000002
M5; lift marker up
G4 P0.08
G0 X675.6 Y247.60000000000002
M3 S1000;put marker down
G4 P0.2
G1 X670.512 Y245.875
G1 X667.3 Y246.10000000000002
G1 X667.3 Y246.10000000000002
G1 X662.45 Y246.925
G1 X659.4 Y245.8
G1 X659.4 Y245.8
G1 X660.5 Y245.39999999999998
G1 X660.5 Y245.39999999999998
G1 X665.8 Y245.413
G1 X668.1 Y243.7
G1 X668.1 Y243.7
G1 X668.8 Y242.2
G1 X668.8 Y242.2
G1 X671.791 Y244.166
G1 X675.85 Y246.14999999999998
G1 X679.909 Y247.68400000000003
G1 X682.9 Y248.3
G1 X682.9 Y248.3
G1 X689.0 Y247.60000000000002
G1 X689.0 Y247.60000000000002
G1 X690.9 Y247.89999999999998
G1 X690.9 Y247.89999999999998
G1 X687.834 Y249.175
G1 X684.15 Y249.55
G1 X680.016 Y249.02499999999998
G1 X675.6 Y247.60000000000002
M5; lift marker up
G4 P0.08
G0 X683.5 Y231.0
M3 S1000;put marker down
G4 P0.2
G1 X686.5 Y231.0
G1 X686.5 Y231.0
G1 X686.3 Y231.9
G1 X686.3 Y231.9
G1 X683.5 Y231.0
M5; lift marker up
G4 P0.08
G0 X692.0 Y224.5
M3 S1000;put marker down
G4 P0.2
G1 X694.2 Y223.0
G1 X694.2 Y223.0
G1 X694.0 Y224.5
G1 X694.0 Y224.5
G1 X691.8 Y226.0
G1 X691.8 Y226.0
G1 X692.0 Y224.5
M5; lift marker up
G4 P0.08
G0 X673.5 Y212.0
M3 S1000;put marker down
G4 P0.2
G1 X676.9 Y211.6
G1 X676.9 Y211.6
G1 X681.6 Y210.6
G1 X681.6 Y210.6
G1 X681.0 Y207.5
G1 X681.0 Y207.5
G1 X680.9 Y206.0
G1 X680.9 Y206.0
G1 X682.5 Y211.9
G1 X682.5 Y211.9
G1 X678.0 Y212.962
G1 X673.5 Y212.0
M5; lift marker up
G4 P0.08
G0 X686.0 Y195.0
M3 S1000;put marker down
G4 P0.2
G1 X689.2 Y194.0
G1 X689.2 Y194.0
G1 X691.588 Y192.6
G1 X689.7 Y189.4
G1 X689.7 Y189.4
G1 X685.9 Y186.8
G1 X685.9 Y186.8
G1 X685.9 Y184.1
G1 X685.9 Y184.1
G1 X686.689 Y181.052
G1 X685.944 Y177.915
G1 X683.8 Y175.0
G1 X683.8 Y175.0
G1 X683.1 Y173.0
G1 X683.1 Y173.0
G1 X685.578 Y174.637
G1 X687.322 Y178.496
G1 X687.6 Y183.0
G1 X687.6 Y183.0
G1 X689.0 Y187.5
G1 X689.0 Y187.5
G1 X692.362 Y189.525
G1 X694.0 Y192.0
G1 X694.0 Y192.0
G1 X692.212 Y193.812
G1 X687.5 Y195.4
G1 X687.5 Y195.4
G1 X686.0 Y195.0
M5; lift marker up
G4 P0.08
G0 X711.8 Y191.0
M3 S1000;put marker down
G4 P0.2
G1 X708.388 Y187.075
G1 X707.0 Y184.5
G1 X707.0 Y184.5
G1 X705.1 Y183.0
G1 X705.1 Y183.0
G1 X702.015 Y181.896
G1 X699.219 Y179.37
G1 X698.0 Y176.6
G1 X698.0 Y176.6
G1 X696.8 Y173.1
G1 X696.8 Y173.1
G1 X696.9 Y172.2
G1 X696.9 Y172.2
G1 X699.1 Y175.4
G1 X699.1 Y175.4
G1 X701.188 Y179.562
G1 X705.0 Y181.4
G1 X705.0 Y181.4
G1 X708.0 Y183.6
G1 X708.0 Y183.6
G1 X711.3 Y188.4
G1 X711.3 Y188.4
G1 X715.126 Y192.322
G1 X717.307 Y194.978
G1 X717.4 Y195.9
G1 X717.4 Y195.9
G1 X715.388 Y194.462
G1 X711.8 Y191.0
M5; lift marker up
G4 P0.08
G0 X743.2 Y193.9
M3 S1000;put marker down
G4 P0.2
G1 X743.003 Y191.202
G1 X742.625 Y188.042
G1 X742.085 Y184.522
G1 X741.402 Y180.743
G1 X740.594 Y176.805
G1 X739.681 Y172.811
G1 X738.682 Y168.861
G1 X737.615 Y165.057
G1 X736.5 Y161.5
G1 X736.5 Y161.5
G1 X735.514 Y158.051
G1 X734.67 Y154.212
G1 X733.988 Y150.187
G1 X733.488 Y146.175
G1 X733.188 Y142.379
G1 X733.111 Y139.0
G1 X733.275 Y136.24
G1 X733.7 Y134.3
G1 X733.7 Y134.3
G1 X734.288 Y135.162
G1 X734.5 Y141.8
G1 X734.5 Y141.8
G1 X734.57 Y146.023
G1 X734.817 Y149.57
G1 X735.299 Y152.794
G1 X736.074 Y156.053
G1 X737.2 Y159.7
G1 X737.2 Y159.7
G1 X738.368 Y163.371
G1 X739.46 Y167.193
G1 X740.463 Y171.088
G1 X741.36 Y174.978
G1 X742.138 Y178.788
G1 X742.78 Y182.438
G1 X743.272 Y185.851
G1 X743.6 Y188.951
G1 X743.748 Y191.66
G1 X743.7 Y193.9
G1 X743.7 Y193.9
G1 X743.4 Y199.5
G1 X743.4 Y199.5
G1 X743.2 Y193.9
M5; lift marker up
G4 P0.08
G0 X671.5 Y171.0
M3 S1000;put marker down
G4 P0.2
G1 X668.462 Y170.488
G1 X664.0 Y170.5
G1 X664.0 Y170.5
G1 X658.5 Y170.9
G1 X658.5 Y170.9
G1 X663.0 Y170.0
G1 X663.0 Y170.0
G1 X667.656 Y169.552
G1 X671.444 Y169.948
G1 X673.5 Y171.1
G1 X673.5 Y171.1
G1 X671.5 Y171.0
M5; lift marker up
G4 P0.08
G0 X660.1 Y166.5
M3 S1000;put marker down
G4 P0.2
G1 X663.9 Y164.1
G1 X663.9 Y164.1
G1 X661.2 Y166.9
G1 X661.2 Y166.9
G1 X657.5 Y169.2
G1 X657.5 Y169.2
G1 X660.1 Y166.5
M5; lift marker up
G4 P0.08
G0 X656.0 Y160.3
M3 S1000;put marker down
G4 P0.2
G1 X658.0 Y157.5
G1 X658.0 Y157.5
G1 X660.0 Y156.7
G1 X660.0 Y156.7
G1 X658.0 Y159.5
G1 X658.0 Y159.5
G1 X656.0 Y160.3
M5; lift marker up
G4 P0.08
G0 X653.2 Y227.7
M3 S1000;put marker down
G4 P0.2
G1 X652.075 Y222.625
G1 X653.5 Y220.4
G1 X653.5 Y220.4
G1 X654.4 Y216.5
G1 X654.4 Y216.5
G1 X655.4 Y212.7
G1 X655.4 Y212.7
G1 X657.5 Y213.0
G1 X657.5 Y213.0
G1 X657.0 Y214.0
G1 X657.0 Y214.0
G1 X656.5 Y216.7
G1 X656.5 Y216.7
G1 X654.9 Y221.0
G1 X654.9 Y221.0
G1 X654.0 Y226.4
G1 X654.0 Y226.4
G1 X654.762 Y230.462
G1 X653.2 Y227.7
M5; lift marker up
G4 P0.08
G0 X649.4 Y244.5
M3 S1000;put marker down
G4 P0.2
G1 X652.7 Y243.0
G1 X652.7 Y243.0
G1 X655.2 Y240.5
G1 X655.2 Y240.5
G1 X654.4 Y235.8
G1 X654.4 Y235.8
G1 X652.6 Y233.5
G1 X652.6 Y233.5
G1 X654.9 Y235.7
G1 X654.9 Y235.7
G1 X656.744 Y238.73
G1 X655.922 Y241.73700000000002
G1 X652.5 Y244.3
G1 X652.5 Y244.3
G1 X649.4 Y244.5
M5; lift marker up
G4 P0.08
G0 X665.0 Y269.6
M3 S1000;put marker down
G4 P0.2
G1 X666.6 Y267.6
G1 X666.6 Y267.6
G1 X667.2 Y268.3
G1 X667.2 Y268.3
G1 X666.7 Y270.3
G1 X666.7 Y270.3
G1 X666.2 Y271.0
G1 X666.2 Y271.0
G1 X665.0 Y269.6
M5; lift marker up
G4 P0.08
G0 X589.1 Y307.0
M3 S1000;put marker down
G4 P0.2
G1 X591.0 Y304.6
G1 X591.0 Y304.6
G1 X589.4 Y307.6
G1 X589.4 Y307.6
G1 X589.1 Y307.0
M5; lift marker up
G4 P0.08
G0 X599.6 Y324.9
M3 S1000;put marker down
G4 P0.2
G1 X597.238 Y320.988
G1 X599.0 Y318.2
G1 X599.0 Y318.2
G1 X599.2 Y319.2
G1 X599.2 Y319.2
G1 X598.625 Y322.212
G1 X601.8 Y325.3
G1 X601.8 Y325.3
G1 X603.4 Y327.0
G1 X603.4 Y327.0
G1 X599.6 Y324.9
M5; lift marker up
G4 P0.08
G0 X586.7 Y338.5
M3 S1000;put marker down
G4 P0.2
G1 X587.4 Y334.9
G1 X587.4 Y334.9
G1 X589.35 Y332.013
G1 X586.5 Y331.0
G1 X586.5 Y331.0
G1 X583.5 Y330.0
G1 X583.5 Y330.0
G1 X580.7 Y330.1
G1 X580.7 Y330.1
G1 X575.875 Y330.162
G1 X573.0 Y327.9
G1 X573.0 Y327.9
G1 X574.5 Y328.0
G1 X574.5 Y328.0
G1 X579.5 Y328.7
G1 X579.5 Y328.7
G1 X583.6 Y329.1
G1 X583.6 Y329.1
G1 X586.7 Y329.8
G1 X586.7 Y329.8
G1 X590.412 Y331.175
G1 X589.7 Y334.8
G1 X589.7 Y334.8
G1 X588.6 Y338.4
G1 X588.6 Y338.4
G1 X586.7 Y338.5
M5; lift marker up
G4 P0.08
G0 X574.9 Y348.3
M3 S1000;put marker down
G4 P0.2
G1 X575.7 Y347.8
G1 X575.7 Y347.8
G1 X580.075 Y348.9
G1 X582.5 Y347.0
G1 X582.5 Y347.0
G1 X584.013 Y345.062
G1 X589.2 Y345.0
G1 X589.2 Y345.0
G1 X594.0 Y342.6
G1 X594.0 Y342.6
G1 X596.0 Y340.0
G1 X596.0 Y340.0
G1 X594.2 Y344.3
G1 X594.2 Y344.3
G1 X588.6 Y346.0
G1 X588.6 Y346.0
G1 X583.2 Y348.0
G1 X583.2 Y348.0
G1 X579.2 Y349.988
G1 X574.9 Y348.3
M5; lift marker up
G4 P0.08
G0 X571.0 Y366.1
M3 S1000;put marker down
G4 P0.2
G1 X566.3879999999999 Y364.662
G1 X565.0 Y362.7
G1 X565.0 Y362.7
G1 X565.9 Y362.9
G1 X565.9 Y362.9
G1 X570.9 Y364.4
G1 X570.9 Y364.4
G1 X575.0 Y365.8
G1 X575.0 Y365.8
G1 X574.8 Y366.9
G1 X574.8 Y366.9
G1 X571.0 Y366.1
M5; lift marker up
G4 P0.08
G0 X596.0 Y352.5
M3 S1000;put marker down
G4 P0.2
G1 X597.638 Y351.262
G1 X601.6 Y348.9
G1 X601.6 Y348.9
G1 X605.7 Y346.238
G1 X607.7 Y344.4
G1 X607.7 Y344.4
G1 X609.775 Y342.383
G1 X613.95 Y339.212
G1 X618.275 Y336.286
G1 X620.8 Y335.0
G1 X620.8 Y335.0
G1 X616.4 Y338.7
G1 X616.4 Y338.7
G1 X613.53 Y340.893
G1 X610.704 Y343.174
G1 X608.5 Y345.1
G1 X608.5 Y345.1
G1 X605.281 Y347.536
G1 X601.125 Y350.188
G1 X597.531 Y352.145
G1 X596.0 Y352.5
M5; lift marker up
G4 P0.08
G0 X604.4 Y411.3
M3 S1000;put marker down
G4 P0.2
G1 X609.4 Y410.1
G1 X609.4 Y410.1
G1 X611.9 Y410.0
G1 X611.9 Y410.0
G1 X611.5 Y387.8
G1 X611.5 Y387.8
G1 X611.418 Y379.61
G1 X611.417 Y374.291
G1 X611.507 Y371.737
G1 X611.698 Y371.842
G1 X612.0 Y374.5
G1 X612.0 Y374.5
G1 X612.199 Y377.413
G1 X612.389 Y381.007
G1 X612.562 Y385.062
G1 X612.711 Y389.359
G1 X612.826 Y393.678
G1 X612.9 Y397.8
G1 X612.9 Y397.8
G1 X613.0 Y412.0
G1 X613.0 Y412.0
G1 X608.3 Y412.0
G1 X608.3 Y412.0
G1 X604.4 Y411.3
M5; lift marker up
G4 P0.08
G0 X596.4 Y418.3
M3 S1000;put marker down
G4 P0.2
G1 X602.3 Y417.9
G1 X602.3 Y417.9
G1 X601.8 Y394.7
G1 X601.8 Y394.7
G1 X601.683 Y388.625
G1 X601.63 Y383.333
G1 X601.638 Y379.025
G1 X601.704 Y375.9
G1 X601.825 Y374.158
G1 X602.0 Y374.0
G1 X602.0 Y374.0
G1 X602.202 Y375.145
G1 X602.38 Y377.284
G1 X602.533 Y380.271
G1 X602.661 Y383.962
G1 X602.765 Y388.21
G1 X602.845 Y392.871
G1 X602.9 Y397.8
G1 X602.9 Y397.8
G1 X603.0 Y419.0
G1 X603.0 Y419.0
G1 X596.8 Y418.8
G1 X596.8 Y418.8
G1 X590.5 Y418.6
G1 X590.5 Y418.6
G1 X596.4 Y418.3
M5; lift marker up
G4 P0.08
G0 X538.0 Y390.6
M3 S1000;put marker down
G4 P0.2
G1 X539.5 Y389.0
G1 X539.5 Y389.0
G1 X541.0 Y388.8
G1 X541.0 Y388.8
G1 X539.5 Y390.4
G1 X539.5 Y390.4
G1 X538.0 Y390.6
M5; lift marker up
G4 P0.08
G0 X531.8 Y392.3
M3 S1000;put marker down
G4 P0.2
G1 X535.8 Y392.3
G1 X535.8 Y392.3
G1 X533.5 Y392.7
G1 X533.5 Y392.7
G1 X531.8 Y392.3
M5; lift marker up
G4 P0.08
G0 X532.5 Y383.8
M3 S1000;put marker down
G4 P0.2
G1 X529.162 Y381.012
G1 X528.0 Y377.4
G1 X528.0 Y377.4
G1 X524.7 Y375.7
G1 X524.7 Y375.7
G1 X521.373 Y375.652
G1 X518.188 Y374.562
G1 X515.433 Y372.592
G1 X513.4 Y369.9
G1 X513.4 Y369.9
G1 X510.7 Y367.9
G1 X510.7 Y367.9
G1 X507.638 Y368.912
G1 X503.9 Y367.0
G1 X503.9 Y367.0
G1 X501.5 Y365.0
G1 X501.5 Y365.0
G1 X504.6 Y366.5
G1 X504.6 Y366.5
G1 X509.312 Y367.288
G1 X511.1 Y364.1
G1 X511.1 Y364.1
G1 X512.2 Y364.7
G1 X512.2 Y364.7
G1 X513.762 Y367.912
G1 X516.0 Y371.2
G1 X516.0 Y371.2
G1 X519.15 Y373.963
G1 X523.8 Y374.4
G1 X523.8 Y374.4
G1 X528.262 Y374.662
G1 X529.2 Y377.4
G1 X529.2 Y377.4
G1 X532.8 Y382.2
G1 X532.8 Y382.2
G1 X535.3 Y384.3
G1 X535.3 Y384.3
G1 X532.5 Y383.8
M5; lift marker up
G4 P0.08
G0 X535.7 Y365.2
M3 S1000;put marker down
G4 P0.2
G1 X534.1 Y359.9
G1 X534.1 Y359.9
G1 X534.7 Y358.5
G1 X534.7 Y358.5
G1 X535.6 Y362.8
G1 X535.6 Y362.8
G1 X537.5 Y365.0
G1 X537.5 Y365.0
G1 X539.0 Y366.0
G1 X539.0 Y366.0
G1 X535.7 Y365.2
M5; lift marker up
G4 P0.08
G0 X673.4 Y417.1
M3 S1000;put marker down
G4 P0.2
G1 X669.125 Y414.1
G1 X668.0 Y409.6
G1 X668.0 Y409.6
G1 X670.038 Y404.788
G1 X673.5 Y402.0
G1 X673.5 Y402.0
G1 X675.9 Y400.3
G1 X675.9 Y400.3
G1 X677.6 Y399.2
G1 X677.6 Y399.2
G1 X674.5 Y403.0
G1 X674.5 Y403.0
G1 X671.038 Y405.775
G1 X669.0 Y410.5
G1 X669.0 Y410.5
G1 X669.641 Y412.896
G1 X671.993 Y414.87
G1 X676.7 Y417.0
G1 X676.7 Y417.0
G1 X679.5 Y418.9
G1 X679.5 Y418.9
G1 X673.4 Y417.1
M5; lift marker up
G4 P0.08
G0 X595.6 Y195.9
M3 S1000;put marker down
G4 P0.2
G1 X592.362 Y192.75
G1 X591.0 Y190.8
G1 X591.0 Y190.8
G1 X596.0 Y194.4
G1 X596.0 Y194.4
G1 X599.912 Y197.638
G1 X602.4 Y199.0
G1 X602.4 Y199.0
G1 X607.0 Y196.3
G1 X607.0 Y196.3
G1 X612.1 Y194.8
G1 X612.1 Y194.8
G1 X617.3 Y196.0
G1 X617.3 Y196.0
G1 X621.6 Y197.0
G1 X621.6 Y197.0
G1 X625.4 Y197.0
G1 X625.4 Y197.0
G1 X630.7 Y196.6
G1 X630.7 Y196.6
G1 X632.5 Y195.4
G1 X632.5 Y195.4
G1 X631.25 Y190.888
G1 X631.8 Y189.0
G1 X631.8 Y189.0
G1 X632.9 Y190.8
G1 X632.9 Y190.8
G1 X633.6 Y195.3
G1 X633.6 Y195.3
G1 X633.911 Y197.359
G1 X631.622 Y198.041
G1 X624.0 Y198.1
G1 X624.0 Y198.1
G1 X618.956 Y197.774
G1 X614.244 Y196.959
G1 X611.4 Y195.9
G1 X611.4 Y195.9
G1 X608.0 Y197.5
G1 X608.0 Y197.5
G1 X605.402 Y199.486
G1 X602.588 Y199.888
G1 X599.38 Y198.695
G1 X595.6 Y195.9
M5; lift marker up
G4 P0.08
G0 X469.0 Y104.3
M3 S1000;put marker down
G4 P0.2
G1 X466.0 Y102.5
G1 X466.0 Y102.5
G1 X467.9 Y103.0
G1 X467.9 Y103.0
G1 X474.2 Y104.1
G1 X474.2 Y104.1
G1 X478.425 Y104.35
G1 X482.5 Y104.9
G1 X482.5 Y104.9
G1 X484.45 Y105.55
G1 X479.2 Y105.6
G1 X479.2 Y105.6
G1 X475.133 Y105.419
G1 X471.467 Y104.948
G1 X469.0 Y104.3
M5; lift marker up
G4 P0.08
G0 X475.3 Y90.9
M3 S1000;put marker down
G4 P0.2
G1 X473.0 Y87.0
G1 X473.0 Y87.0
G1 X474.0 Y88.0
G1 X474.0 Y88.0
G1 X476.725 Y90.338
G1 X480.5 Y92.0
G1 X480.5 Y92.0
G1 X480.5 Y89.8
G1 X480.5 Y89.8
G1 X481.5 Y89.2
G1 X481.5 Y89.2
G1 X480.2 Y93.0
G1 X480.2 Y93.0
G1 X475.3 Y90.9
M5; lift marker up
G4 P0.08
G0 X860.1 Y96.8
M3 S1000;put marker down
G4 P0.2
G1 X858.3 Y91.9
G1 X858.3 Y91.9
G1 X857.9 Y91.3
G1 X857.9 Y91.3
G1 X860.7 Y92.6
G1 X860.7 Y92.6
G1 X861.0 Y98.0
G1 X861.0 Y98.0
G1 X860.1 Y96.8
M5; lift marker up
G4 P0.08
G0 X863.6 Y90.2
M3 S1000;put marker down
G4 P0.2
G1 X866.6 Y89.4
G1 X866.6 Y89.4
G1 X870.9 Y88.1
G1 X870.9 Y88.1
G1 X872.5 Y88.0
G1 X872.5 Y88.0
G1 X871.9 Y90.1
G1 X871.9 Y90.1
G1 X867.338 Y90.975
G1 X863.6 Y90.2
M5; lift marker up
G4 P0.08
G0 X884.4 Y95.5
M3 S1000;put marker down
G4 P0.2
G1 X884.0 Y93.1
G1 X884.0 Y93.1
G1 X887.988 Y92.375
G1 X891.6 Y93.3
G1 X891.6 Y93.3
G1 X888.1 Y97.0
G1 X888.1 Y97.0
G1 X884.4 Y95.5
M5; lift marker up
G4 P0.08
G0 X888.4 Y95.1
M3 S1000;put marker down
G4 P0.2
G1 X887.4 Y93.6
G1 X887.4 Y93.6
G1 X885.5 Y94.9
G1 X885.5 Y94.9
G1 X888.4 Y95.1
M5; lift marker up
G4 P0.08
G0 X890.0 Y109.5
M3 S1000;put marker down
G4 P0.2
G1 X892.275 Y107.125
G1 X896.5 Y107.0
G1 X896.5 Y107.0
G1 X898.438 Y109.275
G1 X894.3 Y110.8
G1 X894.3 Y110.8
G1 X890.0 Y109.5
M5; lift marker up
G4 P0.08
G0 X895.0 Y109.0
M3 S1000;put marker down
G4 P0.2
G1 X894.3 Y108.0
G1 X894.3 Y108.0
G1 X892.0 Y109.0
G1 X892.0 Y109.0
G1 X895.0 Y109.0
M5; lift marker up
G4 P0.08
G0 X895.5 Y128.8
M3 S1000;put marker down
G4 P0.2
G1 X891.5 Y126.5
G1 X891.5 Y126.5
G1 X887.5 Y127.0
G1 X887.5 Y127.0
G1 X884.0 Y128.0
G1 X884.0 Y128.0
G1 X884.0 Y130.0
G1 X884.0 Y130.0
G1 X887.404 Y130.511
G1 X892.23 Y130.022
G1 X895.5 Y128.8
M5; lift marker up
G4 P0.08
G0 X904.4 Y132.8
M3 S1000;put marker down
G4 P0.2
G1 X904.963 Y130.637
G1 X908.304 Y129.296
G1 X912.4 Y129.6
G1 X912.4 Y129.6
G1 X913.675 Y132.275
G1 X909.7 Y133.9
G1 X909.7 Y133.9
G1 X910.8 Y132.9
G1 X910.8 Y132.9
G1 X910.0 Y130.0
G1 X910.0 Y130.0
G1 X905.475 Y131.312
G1 X906.8 Y133.3
G1 X906.8 Y133.3
G1 X906.8 Y133.9
G1 X906.8 Y133.9
G1 X904.4 Y132.8
M5; lift marker up
G4 P0.08
G0 X901.2 Y152.3
M3 S1000;put marker down
G4 P0.2
G1 X903.5 Y150.1
G1 X903.5 Y150.1
G1 X904.2 Y151.2
G1 X904.2 Y151.2
G1 X903.7 Y153.3
G1 X903.7 Y153.3
G1 X902.6 Y154.0
G1 X902.6 Y154.0
G1 X901.2 Y152.3
M5; lift marker up
G4 P0.08
G0 X885.6 Y141.5
M3 S1000;put marker down
G4 P0.2
G1 X887.1 Y140.0
G1 X887.1 Y140.0
G1 X888.0 Y141.5
G1 X888.0 Y141.5
G1 X886.5 Y143.0
G1 X886.5 Y143.0
G1 X885.6 Y141.5
M5; lift marker up
G4 P0.08
G0 X883.1 Y130.6
M3 S1000;put marker down
G4 P0.2
G1 X882.9 Y127.6
G1 X882.9 Y127.6
G1 X885.241 Y126.29499999999999
G1 X889.025 Y125.488
G1 X892.997 Y125.33600000000001
G1 X895.9 Y126.0
G1 X895.9 Y126.0
G1 X897.881 Y128.181
G1 X895.619 Y130.119
G1 X889.4 Y131.5
G1 X889.4 Y131.5
G1 X885.162 Y131.762
G1 X883.1 Y130.6
M5; lift marker up
G4 P0.08
G0 X871.0 Y147.0
M3 S1000;put marker down
G4 P0.2
G1 X870.0 Y146.0
G1 X870.0 Y146.0
G1 X869.0 Y147.0
G1 X869.0 Y147.0
G1 X870.0 Y148.0
G1 X870.0 Y148.0
G1 X871.0 Y147.0
M5; lift marker up
G4 P0.08
G0 X868.0 Y147.6
M3 S1000;put marker down
G4 P0.2
G1 X869.5 Y145.0
G1 X869.5 Y145.0
G1 X872.4 Y147.3
G1 X872.4 Y147.3
G1 X868.0 Y147.6
M5; lift marker up
G4 P0.08
G0 X860.5 Y141.0
M3 S1000;put marker down
G4 P0.2
G1 X859.5 Y140.0
G1 X859.5 Y140.0
G1 X858.5 Y141.0
G1 X858.5 Y141.0
G1 X859.5 Y142.0
G1 X859.5 Y142.0
G1 X860.5 Y141.0
M5; lift marker up
G4 P0.08
G0 X858.1 Y142.1
M3 S1000;put marker down
G4 P0.2
G1 X857.9 Y139.6
G1 X857.9 Y139.6
G1 X862.5 Y139.0
G1 X862.5 Y139.0
G1 X860.1 Y143.0
G1 X860.1 Y143.0
G1 X858.1 Y142.1
M5; lift marker up
G4 P0.08
G0 X855.0 Y158.9
M3 S1000;put marker down
G4 P0.2
G1 X860.0 Y157.5
G1 X860.0 Y157.5
G1 X858.0 Y159.6
G1 X858.0 Y159.6
G1 X855.0 Y158.9
M5; lift marker up
G4 P0.08
G0 X866.5 Y164.0
M3 S1000;put marker down
G4 P0.2
G1 X865.6 Y163.6
G1 X865.6 Y163.6
G1 X864.0 Y163.2
G1 X864.0 Y163.2
G1 X867.4 Y161.7
G1 X867.4 Y161.7
G1 X866.9 Y165.0
G1 X866.9 Y165.0
G1 X866.5 Y164.0
M5; lift marker up
G4 P0.08
G0 X864.8 Y167.3
M3 S1000;put marker down
G4 P0.2
G1 X866.7 Y167.4
G1 X866.7 Y167.4
G1 X865.4 Y167.9
G1 X865.4 Y167.9
G1 X864.8 Y167.3
M5; lift marker up
G4 P0.08
G0 X877.2 Y159.8
M3 S1000;put marker down
G4 P0.2
G1 X882.0 Y158.9
G1 X882.0 Y158.9
G1 X880.5 Y159.4
G1 X880.5 Y159.4
G1 X879.0 Y159.9
G1 X879.0 Y159.9
G1 X877.9 Y161.0
G1 X877.9 Y161.0
G1 X877.2 Y159.8
M5; lift marker up
G4 P0.08
G0 X862.5 Y119.19999999999999
M3 S1000;put marker down
G4 P0.2
G1 X865.5 Y117.80000000000001
G1 X865.5 Y117.80000000000001
G1 X864.8 Y114.80000000000001
G1 X864.8 Y114.80000000000001
G1 X865.6 Y114.1
G1 X865.6 Y114.1
G1 X869.175 Y115.275
G1 X868.7 Y117.80000000000001
G1 X868.7 Y117.80000000000001
G1 X864.475 Y119.588
G1 X862.5 Y119.19999999999999
M5; lift marker up
G4 P0.08
G0 X911.1 Y96.6
M3 S1000;put marker down
G4 P0.2
G1 X912.2 Y93.6
G1 X912.2 Y93.6
G1 X918.0 Y93.5
G1 X918.0 Y93.5
G1 X918.0 Y96.5
G1 X918.0 Y96.5
G1 X914.512 Y97.938
G1 X911.1 Y96.6
M5; lift marker up
G4 P0.08
G0 X917.7 Y95.4
M3 S1000;put marker down
G4 P0.2
G1 X916.5 Y93.6
G1 X916.5 Y93.6
G1 X911.6 Y96.1
G1 X911.6 Y96.1
G1 X914.762 Y96.762
G1 X917.7 Y95.4
M5; lift marker up
G4 P0.08
G0 X919.3 Y87.2
M3 S1000;put marker down
G4 P0.2
G1 X917.338 Y86.088
G1 X924.0 Y85.5
G1 X924.0 Y85.5
G1 X929.0 Y85.775
G1 X930.7 Y86.5
G1 X930.7 Y86.5
G1 X928.589 Y87.259
G1 X924.211 Y87.507
G1 X919.3 Y87.2
M5; lift marker up
G4 P0.08
G0 X927.0 Y107.0
M3 S1000;put marker down
G4 P0.2
G1 X924.0 Y106.0
G1 X924.0 Y106.0
G1 X924.0 Y107.0
G1 X924.0 Y107.0
G1 X927.0 Y108.0
G1 X927.0 Y108.0
G1 X927.0 Y107.0
M5; lift marker up
G4 P0.08
G0 X924.3 Y109.3
M3 S1000;put marker down
G4 P0.2
G1 X921.0 Y107.5
G1 X921.0 Y107.5
G1 X922.3 Y105.5
G1 X922.3 Y105.5
G1 X926.825 Y105.288
G1 X928.5 Y107.4
G1 X928.5 Y107.4
G1 X924.3 Y109.3
M5; lift marker up
G4 P0.08
G0 X933.5 Y127.0
M3 S1000;put marker down
G4 P0.2
G1 X936.4 Y124.0
G1 X936.4 Y124.0
G1 X941.0 Y127.19999999999999
G1 X941.0 Y127.19999999999999
G1 X937.512 Y128.0
G1 X933.5 Y127.0
M5; lift marker up
G4 P0.08
G0 X940.0 Y126.6
M3 S1000;put marker down
G4 P0.2
G1 X938.0 Y125.69999999999999
G1 X938.0 Y125.69999999999999
G1 X936.0 Y126.1
G1 X936.0 Y126.1
G1 X938.0 Y127.0
G1 X938.0 Y127.0
G1 X940.0 Y126.6
M5; lift marker up
G4 P0.08
G0 X944.0 Y103.2
M3 S1000;put marker down
G4 P0.2
G1 X946.1 Y101.7
G1 X946.1 Y101.7
G1 X947.5 Y100.1
G1 X947.5 Y100.1
G1 X945.7 Y99.6
G1 X945.7 Y99.6
G1 X945.8 Y98.9
G1 X945.8 Y98.9
G1 X948.4 Y101.8
G1 X948.4 Y101.8
G1 X944.0 Y103.2
M5; lift marker up
G4 P0.08
G0 X952.9 Y88.0
M3 S1000;put marker down
G4 P0.2
G1 X951.55 Y86.088
G1 X955.0 Y88.0
G1 X955.0 Y88.0
G1 X956.4 Y90.0
G1 X956.4 Y90.0
G1 X952.9 Y88.0
M5; lift marker up
G4 P0.08
G0 X960.5 Y89.0
M3 S1000;put marker down
G4 P0.2
G1 X962.2 Y88.0
G1 X962.2 Y88.0
G1 X965.1 Y86.4
G1 X965.1 Y86.4
G1 X967.4 Y85.8
G1 X967.4 Y85.8
G1 X962.7 Y89.4
G1 X962.7 Y89.4
G1 X960.5 Y89.0
M5; lift marker up
G4 P0.08
G0 X1034.8 Y257.7
M3 S1000;put marker down
G4 P0.2
G1 X1035.1 Y253.39999999999998
G1 X1035.1 Y253.39999999999998
G1 X1035.9 Y255.8
G1 X1035.9 Y255.8
G1 X1034.8 Y257.7
M5; lift marker up
G4 P0.08
G0 X1032.2 Y262.0
M3 S1000;put marker down
G4 P0.2
G1 X1032.7 Y260.3
G1 X1032.7 Y260.3
G1 X1032.7 Y263.8
G1 X1032.7 Y263.8
G1 X1032.2 Y262.0
M5; lift marker up
G4 P0.08
G0 X1071.0 Y283.3
M3 S1000;put marker down
G4 P0.2
G1 X1073.5 Y280.6
G1 X1073.5 Y280.6
G1 X1075.431 Y278.408
G1 X1075.7440000000001 Y275.73
G1 X1074.625 Y272.862
G1 X1072.2559999999999 Y270.104
G1 X1068.819 Y267.75
G1 X1064.5 Y266.1
G1 X1064.5 Y266.1
G1 X1060.262 Y265.412
G1 X1057.9 Y266.6
G1 X1057.9 Y266.6
G1 X1056.0 Y267.4
G1 X1056.0 Y267.4
G1 X1058.0 Y265.2
G1 X1058.0 Y265.2
G1 X1061.241 Y264.355
G1 X1065.145 Y264.943
G1 X1069.212 Y266.633
G1 X1072.941 Y269.094
G1 X1075.8319999999999 Y271.996
G1 X1077.385 Y275.008
G1 X1077.1 Y277.8
G1 X1077.1 Y277.8
G1 X1073.562 Y281.9
G1 X1071.0 Y283.3
M5; lift marker up
G4 P0.08
G0 X1146.8 Y153.5
M3 S1000;put marker down
G4 P0.2
G1 X1148.475 Y151.163
G1 X1151.2 Y148.3
G1 X1151.2 Y148.3
G1 X1154.162 Y145.188
G1 X1156.6 Y142.3
G1 X1156.6 Y142.3
G1 X1159.4 Y139.675
G1 X1163.1 Y137.2
G1 X1163.1 Y137.2
G1 X1165.1 Y136.7
G1 X1165.1 Y136.7
G1 X1163.467 Y138.07
G1 X1160.888 Y140.462
G1 X1157.689 Y143.548
G1 X1154.2 Y147.0
G1 X1154.2 Y147.0
G1 X1150.104 Y151.019
G1 X1147.43 Y153.348
G1 X1146.8 Y153.5
M5; lift marker up
G4 P0.08
G0 X1222.7 Y109.8
M3 S1000;put marker down
G4 P0.2
G1 X1223.2 Y107.6
G1 X1223.2 Y107.6
G1 X1225.9 Y107.2
G1 X1225.9 Y107.2
G1 X1229.788 Y108.762
G1 X1227.3 Y109.8
G1 X1227.3 Y109.8
G1 X1223.0 Y110.5
G1 X1223.0 Y110.5
G1 X1222.7 Y109.8
M5; lift marker up
G4 P0.08
G0 X1232.0 Y127.9
M3 S1000;put marker down
G4 P0.2
G1 X1233.6 Y125.0
G1 X1237.0 Y124.5
G1 X1237.0 Y124.5
G1 X1237.4 Y128.4
G1 X1237.4 Y128.4
G1 X1235.4 Y127.5
G1 X1235.4 Y127.5
G1 X1235.7 Y126.0
G1 X1235.7 Y126.0
G1 X1233.1 Y127.80000000000001
G1 X1233.1 Y127.80000000000001
G1 X1232.0 Y127.9
M5; lift marker up
G4 P0.08
G0 X1233.0 Y88.3
M3 S1000;put marker down
G4 P0.2
G1 X1234.0 Y86.0
G1 X1234.0 Y86.0
G1 X1235.0 Y86.2
G1 X1235.0 Y86.2
G1 X1234.0 Y88.5
G1 X1234.0 Y88.5
G1 X1233.0 Y88.3
M5; lift marker up
G4 P0.08
G0 X1240.5 Y87.0
M3 S1000;put marker down
G4 P0.2
G1 X1242.8 Y85.5
G1 X1242.8 Y85.5
G1 X1239.7 Y89.0
G1 X1239.7 Y89.0
G1 X1240.5 Y87.0
M5; lift marker up
G4 P0.08
G0 X1214.4 Y88.9
M3 S1000;put marker down
G4 P0.2
G1 X1210.4 Y88.3
G1 X1210.4 Y88.3
G1 X1207.5 Y87.9
G1 X1207.5 Y87.9
G1 X1211.1 Y87.038
G1 X1215.0 Y88.5
G1 X1215.0 Y88.5
G1 X1215.7 Y90.0
G1 X1215.7 Y90.0
G1 X1214.4 Y88.9
M5; lift marker up
G4 P0.08
G0 X1269.0 Y102.3
M3 S1000;put marker down
G4 P0.2
G1 X1274.1 Y99.0
G1 X1274.1 Y99.0
G1 X1278.2 Y102.4
G1 X1278.2 Y102.4
G1 X1276.0 Y101.5
G1 X1276.0 Y101.5
G1 X1270.6 Y101.6
G1 X1270.6 Y101.6
G1 X1269.0 Y102.3
M5; lift marker up
G4 P0.08
G0 X1315.0 Y117.9
M3 S1000;put marker down
G4 P0.2
G1 X1317.1 Y117.5
G1 X1317.1 Y117.5
G1 X1320.1 Y116.9
G1 X1320.1 Y116.9
G1 X1321.5 Y116.19999999999999
G1 X1321.5 Y116.19999999999999
G1 X1321.5 Y117.9
G1 X1321.5 Y117.9
G1 X1317.95 Y118.94999999999999
G1 X1315.0 Y117.9
M5; lift marker up
G4 P0.08
G0 X1316.8 Y113.30000000000001
M3 S1000;put marker down
G4 P0.2
G1 X1318.7 Y113.4
G1 X1318.7 Y113.4
G1 X1317.4 Y113.9
G1 X1317.4 Y113.9
G1 X1316.8 Y113.30000000000001
M5; lift marker up
G4 P0.08
G0 X1599.6 Y96.3
M3 S1000;put marker down
G4 P0.2
G1 X1598.188 Y94.55
G1 X1593.7 Y94.6
G1 X1593.7 Y94.6
G1 X1589.9 Y94.238
G1 X1595.1 Y92.6
G1 X1595.1 Y92.6
G1 X1599.712 Y93.225
G1 X1600.8 Y96.7
G1 X1600.8 Y96.7
G1 X1599.6 Y96.3
M5; lift marker up
G4 P0.08
G0 X1616.0 Y100.1
M3 S1000;put marker down
G4 P0.2
G1 X1615.1 Y96.8
G1 X1615.1 Y96.8
G1 X1616.2 Y97.8
G1 X1616.2 Y97.8
G1 X1618.2 Y100.0
G1 X1618.2 Y100.0
G1 X1619.0 Y101.0
G1 X1619.0 Y101.0
G1 X1616.0 Y100.1
M5; lift marker up
G4 P0.08
G0 X1622.0 Y99.5
M3 S1000;put marker down
G4 P0.2
G1 X1622.6 Y96.5
G1 X1622.6 Y96.5
G1 X1624.5 Y96.0
G1 X1624.5 Y96.0
G1 X1621.8 Y101.0
G1 X1621.8 Y101.0
G1 X1622.0 Y99.5
M5; lift marker up
G4 P0.08
G0 X1652.0 Y267.0
M3 S1000;put marker down
G4 P0.2
G1 X1646.8 Y266.0
G1 X1646.8 Y266.0
G1 X1640.7 Y264.9
G1 X1640.7 Y264.9
G1 X1636.3 Y264.8
G1 X1636.3 Y264.8
G1 X1633.538 Y265.2
G1 X1628.6 Y263.8
G1 X1628.6 Y263.8
G1 X1623.4 Y261.3
G1 X1623.4 Y261.3
G1 X1627.55 Y262.112
G1 X1632.6 Y264.2
G1 X1632.6 Y264.2
G1 X1635.8 Y263.4
G1 X1635.8 Y263.4
G1 X1640.2 Y263.4
G1 X1640.2 Y263.4
G1 X1643.112 Y264.538
G1 X1647.0 Y265.0
G1 X1647.0 Y265.0
G1 X1653.4 Y266.5
G1 X1653.4 Y266.5
G1 X1652.0 Y267.0
M5; lift marker up
G4 P0.08
G0 X1650.4 Y319.7
M3 S1000;put marker down
G4 P0.2
G1 X1654.6 Y315.0
G1 X1654.6 Y315.0
G1 X1653.63 Y317.0
G1 X1650.704 Y320.867
G1 X1648.2 Y323.4
G1 X1648.2 Y323.4
G1 X1650.4 Y319.7
M5; lift marker up
G4 P0.08
G0 X1641.6 Y346.1
M3 S1000;put marker down
G4 P0.2
G1 X1645.3 Y342.8
G1 X1645.3 Y342.8
G1 X1645.9 Y342.7
G1 X1645.9 Y342.7
G1 X1643.425 Y345.838
G1 X1639.6 Y348.0
G1 X1639.6 Y348.0
G1 X1641.6 Y346.1
M5; lift marker up
G4 P0.08
G0 X1648.0 Y353.6
M3 S1000;put marker down
G4 P0.2
G1 X1650.0 Y352.7
G1 X1650.0 Y352.7
G1 X1651.4 Y353.1
G1 X1651.4 Y353.1
G1 X1648.0 Y353.6
M5; lift marker up
G4 P0.08
G0 X1624.0 Y334.4
M3 S1000;put marker down
G4 P0.2
G1 X1623.144 Y331.007
G1 X1620.756 Y328.793
G1 X1617.1 Y328.0
G1 X1617.1 Y328.0
G1 X1611.8 Y325.5
G1 X1611.8 Y325.5
G1 X1608.6 Y323.0
G1 X1608.6 Y323.0
G1 X1603.5 Y320.0
G1 X1603.5 Y320.0
G1 X1600.8 Y317.0
G1 X1600.8 Y317.0
G1 X1604.9 Y319.6
G1 X1604.9 Y319.6
G1 X1608.8 Y321.6
G1 X1608.8 Y321.6
G1 X1611.775 Y323.05
G1 X1614.0 Y326.0
G1 X1614.0 Y326.0
G1 X1617.1 Y327.0
G1 X1617.1 Y327.0
G1 X1622.1 Y328.1
G1 X1622.1 Y328.1
G1 X1625.012 Y331.65
G1 X1625.0 Y335.8
G1 X1625.0 Y335.8
G1 X1624.0 Y334.4
M5; lift marker up
G4 P0.08
; finished plotting
M5; lift up pen
G4 P0.08
G0X0Y0
;ug$1=0 ; unlock motors
