;$H ; Home all axes (move to limit switches)
;$1=255 ; lock motors
G28.1 ; set new home after homing
G21 ; Set units to Millimeters
G90 ; Set to Absolute Positioning
G17 ; Select XY plane (standard for 2D plotting)
; lift up pen
G94F30000 ; Set feed rate mode to "units per minute"
; starting plotting
G0 X581 Y1113
M3 S1000;put marker down
G4 P0.2
G1 X580 Y1114
G1 X579 Y1115
G1 X580 Y1115
G1 X579 Y1116
G1 X578 Y1117
G1 X579 Y1117
G1 X578 Y1118
G1 X578 Y1119
G1 X577 Y1120
G1 X577 Y1121
G1 X576 Y1122
G1 X576 Y1123
G1 X576 Y1124
G1 X576 Y1126
G1 X576 Y1125
G1 X577 Y1126
G1 X578 Y1126
G1 X579 Y1126
G1 X580 Y1126
G1 X581 Y1126
G1 X582 Y1126
G1 X583 Y1126
G1 X584 Y1126
G1 X585 Y1126
G1 X586 Y1125
G1 X587 Y1126
G1 X588 Y1126
G1 X589 Y1126
G1 X590 Y1126
G1 X591 Y1126
G1 X592 Y1127
G1 X592 Y1128
G1 X592 Y1129
G1 X592 Y1130
G1 X592 Y1131
G1 X592 Y1132
G1 X591 Y1133
G1 X591 Y1134
G1 X591 Y1135
G1 X590 Y1136
G1 X590 Y1137
G1 X590 Y1138
G1 X589 Y1139
G1 X589 Y1140
G1 X589 Y1141
G1 X588 Y1142
G1 X588 Y1143
G1 X588 Y1144
G1 X587 Y1145
G1 X587 Y1146
G1 X586 Y1147
G1 X586 Y1148
M5; lift marker up
G4 P0.08
G0 X584 Y1128
M3 S1000;put marker down
G4 P0.2
G1 X584 Y1129
G1 X584 Y1130
G1 X584 Y1131
M5; lift marker up
G4 P0.08
G0 X591 Y1119
M3 S1000;put marker down
G4 P0.2
G1 X589 Y1120
G1 X588 Y1121
G1 X587 Y1122
G1 X586 Y1123
G1 X586 Y1122
G1 X587 Y1121
G1 X588 Y1120
G1 X589 Y1119
G1 X590 Y1119
G1 X591 Y1118
G1 X592 Y1118
G1 X593 Y1118
M5; lift marker up
G4 P0.08
G0 X601 Y1122
M3 S1000;put marker down
G4 P0.2
G1 X601 Y1123
G1 X601 Y1124
M5; lift marker up
G4 P0.08
G0 X613 Y1113
M3 S1000;put marker down
G4 P0.2
G1 X608 Y1114
G1 X604 Y1107
G1 X603 Y1108
G1 X603 Y1109
G1 X602 Y1110
G1 X602 Y1111
G1 X602 Y1112
G1 X601 Y1113
G1 X602 Y1113
G1 X601 Y1114
G1 X601 Y1115
G1 X601 Y1116
G1 X601 Y1117
G1 X601 Y1118
G1 X601 Y1119
G1 X602 Y1120
G1 X603 Y1119
G1 X604 Y1119
G1 X605 Y1118
G1 X605 Y1117
G1 X606 Y1116
G1 X607 Y1115
G1 X607 Y1114
G1 X608 Y1113
G1 X609 Y1113
G1 X610 Y1113
G1 X611 Y1112
G1 X612 Y1113
G1 X613 Y1114
G1 X613 Y1115
G1 X613 Y1116
G1 X612 Y1117
G1 X612 Y1118
G1 X612 Y1119
G1 X612 Y1120
G1 X612 Y1121
G1 X611 Y1122
G1 X611 Y1123
G1 X611 Y1124
G1 X611 Y1125
M5; lift marker up
G4 P0.08
G0 X629 Y1104
M3 S1000;put marker down
G4 P0.2
G1 X630 Y1104
G1 X631 Y1103
G1 X632 Y1103
M5; lift marker up
G4 P0.08
G0 X634 Y1108
M3 S1000;put marker down
G4 P0.2
G1 X634 Y1109
G1 X633 Y1110
G1 X633 Y1111
G1 X633 Y1112
G1 X633 Y1113
G1 X633 Y1114
G1 X632 Y1115
G1 X632 Y1116
G1 X632 Y1117
G1 X632 Y1118
G1 X632 Y1119
G1 X632 Y1120
G1 X632 Y1121
M5; lift marker up
G4 P0.08
G0 X651 Y1108
M3 S1000;put marker down
G4 P0.2
G1 X650 Y1109
G1 X646 Y1114
G1 X647 Y1113
G1 X647 Y1112
G1 X648 Y1111
G1 X649 Y1110
G1 X649 Y1109
G1 X650 Y1108
G1 X651 Y1107
G1 X652 Y1106
G1 X653 Y1105
G1 X654 Y1105
M5; lift marker up
G4 P0.08
G0 X640 Y1094
M3 S1000;put marker down
G4 P0.2
G1 X639 Y1095
G1 X639 Y1096
G1 X640 Y1097
G1 X640 Y1098
G1 X640 Y1099
G1 X640 Y1100
G1 X640 Y1101
G1 X640 Y1102
G1 X640 Y1103
G1 X641 Y1104
G1 X641 Y1105
G1 X641 Y1106
G1 X640 Y1107
G1 X640 Y1108
G1 X640 Y1109
G1 X640 Y1110
G1 X640 Y1111
G1 X640 Y1112
G1 X640 Y1113
G1 X641 Y1114
G1 X642 Y1115
G1 X643 Y1115
G1 X644 Y1115
G1 X645 Y1116
G1 X645 Y1117
G1 X645 Y1118
G1 X645 Y1119
G1 X646 Y1120
G1 X646 Y1122
G1 X646 Y1121
G1 X647 Y1122
G1 X648 Y1122
G1 X649 Y1122
M5; lift marker up
G4 P0.08
G0 X667 Y1121
M3 S1000;put marker down
G4 P0.2
G1 X667 Y1120
G1 X667 Y1119
G1 X667 Y1118
G1 X667 Y1117
G1 X668 Y1116
G1 X668 Y1115
G1 X668 Y1114
G1 X668 Y1113
G1 X668 Y1112
G1 X668 Y1111
G1 X669 Y1111
G1 X670 Y1110
G1 X670 Y1109
G1 X671 Y1110
G1 X672 Y1110
G1 X673 Y1110
G1 X674 Y1110
G1 X675 Y1110
G1 X676 Y1110
G1 X677 Y1111
G1 X677 Y1112
G1 X677 Y1113
G1 X677 Y1114
G1 X676 Y1115
G1 X676 Y1116
G1 X676 Y1117
G1 X676 Y1118
G1 X676 Y1119
G1 X677 Y1120
G1 X678 Y1121
G1 X679 Y1121
G1 X680 Y1121
G1 X681 Y1121
G1 X682 Y1122
G1 X683 Y1122
M5; lift marker up
G4 P0.08
G0 X679 Y1110
M3 S1000;put marker down
G4 P0.2
G1 X680 Y1109
G1 X681 Y1109
G1 X682 Y1109
M5; lift marker up
G4 P0.08
G0 X673 Y1098
M3 S1000;put marker down
G4 P0.2
G1 X670 Y1107
G1 X670 Y1106
G1 X670 Y1105
G1 X671 Y1104
G1 X671 Y1103
G1 X671 Y1102
G1 X672 Y1101
G1 X672 Y1100
G1 X672 Y1099
G1 X672 Y1098
G1 X673 Y1097
G1 X673 Y1096
G1 X673 Y1095
G1 X673 Y1094
G1 X673 Y1093
M5; lift marker up
G4 P0.08
G0 X707 Y1100
M3 S1000;put marker down
G4 P0.2
G1 X706 Y1101
G1 X702 Y1108
G1 X701 Y1109
G1 X701 Y1108
G1 X702 Y1107
G1 X703 Y1106
G1 X703 Y1105
G1 X704 Y1104
G1 X705 Y1103
G1 X705 Y1102
G1 X705 Y1101
G1 X706 Y1100
G1 X707 Y1099
G1 X708 Y1098
G1 X708 Y1097
M5; lift marker up
G4 P0.08
G0 X718 Y1107
M3 S1000;put marker down
G4 P0.2
G1 X717 Y1108
G1 X716 Y1108
G1 X715 Y1108
G1 X714 Y1109
G1 X713 Y1109
G1 X712 Y1110
G1 X711 Y1110
G1 X710 Y1111
G1 X708 Y1112
G1 X709 Y1112
G1 X708 Y1113
G1 X707 Y1113
G1 X706 Y1114
G1 X707 Y1114
G1 X706 Y1115
G1 X705 Y1115
G1 X704 Y1116
G1 X705 Y1116
G1 X704 Y1117
G1 X703 Y1118
G1 X704 Y1118
G1 X703 Y1119
G1 X702 Y1120
M5; lift marker up
G4 P0.08
G0 X696 Y1121
M3 S1000;put marker down
G4 P0.2
G1 X696 Y1120
G1 X697 Y1119
G1 X697 Y1118
G1 X697 Y1117
G1 X698 Y1116
G1 X698 Y1115
G1 X698 Y1114
G1 X699 Y1113
G1 X699 Y1112
G1 X699 Y1111
G1 X698 Y1110
G1 X697 Y1105
G1 X697 Y1106
G1 X696 Y1107
G1 X696 Y1108
G1 X696 Y1109
G1 X697 Y1110
G1 X696 Y1110
G1 X695 Y1110
G1 X694 Y1111
G1 X693 Y1111
G1 X692 Y1111
G1 X690 Y1112
G1 X691 Y1112
G1 X690 Y1113
G1 X690 Y1114
G1 X690 Y1116
G1 X690 Y1115
G1 X688 Y1114
G1 X689 Y1114
G1 X688 Y1116
G1 X688 Y1115
G1 X689 Y1116
G1 X688 Y1117
G1 X689 Y1118
G1 X689 Y1119
G1 X689 Y1120
G1 X689 Y1121
G1 X689 Y1122
G1 X689 Y1123
G1 X689 Y1124
G1 X689 Y1125
G1 X688 Y1126
G1 X689 Y1126
G1 X688 Y1127
G1 X688 Y1128
M5; lift marker up
G4 P0.08
G0 X725 Y1110
M3 S1000;put marker down
G4 P0.2
G1 X724 Y1111
G1 X723 Y1111
G1 X722 Y1112
G1 X721 Y1112
G1 X720 Y1113
G1 X719 Y1113
G1 X718 Y1114
G1 X716 Y1115
G1 X717 Y1115
G1 X716 Y1116
G1 X715 Y1116
G1 X714 Y1117
G1 X713 Y1118
G1 X713 Y1119
G1 X712 Y1120
G1 X713 Y1120
G1 X712 Y1121
G1 X711 Y1122
G1 X712 Y1122
G1 X711 Y1123
G1 X710 Y1123
G1 X709 Y1123
M5; lift marker up
G4 P0.08
G0 X744 Y1114
M3 S1000;put marker down
G4 P0.2
G1 X743 Y1114
G1 X742 Y1115
G1 X741 Y1115
G1 X740 Y1115
G1 X739 Y1115
G1 X738 Y1115
G1 X737 Y1115
G1 X736 Y1115
G1 X735 Y1115
G1 X734 Y1115
G1 X733 Y1115
G1 X732 Y1115
G1 X731 Y1115
M5; lift marker up
G4 P0.08
G0 X758 Y1095
M3 S1000;put marker down
G4 P0.2
G1 X758 Y1096
G1 X758 Y1097
G1 X758 Y1098
G1 X758 Y1099
G1 X758 Y1100
G1 X758 Y1101
G1 X758 Y1102
G1 X758 Y1103
G1 X758 Y1104
G1 X758 Y1105
G1 X758 Y1106
G1 X758 Y1107
G1 X757 Y1108
G1 X757 Y1109
G1 X757 Y1110
G1 X757 Y1111
G1 X757 Y1112
G1 X757 Y1114
G1 X757 Y1113
G1 X758 Y1114
G1 X759 Y1114
G1 X760 Y1114
G1 X761 Y1114
G1 X762 Y1114
G1 X763 Y1114
G1 X764 Y1114
G1 X765 Y1114
G1 X766 Y1115
G1 X766 Y1116
G1 X766 Y1117
G1 X766 Y1118
G1 X767 Y1119
G1 X767 Y1120
G1 X767 Y1121
G1 X767 Y1122
G1 X768 Y1123
G1 X769 Y1122
G1 X770 Y1122
G1 X771 Y1121
G1 X772 Y1120
G1 X772 Y1119
G1 X772 Y1118
G1 X773 Y1117
G1 X773 Y1116
G1 X773 Y1115
G1 X773 Y1114
G1 X773 Y1113
G1 X774 Y1112
G1 X774 Y1111
G1 X774 Y1110
G1 X775 Y1109
G1 X775 Y1108
G1 X775 Y1107
G1 X775 Y1106
G1 X776 Y1105
G1 X776 Y1104
G1 X776 Y1103
G1 X777 Y1102
G1 X777 Y1101
G1 X778 Y1100
G1 X778 Y1099
M5; lift marker up
G4 P0.08
G0 X785 Y1106
M3 S1000;put marker down
G4 P0.2
G1 X784 Y1107
G1 X783 Y1107
G1 X782 Y1108
G1 X781 Y1109
G1 X781 Y1110
G1 X780 Y1111
G1 X780 Y1112
G1 X780 Y1113
G1 X780 Y1114
G1 X780 Y1116
G1 X780 Y1115
G1 X781 Y1116
G1 X782 Y1117
G1 X783 Y1117
G1 X784 Y1117
G1 X785 Y1117
G1 X786 Y1117
M5; lift marker up
G4 P0.08
G0 X800 Y1109
M3 S1000;put marker down
G4 P0.2
G1 X799 Y1110
G1 X799 Y1109
G1 X800 Y1108
G1 X801 Y1107
M5; lift marker up
G4 P0.08
G0 X802 Y1089
M3 S1000;put marker down
G4 P0.2
G1 X802 Y1090
G1 X801 Y1091
G1 X802 Y1091
G1 X801 Y1092
G1 X801 Y1093
G1 X801 Y1094
G1 X800 Y1095
G1 X800 Y1096
G1 X800 Y1097
G1 X800 Y1098
G1 X800 Y1099
G1 X799 Y1100
G1 X798 Y1100
G1 X797 Y1100
G1 X794 Y1101
G1 X795 Y1100
G1 X796 Y1100
G1 X797 Y1101
G1 X797 Y1102
G1 X797 Y1103
G1 X796 Y1104
G1 X796 Y1105
G1 X796 Y1106
G1 X796 Y1107
G1 X796 Y1108
G1 X796 Y1110
G1 X796 Y1109
G1 X797 Y1110
G1 X796 Y1111
G1 X795 Y1112
G1 X794 Y1113
G1 X793 Y1114
G1 X794 Y1114
G1 X793 Y1115
G1 X793 Y1116
G1 X792 Y1117
M5; lift marker up
G4 P0.08
G0 X823 Y1109
M3 S1000;put marker down
G4 P0.2
G1 X822 Y1109
G1 X821 Y1109
G1 X820 Y1110
G1 X819 Y1111
G1 X819 Y1112
G1 X819 Y1113
G1 X819 Y1114
G1 X819 Y1115
G1 X820 Y1116
G1 X819 Y1116
G1 X820 Y1117
G1 X820 Y1118
G1 X820 Y1119
G1 X821 Y1120
G1 X821 Y1121
G1 X821 Y1122
G1 X821 Y1123
G1 X821 Y1124
G1 X820 Y1125
G1 X820 Y1126
G1 X819 Y1127
G1 X820 Y1127
G1 X819 Y1128
G1 X818 Y1129
G1 X817 Y1130
G1 X817 Y1131
G1 X816 Y1132
G1 X815 Y1133
G1 X814 Y1133
G1 X813 Y1134
G1 X812 Y1134
G1 X811 Y1134
M5; lift marker up
G4 P0.08
G0 X810 Y1089
M3 S1000;put marker down
G4 P0.2
G1 X811 Y1090
G1 X811 Y1091
G1 X811 Y1092
G1 X811 Y1093
G1 X811 Y1094
G1 X810 Y1095
G1 X811 Y1095
G1 X810 Y1096
G1 X810 Y1097
G1 X810 Y1098
G1 X810 Y1099
G1 X809 Y1100
G1 X809 Y1101
G1 X809 Y1102
G1 X808 Y1103
G1 X808 Y1104
G1 X808 Y1105
G1 X807 Y1106
G1 X807 Y1107
G1 X807 Y1108
G1 X807 Y1109
G1 X807 Y1110
G1 X807 Y1111
G1 X807 Y1113
G1 X807 Y1112
G1 X808 Y1113
G1 X809 Y1113
G1 X810 Y1113
G1 X811 Y1113
G1 X812 Y1113
M5; lift marker up
G4 P0.08
G0 X841 Y1098
M3 S1000;put marker down
G4 P0.2
G1 X842 Y1098
G1 X843 Y1098
G1 X844 Y1098
G1 X845 Y1098
M5; lift marker up
G4 P0.08
G0 X858 Y1097
M3 S1000;put marker down
G4 P0.2
G1 X857 Y1098
G1 X856 Y1099
G1 X855 Y1100
G1 X854 Y1101
G1 X855 Y1101
G1 X854 Y1102
G1 X853 Y1102
G1 X852 Y1102
G1 X851 Y1103
G1 X850 Y1104
G1 X849 Y1105
G1 X848 Y1106
G1 X848 Y1107
G1 X847 Y1108
G1 X847 Y1109
G1 X846 Y1110
G1 X845 Y1111
G1 X845 Y1112
M5; lift marker up
G4 P0.08
G0 X858 Y1084
M3 S1000;put marker down
G4 P0.2
G1 X856 Y1083
G1 X857 Y1084
G1 X856 Y1084
G1 X855 Y1083
G1 X854 Y1083
G1 X853 Y1083
G1 X852 Y1082
G1 X851 Y1083
G1 X850 Y1083
G1 X849 Y1083
G1 X848 Y1084
G1 X847 Y1084
G1 X846 Y1085
G1 X845 Y1086
G1 X844 Y1087
G1 X843 Y1088
G1 X842 Y1089
G1 X842 Y1090
G1 X841 Y1091
G1 X840 Y1092
G1 X840 Y1093
G1 X840 Y1094
G1 X839 Y1095
G1 X839 Y1096
G1 X838 Y1097
G1 X839 Y1097
G1 X838 Y1098
G1 X838 Y1099
G1 X838 Y1100
G1 X837 Y1101
G1 X837 Y1102
G1 X837 Y1103
G1 X837 Y1104
G1 X837 Y1105
G1 X837 Y1106
G1 X837 Y1107
G1 X837 Y1108
G1 X837 Y1109
G1 X837 Y1110
G1 X837 Y1111
G1 X837 Y1112
M5; lift marker up
G4 P0.08
G0 X880 Y1088
M3 S1000;put marker down
G4 P0.2
G1 X880 Y1089
G1 X879 Y1090
G1 X880 Y1090
G1 X879 Y1091
G1 X879 Y1092
G1 X878 Y1093
G1 X877 Y1094
G1 X877 Y1095
G1 X876 Y1096
G1 X877 Y1096
G1 X876 Y1097
G1 X875 Y1098
G1 X876 Y1098
G1 X875 Y1099
G1 X875 Y1100
G1 X875 Y1103
G1 X871 Y1107
G1 X872 Y1106
G1 X873 Y1105
G1 X874 Y1104
G1 X874 Y1103
G1 X875 Y1102
G1 X875 Y1101
G1 X876 Y1102
G1 X877 Y1101
G1 X878 Y1101
G1 X879 Y1100
G1 X880 Y1099
G1 X881 Y1099
G1 X882 Y1099
G1 X883 Y1100
G1 X883 Y1101
G1 X883 Y1102
G1 X882 Y1103
G1 X882 Y1104
G1 X882 Y1105
G1 X882 Y1106
G1 X883 Y1107
G1 X882 Y1107
G1 X881 Y1108
G1 X880 Y1109
G1 X880 Y1110
M5; lift marker up
G4 P0.08
G0 X884 Y1097
M3 S1000;put marker down
G4 P0.2
G1 X884 Y1096
M5; lift marker up
G4 P0.08
G0 X904 Y1105
M3 S1000;put marker down
G4 P0.2
G1 X904 Y1106
G1 X905 Y1107
G1 X905 Y1108
G1 X904 Y1108
G1 X903 Y1109
G1 X902 Y1107
G1 X901 Y1108
G1 X902 Y1109
G1 X901 Y1109
G1 X896 Y1105
G1 X898 Y1096
G1 X897 Y1097
G1 X896 Y1098
G1 X895 Y1099
G1 X894 Y1100
G1 X894 Y1101
G1 X894 Y1102
G1 X894 Y1103
G1 X892 Y1106
G1 X897 Y1108
G1 X896 Y1109
G1 X895 Y1109
G1 X894 Y1109
G1 X893 Y1109
G1 X893 Y1108
G1 X892 Y1107
G1 X885 Y1107
G1 X886 Y1107
G1 X887 Y1107
G1 X888 Y1107
G1 X889 Y1107
G1 X890 Y1107
G1 X891 Y1106
G1 X892 Y1105
G1 X893 Y1104
G1 X894 Y1104
G1 X895 Y1105
G1 X896 Y1106
G1 X897 Y1107
G1 X898 Y1108
G1 X899 Y1108
G1 X900 Y1108
G1 X901 Y1107
G1 X902 Y1106
G1 X902 Y1105
G1 X903 Y1105
G1 X904 Y1104
G1 X905 Y1103
G1 X906 Y1102
G1 X907 Y1101
G1 X908 Y1100
G1 X909 Y1099
M5; lift marker up
G4 P0.08
G0 X925 Y1079
M3 S1000;put marker down
G4 P0.2
G1 X925 Y1080
G1 X924 Y1081
G1 X924 Y1082
G1 X923 Y1083
G1 X922 Y1084
G1 X922 Y1085
G1 X922 Y1086
G1 X922 Y1087
G1 X921 Y1088
G1 X927 Y1090
G1 X926 Y1090
G1 X925 Y1090
G1 X924 Y1090
G1 X923 Y1090
G1 X922 Y1090
G1 X921 Y1089
G1 X919 Y1089
G1 X915 Y1086
G1 X916 Y1087
G1 X917 Y1087
G1 X918 Y1088
G1 X919 Y1088
G1 X920 Y1089
G1 X919 Y1090
G1 X919 Y1091
G1 X918 Y1092
G1 X918 Y1093
G1 X918 Y1094
G1 X917 Y1095
G1 X917 Y1096
G1 X916 Y1097
G1 X916 Y1098
G1 X915 Y1099
G1 X915 Y1100
G1 X914 Y1101
G1 X914 Y1102
G1 X913 Y1103
G1 X914 Y1103
G1 X913 Y1104
G1 X912 Y1105
G1 X913 Y1105
G1 X912 Y1106
G1 X911 Y1107
G1 X911 Y1108
M5; lift marker up
G4 P0.08
G0 X947 Y1085
M3 S1000;put marker down
G4 P0.2
G1 X946 Y1085
G1 X945 Y1085
G1 X944 Y1084
G1 X943 Y1085
G1 X942 Y1085
G1 X941 Y1086
G1 X940 Y1087
G1 X941 Y1087
G1 X940 Y1088
G1 X940 Y1089
G1 X940 Y1090
G1 X940 Y1091
G1 X940 Y1092
G1 X940 Y1093
G1 X940 Y1094
G1 X939 Y1095
G1 X940 Y1095
G1 X939 Y1096
G1 X939 Y1097
G1 X939 Y1098
G1 X938 Y1099
G1 X938 Y1100
G1 X938 Y1101
G1 X937 Y1102
G1 X936 Y1103
G1 X936 Y1104
G1 X936 Y1105
M5; lift marker up
G4 P0.08
G0 X956 Y1088
M3 S1000;put marker down
G4 P0.2
G1 X955 Y1090
G1 X954 Y1090
G1 X955 Y1089
G1 X955 Y1088
G1 X956 Y1087
G1 X957 Y1086
G1 X958 Y1085
G1 X958 Y1084
G1 X959 Y1083
G1 X960 Y1082
G1 X960 Y1081
M5; lift marker up
G4 P0.08
G0 X966 Y1090
M3 S1000;put marker down
G4 P0.2
G1 X965 Y1091
G1 X964 Y1092
G1 X963 Y1093
G1 X964 Y1093
G1 X962 Y1099
G1 X961 Y1100
G1 X960 Y1100
G1 X961 Y1099
G1 X962 Y1098
G1 X962 Y1097
G1 X962 Y1096
G1 X962 Y1095
G1 X963 Y1094
G1 X962 Y1093
G1 X961 Y1093
G1 X960 Y1093
G1 X959 Y1093
G1 X958 Y1093
G1 X957 Y1093
G1 X956 Y1093
G1 X955 Y1093
G1 X954 Y1092
G1 X952 Y1092
G1 X953 Y1092
G1 X952 Y1093
G1 X951 Y1094
G1 X951 Y1095
G1 X950 Y1096
G1 X951 Y1096
G1 X950 Y1097
G1 X949 Y1098
G1 X949 Y1099
G1 X948 Y1100
G1 X948 Y1101
G1 X947 Y1102
G1 X947 Y1103
G1 X946 Y1104
G1 X945 Y1105
M5; lift marker up
G4 P0.08
G0 X972 Y1091
M3 S1000;put marker down
G4 P0.2
G1 X973 Y1091
G1 X974 Y1091
G1 X975 Y1091
G1 X976 Y1091
G1 X977 Y1092
G1 X978 Y1093
G1 X978 Y1094
G1 X978 Y1095
G1 X977 Y1096
G1 X976 Y1097
G1 X975 Y1098
G1 X976 Y1098
G1 X975 Y1099
G1 X974 Y1099
G1 X973 Y1099
G1 X972 Y1100
G1 X971 Y1100
G1 X970 Y1100
G1 X969 Y1100
G1 X968 Y1101
G1 X966 Y1102
G1 X967 Y1102
G1 X966 Y1103
G1 X965 Y1103
G1 X964 Y1103
G1 X963 Y1103
G1 X962 Y1103
G1 X961 Y1103
G1 X960 Y1102
G1 X959 Y1103
G1 X960 Y1103
G1 X959 Y1104
G1 X959 Y1105
G1 X958 Y1106
G1 X958 Y1107
G1 X958 Y1108
G1 X957 Y1109
G1 X957 Y1110
G1 X956 Y1111
G1 X956 Y1112
G1 X955 Y1113
G1 X955 Y1114
G1 X954 Y1115
G1 X954 Y1116
G1 X953 Y1117
G1 X953 Y1118
G1 X952 Y1119
M5; lift marker up
G4 P0.08
G0 X999 Y1093
M3 S1000;put marker down
G4 P0.2
G1 X998 Y1093
G1 X997 Y1093
G1 X996 Y1093
G1 X995 Y1094
G1 X994 Y1094
G1 X993 Y1094
G1 X992 Y1095
G1 X991 Y1095
G1 X990 Y1096
G1 X989 Y1097
G1 X989 Y1098
G1 X988 Y1099
G1 X988 Y1100
G1 X987 Y1101
G1 X987 Y1102
G1 X986 Y1103
G1 X985 Y1104
G1 X984 Y1104
M5; lift marker up
G4 P0.08
G0 X861 Y1027
M3 S1000;put marker down
G4 P0.2
G1 X861 Y1028
G1 X860 Y1029
G1 X861 Y1029
G1 X860 Y1030
G1 X860 Y1031
G1 X859 Y1032
G1 X860 Y1032
G1 X859 Y1033
G1 X859 Y1034
G1 X858 Y1035
G1 X858 Y1036
G1 X857 Y1037
G1 X858 Y1037
G1 X857 Y1038
G1 X857 Y1039
G1 X856 Y1040
G1 X856 Y1041
G1 X856 Y1042
G1 X855 Y1043
G1 X855 Y1044
G1 X855 Y1045
G1 X854 Y1049
G1 X852 Y1051
G1 X853 Y1050
G1 X853 Y1049
G1 X854 Y1048
G1 X855 Y1047
G1 X855 Y1046
G1 X856 Y1047
G1 X857 Y1047
G1 X858 Y1046
G1 X859 Y1046
G1 X860 Y1045
G1 X861 Y1044
G1 X862 Y1044
G1 X863 Y1044
G1 X864 Y1044
G1 X865 Y1044
G1 X866 Y1044
G1 X867 Y1044
G1 X868 Y1045
G1 X869 Y1046
G1 X869 Y1047
G1 X869 Y1048
G1 X869 Y1049
G1 X869 Y1050
G1 X869 Y1051
G1 X869 Y1052
G1 X869 Y1053
G1 X869 Y1054
G1 X868 Y1055
G1 X869 Y1055
G1 X868 Y1056
G1 X868 Y1057
G1 X867 Y1058
G1 X867 Y1059
M5; lift marker up
G4 P0.08
G0 X845 Y1046
M3 S1000;put marker down
G4 P0.2
G1 X844 Y1046
G1 X843 Y1047
G1 X842 Y1047
G1 X841 Y1047
G1 X840 Y1047
G1 X839 Y1047
G1 X837 Y1048
G1 X838 Y1048
G1 X837 Y1049
G1 X836 Y1050
G1 X837 Y1051
G1 X837 Y1052
G1 X838 Y1053
G1 X838 Y1054
G1 X838 Y1055
G1 X838 Y1056
G1 X838 Y1057
G1 X837 Y1058
G1 X836 Y1059
G1 X837 Y1059
G1 X836 Y1060
G1 X835 Y1060
G1 X834 Y1061
G1 X835 Y1061
G1 X834 Y1062
G1 X833 Y1062
G1 X832 Y1062
M5; lift marker up
G4 P0.08
G0 X829 Y1046
M3 S1000;put marker down
G4 P0.2
G1 X828 Y1047
G1 X828 Y1048
G1 X827 Y1049
G1 X826 Y1050
G1 X825 Y1051
G1 X826 Y1051
G1 X825 Y1052
G1 X824 Y1053
G1 X824 Y1054
M5; lift marker up
G4 P0.08
G0 X817 Y1054
M3 S1000;put marker down
G4 P0.2
G1 X814 Y1057
G1 X815 Y1056
G1 X816 Y1055
G1 X816 Y1054
G1 X817 Y1053
G1 X818 Y1052
G1 X818 Y1051
G1 X819 Y1050
G1 X819 Y1049
G1 X819 Y1048
G1 X819 Y1047
G1 X818 Y1046
G1 X817 Y1045
G1 X816 Y1045
G1 X815 Y1045
G1 X814 Y1045
G1 X813 Y1045
G1 X812 Y1046
G1 X810 Y1046
G1 X811 Y1046
G1 X810 Y1047
G1 X809 Y1047
G1 X808 Y1048
G1 X809 Y1048
G1 X808 Y1049
G1 X808 Y1050
G1 X808 Y1051
G1 X807 Y1052
G1 X807 Y1053
G1 X807 Y1054
G1 X806 Y1055
G1 X806 Y1056
G1 X806 Y1057
G1 X805 Y1058
G1 X805 Y1059
G1 X805 Y1060
G1 X805 Y1061
G1 X804 Y1062
G1 X804 Y1063
G1 X804 Y1064
G1 X804 Y1065
G1 X803 Y1066
G1 X803 Y1067
G1 X803 Y1068
G1 X802 Y1069
G1 X802 Y1070
G1 X802 Y1071
G1 X802 Y1072
G1 X801 Y1073
G1 X802 Y1073
G1 X801 Y1074
G1 X801 Y1075
G1 X801 Y1076
G1 X801 Y1077
M5; lift marker up
G4 P0.08
G0 X794 Y1047
M3 S1000;put marker down
G4 P0.2
G1 X793 Y1048
G1 X792 Y1048
G1 X790 Y1048
G1 X791 Y1048
G1 X790 Y1049
G1 X789 Y1049
G1 X788 Y1049
G1 X787 Y1050
G1 X785 Y1050
G1 X786 Y1050
G1 X785 Y1051
G1 X783 Y1051
G1 X784 Y1051
G1 X783 Y1052
G1 X782 Y1052
G1 X781 Y1053
G1 X782 Y1053
G1 X781 Y1054
G1 X780 Y1055
G1 X780 Y1056
G1 X778 Y1056
G1 X779 Y1056
G1 X778 Y1057
G1 X777 Y1057
G1 X776 Y1057
G1 X775 Y1057
G1 X774 Y1058
G1 X775 Y1058
G1 X774 Y1059
G1 X773 Y1059
G1 X772 Y1060
G1 X770 Y1059
G1 X771 Y1060
G1 X770 Y1060
G1 X769 Y1059
G1 X769 Y1058
G1 X769 Y1057
G1 X769 Y1056
G1 X769 Y1055
G1 X770 Y1054
G1 X771 Y1053
G1 X766 Y1051
G1 X767 Y1051
G1 X768 Y1051
G1 X769 Y1051
G1 X770 Y1051
G1 X771 Y1052
G1 X772 Y1052
G1 X773 Y1052
G1 X774 Y1052
M5; lift marker up
G4 P0.08
G0 X773 Y1038
M3 S1000;put marker down
G4 P0.2
G1 X772 Y1037
G1 X771 Y1037
G1 X770 Y1037
G1 X769 Y1038
G1 X768 Y1038
G1 X767 Y1039
G1 X766 Y1040
G1 X766 Y1041
G1 X765 Y1042
G1 X765 Y1043
G1 X764 Y1044
G1 X764 Y1045
G1 X764 Y1046
G1 X763 Y1047
G1 X763 Y1048
G1 X763 Y1049
G1 X763 Y1051
G1 X763 Y1050
G1 X764 Y1051
G1 X763 Y1052
G1 X762 Y1053
G1 X762 Y1054
G1 X762 Y1055
G1 X762 Y1056
G1 X762 Y1057
G1 X762 Y1058
G1 X762 Y1059
G1 X762 Y1060
G1 X762 Y1061
G1 X762 Y1062
G1 X762 Y1063
G1 X762 Y1064
G1 X762 Y1065
G1 X762 Y1066
G1 X762 Y1067
G1 X763 Y1068
G1 X762 Y1068
G1 X763 Y1069
G1 X763 Y1070
M5; lift marker up
G4 P0.08
G0 X737 Y1053
M3 S1000;put marker down
G4 P0.2
G1 X736 Y1054
G1 X735 Y1054
G1 X733 Y1054
G1 X734 Y1054
G1 X733 Y1055
G1 X732 Y1055
G1 X726 Y1055
G1 X726 Y1046
G1 X726 Y1047
G1 X725 Y1048
G1 X725 Y1049
G1 X724 Y1050
G1 X724 Y1051
G1 X724 Y1052
G1 X724 Y1054
G1 X724 Y1053
G1 X725 Y1054
G1 X726 Y1054
G1 X727 Y1055
G1 X728 Y1055
G1 X729 Y1055
G1 X730 Y1056
G1 X731 Y1056
G1 X730 Y1057
G1 X730 Y1058
G1 X729 Y1064
G1 X729 Y1063
G1 X730 Y1062
G1 X730 Y1061
G1 X730 Y1060
G1 X730 Y1059
G1 X731 Y1060
G1 X732 Y1061
G1 X733 Y1061
G1 X734 Y1061
G1 X735 Y1061
G1 X736 Y1061
G1 X737 Y1062
G1 X738 Y1063
G1 X739 Y1064
G1 X739 Y1065
G1 X739 Y1066
G1 X739 Y1067
G1 X739 Y1068
G1 X739 Y1069
G1 X739 Y1070
G1 X738 Y1071
G1 X739 Y1071
G1 X738 Y1072
G1 X737 Y1073
G1 X738 Y1073
G1 X737 Y1074
G1 X736 Y1075
G1 X735 Y1076
G1 X736 Y1076
G1 X735 Y1077
G1 X734 Y1078
G1 X733 Y1079
G1 X734 Y1079
G1 X733 Y1080
G1 X732 Y1081
G1 X732 Y1082
G1 X731 Y1083
G1 X730 Y1084
G1 X731 Y1084
G1 X730 Y1085
G1 X730 Y1086
M5; lift marker up
G4 P0.08
G0 X719 Y1053
M3 S1000;put marker down
G4 P0.2
G1 X719 Y1054
G1 X719 Y1055
G1 X719 Y1056
G1 X718 Y1057
G1 X718 Y1058
G1 X718 Y1059
G1 X718 Y1060
G1 X718 Y1061
G1 X718 Y1062
G1 X717 Y1063
M5; lift marker up
G4 P0.08
G0 X715 Y1048
M3 S1000;put marker down
G4 P0.2
G1 X716 Y1047
G1 X717 Y1047
G1 X718 Y1047
G1 X719 Y1047
M5; lift marker up
G4 P0.08
G0 X710 Y1038
M3 S1000;put marker down
G4 P0.2
G1 X709 Y1039
G1 X708 Y1040
M5; lift marker up
G4 P0.08
G0 X716 Y1034
M3 S1000;put marker down
G4 P0.2
G1 X715 Y1035
G1 X715 Y1036
G1 X715 Y1037
G1 X714 Y1038
G1 X715 Y1038
G1 X714 Y1039
G1 X714 Y1040
G1 X714 Y1041
G1 X713 Y1042
G1 X713 Y1043
G1 X713 Y1044
G1 X713 Y1045
G1 X713 Y1046
G1 X712 Y1048
G1 X712 Y1047
G1 X713 Y1048
G1 X712 Y1049
G1 X711 Y1050
G1 X709 Y1051
G1 X710 Y1051
G1 X711 Y1052
G1 X711 Y1053
G1 X711 Y1054
G1 X711 Y1055
G1 X710 Y1056
G1 X710 Y1057
G1 X710 Y1058
G1 X710 Y1059
G1 X710 Y1060
G1 X710 Y1061
G1 X710 Y1062
G1 X710 Y1063
G1 X710 Y1064
G1 X710 Y1065
M5; lift marker up
G4 P0.08
G0 X700 Y1062
M3 S1000;put marker down
G4 P0.2
G1 X700 Y1063
G1 X700 Y1064
G1 X699 Y1065
G1 X699 Y1066
M5; lift marker up
G4 P0.08
G0 X691 Y1058
M3 S1000;put marker down
G4 P0.2
G1 X690 Y1059
G1 X690 Y1060
G1 X691 Y1052
G1 X690 Y1052
G1 X689 Y1052
G1 X688 Y1052
G1 X687 Y1053
G1 X686 Y1053
G1 X685 Y1053
G1 X684 Y1053
G1 X683 Y1054
G1 X682 Y1054
G1 X681 Y1055
G1 X682 Y1055
G1 X681 Y1056
G1 X680 Y1057
G1 X679 Y1058
G1 X679 Y1059
G1 X679 Y1060
G1 X679 Y1061
G1 X680 Y1062
G1 X681 Y1062
G1 X682 Y1062
G1 X683 Y1062
G1 X684 Y1062
G1 X685 Y1061
G1 X686 Y1061
G1 X687 Y1061
G1 X688 Y1061
G1 X689 Y1060
G1 X690 Y1061
G1 X691 Y1062
M5; lift marker up
G4 P0.08
G0 X683 Y1042
M3 S1000;put marker down
G4 P0.2
G1 X682 Y1042
G1 X681 Y1043
G1 X680 Y1044
G1 X679 Y1045
G1 X678 Y1046
G1 X677 Y1047
G1 X677 Y1048
G1 X676 Y1049
G1 X677 Y1049
G1 X676 Y1050
G1 X676 Y1051
G1 X676 Y1052
G1 X675 Y1053
G1 X676 Y1053
G1 X675 Y1054
G1 X675 Y1055
G1 X675 Y1056
G1 X675 Y1057
G1 X675 Y1058
G1 X675 Y1059
G1 X674 Y1060
G1 X669 Y1061
G1 X668 Y1062
G1 X667 Y1064
G1 X665 Y1070
G1 X664 Y1070
G1 X665 Y1069
G1 X665 Y1068
G1 X666 Y1067
G1 X666 Y1066
G1 X666 Y1065
G1 X666 Y1064
G1 X667 Y1063
G1 X667 Y1062
G1 X668 Y1061
G1 X669 Y1060
G1 X670 Y1060
G1 X671 Y1060
G1 X672 Y1060
G1 X673 Y1060
G1 X674 Y1061
G1 X674 Y1062
M5; lift marker up
G4 P0.08
G0 X649 Y1058
M3 S1000;put marker down
G4 P0.2
G1 X648 Y1059
G1 X646 Y1059
G1 X647 Y1059
G1 X646 Y1060
G1 X645 Y1060
G1 X644 Y1060
G1 X643 Y1060
G1 X642 Y1060
M5; lift marker up
G4 P0.08
G0 X630 Y1056
M3 S1000;put marker down
G4 P0.2
G1 X631 Y1056
G1 X632 Y1055
M5; lift marker up
G4 P0.08
G0 X632 Y1035
M3 S1000;put marker down
G4 P0.2
G1 X631 Y1036
G1 X631 Y1037
G1 X631 Y1038
G1 X630 Y1039
G1 X631 Y1039
G1 X630 Y1040
G1 X630 Y1041
G1 X630 Y1042
G1 X629 Y1043
G1 X629 Y1044
G1 X629 Y1045
G1 X628 Y1046
G1 X628 Y1047
G1 X628 Y1048
G1 X627 Y1049
G1 X627 Y1050
G1 X627 Y1051
G1 X627 Y1052
G1 X627 Y1053
G1 X627 Y1054
G1 X627 Y1055
G1 X628 Y1056
G1 X627 Y1056
G1 X626 Y1057
G1 X625 Y1057
G1 X622 Y1057
G1 X623 Y1057
G1 X624 Y1057
G1 X625 Y1058
G1 X625 Y1059
G1 X625 Y1060
G1 X625 Y1061
G1 X625 Y1062
G1 X625 Y1063
G1 X625 Y1064
G1 X624 Y1065
G1 X624 Y1066
G1 X624 Y1067
G1 X624 Y1068
G1 X624 Y1069
G1 X624 Y1070
G1 X624 Y1071
G1 X624 Y1072
G1 X624 Y1073
G1 X624 Y1074
G1 X624 Y1075
G1 X623 Y1076
M5; lift marker up
G4 P0.08
G0 X628 Y1092
M3 S1000;put marker down
G4 P0.2
G1 X628 Y1093
G1 X628 Y1094
G1 X627 Y1095
G1 X628 Y1095
G1 X627 Y1096
G1 X627 Y1097
G1 X627 Y1098
G1 X626 Y1099
G1 X626 Y1100
G1 X626 Y1101
G1 X626 Y1102
G1 X626 Y1103
G1 X627 Y1104
G1 X626 Y1104
G1 X625 Y1104
G1 X624 Y1105
G1 X624 Y1106
G1 X624 Y1107
G1 X624 Y1108
G1 X624 Y1109
G1 X624 Y1110
G1 X624 Y1111
G1 X624 Y1112
G1 X623 Y1113
G1 X623 Y1114
G1 X623 Y1115
G1 X622 Y1115
G1 X621 Y1116
G1 X621 Y1117
G1 X621 Y1118
G1 X621 Y1119
M5; lift marker up
G4 P0.08
G0 X572 Y1114
M3 S1000;put marker down
G4 P0.2
G1 X571 Y1115
G1 X570 Y1116
G1 X569 Y1117
G1 X570 Y1117
G1 X569 Y1118
G1 X568 Y1119
G1 X568 Y1120
G1 X567 Y1121
G1 X567 Y1122
G1 X566 Y1123
G1 X565 Y1124
G1 X565 Y1125
G1 X564 Y1126
G1 X565 Y1126
G1 X564 Y1127
G1 X564 Y1128
G1 X563 Y1128
G1 X562 Y1129
G1 X563 Y1129
G1 X562 Y1130
G1 X562 Y1131
M5; lift marker up
G4 P0.08
G0 X567 Y1097
M3 S1000;put marker down
G4 P0.2
G1 X566 Y1098
G1 X565 Y1099
G1 X564 Y1099
G1 X563 Y1100
G1 X562 Y1101
G1 X561 Y1102
G1 X560 Y1103
G1 X559 Y1104
G1 X559 Y1105
G1 X558 Y1106
G1 X557 Y1107
G1 X556 Y1108
G1 X556 Y1109
G1 X555 Y1110
G1 X554 Y1111
G1 X554 Y1112
G1 X553 Y1113
G1 X553 Y1114
G1 X552 Y1115
G1 X553 Y1115
G1 X552 Y1116
G1 X552 Y1117
G1 X551 Y1118
G1 X551 Y1119
G1 X550 Y1120
G1 X551 Y1120
G1 X550 Y1121
G1 X550 Y1122
G1 X550 Y1123
G1 X549 Y1124
G1 X550 Y1124
G1 X549 Y1125
G1 X549 Y1126
G1 X549 Y1127
G1 X549 Y1128
G1 X548 Y1129
G1 X548 Y1130
G1 X549 Y1131
G1 X549 Y1132
G1 X549 Y1133
G1 X549 Y1134
M5; lift marker up
G4 P0.08
G0 X535 Y1104
M3 S1000;put marker down
G4 P0.2
G1 X534 Y1104
G1 X533 Y1105
G1 X532 Y1105
G1 X531 Y1106
G1 X530 Y1107
G1 X529 Y1107
G1 X528 Y1108
G1 X527 Y1109
G1 X526 Y1110
G1 X525 Y1111
G1 X524 Y1112
G1 X525 Y1112
G1 X524 Y1113
G1 X523 Y1114
G1 X524 Y1114
G1 X523 Y1115
G1 X522 Y1116
G1 X521 Y1116
G1 X519 Y1110
G1 X518 Y1111
G1 X515 Y1114
G1 X514 Y1116
G1 X513 Y1118
G1 X511 Y1109
G1 X510 Y1109
G1 X509 Y1110
G1 X508 Y1110
G1 X507 Y1111
G1 X506 Y1111
G1 X505 Y1112
G1 X504 Y1113
G1 X504 Y1114
G1 X503 Y1115
G1 X502 Y1116
G1 X503 Y1116
G1 X502 Y1117
G1 X497 Y1117
G1 X498 Y1117
G1 X499 Y1117
G1 X500 Y1117
G1 X501 Y1117
G1 X502 Y1118
G1 X502 Y1119
G1 X502 Y1120
G1 X502 Y1121
G1 X501 Y1122
G1 X501 Y1123
G1 X501 Y1124
G1 X501 Y1125
G1 X502 Y1126
G1 X503 Y1127
G1 X504 Y1127
G1 X505 Y1127
G1 X506 Y1127
G1 X507 Y1126
G1 X508 Y1125
G1 X509 Y1124
G1 X509 Y1123
G1 X510 Y1122
G1 X511 Y1121
G1 X511 Y1120
G1 X512 Y1119
G1 X512 Y1118
G1 X513 Y1117
G1 X513 Y1116
G1 X514 Y1115
G1 X514 Y1114
G1 X515 Y1113
G1 X516 Y1113
G1 X517 Y1112
G1 X518 Y1112
G1 X519 Y1113
G1 X519 Y1114
G1 X519 Y1115
G1 X519 Y1116
G1 X520 Y1117
G1 X520 Y1118
G1 X519 Y1119
G1 X519 Y1120
G1 X519 Y1121
G1 X519 Y1122
G1 X519 Y1123
G1 X518 Y1124
G1 X518 Y1125
G1 X518 Y1126
G1 X517 Y1127
M5; lift marker up
G4 P0.08
G0 X503 Y1096
M3 S1000;put marker down
G4 P0.2
G1 X502 Y1096
G1 X501 Y1096
G1 X500 Y1096
G1 X498 Y1096
G1 X499 Y1096
G1 X498 Y1097
G1 X497 Y1098
G1 X496 Y1099
G1 X496 Y1100
G1 X495 Y1101
G1 X496 Y1101
G1 X495 Y1102
G1 X495 Y1103
G1 X495 Y1104
G1 X495 Y1105
G1 X494 Y1106
G1 X494 Y1107
G1 X494 Y1108
G1 X494 Y1109
G1 X494 Y1110
G1 X494 Y1111
G1 X494 Y1112
G1 X494 Y1113
G1 X494 Y1114
G1 X494 Y1115
G1 X494 Y1116
G1 X494 Y1117
G1 X495 Y1118
G1 X494 Y1118
G1 X492 Y1118
G1 X493 Y1118
G1 X494 Y1119
G1 X494 Y1120
G1 X494 Y1121
G1 X494 Y1122
G1 X494 Y1123
G1 X494 Y1124
G1 X495 Y1125
G1 X495 Y1126
G1 X495 Y1127
G1 X496 Y1128
G1 X496 Y1129
M5; lift marker up
G4 P0.08
G0 X464 Y1131
M3 S1000;put marker down
G4 P0.2
G1 X463 Y1132
G1 X462 Y1132
G1 X461 Y1133
G1 X460 Y1133
G1 X459 Y1133
G1 X458 Y1133
G1 X456 Y1132
G1 X457 Y1133
G1 X456 Y1133
G1 X455 Y1132
G1 X454 Y1132
G1 X453 Y1132
M5; lift marker up
G4 P0.08
G0 X449 Y1111
M3 S1000;put marker down
G4 P0.2
G1 X450 Y1110
G1 X451 Y1110
G1 X452 Y1110
G1 X453 Y1110
G1 X454 Y1109
G1 X455 Y1109
G1 X456 Y1109
G1 X457 Y1109
G1 X458 Y1109
G1 X459 Y1108
G1 X460 Y1109
G1 X460 Y1110
G1 X460 Y1111
G1 X460 Y1112
G1 X460 Y1113
G1 X460 Y1114
G1 X460 Y1115
G1 X460 Y1116
G1 X459 Y1117
G1 X459 Y1118
G1 X459 Y1119
G1 X459 Y1120
G1 X459 Y1121
G1 X459 Y1122
G1 X459 Y1123
G1 X459 Y1124
G1 X459 Y1125
G1 X460 Y1126
M5; lift marker up
G4 P0.08
G0 X462 Y1106
M3 S1000;put marker down
G4 P0.2
G1 X461 Y1107
G1 X461 Y1106
G1 X462 Y1105
G1 X463 Y1104
G1 X464 Y1104
M5; lift marker up
G4 P0.08
G0 X447 Y1099
M3 S1000;put marker down
G4 P0.2
G1 X446 Y1100
G1 X445 Y1100
G1 X444 Y1100
G1 X443 Y1101
G1 X442 Y1102
G1 X441 Y1103
G1 X440 Y1104
G1 X439 Y1105
G1 X439 Y1106
G1 X438 Y1107
G1 X438 Y1108
G1 X437 Y1109
G1 X437 Y1110
G1 X436 Y1111
G1 X436 Y1112
G1 X436 Y1113
G1 X435 Y1114
G1 X435 Y1115
G1 X435 Y1116
G1 X434 Y1117
G1 X434 Y1118
G1 X434 Y1119
G1 X434 Y1120
G1 X433 Y1121
G1 X433 Y1122
G1 X433 Y1123
G1 X433 Y1124
G1 X433 Y1125
G1 X432 Y1126
G1 X432 Y1127
G1 X432 Y1128
G1 X432 Y1129
G1 X433 Y1130
G1 X434 Y1131
G1 X435 Y1132
G1 X436 Y1132
G1 X437 Y1132
G1 X438 Y1132
G1 X439 Y1132
G1 X440 Y1131
G1 X441 Y1131
G1 X442 Y1130
M5; lift marker up
G4 P0.08
G0 X442 Y1071
M3 S1000;put marker down
G4 P0.2
G1 X441 Y1073
G1 X446 Y1069
G1 X446 Y1070
G1 X446 Y1071
G1 X446 Y1072
G1 X446 Y1073
G1 X445 Y1074
G1 X445 Y1075
G1 X445 Y1076
G1 X444 Y1077
G1 X444 Y1078
G1 X443 Y1078
G1 X442 Y1078
G1 X441 Y1078
G1 X440 Y1078
G1 X440 Y1077
G1 X440 Y1076
G1 X440 Y1075
G1 X440 Y1074
G1 X440 Y1073
G1 X441 Y1072
G1 X441 Y1071
G1 X442 Y1070
G1 X443 Y1070
G1 X444 Y1070
G1 X445 Y1069
G1 X446 Y1068
G1 X447 Y1068
G1 X448 Y1067
G1 X448 Y1066
G1 X448 Y1065
G1 X448 Y1064
G1 X448 Y1063
G1 X448 Y1062
G1 X448 Y1061
G1 X448 Y1060
G1 X448 Y1059
G1 X448 Y1058
G1 X448 Y1057
G1 X448 Y1056
G1 X448 Y1055
G1 X448 Y1054
G1 X448 Y1053
G1 X448 Y1052
G1 X448 Y1051
G1 X448 Y1050
G1 X448 Y1049
G1 X448 Y1048
G1 X448 Y1047
G1 X448 Y1046
M5; lift marker up
G4 P0.08
G0 X461 Y1048
M3 S1000;put marker down
G4 P0.2
G1 X460 Y1049
G1 X460 Y1050
G1 X460 Y1051
G1 X460 Y1052
G1 X460 Y1053
G1 X459 Y1054
G1 X459 Y1055
G1 X459 Y1056
G1 X459 Y1057
G1 X459 Y1058
G1 X460 Y1059
G1 X461 Y1059
G1 X462 Y1059
G1 X463 Y1058
G1 X464 Y1058
G1 X465 Y1058
G1 X466 Y1058
G1 X467 Y1058
G1 X468 Y1059
G1 X468 Y1060
G1 X468 Y1061
G1 X468 Y1062
G1 X468 Y1063
G1 X468 Y1064
G1 X468 Y1065
G1 X468 Y1066
G1 X468 Y1067
G1 X468 Y1068
G1 X468 Y1069
G1 X469 Y1070
G1 X468 Y1070
G1 X467 Y1071
G1 X466 Y1072
G1 X465 Y1073
G1 X465 Y1074
G1 X464 Y1075
G1 X464 Y1076
G1 X463 Y1077
G1 X462 Y1078
G1 X462 Y1079
M5; lift marker up
G4 P0.08
G0 X460 Y1061
M3 S1000;put marker down
G4 P0.2
G1 X460 Y1062
G1 X460 Y1063
G1 X460 Y1064
G1 X459 Y1065
G1 X459 Y1066
G1 X459 Y1067
M5; lift marker up
G4 P0.08
G0 X434 Y1065
M3 S1000;put marker down
G4 P0.2
G1 X434 Y1066
G1 X432 Y1067
G1 X433 Y1067
G1 X432 Y1068
G1 X431 Y1069
G1 X431 Y1070
G1 X431 Y1071
G1 X431 Y1072
G1 X431 Y1073
M5; lift marker up
G4 P0.08
G0 X424 Y1072
M3 S1000;put marker down
G4 P0.2
G1 X423 Y1071
G1 X422 Y1069
G1 X423 Y1070
G1 X424 Y1071
G1 X425 Y1072
G1 X426 Y1072
M5; lift marker up
G4 P0.08
G0 X422 Y1047
M3 S1000;put marker down
G4 P0.2
G1 X421 Y1047
G1 X420 Y1047
G1 X419 Y1048
G1 X418 Y1049
G1 X418 Y1050
G1 X418 Y1051
G1 X418 Y1052
G1 X417 Y1053
G1 X417 Y1054
G1 X418 Y1055
G1 X418 Y1056
G1 X418 Y1057
G1 X418 Y1058
G1 X418 Y1059
G1 X418 Y1060
G1 X418 Y1061
G1 X418 Y1062
G1 X418 Y1063
G1 X415 Y1063
G1 X416 Y1063
G1 X417 Y1063
G1 X418 Y1064
G1 X418 Y1065
G1 X418 Y1066
G1 X418 Y1067
G1 X419 Y1068
G1 X420 Y1069
G1 X419 Y1070
G1 X419 Y1071
G1 X419 Y1072
G1 X419 Y1073
G1 X419 Y1074
G1 X419 Y1075
G1 X420 Y1076
G1 X420 Y1077
G1 X420 Y1078
G1 X420 Y1079
G1 X421 Y1080
G1 X421 Y1081
M5; lift marker up
G4 P0.08
G0 X401 Y1065
M3 S1000;put marker down
G4 P0.2
G1 X401 Y1066
G1 X401 Y1067
G1 X400 Y1068
G1 X400 Y1069
G1 X398 Y1069
G1 X399 Y1069
G1 X400 Y1070
G1 X400 Y1071
G1 X399 Y1073
G1 X399 Y1072
G1 X399 Y1071
G1 X398 Y1070
G1 X397 Y1071
G1 X398 Y1071
G1 X397 Y1073
G1 X397 Y1072
G1 X398 Y1073
G1 X397 Y1074
G1 X397 Y1075
G1 X396 Y1076
G1 X396 Y1077
M5; lift marker up
G4 P0.08
G0 X398 Y1059
M3 S1000;put marker down
G4 P0.2
G1 X397 Y1059
G1 X396 Y1060
G1 X395 Y1060
G1 X394 Y1060
G1 X393 Y1061
G1 X392 Y1062
G1 X391 Y1063
G1 X390 Y1064
G1 X389 Y1065
G1 X389 Y1066
G1 X389 Y1067
G1 X387 Y1068
G1 X388 Y1068
G1 X387 Y1069
G1 X387 Y1070
G1 X387 Y1071
G1 X387 Y1072
G1 X387 Y1073
G1 X387 Y1074
G1 X387 Y1075
G1 X387 Y1076
G1 X387 Y1077
G1 X388 Y1078
G1 X388 Y1079
G1 X388 Y1080
G1 X388 Y1081
G1 X388 Y1082
G1 X388 Y1083
G1 X388 Y1084
M5; lift marker up
G4 P0.08
G0 X380 Y1067
M3 S1000;put marker down
G4 P0.2
G1 X379 Y1067
G1 X378 Y1068
G1 X377 Y1069
G1 X376 Y1070
G1 X375 Y1071
G1 X375 Y1072
G1 X374 Y1073
G1 X374 Y1074
G1 X374 Y1075
G1 X374 Y1076
G1 X374 Y1077
G1 X374 Y1078
G1 X374 Y1079
G1 X374 Y1080
G1 X374 Y1081
G1 X374 Y1082
G1 X373 Y1083
G1 X372 Y1083
G1 X371 Y1083
G1 X370 Y1083
G1 X369 Y1082
G1 X367 Y1080
G1 X368 Y1081
G1 X367 Y1081
G1 X366 Y1080
G1 X366 Y1079
G1 X365 Y1078
G1 X365 Y1077
G1 X365 Y1076
G1 X361 Y1077
G1 X360 Y1079
G1 X359 Y1080
G1 X356 Y1081
G1 X357 Y1081
G1 X358 Y1080
G1 X359 Y1079
G1 X360 Y1078
G1 X360 Y1077
G1 X361 Y1076
G1 X362 Y1076
G1 X363 Y1076
G1 X364 Y1075
G1 X364 Y1074
G1 X364 Y1073
G1 X364 Y1072
G1 X364 Y1071
G1 X364 Y1070
G1 X364 Y1069
G1 X363 Y1068
G1 X362 Y1067
G1 X361 Y1067
G1 X360 Y1068
G1 X359 Y1068
G1 X358 Y1068
G1 X357 Y1069
G1 X358 Y1069
G1 X357 Y1070
G1 X356 Y1071
G1 X357 Y1071
G1 X356 Y1072
G1 X355 Y1073
G1 X356 Y1073
G1 X355 Y1074
G1 X355 Y1075
G1 X354 Y1076
G1 X354 Y1077
G1 X354 Y1078
G1 X354 Y1079
G1 X354 Y1081
G1 X354 Y1080
G1 X355 Y1081
G1 X354 Y1082
G1 X354 Y1083
G1 X353 Y1084
G1 X353 Y1085
G1 X353 Y1086
G1 X353 Y1087
G1 X353 Y1088
G1 X353 Y1089
G1 X354 Y1090
G1 X354 Y1091
M5; lift marker up
G4 P0.08
G0 X374 Y1103
M3 S1000;put marker down
G4 P0.2
G1 X373 Y1104
G1 X372 Y1105
G1 X373 Y1105
G1 X372 Y1106
G1 X371 Y1107
G1 X371 Y1108
G1 X370 Y1113
G1 X369 Y1115
G1 X366 Y1121
G1 X366 Y1120
G1 X367 Y1119
G1 X367 Y1118
G1 X368 Y1117
G1 X368 Y1116
G1 X368 Y1115
G1 X369 Y1114
G1 X369 Y1113
G1 X370 Y1112
G1 X370 Y1111
G1 X371 Y1110
G1 X371 Y1109
G1 X370 Y1108
G1 X369 Y1109
G1 X367 Y1109
G1 X368 Y1109
G1 X367 Y1110
G1 X366 Y1111
G1 X365 Y1112
G1 X366 Y1112
G1 X365 Y1113
G1 X364 Y1114
G1 X363 Y1115
G1 X364 Y1115
G1 X363 Y1116
G1 X362 Y1117
G1 X362 Y1118
G1 X362 Y1119
G1 X361 Y1120
G1 X361 Y1121
G1 X361 Y1122
G1 X361 Y1123
G1 X361 Y1124
G1 X361 Y1125
G1 X361 Y1126
G1 X361 Y1127
G1 X360 Y1128
G1 X360 Y1129
G1 X360 Y1130
G1 X360 Y1131
G1 X360 Y1132
G1 X360 Y1133
G1 X360 Y1134
G1 X360 Y1135
G1 X360 Y1136
G1 X359 Y1137
G1 X360 Y1138
M5; lift marker up
G4 P0.08
G0 X381 Y1126
M3 S1000;put marker down
G4 P0.2
G1 X381 Y1127
G1 X381 Y1128
G1 X380 Y1129
G1 X380 Y1130
G1 X379 Y1131
M5; lift marker up
G4 P0.08
G0 X376 Y1117
M3 S1000;put marker down
G4 P0.2
G1 X376 Y1118
G1 X375 Y1119
G1 X375 Y1120
G1 X375 Y1121
G1 X374 Y1122
G1 X374 Y1123
G1 X373 Y1124
G1 X374 Y1124
G1 X373 Y1125
G1 X373 Y1126
G1 X372 Y1127
G1 X371 Y1128
G1 X371 Y1129
G1 X368 Y1130
G1 X369 Y1129
G1 X370 Y1129
G1 X371 Y1130
G1 X371 Y1131
G1 X371 Y1132
G1 X371 Y1133
G1 X371 Y1134
G1 X371 Y1135
G1 X371 Y1136
M5; lift marker up
G4 P0.08
G0 X382 Y1113
M3 S1000;put marker down
G4 P0.2
G1 X382 Y1114
G1 X382 Y1115
G1 X381 Y1116
G1 X381 Y1117
G1 X381 Y1118
G1 X380 Y1119
G1 X380 Y1120
G1 X380 Y1121
G1 X380 Y1122
G1 X381 Y1123
G1 X382 Y1124
G1 X383 Y1123
G1 X384 Y1123
G1 X385 Y1122
G1 X386 Y1121
G1 X387 Y1120
G1 X388 Y1120
G1 X389 Y1120
G1 X390 Y1120
G1 X391 Y1121
G1 X391 Y1122
G1 X391 Y1123
G1 X391 Y1124
G1 X391 Y1125
G1 X391 Y1126
G1 X391 Y1127
G1 X391 Y1128
G1 X391 Y1129
G1 X391 Y1130
G1 X391 Y1131
G1 X391 Y1132
G1 X391 Y1133
G1 X391 Y1134
G1 X391 Y1135
M5; lift marker up
G4 P0.08
G0 X353 Y1061
M3 S1000;put marker down
G4 P0.2
G1 X352 Y1062
G1 X351 Y1062
G1 X350 Y1063
G1 X351 Y1063
G1 X350 Y1064
G1 X349 Y1065
G1 X348 Y1066
G1 X348 Y1067
G1 X347 Y1068
G1 X347 Y1069
G1 X346 Y1070
G1 X346 Y1071
G1 X346 Y1072
G1 X345 Y1073
G1 X345 Y1074
G1 X345 Y1075
G1 X345 Y1076
G1 X344 Y1077
G1 X344 Y1078
G1 X344 Y1079
G1 X344 Y1080
G1 X344 Y1081
G1 X344 Y1082
G1 X343 Y1083
G1 X343 Y1084
G1 X343 Y1085
G1 X343 Y1086
G1 X343 Y1087
G1 X342 Y1088
G1 X342 Y1089
G1 X341 Y1089
G1 X340 Y1089
G1 X339 Y1089
G1 X338 Y1088
G1 X337 Y1087
G1 X337 Y1086
G1 X337 Y1085
G1 X337 Y1084
G1 X336 Y1083
G1 X336 Y1082
G1 X336 Y1081
G1 X336 Y1080
G1 X336 Y1079
G1 X336 Y1078
G1 X336 Y1077
G1 X336 Y1076
G1 X336 Y1075
G1 X335 Y1074
G1 X335 Y1073
G1 X335 Y1072
G1 X335 Y1071
G1 X335 Y1070
G1 X335 Y1069
G1 X335 Y1068
G1 X335 Y1067
G1 X335 Y1066
G1 X335 Y1065
G1 X334 Y1064
G1 X333 Y1063
G1 X333 Y1062
G1 X333 Y1061
G1 X331 Y1060
G1 X332 Y1060
G1 X331 Y1062
G1 X331 Y1061
G1 X332 Y1062
G1 X331 Y1063
G1 X331 Y1064
G1 X331 Y1065
G1 X331 Y1066
G1 X331 Y1067
G1 X331 Y1068
G1 X330 Y1069
G1 X330 Y1070
G1 X330 Y1071
G1 X330 Y1072
G1 X330 Y1073
G1 X330 Y1074
G1 X330 Y1075
G1 X330 Y1076
G1 X330 Y1077
G1 X330 Y1078
G1 X330 Y1079
G1 X330 Y1080
G1 X330 Y1081
G1 X330 Y1082
G1 X330 Y1083
G1 X330 Y1084
G1 X330 Y1085
G1 X329 Y1086
G1 X329 Y1087
G1 X329 Y1088
G1 X329 Y1089
G1 X329 Y1090
G1 X329 Y1091
G1 X329 Y1092
G1 X329 Y1093
G1 X329 Y1094
G1 X329 Y1095
G1 X329 Y1096
G1 X329 Y1097
G1 X329 Y1098
G1 X329 Y1099
M5; lift marker up
G4 P0.08
G0 X333 Y1058
M3 S1000;put marker down
G4 P0.2
G1 X333 Y1057
G1 X334 Y1056
G1 X334 Y1055
G1 X334 Y1054
G1 X334 Y1053
M5; lift marker up
G4 P0.08
G0 X335 Y1024
M3 S1000;put marker down
G4 P0.2
G1 X335 Y1023
G1 X335 Y1022
G1 X335 Y1021
G1 X335 Y1020
G1 X335 Y1019
G1 X335 Y1018
G1 X335 Y1017
G1 X335 Y1016
G1 X335 Y1015
G1 X335 Y1014
G1 X335 Y1013
G1 X335 Y1012
G1 X335 Y1011
G1 X334 Y1010
G1 X333 Y1009
G1 X333 Y1008
G1 X333 Y1007
G1 X333 Y1006
G1 X333 Y1005
G1 X332 Y1004
G1 X332 Y1003
G1 X332 Y1002
G1 X332 Y1001
G1 X332 Y1000
G1 X331 Y999
G1 X331 Y998
G1 X331 Y997
G1 X331 Y996
G1 X330 Y995
G1 X329 Y995
G1 X328 Y995
G1 X327 Y995
G1 X326 Y996
G1 X325 Y997
G1 X326 Y997
G1 X325 Y998
G1 X325 Y999
G1 X325 Y1000
G1 X325 Y1001
G1 X325 Y1002
G1 X325 Y1003
G1 X325 Y1004
G1 X325 Y1005
G1 X325 Y1006
G1 X325 Y1007
G1 X325 Y1008
G1 X325 Y1009
G1 X325 Y1010
G1 X325 Y1011
G1 X325 Y1012
G1 X325 Y1013
G1 X325 Y1014
G1 X325 Y1015
G1 X325 Y1016
G1 X325 Y1017
G1 X325 Y1018
G1 X325 Y1019
G1 X325 Y1020
G1 X325 Y1021
G1 X325 Y1022
G1 X325 Y1023
G1 X325 Y1024
G1 X325 Y1025
G1 X325 Y1026
M5; lift marker up
G4 P0.08
G0 X341 Y1002
M3 S1000;put marker down
G4 P0.2
G1 X340 Y1003
G1 X339 Y1005
G1 X337 Y1011
G1 X337 Y1010
G1 X337 Y1009
G1 X337 Y1008
G1 X338 Y1007
G1 X338 Y1006
G1 X338 Y1005
G1 X339 Y1004
G1 X339 Y1003
G1 X340 Y1002
G1 X341 Y1001
G1 X342 Y1000
G1 X343 Y999
G1 X344 Y998
G1 X345 Y997
G1 X346 Y996
M5; lift marker up
G4 P0.08
G0 X368 Y987
M3 S1000;put marker down
G4 P0.2
G1 X368 Y988
G1 X368 Y989
G1 X367 Y990
G1 X367 Y991
G1 X367 Y992
G1 X367 Y993
G1 X367 Y994
G1 X367 Y995
G1 X367 Y996
G1 X367 Y997
G1 X366 Y998
G1 X366 Y999
G1 X366 Y1000
G1 X366 Y1001
G1 X366 Y1002
G1 X366 Y1003
G1 X366 Y1004
G1 X366 Y1005
G1 X366 Y1006
G1 X366 Y1007
G1 X366 Y1008
G1 X366 Y1009
G1 X366 Y1010
G1 X366 Y1011
G1 X365 Y1012
G1 X365 Y1013
G1 X365 Y1016
G1 X356 Y1013
G1 X356 Y1014
G1 X355 Y1015
G1 X356 Y1015
G1 X355 Y1016
G1 X355 Y1017
G1 X355 Y1018
G1 X355 Y1019
G1 X355 Y1020
G1 X355 Y1021
G1 X355 Y1022
G1 X355 Y1023
G1 X355 Y1024
G1 X356 Y1025
G1 X356 Y1026
G1 X356 Y1027
G1 X357 Y1028
G1 X358 Y1028
G1 X359 Y1028
G1 X360 Y1027
G1 X361 Y1026
G1 X362 Y1025
G1 X362 Y1024
G1 X362 Y1023
G1 X362 Y1022
G1 X363 Y1021
G1 X363 Y1020
G1 X363 Y1019
G1 X363 Y1018
G1 X363 Y1017
G1 X364 Y1016
G1 X365 Y1015
G1 X365 Y1014
G1 X366 Y1015
G1 X367 Y1016
G1 X368 Y1017
G1 X367 Y1017
G1 X368 Y1018
G1 X369 Y1019
G1 X370 Y1020
G1 X371 Y1020
M5; lift marker up
G4 P0.08
G0 X400 Y1014
M3 S1000;put marker down
G4 P0.2
G1 X400 Y1015
G1 X400 Y1016
G1 X401 Y1017
G1 X400 Y1017
G1 X401 Y1018
G1 X401 Y1019
G1 X402 Y1020
G1 X402 Y1021
M5; lift marker up
G4 P0.08
G0 X410 Y1017
M3 S1000;put marker down
G4 P0.2
G1 X410 Y1016
G1 X410 Y1015
G1 X410 Y1014
G1 X410 Y1013
G1 X410 Y1012
G1 X410 Y1011
G1 X410 Y1010
G1 X409 Y1007
G1 X409 Y1006
G1 X409 Y1005
G1 X409 Y1004
G1 X409 Y1003
G1 X408 Y1002
G1 X407 Y1002
G1 X406 Y1002
G1 X405 Y1002
G1 X404 Y1003
G1 X403 Y1004
G1 X402 Y1005
G1 X402 Y1006
G1 X401 Y1007
G1 X401 Y1008
G1 X401 Y1011
G1 X400 Y1011
G1 X401 Y1010
G1 X401 Y1009
G1 X402 Y1010
G1 X403 Y1010
G1 X404 Y1010
G1 X405 Y1009
G1 X406 Y1009
G1 X407 Y1008
G1 X408 Y1008
G1 X409 Y1008
G1 X410 Y1009
G1 X411 Y1009
G1 X412 Y1009
G1 X413 Y1008
G1 X414 Y1008
G1 X415 Y1008
G1 X416 Y1008
G1 X417 Y1009
G1 X418 Y1010
G1 X418 Y1011
G1 X419 Y1012
G1 X419 Y1013
G1 X420 Y1014
G1 X420 Y1016
G1 X420 Y1015
G1 X421 Y1016
G1 X422 Y1016
G1 X423 Y1016
G1 X424 Y1016
G1 X425 Y1017
M5; lift marker up
G4 P0.08
G0 X441 Y1002
M3 S1000;put marker down
G4 P0.2
G1 X440 Y1003
G1 X439 Y1003
G1 X438 Y1003
G1 X437 Y1004
G1 X438 Y1004
G1 X437 Y1005
G1 X436 Y1005
G1 X435 Y1006
G1 X436 Y1006
G1 X435 Y1007
G1 X435 Y1009
G1 X435 Y1008
G1 X436 Y1009
G1 X437 Y1010
G1 X438 Y1010
G1 X439 Y1011
G1 X440 Y1012
G1 X440 Y1013
G1 X440 Y1014
G1 X440 Y1015
G1 X440 Y1016
G1 X440 Y1017
G1 X440 Y1018
G1 X439 Y1019
G1 X439 Y1020
G1 X438 Y1021
G1 X437 Y1022
G1 X436 Y1022
M5; lift marker up
G4 P0.08
G0 X406 Y994
M3 S1000;put marker down
G4 P0.2
G1 X405 Y995
G1 X404 Y995
G1 X403 Y995
G1 X402 Y995
G1 X401 Y995
G1 X399 Y996
G1 X400 Y996
G1 X399 Y997
G1 X398 Y997
G1 X397 Y998
G1 X395 Y999
G1 X396 Y999
G1 X395 Y1000
G1 X394 Y1000
G1 X393 Y1001
G1 X394 Y1001
G1 X393 Y1002
G1 X392 Y1003
G1 X392 Y1004
G1 X392 Y1005
G1 X392 Y1006
G1 X393 Y1007
G1 X393 Y1008
G1 X394 Y1009
G1 X395 Y1010
G1 X396 Y1011
G1 X397 Y1011
G1 X398 Y1012
G1 X397 Y1013
G1 X398 Y1013
G1 X397 Y1014
G1 X397 Y1015
G1 X396 Y1016
G1 X396 Y1017
G1 X396 Y1018
G1 X396 Y1019
G1 X395 Y1020
G1 X395 Y1021
G1 X395 Y1022
G1 X394 Y1023
G1 X394 Y1024
M5; lift marker up
G4 P0.08
G0 X452 Y984
M3 S1000;put marker down
G4 P0.2
G1 X451 Y985
G1 X451 Y986
G1 X450 Y987
G1 X451 Y987
G1 X450 Y988
G1 X450 Y989
G1 X450 Y990
G1 X449 Y991
G1 X449 Y992
G1 X449 Y993
G1 X449 Y994
G1 X449 Y995
G1 X448 Y996
G1 X448 Y997
G1 X448 Y998
G1 X448 Y999
G1 X448 Y1000
G1 X448 Y1001
G1 X448 Y1002
G1 X448 Y1003
G1 X448 Y1004
G1 X448 Y1005
G1 X449 Y1006
G1 X448 Y1006
G1 X447 Y1007
G1 X447 Y1008
G1 X447 Y1009
G1 X447 Y1010
G1 X447 Y1011
G1 X447 Y1012
G1 X447 Y1013
G1 X447 Y1014
G1 X447 Y1015
G1 X447 Y1016
M5; lift marker up
G4 P0.08
G0 X474 Y999
M3 S1000;put marker down
G4 P0.2
G1 X472 Y1000
G1 X473 Y1000
G1 X472 Y1001
G1 X471 Y1001
G1 X470 Y1002
G1 X469 Y1002
G1 X468 Y1003
G1 X467 Y1004
G1 X468 Y1004
G1 X467 Y1005
G1 X466 Y1005
G1 X465 Y1006
G1 X466 Y1006
G1 X465 Y1007
G1 X464 Y1008
G1 X464 Y1009
G1 X463 Y1009
G1 X460 Y1001
G1 X459 Y1001
G1 X457 Y1002
G1 X458 Y1002
G1 X457 Y1003
G1 X456 Y1003
G1 X455 Y1004
G1 X456 Y1004
G1 X455 Y1005
G1 X455 Y1006
G1 X451 Y1006
G1 X452 Y1006
G1 X453 Y1006
G1 X454 Y1006
G1 X455 Y1007
G1 X455 Y1008
G1 X455 Y1009
G1 X455 Y1010
G1 X456 Y1011
G1 X457 Y1011
G1 X458 Y1011
G1 X459 Y1010
G1 X460 Y1010
G1 X461 Y1010
G1 X462 Y1009
G1 X463 Y1010
G1 X463 Y1011
G1 X463 Y1012
G1 X463 Y1013
G1 X463 Y1014
G1 X462 Y1015
M5; lift marker up
G4 P0.08
G0 X499 Y1001
M3 S1000;put marker down
G4 P0.2
G1 X499 Y1000
G1 X500 Y999
G1 X500 Y998
G1 X500 Y997
G1 X500 Y996
G1 X500 Y995
G1 X500 Y994
G1 X500 Y993
G1 X500 Y992
G1 X500 Y991
G1 X500 Y990
G1 X500 Y989
G1 X500 Y988
G1 X501 Y987
G1 X501 Y986
G1 X501 Y985
G1 X501 Y984
G1 X501 Y983
G1 X501 Y982
G1 X502 Y981
G1 X502 Y980
G1 X502 Y979
M5; lift marker up
G4 P0.08
G0 X493 Y975
M3 S1000;put marker down
G4 P0.2
G1 X492 Y976
G1 X492 Y977
G1 X492 Y978
G1 X492 Y979
G1 X491 Y980
G1 X491 Y981
G1 X491 Y982
G1 X491 Y983
G1 X491 Y984
G1 X491 Y985
G1 X491 Y986
G1 X491 Y987
G1 X491 Y988
G1 X491 Y989
G1 X491 Y990
G1 X491 Y991
G1 X491 Y992
G1 X491 Y993
G1 X491 Y994
G1 X491 Y995
G1 X491 Y996
G1 X491 Y997
G1 X491 Y998
G1 X491 Y999
G1 X491 Y1000
G1 X491 Y1001
G1 X491 Y1002
G1 X491 Y1005
G1 X491 Y1011
G1 X491 Y1010
G1 X491 Y1009
G1 X491 Y1008
G1 X491 Y1007
G1 X490 Y1006
G1 X490 Y1005
G1 X491 Y1004
G1 X491 Y1003
G1 X492 Y1004
G1 X493 Y1004
G1 X494 Y1004
G1 X495 Y1004
G1 X496 Y1004
G1 X497 Y1004
G1 X498 Y1003
G1 X499 Y1004
G1 X499 Y1005
G1 X499 Y1006
G1 X499 Y1007
G1 X499 Y1008
G1 X500 Y1009
G1 X500 Y1010
G1 X500 Y1011
G1 X500 Y1012
G1 X500 Y1013
G1 X500 Y1014
M5; lift marker up
G4 P0.08
G0 X513 Y997
M3 S1000;put marker down
G4 P0.2
G1 X512 Y998
G1 X511 Y999
G1 X511 Y1000
G1 X511 Y1001
G1 X510 Y1002
G1 X510 Y1003
G1 X510 Y1004
G1 X510 Y1005
G1 X509 Y1006
G1 X509 Y1007
G1 X509 Y1008
G1 X508 Y1009
G1 X509 Y1009
G1 X508 Y1010
G1 X508 Y1011
G1 X508 Y1012
G1 X507 Y1013
G1 X507 Y1014
M5; lift marker up
G4 P0.08
G0 X498 Y1040
M3 S1000;put marker down
G4 P0.2
G1 X498 Y1041
G1 X497 Y1042
G1 X498 Y1042
G1 X497 Y1043
G1 X497 Y1044
G1 X497 Y1045
G1 X496 Y1046
G1 X496 Y1047
G1 X496 Y1048
G1 X496 Y1049
G1 X495 Y1050
G1 X495 Y1051
G1 X495 Y1052
G1 X495 Y1053
G1 X495 Y1054
G1 X494 Y1055
G1 X494 Y1056
G1 X494 Y1057
G1 X494 Y1058
G1 X494 Y1059
G1 X494 Y1060
G1 X494 Y1061
G1 X494 Y1062
G1 X494 Y1064
G1 X494 Y1063
G1 X495 Y1064
G1 X494 Y1065
G1 X494 Y1066
G1 X494 Y1067
G1 X494 Y1068
G1 X494 Y1070
G1 X494 Y1069
G1 X495 Y1070
G1 X496 Y1071
G1 X497 Y1071
G1 X498 Y1071
G1 X499 Y1072
G1 X500 Y1072
M5; lift marker up
G4 P0.08
G0 X504 Y1059
M3 S1000;put marker down
G4 P0.2
G1 X503 Y1060
G1 X503 Y1061
G1 X497 Y1063
G1 X498 Y1063
G1 X499 Y1062
G1 X500 Y1061
G1 X501 Y1061
G1 X502 Y1061
G1 X503 Y1062
G1 X502 Y1063
G1 X502 Y1064
G1 X502 Y1065
M5; lift marker up
G4 P0.08
G0 X486 Y1061
M3 S1000;put marker down
G4 P0.2
G1 X485 Y1062
G1 X484 Y1063
G1 X483 Y1064
G1 X482 Y1065
G1 X482 Y1066
G1 X481 Y1067
G1 X481 Y1068
G1 X481 Y1069
G1 X481 Y1074
G1 X481 Y1073
G1 X481 Y1072
G1 X481 Y1071
G1 X481 Y1070
G1 X480 Y1069
G1 X479 Y1069
G1 X478 Y1069
G1 X477 Y1069
G1 X476 Y1068
G1 X475 Y1068
G1 X474 Y1068
G1 X473 Y1068
G1 X472 Y1068
G1 X471 Y1069
G1 X472 Y1069
G1 X471 Y1070
G1 X471 Y1071
G1 X471 Y1072
G1 X471 Y1073
G1 X471 Y1074
G1 X472 Y1075
G1 X473 Y1076
G1 X474 Y1076
G1 X475 Y1077
G1 X476 Y1077
G1 X477 Y1077
G1 X478 Y1076
G1 X479 Y1076
G1 X480 Y1076
G1 X481 Y1075
G1 X482 Y1076
G1 X483 Y1076
G1 X484 Y1076
M5; lift marker up
G4 P0.08
G0 X538 Y1041
M3 S1000;put marker down
G4 P0.2
G1 X537 Y1041
G1 X536 Y1041
G1 X535 Y1040
G1 X534 Y1041
G1 X533 Y1041
G1 X532 Y1042
G1 X532 Y1043
G1 X531 Y1044
G1 X531 Y1045
G1 X531 Y1046
G1 X531 Y1047
G1 X531 Y1048
G1 X531 Y1049
G1 X531 Y1050
G1 X531 Y1051
G1 X531 Y1052
G1 X531 Y1053
G1 X531 Y1054
G1 X531 Y1055
G1 X531 Y1056
G1 X531 Y1057
G1 X531 Y1058
G1 X531 Y1059
G1 X531 Y1060
G1 X531 Y1061
G1 X531 Y1062
G1 X531 Y1063
G1 X532 Y1064
G1 X531 Y1064
G1 X530 Y1064
G1 X529 Y1064
G1 X528 Y1064
G1 X527 Y1064
G1 X526 Y1063
M5; lift marker up
G4 P0.08
G0 X559 Y1058
M3 S1000;put marker down
G4 P0.2
G1 X558 Y1059
G1 X556 Y1060
G1 X557 Y1060
G1 X556 Y1061
G1 X555 Y1061
G1 X554 Y1062
G1 X553 Y1063
G1 X552 Y1064
G1 X552 Y1065
G1 X551 Y1065
G1 X550 Y1065
G1 X549 Y1066
G1 X549 Y1067
G1 X548 Y1068
G1 X547 Y1069
G1 X547 Y1070
G1 X546 Y1071
G1 X546 Y1072
G1 X545 Y1072
G1 X544 Y1073
G1 X543 Y1073
G1 X542 Y1073
G1 X541 Y1074
G1 X540 Y1074
G1 X539 Y1074
G1 X538 Y1074
G1 X537 Y1073
G1 X536 Y1073
G1 X535 Y1072
G1 X534 Y1072
G1 X534 Y1071
G1 X534 Y1070
G1 X534 Y1069
G1 X534 Y1068
G1 X534 Y1067
G1 X534 Y1066
G1 X534 Y1065
G1 X535 Y1064
G1 X536 Y1064
G1 X537 Y1064
G1 X538 Y1063
G1 X539 Y1063
G1 X540 Y1062
M5; lift marker up
G4 P0.08
G0 X574 Y1069
M3 S1000;put marker down
G4 P0.2
G1 X574 Y1068
G1 X574 Y1067
G1 X574 Y1066
G1 X574 Y1065
G1 X574 Y1064
G1 X574 Y1063
G1 X574 Y1062
G1 X574 Y1061
G1 X574 Y1060
G1 X574 Y1059
G1 X574 Y1058
G1 X574 Y1057
G1 X575 Y1056
G1 X575 Y1055
G1 X576 Y1055
G1 X577 Y1055
G1 X578 Y1056
G1 X578 Y1057
G1 X578 Y1058
G1 X578 Y1059
G1 X579 Y1060
G1 X578 Y1060
G1 X579 Y1061
G1 X579 Y1062
G1 X580 Y1063
G1 X581 Y1063
G1 X582 Y1063
G1 X583 Y1063
G1 X584 Y1062
G1 X584 Y1061
G1 X585 Y1060
G1 X585 Y1059
G1 X585 Y1058
G1 X585 Y1057
G1 X586 Y1056
G1 X586 Y1055
G1 X586 Y1054
G1 X586 Y1053
G1 X586 Y1052
G1 X586 Y1051
G1 X587 Y1050
G1 X587 Y1049
G1 X587 Y1048
G1 X587 Y1047
G1 X588 Y1046
G1 X588 Y1045
G1 X589 Y1044
G1 X590 Y1044
G1 X591 Y1044
G1 X592 Y1045
G1 X592 Y1046
G1 X592 Y1047
G1 X592 Y1048
G1 X592 Y1049
G1 X592 Y1050
G1 X592 Y1051
G1 X592 Y1052
G1 X592 Y1053
G1 X592 Y1054
G1 X592 Y1055
G1 X591 Y1056
G1 X591 Y1057
G1 X591 Y1058
G1 X591 Y1059
G1 X591 Y1060
G1 X591 Y1061
G1 X591 Y1062
G1 X591 Y1063
G1 X591 Y1064
G1 X591 Y1065
G1 X591 Y1066
G1 X591 Y1067
G1 X591 Y1068
G1 X591 Y1069
G1 X591 Y1070
G1 X591 Y1071
G1 X591 Y1072
G1 X591 Y1073
G1 X591 Y1074
G1 X591 Y1075
G1 X591 Y1076
M5; lift marker up
G4 P0.08
G0 X577 Y1053
M3 S1000;put marker down
G4 P0.2
G1 X577 Y1052
G1 X577 Y1051
G1 X577 Y1050
G1 X577 Y1049
G1 X577 Y1048
G1 X577 Y1047
G1 X578 Y1046
G1 X578 Y1045
G1 X578 Y1044
G1 X578 Y1043
G1 X578 Y1042
G1 X579 Y1041
M5; lift marker up
G4 P0.08
G0 X592 Y1042
M3 S1000;put marker down
G4 P0.2
G1 X591 Y1042
G1 X592 Y1041
G1 X592 Y1040
G1 X592 Y1039
G1 X592 Y1038
G1 X593 Y1037
G1 X593 Y1036
G1 X594 Y1035
G1 X594 Y1034
M5; lift marker up
G4 P0.08
G0 X606 Y1053
M3 S1000;put marker down
G4 P0.2
G1 X605 Y1053
G1 X604 Y1054
G1 X604 Y1055
G1 X603 Y1056
G1 X603 Y1057
G1 X603 Y1058
G1 X603 Y1059
G1 X603 Y1060
G1 X604 Y1061
G1 X605 Y1061
G1 X606 Y1061
G1 X607 Y1061
G1 X608 Y1062
G1 X608 Y1063
G1 X608 Y1064
G1 X608 Y1065
G1 X608 Y1066
G1 X608 Y1067
G1 X608 Y1068
M5; lift marker up
G4 P0.08
G0 X621 Y1034
M3 S1000;put marker down
G4 P0.2
G1 X621 Y1035
G1 X620 Y1036
G1 X621 Y1036
G1 X620 Y1037
G1 X620 Y1038
G1 X620 Y1039
G1 X619 Y1040
G1 X619 Y1041
G1 X619 Y1042
G1 X619 Y1043
G1 X618 Y1044
G1 X619 Y1044
G1 X618 Y1045
G1 X617 Y1046
G1 X615 Y1046
G1 X616 Y1046
G1 X617 Y1047
G1 X617 Y1048
G1 X617 Y1049
G1 X617 Y1050
G1 X617 Y1051
G1 X617 Y1052
G1 X617 Y1053
G1 X616 Y1054
G1 X616 Y1055
G1 X616 Y1056
G1 X616 Y1057
G1 X616 Y1058
G1 X616 Y1059
G1 X616 Y1060
G1 X616 Y1061
G1 X616 Y1062
G1 X616 Y1063
G1 X615 Y1064
G1 X615 Y1065
G1 X615 Y1066
M5; lift marker up
G4 P0.08
G0 X660 Y1040
M3 S1000;put marker down
G4 P0.2
G1 X660 Y1041
G1 X660 Y1042
G1 X659 Y1043
G1 X660 Y1044
G1 X660 Y1045
G1 X660 Y1046
G1 X660 Y1047
G1 X660 Y1048
G1 X660 Y1049
G1 X660 Y1050
G1 X660 Y1051
G1 X660 Y1052
G1 X660 Y1053
G1 X660 Y1054
G1 X660 Y1055
G1 X660 Y1056
G1 X660 Y1057
G1 X660 Y1058
G1 X660 Y1059
G1 X660 Y1060
G1 X660 Y1061
G1 X660 Y1062
G1 X660 Y1063
G1 X660 Y1064
G1 X660 Y1065
G1 X660 Y1066
G1 X660 Y1067
G1 X660 Y1068
G1 X660 Y1069
G1 X660 Y1070
G1 X661 Y1071
G1 X662 Y1072
G1 X663 Y1072
G1 X662 Y1073
G1 X662 Y1074
M5; lift marker up
G4 P0.08
G0 X656 Y1003
M3 S1000;put marker down
G4 P0.2
G1 X657 Y1002
G1 X657 Y1001
G1 X657 Y1000
G1 X657 Y999
G1 X658 Y998
G1 X658 Y997
G1 X658 Y996
G1 X659 Y995
G1 X659 Y994
G1 X659 Y993
G1 X658 Y992
G1 X657 Y992
G1 X656 Y992
G1 X655 Y992
G1 X654 Y992
G1 X653 Y993
G1 X651 Y993
G1 X652 Y993
G1 X651 Y994
G1 X650 Y994
G1 X649 Y995
G1 X648 Y995
G1 X647 Y995
G1 X646 Y996
G1 X645 Y996
G1 X644 Y996
G1 X643 Y996
G1 X642 Y997
G1 X641 Y997
G1 X640 Y998
G1 X639 Y998
G1 X638 Y999
G1 X637 Y998
G1 X637 Y997
G1 X637 Y996
G1 X637 Y995
G1 X637 Y994
G1 X637 Y993
G1 X637 Y992
G1 X637 Y991
G1 X637 Y990
G1 X637 Y989
G1 X637 Y988
G1 X638 Y987
G1 X638 Y986
G1 X638 Y985
G1 X638 Y984
G1 X637 Y983
G1 X636 Y982
G1 X635 Y983
G1 X634 Y983
G1 X633 Y984
G1 X633 Y985
G1 X632 Y986
G1 X632 Y987
G1 X631 Y988
G1 X631 Y989
G1 X630 Y990
G1 X630 Y991
G1 X629 Y992
G1 X629 Y993
G1 X628 Y994
G1 X629 Y994
G1 X628 Y995
G1 X628 Y996
G1 X628 Y997
G1 X628 Y999
G1 X625 Y1006
G1 X624 Y1008
G1 X624 Y1007
G1 X624 Y1006
G1 X625 Y1005
G1 X625 Y1004
G1 X626 Y1003
G1 X626 Y1002
G1 X626 Y1001
G1 X627 Y1000
G1 X627 Y999
G1 X628 Y998
G1 X629 Y999
G1 X630 Y999
G1 X631 Y999
G1 X632 Y999
G1 X633 Y999
G1 X634 Y999
G1 X635 Y999
G1 X636 Y999
G1 X637 Y999
G1 X638 Y1000
G1 X637 Y1001
G1 X637 Y1002
G1 X637 Y1003
G1 X637 Y1004
G1 X637 Y1005
G1 X637 Y1006
G1 X638 Y1007
G1 X638 Y1008
G1 X639 Y1009
M5; lift marker up
G4 P0.08
G0 X665 Y999
M3 S1000;put marker down
G4 P0.2
G1 X665 Y1000
G1 X664 Y1001
G1 X664 Y1002
G1 X664 Y1003
G1 X664 Y1004
G1 X663 Y1005
G1 X663 Y1006
G1 X663 Y1007
M5; lift marker up
G4 P0.08
G0 X661 Y989
M3 S1000;put marker down
G4 P0.2
G1 X660 Y990
G1 X660 Y989
G1 X661 Y988
G1 X661 Y987
G1 X661 Y986
G1 X661 Y985
G1 X661 Y984
G1 X661 Y983
G1 X662 Y982
G1 X662 Y981
G1 X662 Y980
G1 X663 Y979
G1 X663 Y978
G1 X663 Y977
M5; lift marker up
G4 P0.08
G0 X669 Y982
M3 S1000;put marker down
G4 P0.2
G1 X669 Y983
G1 X669 Y984
G1 X669 Y985
G1 X669 Y986
G1 X669 Y987
G1 X669 Y988
G1 X669 Y989
G1 X670 Y990
G1 X670 Y991
G1 X670 Y992
G1 X670 Y993
G1 X670 Y994
G1 X671 Y995
G1 X671 Y996
G1 X672 Y997
G1 X673 Y997
G1 X674 Y997
G1 X675 Y997
G1 X676 Y997
G1 X677 Y996
G1 X678 Y995
G1 X679 Y994
G1 X680 Y993
G1 X680 Y992
G1 X681 Y991
G1 X681 Y990
G1 X682 Y989
G1 X683 Y988
G1 X683 Y987
G1 X684 Y986
G1 X684 Y985
M5; lift marker up
G4 P0.08
G0 X688 Y993
M3 S1000;put marker down
G4 P0.2
G1 X688 Y994
G1 X688 Y995
G1 X687 Y996
G1 X686 Y997
G1 X685 Y998
G1 X685 Y999
G1 X685 Y1000
G1 X685 Y1001
G1 X685 Y1002
G1 X685 Y1003
G1 X685 Y1004
G1 X685 Y1005
G1 X685 Y1006
G1 X685 Y1007
M5; lift marker up
G4 P0.08
G0 X703 Y996
M3 S1000;put marker down
G4 P0.2
G1 X702 Y997
G1 X702 Y998
G1 X702 Y999
G1 X702 Y1000
G1 X702 Y1001
G1 X702 Y1003
G1 X702 Y1002
G1 X703 Y1003
G1 X704 Y1003
G1 X705 Y1003
G1 X706 Y1003
G1 X707 Y1004
G1 X707 Y1005
G1 X707 Y1006
G1 X707 Y1007
G1 X707 Y1008
G1 X706 Y1009
G1 X706 Y1010
G1 X705 Y1011
G1 X705 Y1012
G1 X704 Y1013
G1 X704 Y1014
G1 X703 Y1015
G1 X703 Y1016
G1 X702 Y1016
G1 X701 Y1017
G1 X702 Y1017
G1 X701 Y1018
G1 X700 Y1019
G1 X699 Y1020
M5; lift marker up
G4 P0.08
G0 X702 Y978
M3 S1000;put marker down
G4 P0.2
G1 X702 Y979
G1 X701 Y980
G1 X702 Y980
G1 X701 Y981
G1 X701 Y982
G1 X700 Y983
G1 X701 Y983
G1 X700 Y984
G1 X700 Y985
G1 X700 Y986
G1 X699 Y987
G1 X700 Y987
G1 X699 Y988
G1 X699 Y989
G1 X699 Y990
G1 X699 Y991
G1 X698 Y992
G1 X698 Y993
G1 X698 Y994
G1 X698 Y995
G1 X698 Y996
G1 X698 Y997
M5; lift marker up
G4 P0.08
G0 X736 Y992
M3 S1000;put marker down
G4 P0.2
G1 X735 Y993
G1 X734 Y994
G1 X733 Y995
G1 X742 Y993
G1 X740 Y992
G1 X741 Y993
G1 X742 Y994
G1 X741 Y995
G1 X740 Y996
G1 X741 Y996
G1 X740 Y997
G1 X739 Y997
G1 X738 Y998
G1 X739 Y998
G1 X738 Y999
G1 X737 Y999
G1 X736 Y1000
G1 X735 Y1001
G1 X734 Y1001
G1 X733 Y1001
G1 X732 Y1001
G1 X731 Y1001
G1 X731 Y1000
G1 X731 Y999
G1 X731 Y998
G1 X731 Y997
G1 X732 Y996
G1 X732 Y995
G1 X733 Y994
G1 X734 Y993
G1 X735 Y992
G1 X736 Y991
G1 X737 Y991
G1 X738 Y991
G1 X739 Y991
G1 X740 Y991
G1 X741 Y991
G1 X742 Y992
G1 X743 Y993
G1 X744 Y992
M5; lift marker up
G4 P0.08
G0 X756 Y990
M3 S1000;put marker down
G4 P0.2
G1 X755 Y991
G1 X754 Y992
G1 X754 Y993
G1 X752 Y994
G1 X753 Y994
G1 X752 Y995
G1 X751 Y995
G1 X750 Y995
G1 X749 Y996
G1 X750 Y996
G1 X749 Y997
G1 X748 Y997
G1 X747 Y997
M5; lift marker up
G4 P0.08
G0 X734 Y976
M3 S1000;put marker down
G4 P0.2
G1 X733 Y977
G1 X733 Y978
G1 X733 Y979
G1 X732 Y980
G1 X732 Y981
G1 X732 Y982
G1 X731 Y983
G1 X731 Y984
G1 X730 Y985
G1 X730 Y986
G1 X729 Y987
G1 X729 Y988
G1 X728 Y989
G1 X728 Y990
G1 X727 Y991
G1 X727 Y992
G1 X726 Y993
G1 X726 Y994
G1 X725 Y995
G1 X725 Y996
G1 X724 Y997
G1 X725 Y997
G1 X724 Y998
G1 X724 Y999
G1 X723 Y1000
G1 X723 Y1001
G1 X723 Y1002
G1 X723 Y1003
G1 X722 Y1004
M5; lift marker up
G4 P0.08
G0 X781 Y987
M3 S1000;put marker down
G4 P0.2
G1 X780 Y987
G1 X779 Y987
G1 X778 Y987
G1 X777 Y988
G1 X776 Y988
G1 X775 Y988
G1 X774 Y988
G1 X773 Y989
G1 X771 Y989
G1 X772 Y989
G1 X771 Y990
G1 X770 Y990
G1 X769 Y990
G1 X768 Y991
G1 X769 Y991
G1 X768 Y992
G1 X767 Y992
G1 X766 Y993
G1 X767 Y993
G1 X766 Y994
G1 X766 Y995
G1 X766 Y996
G1 X767 Y997
G1 X768 Y997
G1 X769 Y998
G1 X770 Y998
G1 X771 Y998
G1 X772 Y998
G1 X773 Y999
G1 X774 Y999
G1 X775 Y999
G1 X776 Y999
G1 X777 Y998
G1 X778 Y997
G1 X779 Y996
G1 X780 Y995
M5; lift marker up
G4 P0.08
G0 X795 Y973
M3 S1000;put marker down
G4 P0.2
G1 X796 Y974
G1 X796 Y975
G1 X796 Y976
G1 X797 Y977
G1 X797 Y978
G1 X797 Y979
G1 X797 Y980
G1 X797 Y981
G1 X796 Y982
G1 X796 Y983
G1 X795 Y984
G1 X794 Y985
G1 X795 Y985
G1 X794 Y986
G1 X793 Y987
G1 X794 Y987
G1 X793 Y988
G1 X793 Y989
G1 X800 Y989
G1 X799 Y990
G1 X798 Y991
G1 X797 Y996
G1 X796 Y997
G1 X794 Y999
G1 X795 Y998
G1 X795 Y997
G1 X796 Y996
G1 X797 Y995
G1 X797 Y994
G1 X798 Y993
G1 X798 Y992
G1 X797 Y991
G1 X796 Y991
G1 X795 Y991
G1 X794 Y991
G1 X793 Y990
G1 X792 Y991
G1 X793 Y991
G1 X792 Y992
G1 X791 Y993
G1 X792 Y993
G1 X791 Y994
G1 X790 Y995
G1 X789 Y996
G1 X789 Y997
G1 X788 Y998
G1 X787 Y999
G1 X786 Y1000
G1 X786 Y1001
M5; lift marker up
G4 P0.08
G0 X777 Y968
M3 S1000;put marker down
G4 P0.2
G1 X777 Y969
G1 X776 Y970
G1 X777 Y970
G1 X776 Y971
G1 X775 Y972
G1 X774 Y973
G1 X774 Y974
G1 X773 Y975
G1 X772 Y976
G1 X771 Y977
G1 X771 Y978
G1 X770 Y979
G1 X769 Y980
G1 X768 Y981
G1 X767 Y982
G1 X766 Y983
G1 X767 Y983
G1 X766 Y984
G1 X765 Y985
G1 X764 Y986
G1 X763 Y987
G1 X764 Y987
G1 X763 Y988
G1 X762 Y989
G1 X761 Y990
G1 X762 Y990
G1 X761 Y991
G1 X760 Y992
G1 X760 Y993
G1 X760 Y994
G1 X759 Y995
G1 X760 Y995
G1 X759 Y996
G1 X758 Y997
M5; lift marker up
G4 P0.08
G0 X821 Y993
M3 S1000;put marker down
G4 P0.2
G1 X820 Y994
G1 X820 Y995
G1 X815 Y988
G1 X814 Y988
G1 X813 Y988
G1 X812 Y988
G1 X811 Y989
G1 X810 Y990
G1 X809 Y991
G1 X808 Y992
G1 X807 Y993
G1 X808 Y993
G1 X807 Y994
G1 X807 Y995
G1 X807 Y996
G1 X807 Y997
G1 X808 Y998
G1 X809 Y998
G1 X810 Y998
G1 X811 Y998
G1 X812 Y997
G1 X813 Y997
G1 X814 Y996
G1 X815 Y996
G1 X816 Y995
G1 X817 Y995
G1 X818 Y995
G1 X819 Y995
G1 X820 Y996
G1 X820 Y997
G1 X820 Y998
G1 X820 Y999
G1 X819 Y1000
G1 X819 Y1001
G1 X819 Y1002
G1 X819 Y1003
G1 X818 Y1004
G1 X818 Y1005
G1 X818 Y1006
G1 X817 Y1007
G1 X817 Y1008
G1 X816 Y1009
G1 X816 Y1010
G1 X815 Y1011
G1 X815 Y1012
G1 X814 Y1013
G1 X814 Y1014
G1 X813 Y1015
G1 X812 Y1016
G1 X812 Y1017
G1 X811 Y1018
G1 X810 Y1019
G1 X810 Y1020
G1 X809 Y1021
G1 X808 Y1022
G1 X807 Y1023
G1 X806 Y1024
G1 X806 Y1025
G1 X805 Y1026
G1 X804 Y1027
G1 X803 Y1028
G1 X802 Y1029
G1 X802 Y1030
G1 X801 Y1030
G1 X800 Y1031
G1 X801 Y1031
G1 X800 Y1032
G1 X799 Y1032
G1 X798 Y1033
G1 X797 Y1033
G1 X796 Y1033
G1 X795 Y1033
G1 X795 Y1032
G1 X796 Y1031
G1 X796 Y1030
G1 X796 Y1029
G1 X797 Y1028
G1 X797 Y1027
M5; lift marker up
G4 P0.08
G0 X805 Y921
M3 S1000;put marker down
G4 P0.2
G1 X803 Y921
G1 X804 Y921
G1 X803 Y922
G1 X801 Y922
G1 X802 Y922
G1 X801 Y923
G1 X800 Y923
G1 X799 Y923
G1 X798 Y923
G1 X797 Y923
G1 X795 Y924
G1 X796 Y924
G1 X795 Y925
G1 X795 Y926
G1 X795 Y927
G1 X794 Y928
G1 X795 Y929
G1 X795 Y930
G1 X795 Y931
G1 X796 Y932
G1 X797 Y932
G1 X798 Y933
G1 X799 Y934
G1 X800 Y934
M5; lift marker up
G4 P0.08
G0 X794 Y911
M3 S1000;put marker down
G4 P0.2
G1 X793 Y911
G1 X792 Y912
G1 X791 Y913
G1 X790 Y914
G1 X789 Y915
G1 X788 Y916
G1 X788 Y917
G1 X787 Y918
G1 X787 Y919
G1 X786 Y920
G1 X785 Y921
G1 X785 Y922
G1 X784 Y923
G1 X783 Y923
G1 X782 Y924
G1 X781 Y925
G1 X782 Y925
G1 X781 Y926
G1 X780 Y927
G1 X780 Y928
G1 X780 Y929
G1 X778 Y930
G1 X779 Y930
G1 X780 Y930
G1 X781 Y931
G1 X781 Y932
G1 X782 Y933
G1 X783 Y933
G1 X784 Y933
G1 X785 Y933
M5; lift marker up
G4 P0.08
G0 X779 Y903
M3 S1000;put marker down
G4 P0.2
G1 X778 Y903
G1 X777 Y904
G1 X776 Y905
G1 X775 Y906
G1 X775 Y907
G1 X775 Y908
G1 X774 Y909
G1 X774 Y910
G1 X774 Y911
G1 X774 Y912
G1 X774 Y913
G1 X775 Y914
G1 X774 Y914
G1 X773 Y914
G1 X771 Y914
G1 X772 Y914
G1 X771 Y915
G1 X771 Y916
G1 X771 Y917
G1 X771 Y918
G1 X771 Y919
G1 X771 Y920
G1 X770 Y921
G1 X770 Y922
G1 X770 Y923
G1 X770 Y924
G1 X769 Y925
G1 X769 Y926
G1 X769 Y927
G1 X769 Y928
G1 X769 Y929
G1 X769 Y930
M5; lift marker up
G4 P0.08
G0 X764 Y923
M3 S1000;put marker down
G4 P0.2
G1 X762 Y923
G1 X763 Y923
G1 X762 Y924
G1 X761 Y924
G1 X760 Y924
G1 X759 Y925
G1 X758 Y926
G1 X757 Y927
G1 X756 Y928
G1 X756 Y929
G1 X755 Y930
G1 X754 Y931
G1 X754 Y932
G1 X753 Y933
G1 X753 Y934
G1 X753 Y935
G1 X753 Y936
G1 X753 Y938
G1 X753 Y937
G1 X754 Y938
G1 X755 Y938
G1 X756 Y938
M5; lift marker up
G4 P0.08
G0 X746 Y928
M3 S1000;put marker down
G4 P0.2
G1 X746 Y927
G1 X745 Y926
G1 X744 Y925
G1 X743 Y925
G1 X742 Y925
G1 X741 Y925
G1 X740 Y925
G1 X739 Y926
G1 X738 Y927
G1 X737 Y928
G1 X737 Y929
G1 X737 Y931
G1 X737 Y930
G1 X738 Y931
G1 X739 Y931
G1 X740 Y930
G1 X741 Y930
G1 X742 Y930
G1 X743 Y930
G1 X744 Y930
G1 X745 Y929
G1 X746 Y929
G1 X747 Y930
G1 X747 Y931
G1 X746 Y932
G1 X746 Y933
G1 X746 Y934
M5; lift marker up
G4 P0.08
G0 X739 Y919
M3 S1000;put marker down
G4 P0.2
G1 X738 Y919
G1 X737 Y920
G1 X736 Y920
G1 X735 Y921
G1 X734 Y922
G1 X734 Y923
G1 X733 Y923
G1 X732 Y924
G1 X733 Y924
G1 X732 Y925
G1 X731 Y926
G1 X731 Y927
G1 X730 Y928
G1 X730 Y929
G1 X729 Y930
G1 X730 Y930
G1 X729 Y931
G1 X728 Y932
G1 X729 Y932
G1 X728 Y933
G1 X727 Y934
G1 X728 Y934
G1 X727 Y935
G1 X727 Y936
G1 X726 Y937
M5; lift marker up
G4 P0.08
G0 X728 Y916
M3 S1000;put marker down
G4 P0.2
G1 X726 Y919
G1 X725 Y921
G1 X724 Y923
G1 X720 Y926
G1 X721 Y926
G1 X722 Y925
G1 X723 Y924
G1 X723 Y923
G1 X724 Y922
G1 X724 Y921
G1 X725 Y920
G1 X725 Y919
G1 X726 Y918
G1 X727 Y917
G1 X727 Y916
G1 X728 Y915
G1 X729 Y914
G1 X729 Y913
G1 X730 Y912
G1 X730 Y911
G1 X731 Y910
G1 X732 Y909
G1 X732 Y908
G1 X733 Y907
G1 X733 Y906
G1 X733 Y905
G1 X733 Y904
G1 X732 Y903
G1 X731 Y903
G1 X730 Y903
G1 X729 Y903
G1 X728 Y903
G1 X727 Y904
G1 X726 Y904
G1 X725 Y905
G1 X724 Y906
G1 X724 Y907
G1 X723 Y908
G1 X724 Y908
G1 X723 Y909
G1 X723 Y910
G1 X722 Y911
G1 X722 Y912
G1 X722 Y913
G1 X721 Y914
G1 X721 Y915
G1 X720 Y916
G1 X721 Y916
G1 X720 Y917
G1 X720 Y918
G1 X719 Y919
G1 X720 Y919
G1 X719 Y920
G1 X719 Y921
G1 X719 Y922
G1 X718 Y923
G1 X718 Y924
G1 X718 Y925
G1 X718 Y927
G1 X718 Y926
G1 X719 Y927
G1 X718 Y928
G1 X717 Y928
G1 X716 Y929
G1 X717 Y929
G1 X716 Y930
G1 X716 Y931
G1 X715 Y932
G1 X715 Y933
G1 X714 Y934
G1 X714 Y935
G1 X714 Y936
G1 X714 Y937
G1 X713 Y938
G1 X713 Y939
G1 X713 Y940
G1 X713 Y941
G1 X712 Y942
M5; lift marker up
G4 P0.08
G0 X694 Y911
M3 S1000;put marker down
G4 P0.2
G1 X694 Y912
G1 X694 Y913
G1 X693 Y914
G1 X692 Y915
G1 X691 Y915
G1 X690 Y916
G1 X689 Y917
G1 X688 Y918
G1 X687 Y918
G1 X686 Y919
G1 X685 Y919
G1 X684 Y920
G1 X685 Y920
G1 X684 Y921
G1 X684 Y922
G1 X683 Y923
G1 X683 Y924
G1 X684 Y925
G1 X685 Y925
G1 X686 Y925
G1 X687 Y926
G1 X688 Y927
G1 X688 Y928
G1 X688 Y929
G1 X688 Y930
G1 X688 Y931
G1 X687 Y932
G1 X687 Y933
M5; lift marker up
G4 P0.08
G0 X685 Y910
M3 S1000;put marker down
G4 P0.2
G1 X684 Y910
G1 X683 Y910
G1 X682 Y910
G1 X681 Y910
G1 X680 Y909
G1 X678 Y909
G1 X679 Y909
G1 X678 Y910
G1 X677 Y911
G1 X677 Y912
G1 X677 Y913
G1 X677 Y914
G1 X676 Y915
G1 X677 Y915
G1 X676 Y916
G1 X676 Y917
G1 X676 Y918
G1 X675 Y919
G1 X675 Y920
G1 X675 Y921
G1 X674 Y922
G1 X674 Y923
G1 X673 Y924
G1 X673 Y925
G1 X672 Y926
G1 X673 Y926
G1 X672 Y927
G1 X671 Y928
G1 X671 Y929
G1 X670 Y930
G1 X670 Y931
G1 X669 Y932
G1 X669 Y933
G1 X668 Y933
G1 X667 Y934
G1 X666 Y935
G1 X665 Y936
M5; lift marker up
G4 P0.08
G0 X645 Y922
M3 S1000;put marker down
G4 P0.2
G1 X644 Y923
G1 X644 Y924
G1 X643 Y925
G1 X643 Y926
G1 X642 Y927
G1 X642 Y928
G1 X641 Y929
G1 X640 Y930
G1 X641 Y930
G1 X640 Y931
G1 X639 Y932
G1 X639 Y933
G1 X639 Y934
G1 X639 Y935
G1 X639 Y936
G1 X639 Y937
G1 X640 Y938
G1 X641 Y938
G1 X642 Y938
G1 X643 Y938
G1 X644 Y937
G1 X645 Y937
M5; lift marker up
G4 P0.08
G0 X637 Y907
M3 S1000;put marker down
G4 P0.2
G1 X636 Y907
G1 X635 Y908
G1 X635 Y909
G1 X634 Y910
G1 X634 Y911
G1 X634 Y912
G1 X634 Y913
G1 X633 Y914
G1 X633 Y915
G1 X633 Y916
G1 X633 Y917
G1 X633 Y918
G1 X633 Y919
G1 X632 Y920
G1 X632 Y921
G1 X632 Y922
G1 X632 Y923
G1 X631 Y924
G1 X631 Y925
G1 X631 Y926
G1 X631 Y927
G1 X630 Y928
G1 X630 Y929
G1 X630 Y930
G1 X630 Y931
G1 X629 Y932
G1 X628 Y933
G1 X629 Y933
G1 X628 Y934
G1 X627 Y937
G1 X627 Y936
G1 X627 Y935
G1 X627 Y934
G1 X626 Y933
G1 X626 Y932
G1 X625 Y931
G1 X625 Y930
G1 X625 Y929
G1 X625 Y928
G1 X625 Y927
G1 X625 Y926
G1 X625 Y925
G1 X625 Y924
G1 X625 Y923
G1 X625 Y922
G1 X625 Y921
G1 X625 Y920
G1 X625 Y919
G1 X625 Y918
G1 X624 Y917
G1 X624 Y916
G1 X623 Y915
G1 X622 Y914
G1 X621 Y915
G1 X622 Y915
G1 X621 Y916
G1 X620 Y917
G1 X620 Y918
G1 X620 Y919
G1 X620 Y920
G1 X620 Y921
G1 X620 Y922
G1 X620 Y923
G1 X620 Y924
G1 X620 Y925
G1 X620 Y926
G1 X620 Y927
G1 X619 Y928
G1 X619 Y929
G1 X619 Y930
G1 X619 Y931
G1 X619 Y932
G1 X619 Y933
G1 X619 Y934
G1 X619 Y935
G1 X619 Y936
G1 X619 Y937
G1 X619 Y938
G1 X619 Y939
G1 X619 Y940
G1 X619 Y941
G1 X619 Y942
G1 X618 Y943
G1 X618 Y944
M5; lift marker up
G4 P0.08
G0 X603 Y927
M3 S1000;put marker down
G4 P0.2
G1 X602 Y927
G1 X601 Y927
G1 X600 Y927
G1 X599 Y928
G1 X598 Y928
G1 X596 Y928
G1 X597 Y928
G1 X596 Y929
G1 X595 Y929
G1 X594 Y929
G1 X593 Y929
G1 X592 Y930
G1 X591 Y930
G1 X590 Y930
G1 X589 Y930
G1 X588 Y930
G1 X587 Y930
G1 X586 Y930
G1 X585 Y931
M5; lift marker up
G4 P0.08
G0 X557 Y926
M3 S1000;put marker down
G4 P0.2
G1 X557 Y927
G1 X556 Y928
G1 X557 Y928
G1 X556 Y929
G1 X555 Y930
G1 X556 Y930
G1 X555 Y931
G1 X554 Y932
G1 X555 Y932
G1 X554 Y933
G1 X553 Y934
G1 X553 Y935
G1 X554 Y936
G1 X554 Y937
G1 X554 Y938
G1 X554 Y939
G1 X554 Y940
G1 X554 Y941
G1 X554 Y942
G1 X555 Y943
G1 X556 Y944
G1 X557 Y944
G1 X558 Y944
M5; lift marker up
G4 P0.08
G0 X542 Y931
M3 S1000;put marker down
G4 P0.2
G1 X541 Y932
G1 X540 Y932
G1 X541 Y931
G1 X542 Y930
G1 X543 Y930
G1 X544 Y929
G1 X545 Y928
G1 X546 Y927
G1 X547 Y926
G1 X548 Y926
G1 X549 Y925
G1 X550 Y925
M5; lift marker up
G4 P0.08
G0 X531 Y921
M3 S1000;put marker down
G4 P0.2
G1 X530 Y922
G1 X530 Y923
G1 X530 Y924
G1 X529 Y925
G1 X529 Y926
G1 X529 Y927
G1 X528 Y927
G1 X527 Y928
G1 X528 Y928
G1 X527 Y931
G1 X527 Y930
G1 X527 Y929
G1 X526 Y928
G1 X525 Y928
G1 X524 Y928
G1 X523 Y928
G1 X522 Y928
G1 X521 Y929
G1 X522 Y929
G1 X521 Y930
G1 X521 Y931
G1 X520 Y933
G1 X519 Y939
G1 X519 Y938
G1 X519 Y937
G1 X519 Y936
G1 X519 Y935
G1 X519 Y934
G1 X519 Y933
G1 X520 Y932
G1 X521 Y933
G1 X522 Y933
G1 X523 Y933
G1 X524 Y933
G1 X525 Y933
G1 X526 Y933
G1 X527 Y932
G1 X528 Y933
G1 X529 Y934
G1 X530 Y934
G1 X531 Y934
G1 X532 Y933
G1 X533 Y933
G1 X534 Y932
G1 X535 Y932
G1 X536 Y932
G1 X537 Y932
G1 X538 Y933
G1 X539 Y934
G1 X539 Y935
G1 X539 Y936
G1 X539 Y937
G1 X540 Y938
G1 X541 Y939
G1 X542 Y940
G1 X543 Y941
G1 X543 Y942
G1 X543 Y943
G1 X543 Y944
M5; lift marker up
G4 P0.08
G0 X520 Y920
M3 S1000;put marker down
G4 P0.2
G1 X519 Y920
G1 X518 Y921
G1 X517 Y922
G1 X516 Y923
G1 X515 Y924
G1 X514 Y925
G1 X513 Y926
G1 X512 Y927
G1 X512 Y928
G1 X511 Y929
G1 X511 Y930
G1 X510 Y931
G1 X510 Y932
G1 X510 Y933
G1 X509 Y934
G1 X509 Y935
G1 X509 Y936
G1 X509 Y937
G1 X509 Y938
G1 X508 Y939
G1 X508 Y940
G1 X508 Y941
G1 X508 Y942
G1 X508 Y943
G1 X508 Y944
G1 X508 Y945
G1 X508 Y946
G1 X508 Y947
G1 X509 Y948
G1 X510 Y949
G1 X510 Y950
M5; lift marker up
G4 P0.08
G0 X504 Y937
M3 S1000;put marker down
G4 P0.2
G1 X504 Y938
G1 X503 Y939
G1 X503 Y940
G1 X503 Y941
G1 X503 Y942
G1 X503 Y943
G1 X503 Y944
G1 X503 Y945
G1 X503 Y946
M5; lift marker up
G4 P0.08
G0 X508 Y916
M3 S1000;put marker down
G4 P0.2
G1 X507 Y917
M5; lift marker up
G4 P0.08
G0 X501 Y914
M3 S1000;put marker down
G4 P0.2
G1 X501 Y915
G1 X501 Y916
G1 X500 Y917
G1 X500 Y918
G1 X500 Y919
G1 X500 Y920
G1 X500 Y921
G1 X499 Y922
G1 X499 Y923
G1 X499 Y924
G1 X499 Y925
G1 X499 Y926
G1 X499 Y927
G1 X499 Y928
G1 X499 Y929
G1 X499 Y930
G1 X498 Y931
G1 X499 Y932
G1 X499 Y933
G1 X499 Y934
G1 X499 Y935
G1 X499 Y936
G1 X499 Y937
G1 X499 Y938
M5; lift marker up
G4 P0.08
G0 X466 Y933
M3 S1000;put marker down
G4 P0.2
G1 X465 Y934
G1 X464 Y935
G1 X463 Y935
G1 X464 Y934
G1 X465 Y933
G1 X466 Y932
G1 X467 Y932
G1 X468 Y932
G1 X469 Y931
M5; lift marker up
G4 P0.08
G0 X451 Y923
M3 S1000;put marker down
G4 P0.2
G1 X451 Y924
G1 X451 Y925
G1 X450 Y926
G1 X451 Y927
G1 X451 Y928
G1 X451 Y929
G1 X451 Y930
G1 X451 Y938
G1 X451 Y937
G1 X451 Y936
G1 X451 Y935
G1 X451 Y934
G1 X451 Y933
G1 X451 Y932
G1 X451 Y931
G1 X452 Y932
G1 X453 Y932
G1 X454 Y932
G1 X455 Y931
G1 X456 Y931
G1 X457 Y931
G1 X458 Y931
G1 X459 Y932
G1 X459 Y933
G1 X459 Y934
G1 X460 Y935
G1 X461 Y936
G1 X460 Y937
G1 X460 Y938
G1 X460 Y939
G1 X460 Y940
G1 X460 Y942
G1 X460 Y941
G1 X461 Y942
G1 X462 Y941
G1 X463 Y941
G1 X464 Y941
G1 X465 Y941
G1 X466 Y940
G1 X467 Y940
G1 X468 Y939
G1 X469 Y939
G1 X470 Y939
G1 X471 Y939
G1 X472 Y940
G1 X473 Y941
G1 X473 Y942
G1 X473 Y943
G1 X473 Y944
G1 X473 Y945
G1 X472 Y946
G1 X472 Y947
G1 X472 Y948
G1 X471 Y949
G1 X471 Y950
G1 X470 Y951
G1 X471 Y951
G1 X470 Y952
G1 X470 Y953
G1 X469 Y954
G1 X470 Y954
G1 X469 Y955
G1 X469 Y956
G1 X468 Y957
G1 X468 Y958
G1 X468 Y959
G1 X467 Y960
G1 X467 Y961
G1 X467 Y962
G1 X466 Y963
G1 X466 Y964
G1 X466 Y965
G1 X465 Y966
G1 X465 Y967
G1 X465 Y968
G1 X465 Y969
G1 X464 Y970
G1 X464 Y971
G1 X464 Y972
G1 X463 Y973
G1 X464 Y973
G1 X463 Y974
G1 X463 Y975
M5; lift marker up
G4 P0.08
G0 X436 Y934
M3 S1000;put marker down
G4 P0.2
G1 X442 Y932
G1 X442 Y933
G1 X442 Y934
G1 X442 Y935
G1 X442 Y936
G1 X442 Y937
G1 X442 Y938
G1 X441 Y939
G1 X441 Y940
G1 X441 Y941
G1 X441 Y942
G1 X441 Y943
G1 X441 Y944
G1 X441 Y945
G1 X440 Y946
G1 X439 Y947
G1 X440 Y947
G1 X439 Y948
G1 X438 Y948
G1 X437 Y948
G1 X436 Y947
G1 X435 Y946
G1 X435 Y945
G1 X435 Y944
G1 X435 Y943
G1 X434 Y942
G1 X433 Y942
G1 X431 Y942
G1 X432 Y942
G1 X433 Y941
G1 X433 Y940
G1 X433 Y939
G1 X434 Y938
G1 X434 Y937
G1 X435 Y936
G1 X435 Y935
G1 X435 Y934
G1 X436 Y933
G1 X437 Y932
G1 X438 Y932
G1 X439 Y932
G1 X440 Y931
G1 X441 Y931
G1 X442 Y930
G1 X442 Y929
G1 X442 Y928
G1 X442 Y927
M5; lift marker up
G4 P0.08
G0 X427 Y927
M3 S1000;put marker down
G4 P0.2
G1 X427 Y928
G1 X427 Y929
G1 X426 Y930
G1 X426 Y931
G1 X426 Y932
G1 X426 Y933
G1 X427 Y934
G1 X427 Y935
G1 X427 Y936
G1 X427 Y937
G1 X427 Y938
G1 X427 Y939
G1 X427 Y940
G1 X427 Y941
G1 X427 Y943
G1 X427 Y942
G1 X428 Y943
G1 X429 Y944
G1 X428 Y945
M5; lift marker up
G4 P0.08
G0 X421 Y941
M3 S1000;put marker down
G4 P0.2
G1 X420 Y942
G1 X420 Y943
G1 X419 Y944
G1 X419 Y945
G1 X418 Y946
G1 X418 Y947
G1 X418 Y948
G1 X417 Y949
M5; lift marker up
G4 P0.08
G0 X413 Y932
M3 S1000;put marker down
G4 P0.2
G1 X413 Y933
G1 X412 Y934
G1 X412 Y935
G1 X410 Y944
G1 X409 Y944
G1 X410 Y943
G1 X411 Y942
G1 X411 Y941
G1 X411 Y940
G1 X411 Y939
G1 X412 Y938
G1 X412 Y937
G1 X412 Y936
G1 X411 Y935
G1 X409 Y935
G1 X410 Y935
G1 X409 Y936
G1 X408 Y937
G1 X408 Y938
G1 X407 Y939
G1 X407 Y940
G1 X407 Y941
G1 X407 Y942
G1 X407 Y943
G1 X407 Y944
G1 X408 Y945
G1 X409 Y945
G1 X408 Y946
G1 X408 Y947
G1 X408 Y948
G1 X408 Y949
G1 X407 Y950
G1 X407 Y951
G1 X407 Y952
G1 X407 Y953
M5; lift marker up
G4 P0.08
G0 X403 Y935
M3 S1000;put marker down
G4 P0.2
G1 X402 Y937
G1 X397 Y943
G1 X398 Y942
G1 X399 Y941
G1 X399 Y940
G1 X400 Y939
G1 X401 Y938
G1 X401 Y937
G1 X402 Y936
G1 X402 Y935
G1 X403 Y934
G1 X404 Y933
G1 X404 Y932
G1 X405 Y931
G1 X406 Y930
G1 X406 Y929
G1 X407 Y928
G1 X407 Y927
G1 X407 Y926
G1 X408 Y925
G1 X408 Y924
G1 X408 Y923
G1 X408 Y922
G1 X407 Y921
G1 X406 Y920
G1 X405 Y919
G1 X404 Y919
G1 X403 Y918
G1 X402 Y919
G1 X401 Y919
G1 X400 Y919
G1 X398 Y919
G1 X399 Y919
G1 X398 Y920
G1 X396 Y920
G1 X397 Y920
G1 X396 Y921
G1 X395 Y921
G1 X394 Y922
G1 X393 Y922
G1 X391 Y922
G1 X392 Y922
G1 X391 Y923
G1 X391 Y924
G1 X391 Y925
G1 X391 Y926
G1 X391 Y927
G1 X391 Y928
G1 X391 Y929
G1 X391 Y930
G1 X391 Y931
G1 X390 Y932
G1 X390 Y933
G1 X390 Y934
G1 X390 Y935
G1 X390 Y936
G1 X390 Y937
G1 X390 Y938
G1 X389 Y939
G1 X389 Y940
G1 X389 Y941
G1 X389 Y942
G1 X389 Y943
G1 X389 Y944
G1 X389 Y945
G1 X389 Y946
G1 X390 Y947
G1 X390 Y948
G1 X390 Y949
G1 X390 Y950
M5; lift marker up
G4 P0.08
G0 X421 Y922
M3 S1000;put marker down
G4 P0.2
G1 X421 Y923
M5; lift marker up
G4 P0.08
G0 X448 Y910
M3 S1000;put marker down
G4 P0.2
G1 X449 Y910
M5; lift marker up
G4 P0.08
G0 X423 Y869
M3 S1000;put marker down
G4 P0.2
G1 X422 Y870
G1 X421 Y870
G1 X419 Y870
G1 X420 Y870
G1 X419 Y871
G1 X418 Y871
G1 X413 Y873
G1 X414 Y873
G1 X415 Y873
G1 X416 Y872
G1 X417 Y872
G1 X418 Y872
G1 X419 Y873
G1 X420 Y874
G1 X420 Y875
G1 X420 Y876
G1 X420 Y877
G1 X420 Y878
G1 X420 Y879
G1 X420 Y880
M5; lift marker up
G4 P0.08
G0 X409 Y860
M3 S1000;put marker down
G4 P0.2
G1 X408 Y861
G1 X407 Y862
G1 X406 Y863
G1 X406 Y864
G1 X405 Y865
G1 X405 Y866
G1 X404 Y867
G1 X405 Y867
G1 X404 Y868
G1 X403 Y869
G1 X404 Y869
G1 X403 Y870
G1 X403 Y871
G1 X398 Y879
G1 X398 Y878
G1 X398 Y877
G1 X398 Y876
G1 X398 Y875
G1 X398 Y874
G1 X399 Y873
G1 X399 Y872
G1 X400 Y872
G1 X401 Y871
G1 X402 Y871
G1 X403 Y872
G1 X403 Y873
G1 X403 Y874
G1 X403 Y875
G1 X403 Y876
G1 X403 Y877
G1 X404 Y878
G1 X405 Y879
G1 X406 Y880
G1 X407 Y880
G1 X408 Y880
G1 X409 Y880
G1 X410 Y880
M5; lift marker up
G4 P0.08
G0 X390 Y860
M3 S1000;put marker down
G4 P0.2
G1 X388 Y861
G1 X385 Y863
G1 X382 Y865
G1 X381 Y865
G1 X382 Y864
G1 X383 Y864
G1 X384 Y863
G1 X385 Y862
G1 X386 Y862
G1 X387 Y861
G1 X388 Y860
G1 X389 Y860
G1 X390 Y859
G1 X391 Y859
G1 X392 Y859
G1 X393 Y859
G1 X394 Y858
G1 X395 Y858
M5; lift marker up
G4 P0.08
G0 X366 Y863
M3 S1000;put marker down
G4 P0.2
G1 X366 Y864
G1 X366 Y865
G1 X366 Y866
G1 X366 Y867
G1 X366 Y868
G1 X366 Y869
G1 X366 Y870
G1 X366 Y871
G1 X366 Y872
G1 X366 Y873
G1 X366 Y874
G1 X367 Y875
G1 X368 Y876
G1 X369 Y876
G1 X370 Y876
G1 X371 Y876
G1 X372 Y875
G1 X373 Y874
G1 X374 Y873
G1 X374 Y872
G1 X375 Y871
G1 X376 Y870
G1 X376 Y869
G1 X377 Y868
G1 X378 Y868
G1 X379 Y867
G1 X380 Y867
G1 X381 Y867
G1 X382 Y868
G1 X381 Y869
G1 X380 Y870
G1 X380 Y871
G1 X380 Y872
G1 X380 Y873
G1 X380 Y874
G1 X380 Y875
G1 X380 Y876
G1 X380 Y877
G1 X380 Y879
G1 X380 Y878
G1 X381 Y879
G1 X380 Y880
G1 X379 Y881
G1 X379 Y882
G1 X379 Y883
G1 X379 Y884
G1 X379 Y885
G1 X378 Y886
G1 X378 Y887
G1 X378 Y888
G1 X377 Y889
G1 X378 Y889
G1 X377 Y890
G1 X377 Y891
G1 X377 Y892
G1 X376 Y893
G1 X376 Y894
G1 X375 Y895
G1 X375 Y896
G1 X374 Y897
G1 X373 Y898
G1 X374 Y898
G1 X373 Y899
G1 X372 Y899
G1 X371 Y899
G1 X370 Y899
G1 X369 Y899
G1 X368 Y898
G1 X368 Y897
G1 X367 Y896
G1 X367 Y895
M5; lift marker up
G4 P0.08
G0 X349 Y870
M3 S1000;put marker down
G4 P0.2
G1 X348 Y871
G1 X348 Y872
G1 X348 Y873
G1 X348 Y874
G1 X347 Y875
G1 X347 Y876
G1 X347 Y877
G1 X347 Y878
M5; lift marker up
G4 P0.08
G0 X326 Y862
M3 S1000;put marker down
G4 P0.2
G1 X325 Y861
G1 X325 Y860
G1 X325 Y859
G1 X326 Y858
G1 X326 Y857
G1 X326 Y856
G1 X326 Y855
G1 X327 Y854
G1 X327 Y853
G1 X327 Y852
G1 X327 Y851
G1 X327 Y850
G1 X327 Y849
G1 X328 Y848
G1 X328 Y847
G1 X328 Y846
G1 X328 Y845
G1 X329 Y844
G1 X329 Y843
G1 X330 Y842
G1 X331 Y841
G1 X332 Y841
G1 X333 Y841
G1 X334 Y840
G1 X335 Y840
G1 X336 Y840
G1 X337 Y840
G1 X338 Y840
G1 X339 Y840
G1 X340 Y840
G1 X341 Y840
G1 X342 Y841
G1 X343 Y841
G1 X344 Y842
G1 X344 Y843
G1 X345 Y844
G1 X346 Y845
G1 X346 Y846
G1 X346 Y847
G1 X346 Y848
G1 X345 Y849
G1 X345 Y850
G1 X344 Y851
G1 X343 Y852
G1 X343 Y853
G1 X342 Y854
G1 X341 Y855
G1 X340 Y856
G1 X339 Y857
G1 X338 Y858
G1 X337 Y859
G1 X336 Y860
G1 X335 Y861
G1 X334 Y861
G1 X333 Y862
G1 X334 Y862
G1 X333 Y863
G1 X332 Y863
G1 X331 Y864
G1 X330 Y864
G1 X329 Y864
G1 X328 Y864
G1 X327 Y864
G1 X326 Y863
G1 X325 Y864
G1 X326 Y864
G1 X325 Y865
G1 X325 Y866
G1 X325 Y867
G1 X325 Y868
G1 X324 Y869
G1 X324 Y870
G1 X324 Y871
G1 X324 Y872
G1 X324 Y873
G1 X324 Y874
G1 X325 Y875
G1 X325 Y876
G1 X325 Y877
G1 X325 Y878
M5; lift marker up
G4 P0.08
G0 X336 Y922
M3 S1000;put marker down
G4 P0.2
G1 X335 Y923
G1 X334 Y923
G1 X333 Y923
G1 X332 Y924
G1 X331 Y925
G1 X330 Y926
G1 X329 Y927
G1 X328 Y928
G1 X328 Y929
G1 X327 Y930
G1 X326 Y931
G1 X327 Y931
G1 X326 Y932
G1 X325 Y933
G1 X326 Y933
G1 X325 Y934
G1 X324 Y935
G1 X325 Y935
G1 X324 Y936
G1 X324 Y937
G1 X323 Y938
G1 X323 Y939
G1 X323 Y940
G1 X322 Y941
G1 X322 Y942
G1 X322 Y943
G1 X322 Y944
G1 X321 Y945
G1 X321 Y946
G1 X321 Y947
G1 X321 Y948
G1 X321 Y949
G1 X321 Y950
G1 X321 Y951
G1 X320 Y952
G1 X320 Y953
G1 X320 Y954
G1 X320 Y955
G1 X320 Y956
G1 X320 Y957
G1 X320 Y958
G1 X321 Y959
G1 X322 Y960
G1 X323 Y960
G1 X324 Y960
G1 X325 Y960
G1 X326 Y959
G1 X327 Y958
G1 X328 Y957
G1 X328 Y956
G1 X329 Y955
G1 X329 Y954
G1 X330 Y953
G1 X330 Y952
G1 X330 Y951
G1 X331 Y950
G1 X331 Y949
G1 X331 Y948
G1 X331 Y947
G1 X331 Y946
G1 X331 Y945
G1 X331 Y944
G1 X331 Y943
G1 X332 Y942
G1 X332 Y941
G1 X333 Y940
G1 X334 Y940
G1 X335 Y940
G1 X336 Y940
G1 X337 Y940
G1 X338 Y941
G1 X338 Y942
G1 X338 Y943
G1 X338 Y944
G1 X338 Y945
G1 X337 Y946
G1 X337 Y947
G1 X337 Y948
G1 X337 Y949
G1 X336 Y950
G1 X336 Y951
G1 X336 Y952
G1 X335 Y953
G1 X335 Y954
G1 X335 Y955
G1 X334 Y956
G1 X334 Y957
G1 X334 Y958
G1 X334 Y959
G1 X334 Y960
M5; lift marker up
G4 P0.08
G0 X350 Y926
M3 S1000;put marker down
G4 P0.2
G1 X350 Y925
G1 X351 Y924
G1 X352 Y924
G1 X353 Y923
G1 X354 Y923
G1 X355 Y922
G1 X356 Y922
G1 X357 Y922
G1 X358 Y922
G1 X359 Y922
G1 X360 Y923
G1 X360 Y924
G1 X360 Y925
G1 X360 Y926
G1 X360 Y927
G1 X359 Y928
G1 X359 Y929
G1 X359 Y930
G1 X358 Y931
G1 X358 Y932
G1 X357 Y933
G1 X357 Y934
G1 X356 Y935
G1 X356 Y936
G1 X355 Y937
G1 X354 Y938
G1 X354 Y939
G1 X353 Y940
G1 X352 Y941
G1 X352 Y942
G1 X351 Y943
G1 X350 Y944
G1 X350 Y945
G1 X349 Y946
G1 X349 Y947
G1 X348 Y948
G1 X348 Y949
G1 X347 Y950
G1 X347 Y951
G1 X347 Y952
G1 X347 Y953
G1 X347 Y954
G1 X347 Y955
G1 X348 Y956
G1 X349 Y956
G1 X350 Y956
G1 X351 Y956
G1 X352 Y956
G1 X353 Y955
G1 X354 Y955
G1 X355 Y954
G1 X356 Y954
G1 X357 Y953
G1 X358 Y952
G1 X359 Y951
G1 X360 Y951
G1 X361 Y950
M5; lift marker up
G4 P0.08
G0 X354 Y837
M3 S1000;put marker down
G4 P0.2
G1 X354 Y838
G1 X354 Y839
G1 X353 Y840
G1 X354 Y840
G1 X353 Y841
G1 X353 Y842
G1 X353 Y843
G1 X353 Y844
G1 X352 Y845
G1 X352 Y846
G1 X352 Y847
G1 X352 Y848
G1 X351 Y849
G1 X351 Y850
G1 X351 Y851
G1 X351 Y852
G1 X351 Y853
G1 X350 Y854
G1 X350 Y855
G1 X350 Y856
G1 X350 Y857
G1 X349 Y858
G1 X349 Y859
G1 X349 Y860
G1 X349 Y861
G1 X348 Y862
G1 X348 Y863
G1 X348 Y864
G1 X348 Y865
G1 X348 Y866
G1 X348 Y867
G1 X349 Y868
G1 X350 Y868
G1 X351 Y868
G1 X352 Y867
G1 X353 Y866
G1 X354 Y866
G1 X355 Y866
G1 X356 Y865
G1 X357 Y866
G1 X358 Y866
G1 X359 Y867
G1 X359 Y868
G1 X359 Y869
G1 X359 Y870
G1 X359 Y871
G1 X359 Y872
G1 X359 Y873
G1 X359 Y874
G1 X359 Y875
G1 X359 Y876
G1 X359 Y877
G1 X359 Y878
G1 X359 Y879
G1 X359 Y880
G1 X359 Y881
M5; lift marker up
G4 P0.08
G0 X437 Y841
M3 S1000;put marker down
G4 P0.2
G1 X437 Y842
G1 X437 Y843
G1 X437 Y844
G1 X437 Y845
G1 X437 Y846
G1 X437 Y847
G1 X437 Y848
G1 X437 Y849
G1 X437 Y850
G1 X437 Y851
G1 X437 Y852
G1 X436 Y853
G1 X436 Y854
G1 X436 Y855
G1 X436 Y856
G1 X436 Y857
G1 X436 Y858
G1 X435 Y859
G1 X435 Y860
G1 X435 Y861
G1 X435 Y862
G1 X435 Y863
G1 X435 Y864
G1 X435 Y865
G1 X435 Y866
G1 X435 Y867
G1 X435 Y868
G1 X435 Y869
G1 X434 Y870
G1 X434 Y871
G1 X434 Y872
G1 X434 Y873
G1 X434 Y874
G1 X434 Y875
G1 X434 Y876
G1 X434 Y877
G1 X434 Y878
G1 X434 Y879
G1 X434 Y880
G1 X433 Y881
G1 X433 Y882
G1 X433 Y883
G1 X433 Y884
G1 X433 Y885
M5; lift marker up
G4 P0.08
G0 X477 Y841
M3 S1000;put marker down
G4 P0.2
G1 X486 Y839
G1 X485 Y840
G1 X482 Y844
G1 X481 Y846
G1 X480 Y848
G1 X477 Y850
G1 X478 Y850
G1 X479 Y849
G1 X479 Y848
G1 X480 Y847
G1 X480 Y846
G1 X481 Y845
G1 X481 Y844
G1 X482 Y843
G1 X483 Y842
G1 X484 Y841
G1 X484 Y840
G1 X485 Y839
G1 X486 Y838
G1 X487 Y838
G1 X488 Y837
G1 X489 Y837
G1 X490 Y837
G1 X491 Y837
G1 X492 Y838
G1 X493 Y839
G1 X493 Y840
G1 X494 Y841
G1 X494 Y842
G1 X494 Y843
G1 X494 Y844
G1 X494 Y845
G1 X494 Y846
G1 X494 Y847
G1 X494 Y848
G1 X494 Y849
G1 X494 Y850
G1 X494 Y851
G1 X494 Y852
G1 X494 Y853
G1 X494 Y854
G1 X494 Y855
G1 X493 Y856
G1 X493 Y857
G1 X493 Y858
G1 X493 Y859
G1 X493 Y860
G1 X492 Y861
G1 X492 Y862
G1 X492 Y863
G1 X491 Y864
G1 X492 Y864
G1 X491 Y865
G1 X491 Y866
G1 X490 Y867
G1 X490 Y868
G1 X489 Y869
G1 X489 Y870
G1 X488 Y871
G1 X487 Y872
G1 X487 Y873
G1 X486 Y874
G1 X485 Y875
G1 X484 Y876
G1 X483 Y877
G1 X482 Y877
G1 X481 Y878
G1 X480 Y878
G1 X479 Y877
G1 X478 Y877
G1 X477 Y877
G1 X476 Y877
G1 X475 Y876
G1 X474 Y875
G1 X474 Y874
G1 X474 Y873
G1 X474 Y872
G1 X474 Y871
G1 X474 Y870
G1 X474 Y869
G1 X474 Y868
G1 X475 Y867
G1 X475 Y866
G1 X475 Y865
G1 X475 Y864
G1 X475 Y863
G1 X475 Y862
G1 X475 Y861
G1 X475 Y860
G1 X475 Y859
G1 X475 Y858
G1 X475 Y857
G1 X475 Y856
G1 X475 Y855
G1 X476 Y854
G1 X476 Y853
G1 X476 Y852
G1 X476 Y851
G1 X475 Y850
G1 X475 Y849
G1 X475 Y848
G1 X475 Y847
G1 X475 Y846
G1 X475 Y845
G1 X475 Y844
G1 X476 Y843
G1 X476 Y842
G1 X476 Y841
G1 X477 Y840
G1 X477 Y839
M5; lift marker up
G4 P0.08
G0 X511 Y857
M3 S1000;put marker down
G4 P0.2
G1 X510 Y858
G1 X509 Y859
G1 X510 Y859
G1 X509 Y860
G1 X508 Y860
G1 X507 Y861
G1 X508 Y861
G1 X507 Y862
G1 X506 Y863
G1 X505 Y863
G1 X504 Y863
G1 X503 Y856
G1 X503 Y857
G1 X503 Y858
G1 X503 Y859
G1 X503 Y860
G1 X503 Y861
G1 X502 Y862
G1 X502 Y863
G1 X503 Y864
G1 X502 Y865
G1 X502 Y866
G1 X501 Y867
G1 X501 Y868
G1 X500 Y869
G1 X500 Y870
G1 X499 Y871
G1 X499 Y872
G1 X498 Y873
G1 X498 Y874
G1 X497 Y875
G1 X497 Y876
M5; lift marker up
G4 P0.08
G0 X517 Y865
M3 S1000;put marker down
G4 P0.2
G1 X515 Y868
G1 X509 Y872
G1 X513 Y871
G1 X513 Y872
G1 X513 Y873
G1 X511 Y872
G1 X512 Y873
G1 X513 Y874
G1 X512 Y875
G1 X512 Y876
G1 X511 Y876
G1 X510 Y877
G1 X509 Y877
G1 X508 Y877
G1 X508 Y876
G1 X508 Y875
G1 X508 Y874
G1 X508 Y873
G1 X508 Y872
G1 X509 Y871
G1 X510 Y871
G1 X511 Y871
G1 X512 Y871
G1 X513 Y870
G1 X514 Y869
G1 X514 Y868
G1 X515 Y867
G1 X516 Y866
G1 X516 Y865
G1 X517 Y864
G1 X518 Y863
G1 X518 Y862
G1 X519 Y862
G1 X520 Y861
M5; lift marker up
G4 P0.08
G0 X526 Y854
M3 S1000;put marker down
G4 P0.2
G1 X526 Y855
G1 X526 Y856
G1 X526 Y857
G1 X526 Y858
G1 X525 Y859
G1 X526 Y859
G1 X525 Y860
G1 X525 Y861
G1 X524 Y862
G1 X524 Y863
G1 X524 Y864
G1 X524 Y865
G1 X524 Y867
G1 X524 Y866
G1 X525 Y867
G1 X526 Y867
G1 X527 Y867
G1 X528 Y867
G1 X529 Y867
G1 X530 Y867
G1 X531 Y867
G1 X532 Y867
G1 X533 Y867
G1 X534 Y868
G1 X535 Y868
G1 X534 Y869
G1 X535 Y870
G1 X535 Y871
G1 X535 Y872
G1 X535 Y873
G1 X535 Y874
G1 X534 Y875
G1 X534 Y876
G1 X534 Y877
M5; lift marker up
G4 P0.08
G0 X548 Y860
M3 S1000;put marker down
G4 P0.2
G1 X548 Y861
G1 X546 Y862
G1 X547 Y862
G1 X546 Y863
G1 X545 Y864
G1 X545 Y865
G1 X544 Y865
G1 X543 Y866
G1 X544 Y866
G1 X543 Y867
G1 X537 Y867
G1 X538 Y867
G1 X539 Y867
G1 X540 Y867
G1 X541 Y867
G1 X542 Y867
G1 X543 Y868
G1 X543 Y869
G1 X543 Y870
G1 X543 Y871
M5; lift marker up
G4 P0.08
G0 X584 Y864
M3 S1000;put marker down
G4 P0.2
G1 X583 Y864
G1 X581 Y865
G1 X582 Y865
G1 X581 Y866
G1 X580 Y866
G1 X579 Y866
G1 X578 Y867
G1 X576 Y867
G1 X577 Y867
G1 X576 Y868
G1 X575 Y868
G1 X573 Y868
G1 X574 Y868
G1 X573 Y869
G1 X572 Y869
G1 X571 Y869
G1 X569 Y869
G1 X570 Y869
G1 X569 Y870
G1 X568 Y870
G1 X567 Y870
G1 X566 Y870
G1 X565 Y870
G1 X564 Y870
G1 X563 Y870
G1 X562 Y870
G1 X561 Y870
G1 X560 Y870
G1 X559 Y870
G1 X558 Y870
G1 X558 Y869
G1 X557 Y868
M5; lift marker up
G4 P0.08
G0 X613 Y842
M3 S1000;put marker down
G4 P0.2
G1 X612 Y842
G1 X611 Y842
G1 X609 Y843
G1 X610 Y843
G1 X609 Y844
G1 X608 Y844
G1 X607 Y844
G1 X606 Y845
G1 X607 Y845
G1 X606 Y846
G1 X605 Y846
G1 X604 Y847
G1 X605 Y847
G1 X604 Y848
G1 X603 Y848
G1 X602 Y849
G1 X603 Y849
G1 X602 Y850
G1 X601 Y851
G1 X600 Y852
G1 X600 Y853
G1 X599 Y854
G1 X599 Y855
G1 X598 Y856
G1 X597 Y857
G1 X598 Y857
G1 X597 Y858
G1 X597 Y859
G1 X596 Y860
G1 X596 Y861
G1 X596 Y862
G1 X595 Y863
G1 X596 Y863
G1 X595 Y864
G1 X595 Y865
G1 X595 Y866
G1 X595 Y867
G1 X595 Y868
G1 X595 Y869
G1 X595 Y870
G1 X595 Y871
G1 X595 Y872
G1 X595 Y873
G1 X595 Y874
G1 X595 Y875
G1 X595 Y876
G1 X596 Y877
G1 X596 Y878
G1 X596 Y879
G1 X597 Y880
G1 X598 Y881
G1 X599 Y881
G1 X600 Y881
G1 X601 Y881
G1 X602 Y881
G1 X603 Y880
G1 X604 Y880
G1 X605 Y879
M5; lift marker up
G4 P0.08
G0 X634 Y858
M3 S1000;put marker down
G4 P0.2
G1 X633 Y861
G1 X632 Y864
G1 X630 Y868
G1 X630 Y867
G1 X631 Y866
G1 X631 Y865
G1 X631 Y864
G1 X632 Y863
G1 X632 Y862
G1 X632 Y861
G1 X633 Y860
G1 X633 Y859
G1 X633 Y858
G1 X634 Y857
G1 X634 Y856
G1 X635 Y855
G1 X635 Y854
G1 X636 Y853
G1 X636 Y852
G1 X637 Y851
G1 X637 Y850
G1 X637 Y849
G1 X638 Y848
G1 X638 Y847
G1 X639 Y846
G1 X639 Y845
G1 X640 Y844
G1 X641 Y843
G1 X641 Y842
G1 X642 Y841
G1 X643 Y840
G1 X644 Y839
G1 X645 Y838
G1 X646 Y838
G1 X647 Y837
G1 X648 Y836
G1 X649 Y836
G1 X650 Y836
G1 X651 Y836
G1 X652 Y836
G1 X653 Y836
G1 X654 Y837
G1 X654 Y838
G1 X654 Y839
G1 X654 Y840
G1 X654 Y841
G1 X653 Y842
G1 X654 Y842
G1 X653 Y843
G1 X653 Y844
G1 X652 Y845
G1 X652 Y846
G1 X651 Y847
G1 X651 Y848
G1 X650 Y849
G1 X650 Y850
G1 X649 Y851
G1 X650 Y851
G1 X649 Y852
G1 X648 Y853
G1 X648 Y854
G1 X647 Y855
G1 X646 Y856
G1 X646 Y857
G1 X645 Y858
G1 X645 Y859
G1 X644 Y860
G1 X644 Y861
G1 X643 Y862
G1 X642 Y863
G1 X642 Y864
G1 X641 Y865
G1 X641 Y866
G1 X640 Y867
G1 X639 Y868
G1 X639 Y869
G1 X638 Y870
G1 X637 Y871
G1 X637 Y872
G1 X636 Y872
G1 X635 Y873
G1 X634 Y873
G1 X633 Y874
M5; lift marker up
G4 P0.08
G0 X628 Y840
M3 S1000;put marker down
G4 P0.2
G1 X628 Y841
G1 X628 Y842
G1 X627 Y843
G1 X628 Y843
G1 X627 Y844
G1 X627 Y845
G1 X626 Y846
G1 X626 Y847
G1 X624 Y848
G1 X625 Y848
G1 X624 Y849
G1 X623 Y850
G1 X624 Y850
G1 X623 Y851
G1 X624 Y860
G1 X622 Y864
G1 X621 Y866
G1 X621 Y865
G1 X621 Y864
G1 X622 Y863
G1 X622 Y862
G1 X623 Y861
G1 X623 Y860
G1 X624 Y859
G1 X624 Y858
G1 X624 Y857
G1 X624 Y856
G1 X624 Y855
G1 X624 Y854
G1 X624 Y853
G1 X623 Y852
G1 X622 Y852
G1 X621 Y852
G1 X620 Y853
G1 X619 Y854
G1 X618 Y855
G1 X618 Y856
G1 X617 Y857
G1 X617 Y858
G1 X616 Y859
G1 X615 Y860
G1 X616 Y860
G1 X615 Y861
G1 X614 Y862
G1 X615 Y862
G1 X614 Y863
G1 X613 Y864
G1 X614 Y864
G1 X613 Y865
G1 X610 Y873
G1 X610 Y872
G1 X611 Y871
G1 X611 Y870
G1 X611 Y869
G1 X612 Y868
G1 X612 Y867
G1 X612 Y866
G1 X613 Y866
G1 X614 Y867
G1 X615 Y867
G1 X616 Y866
G1 X617 Y866
G1 X618 Y866
G1 X619 Y866
G1 X620 Y866
G1 X621 Y867
G1 X621 Y868
G1 X621 Y869
G1 X621 Y870
G1 X621 Y871
G1 X621 Y872
G1 X621 Y873
G1 X621 Y874
G1 X621 Y875
G1 X622 Y876
M5; lift marker up
G4 P0.08
G0 X622 Y912
M3 S1000;put marker down
G4 P0.2
G1 X622 Y911
G1 X622 Y910
G1 X622 Y909
G1 X622 Y908
G1 X622 Y907
M5; lift marker up
G4 P0.08
G0 X603 Y1000
M3 S1000;put marker down
G4 P0.2
G1 X602 Y1000
G1 X600 Y1000
G1 X601 Y1000
G1 X600 Y1001
G1 X599 Y1001
G1 X598 Y1001
G1 X597 Y1001
G1 X596 Y1002
G1 X595 Y1002
G1 X594 Y1002
G1 X593 Y1002
G1 X592 Y1002
G1 X591 Y1002
G1 X590 Y1003
G1 X589 Y1003
G1 X588 Y1003
M5; lift marker up
G4 P0.08
G0 X574 Y995
M3 S1000;put marker down
G4 P0.2
G1 X568 Y999
G1 X567 Y1000
G1 X566 Y1001
G1 X565 Y1001
G1 X566 Y1000
G1 X567 Y999
G1 X568 Y998
G1 X569 Y998
G1 X570 Y997
G1 X571 Y996
G1 X572 Y996
G1 X573 Y995
G1 X574 Y994
G1 X575 Y994
G1 X576 Y994
M5; lift marker up
G4 P0.08
G0 X556 Y977
M3 S1000;put marker down
G4 P0.2
G1 X556 Y978
G1 X556 Y979
G1 X556 Y980
G1 X556 Y981
G1 X556 Y982
G1 X556 Y983
G1 X556 Y984
G1 X556 Y985
G1 X556 Y986
G1 X556 Y987
G1 X556 Y988
G1 X556 Y989
G1 X556 Y990
G1 X555 Y991
G1 X555 Y992
G1 X555 Y993
G1 X555 Y994
G1 X555 Y995
G1 X555 Y996
G1 X554 Y998
G1 X550 Y1006
G1 X550 Y1005
G1 X551 Y1004
G1 X551 Y1003
G1 X551 Y1002
G1 X551 Y1001
G1 X552 Y1000
G1 X552 Y999
G1 X553 Y998
G1 X554 Y997
G1 X555 Y998
G1 X556 Y998
G1 X557 Y998
G1 X558 Y998
G1 X559 Y998
G1 X560 Y999
G1 X561 Y1000
G1 X561 Y1001
G1 X562 Y1002
G1 X563 Y1003
G1 X563 Y1004
G1 X563 Y1005
G1 X564 Y1006
G1 X565 Y1006
G1 X566 Y1006
G1 X567 Y1006
G1 X568 Y1006
G1 X569 Y1006
G1 X570 Y1006
G1 X571 Y1006
G1 X572 Y1007
G1 X573 Y1008
G1 X573 Y1009
G1 X573 Y1010
G1 X573 Y1011
G1 X572 Y1012
G1 X572 Y1013
G1 X571 Y1014
G1 X570 Y1015
G1 X570 Y1016
G1 X569 Y1017
G1 X569 Y1018
G1 X568 Y1019
G1 X568 Y1020
G1 X567 Y1021
G1 X567 Y1022
G1 X567 Y1023
M5; lift marker up
G4 P0.08
G0 X545 Y989
M3 S1000;put marker down
G4 P0.2
G1 X544 Y989
G1 X543 Y989
G1 X542 Y989
G1 X541 Y990
G1 X542 Y990
G1 X541 Y991
G1 X540 Y992
G1 X540 Y993
G1 X540 Y994
G1 X539 Y995
G1 X540 Y996
G1 X540 Y998
G1 X540 Y997
G1 X541 Y998
G1 X542 Y999
G1 X543 Y999
G1 X544 Y1000
G1 X544 Y1001
G1 X544 Y1002
G1 X544 Y1003
G1 X543 Y1004
G1 X543 Y1005
G1 X542 Y1006
G1 X542 Y1007
G1 X541 Y1008
G1 X541 Y1009
M5; lift marker up
G4 P0.08
G0 X527 Y990
M3 S1000;put marker down
G4 P0.2
G1 X528 Y991
G1 X528 Y992
G1 X528 Y993
G1 X528 Y994
G1 X528 Y995
G1 X528 Y996
G1 X528 Y997
G1 X528 Y998
G1 X528 Y999
G1 X528 Y1000
G1 X527 Y1001
G1 X526 Y1002
G1 X525 Y1002
G1 X524 Y1002
G1 X523 Y1002
G1 X522 Y1002
G1 X521 Y1002
M5; lift marker up
G4 P0.08
G0 X425 Y797
M3 S1000;put marker down
G4 P0.2
G1 X424 Y796
G1 X421 Y796
G1 X420 Y797
G1 X419 Y798
G1 X423 Y793
G1 X424 Y792
G1 X424 Y791
G1 X424 Y790
G1 X424 Y789
G1 X425 Y788
G1 X425 Y787
G1 X425 Y786
G1 X425 Y785
G1 X425 Y784
G1 X425 Y783
G1 X424 Y782
G1 X423 Y782
G1 X422 Y783
G1 X421 Y783
G1 X420 Y783
G1 X419 Y784
G1 X418 Y784
G1 X417 Y785
G1 X416 Y785
G1 X415 Y786
G1 X414 Y787
G1 X415 Y787
G1 X414 Y788
G1 X414 Y789
G1 X414 Y790
G1 X414 Y791
G1 X414 Y792
G1 X414 Y793
G1 X414 Y794
G1 X414 Y795
G1 X414 Y796
G1 X414 Y797
G1 X415 Y798
G1 X416 Y798
G1 X417 Y798
G1 X418 Y798
G1 X419 Y797
G1 X420 Y796
G1 X421 Y795
G1 X422 Y795
G1 X423 Y794
G1 X424 Y795
G1 X425 Y796
G1 X426 Y797
G1 X427 Y798
G1 X428 Y798
G1 X429 Y797
G1 X430 Y797
G1 X431 Y796
G1 X432 Y796
G1 X433 Y795
G1 X434 Y794
G1 X435 Y794
G1 X436 Y793
G1 X437 Y793
G1 X438 Y794
G1 X439 Y794
G1 X440 Y795
G1 X441 Y795
G1 X442 Y795
G1 X443 Y795
G1 X444 Y795
G1 X445 Y794
G1 X446 Y794
G1 X447 Y793
G1 X448 Y793
G1 X449 Y792
M5; lift marker up
G4 P0.08
G0 X426 Y781
M3 S1000;put marker down
G4 P0.2
G1 X426 Y780
G1 X427 Y779
G1 X427 Y778
G1 X427 Y777
G1 X428 Y776
G1 X428 Y775
G1 X428 Y774
G1 X428 Y773
G1 X429 Y772
G1 X429 Y771
G1 X429 Y770
G1 X430 Y769
G1 X430 Y768
G1 X430 Y767
G1 X430 Y766
G1 X431 Y765
G1 X431 Y764
G1 X431 Y763
G1 X432 Y762
G1 X432 Y761
G1 X433 Y760
G1 X433 Y759
M5; lift marker up
G4 P0.08
G0 X406 Y770
M3 S1000;put marker down
G4 P0.2
G1 X405 Y770
G1 X404 Y770
G1 X403 Y770
G1 X402 Y771
G1 X400 Y771
G1 X401 Y771
G1 X400 Y772
G1 X399 Y772
G1 X398 Y773
G1 X397 Y774
G1 X396 Y775
G1 X395 Y776
G1 X394 Y777
G1 X394 Y778
G1 X393 Y779
G1 X393 Y780
G1 X393 Y781
G1 X392 Y782
G1 X392 Y783
G1 X392 Y784
G1 X392 Y785
G1 X391 Y786
G1 X391 Y787
G1 X391 Y788
G1 X391 Y789
G1 X391 Y790
G1 X391 Y791
G1 X391 Y792
G1 X391 Y793
M5; lift marker up
G4 P0.08
G0 X373 Y769
M3 S1000;put marker down
G4 P0.2
G1 X373 Y774
G1 X373 Y773
G1 X373 Y772
G1 X373 Y771
G1 X373 Y770
G1 X372 Y769
G1 X371 Y768
G1 X370 Y769
G1 X369 Y769
G1 X368 Y769
G1 X367 Y769
G1 X366 Y770
G1 X367 Y770
G1 X366 Y771
G1 X365 Y771
G1 X364 Y772
G1 X365 Y772
G1 X364 Y773
G1 X363 Y774
G1 X362 Y775
G1 X363 Y775
G1 X362 Y776
G1 X362 Y777
G1 X361 Y778
G1 X361 Y779
G1 X360 Y780
G1 X360 Y781
G1 X360 Y782
G1 X360 Y783
G1 X360 Y784
G1 X360 Y786
G1 X360 Y785
G1 X361 Y786
G1 X362 Y786
G1 X363 Y786
G1 X364 Y785
G1 X365 Y785
G1 X366 Y784
G1 X367 Y783
G1 X368 Y782
G1 X368 Y781
G1 X369 Y780
G1 X370 Y779
G1 X370 Y778
G1 X371 Y777
G1 X371 Y776
G1 X372 Y775
G1 X373 Y776
G1 X374 Y776
G1 X375 Y776
G1 X376 Y776
G1 X377 Y776
G1 X378 Y776
G1 X379 Y776
G1 X380 Y776
G1 X381 Y776
G1 X382 Y777
G1 X382 Y778
G1 X382 Y779
G1 X382 Y780
G1 X382 Y781
G1 X382 Y782
G1 X382 Y783
G1 X382 Y784
G1 X382 Y785
G1 X382 Y786
G1 X381 Y787
M5; lift marker up
G4 P0.08
G0 X357 Y772
M3 S1000;put marker down
G4 P0.2
G1 X356 Y773
G1 X355 Y775
G1 X352 Y776
G1 X353 Y776
G1 X354 Y775
G1 X355 Y774
G1 X355 Y773
G1 X356 Y772
G1 X357 Y771
G1 X357 Y770
G1 X358 Y769
G1 X358 Y768
G1 X358 Y767
G1 X358 Y766
G1 X357 Y765
G1 X356 Y766
G1 X355 Y766
G1 X354 Y766
G1 X353 Y767
G1 X354 Y767
G1 X353 Y768
G1 X352 Y769
G1 X352 Y770
G1 X351 Y771
G1 X351 Y772
G1 X350 Y773
G1 X350 Y774
G1 X350 Y776
G1 X350 Y775
G1 X351 Y776
G1 X350 Y777
G1 X350 Y778
G1 X348 Y779
G1 X349 Y779
G1 X348 Y780
G1 X348 Y781
G1 X347 Y782
G1 X347 Y783
G1 X347 Y784
G1 X347 Y785
G1 X347 Y786
G1 X347 Y787
G1 X347 Y788
G1 X348 Y791
G1 X347 Y790
G1 X347 Y789
G1 X348 Y790
G1 X349 Y791
G1 X350 Y791
G1 X351 Y790
G1 X352 Y790
G1 X353 Y789
G1 X354 Y788
G1 X355 Y788
G1 X356 Y788
G1 X357 Y788
G1 X358 Y788
G1 X359 Y788
G1 X360 Y789
G1 X360 Y790
G1 X360 Y791
G1 X360 Y792
G1 X360 Y793
G1 X360 Y794
G1 X360 Y795
G1 X360 Y796
G1 X361 Y797
G1 X361 Y798
G1 X361 Y799
G1 X362 Y800
G1 X363 Y800
G1 X364 Y800
G1 X365 Y800
G1 X366 Y799
G1 X366 Y798
G1 X367 Y797
G1 X368 Y796
M5; lift marker up
G4 P0.08
G0 X351 Y753
M3 S1000;put marker down
G4 P0.2
G1 X350 Y754
G1 X350 Y755
G1 X349 Y756
G1 X349 Y757
G1 X348 Y758
G1 X348 Y759
G1 X347 Y760
G1 X347 Y761
G1 X347 Y762
G1 X346 Y763
G1 X346 Y764
G1 X346 Y765
G1 X346 Y766
G1 X345 Y767
G1 X345 Y768
G1 X345 Y769
G1 X344 Y770
G1 X344 Y771
G1 X344 Y772
G1 X344 Y773
G1 X343 Y774
G1 X343 Y775
G1 X343 Y776
G1 X343 Y777
G1 X342 Y778
G1 X342 Y779
G1 X342 Y780
G1 X341 Y781
G1 X341 Y782
G1 X341 Y783
G1 X341 Y784
G1 X340 Y785
G1 X340 Y786
G1 X340 Y787
G1 X339 Y788
G1 X339 Y789
G1 X338 Y790
G1 X337 Y791
G1 X336 Y792
G1 X335 Y792
G1 X334 Y792
G1 X333 Y791
G1 X332 Y790
G1 X332 Y789
G1 X332 Y788
G1 X332 Y787
G1 X332 Y786
G1 X332 Y785
G1 X332 Y784
G1 X332 Y783
G1 X332 Y782
G1 X332 Y781
G1 X332 Y780
G1 X332 Y779
G1 X332 Y778
G1 X332 Y777
G1 X332 Y776
G1 X332 Y775
G1 X332 Y774
G1 X332 Y773
G1 X332 Y772
G1 X332 Y771
G1 X332 Y770
G1 X331 Y769
G1 X331 Y768
G1 X331 Y767
G1 X331 Y766
G1 X331 Y765
G1 X331 Y764
G1 X331 Y763
G1 X331 Y755
G1 X331 Y756
G1 X331 Y757
G1 X331 Y758
G1 X331 Y759
G1 X331 Y760
G1 X330 Y761
G1 X329 Y762
G1 X330 Y762
G1 X329 Y763
G1 X327 Y763
G1 X328 Y763
G1 X327 Y764
G1 X327 Y765
G1 X327 Y766
G1 X326 Y767
G1 X326 Y768
G1 X326 Y769
G1 X326 Y770
G1 X326 Y771
G1 X326 Y772
G1 X326 Y773
G1 X325 Y774
G1 X325 Y775
G1 X325 Y776
G1 X325 Y777
G1 X325 Y778
G1 X325 Y779
G1 X325 Y780
G1 X325 Y781
G1 X325 Y782
G1 X325 Y783
G1 X325 Y784
G1 X324 Y785
G1 X325 Y785
G1 X324 Y786
G1 X324 Y787
G1 X324 Y788
G1 X324 Y789
G1 X324 Y790
G1 X324 Y791
G1 X324 Y792
G1 X324 Y793
G1 X324 Y794
G1 X324 Y795
G1 X324 Y796
G1 X324 Y797
G1 X324 Y798
G1 X324 Y799
G1 X324 Y800
G1 X324 Y801
G1 X324 Y802
G1 X324 Y803
G1 X324 Y804
M5; lift marker up
G4 P0.08
G0 X385 Y753
M3 S1000;put marker down
G4 P0.2
G1 X385 Y754
G1 X385 Y755
G1 X384 Y756
G1 X384 Y757
G1 X384 Y758
G1 X384 Y759
G1 X384 Y760
G1 X384 Y761
G1 X384 Y762
G1 X384 Y763
G1 X384 Y764
G1 X384 Y765
G1 X383 Y766
G1 X384 Y766
G1 X383 Y767
G1 X383 Y768
G1 X383 Y769
G1 X383 Y770
G1 X383 Y771
G1 X383 Y772
G1 X383 Y773
G1 X383 Y775
G1 X383 Y774
G1 X384 Y775
G1 X385 Y775
G1 X386 Y774
G1 X387 Y774
G1 X388 Y773
M5; lift marker up
G4 P0.08
G0 X473 Y760
M3 S1000;put marker down
G4 P0.2
G1 X472 Y761
G1 X472 Y762
G1 X472 Y763
G1 X471 Y764
G1 X471 Y765
G1 X471 Y766
G1 X471 Y767
G1 X471 Y768
G1 X471 Y769
G1 X471 Y770
G1 X470 Y771
G1 X470 Y772
G1 X470 Y773
G1 X470 Y774
G1 X470 Y775
G1 X470 Y776
G1 X470 Y777
G1 X470 Y778
G1 X469 Y779
G1 X469 Y780
G1 X469 Y781
G1 X469 Y782
G1 X469 Y783
G1 X469 Y784
G1 X469 Y785
G1 X469 Y786
G1 X469 Y787
G1 X469 Y788
G1 X469 Y789
G1 X469 Y790
G1 X469 Y791
G1 X469 Y792
G1 X469 Y793
G1 X469 Y794
G1 X469 Y795
M5; lift marker up
G4 P0.08
G0 X494 Y764
M3 S1000;put marker down
G4 P0.2
G1 X493 Y764
G1 X491 Y764
G1 X492 Y764
G1 X491 Y765
G1 X490 Y765
G1 X489 Y765
G1 X488 Y765
G1 X487 Y766
G1 X486 Y766
G1 X485 Y766
G1 X484 Y767
G1 X483 Y768
G1 X483 Y769
G1 X482 Y770
G1 X483 Y771
G1 X483 Y772
G1 X484 Y773
G1 X485 Y774
G1 X486 Y775
G1 X487 Y776
G1 X488 Y777
G1 X488 Y778
G1 X488 Y779
G1 X488 Y780
G1 X488 Y781
G1 X488 Y782
G1 X488 Y783
G1 X488 Y784
G1 X487 Y785
G1 X487 Y786
G1 X486 Y787
G1 X486 Y788
G1 X485 Y789
G1 X484 Y790
G1 X483 Y791
G1 X482 Y792
G1 X481 Y793
G1 X480 Y794
G1 X479 Y794
G1 X478 Y794
G1 X477 Y794
M5; lift marker up
G4 P0.08
G0 X521 Y768
M3 S1000;put marker down
G4 P0.2
G1 X522 Y769
G1 X522 Y770
G1 X523 Y771
G1 X523 Y772
G1 X524 Y773
G1 X524 Y774
G1 X524 Y775
G1 X524 Y776
G1 X524 Y777
G1 X524 Y778
G1 X524 Y779
G1 X524 Y780
G1 X524 Y781
G1 X524 Y782
G1 X524 Y783
G1 X523 Y784
G1 X523 Y785
G1 X522 Y786
G1 X521 Y787
G1 X520 Y788
G1 X519 Y789
G1 X518 Y789
G1 X517 Y790
G1 X516 Y791
G1 X515 Y791
G1 X514 Y792
G1 X513 Y792
G1 X511 Y793
G1 X512 Y793
G1 X511 Y794
G1 X510 Y794
G1 X508 Y794
G1 X509 Y794
G1 X508 Y795
G1 X507 Y795
G1 X506 Y795
G1 X505 Y795
G1 X504 Y795
G1 X503 Y795
G1 X501 Y794
G1 X502 Y795
G1 X501 Y795
G1 X498 Y792
G1 X499 Y793
G1 X500 Y794
G1 X499 Y794
G1 X498 Y793
G1 X497 Y792
G1 X497 Y791
G1 X497 Y790
G1 X497 Y789
G1 X496 Y788
G1 X497 Y787
G1 X497 Y786
G1 X497 Y785
G1 X497 Y784
G1 X497 Y783
G1 X497 Y782
G1 X498 Y781
G1 X498 Y780
G1 X499 Y779
G1 X499 Y778
G1 X500 Y777
G1 X500 Y776
G1 X501 Y775
G1 X502 Y774
G1 X503 Y773
G1 X504 Y772
G1 X505 Y772
G1 X506 Y771
G1 X507 Y771
G1 X508 Y771
G1 X509 Y771
G1 X510 Y771
G1 X511 Y771
M5; lift marker up
G4 P0.08
G0 X567 Y776
M3 S1000;put marker down
G4 P0.2
G1 X566 Y777
G1 X565 Y777
G1 X564 Y778
G1 X563 Y779
G1 X561 Y779
G1 X562 Y779
G1 X561 Y780
G1 X560 Y780
G1 X559 Y780
G1 X558 Y781
G1 X556 Y781
G1 X557 Y781
G1 X556 Y782
G1 X555 Y782
G1 X554 Y782
G1 X553 Y782
G1 X552 Y782
G1 X551 Y782
G1 X550 Y782
G1 X549 Y782
G1 X548 Y782
G1 X547 Y782
G1 X546 Y782
M5; lift marker up
G4 P0.08
G0 X584 Y782
M3 S1000;put marker down
G4 P0.2
G1 X582 Y791
G1 X582 Y790
G1 X582 Y789
G1 X583 Y788
G1 X583 Y787
G1 X583 Y786
G1 X583 Y785
G1 X583 Y784
G1 X583 Y783
G1 X583 Y782
G1 X584 Y781
G1 X584 Y780
G1 X584 Y779
G1 X584 Y778
G1 X584 Y777
G1 X584 Y776
G1 X584 Y775
G1 X584 Y774
G1 X584 Y773
G1 X584 Y772
G1 X584 Y771
G1 X584 Y770
G1 X584 Y769
G1 X584 Y768
G1 X584 Y767
G1 X584 Y766
G1 X585 Y765
G1 X585 Y764
G1 X585 Y763
G1 X585 Y762
G1 X585 Y761
G1 X585 Y760
G1 X586 Y759
G1 X587 Y759
G1 X588 Y759
G1 X589 Y760
G1 X589 Y761
G1 X589 Y762
G1 X589 Y763
G1 X590 Y764
G1 X590 Y765
G1 X590 Y766
G1 X590 Y767
G1 X590 Y768
G1 X590 Y769
G1 X590 Y770
G1 X591 Y771
G1 X591 Y772
G1 X591 Y773
G1 X591 Y774
G1 X591 Y775
G1 X591 Y776
G1 X591 Y777
G1 X591 Y778
G1 X591 Y779
G1 X591 Y780
G1 X592 Y781
G1 X592 Y782
G1 X593 Y783
G1 X594 Y782
G1 X595 Y782
G1 X596 Y783
G1 X597 Y783
G1 X598 Y783
G1 X599 Y783
G1 X600 Y783
G1 X601 Y783
G1 X602 Y782
G1 X603 Y781
G1 X604 Y780
G1 X605 Y779
G1 X606 Y778
G1 X607 Y779
G1 X608 Y779
G1 X609 Y779
G1 X610 Y780
G1 X610 Y781
G1 X610 Y782
G1 X610 Y783
G1 X610 Y784
G1 X610 Y785
G1 X610 Y787
G1 X610 Y786
G1 X611 Y787
G1 X612 Y788
G1 X613 Y788
G1 X614 Y788
G1 X615 Y788
G1 X616 Y788
G1 X617 Y788
G1 X618 Y789
G1 X619 Y789
G1 X618 Y790
G1 X618 Y791
M5; lift marker up
G4 P0.08
G0 X601 Y785
M3 S1000;put marker down
G4 P0.2
G1 X601 Y786
G1 X601 Y787
G1 X601 Y788
G1 X601 Y789
G1 X601 Y790
M5; lift marker up
G4 P0.08
G0 X596 Y780
M3 S1000;put marker down
G4 P0.2
G1 X596 Y779
G1 X596 Y778
G1 X596 Y777
G1 X596 Y776
G1 X597 Y775
G1 X597 Y774
G1 X597 Y773
G1 X598 Y772
G1 X598 Y771
G1 X598 Y770
G1 X599 Y769
G1 X599 Y768
G1 X600 Y767
G1 X600 Y766
G1 X600 Y765
G1 X601 Y764
G1 X601 Y763
G1 X602 Y762
G1 X603 Y761
G1 X604 Y760
G1 X605 Y759
G1 X606 Y758
M5; lift marker up
G4 P0.08
G0 X587 Y757
M3 S1000;put marker down
G4 P0.2
G1 X587 Y756
G1 X588 Y755
M5; lift marker up
G4 P0.08
G0 X637 Y751
M3 S1000;put marker down
G4 P0.2
G1 X637 Y752
G1 X637 Y753
G1 X636 Y754
G1 X636 Y755
G1 X636 Y756
G1 X635 Y757
G1 X635 Y758
G1 X635 Y759
G1 X634 Y760
G1 X634 Y761
G1 X634 Y762
G1 X633 Y763
G1 X633 Y764
G1 X633 Y765
G1 X633 Y766
G1 X632 Y767
G1 X632 Y768
G1 X631 Y769
G1 X632 Y769
G1 X631 Y770
G1 X631 Y771
G1 X631 Y772
G1 X630 Y773
G1 X630 Y774
G1 X629 Y775
G1 X629 Y776
G1 X629 Y777
G1 X629 Y778
G1 X629 Y779
G1 X627 Y780
G1 X621 Y786
G1 X620 Y787
G1 X620 Y786
G1 X621 Y785
G1 X622 Y784
G1 X623 Y783
G1 X623 Y782
G1 X624 Y782
G1 X625 Y781
G1 X626 Y780
G1 X627 Y779
G1 X628 Y779
G1 X629 Y780
G1 X629 Y781
G1 X629 Y782
G1 X629 Y783
G1 X629 Y784
G1 X630 Y785
G1 X630 Y786
M5; lift marker up
G4 P0.08
G0 X664 Y788
M3 S1000;put marker down
G4 P0.2
G1 X664 Y787
G1 X665 Y786
G1 X665 Y785
M5; lift marker up
G4 P0.08
G0 X665 Y776
M3 S1000;put marker down
G4 P0.2
G1 X664 Y776
G1 X663 Y776
G1 X662 Y777
G1 X661 Y777
G1 X660 Y777
G1 X659 Y778
G1 X658 Y779
G1 X657 Y780
G1 X657 Y781
G1 X656 Y782
G1 X655 Y783
G1 X655 Y784
G1 X654 Y785
G1 X654 Y786
G1 X653 Y787
G1 X653 Y788
G1 X652 Y789
G1 X652 Y790
G1 X652 Y791
G1 X652 Y792
G1 X652 Y794
G1 X652 Y793
G1 X653 Y794
G1 X654 Y794
G1 X655 Y794
G1 X656 Y793
G1 X657 Y792
G1 X658 Y791
G1 X659 Y790
G1 X660 Y790
G1 X661 Y790
G1 X662 Y789
G1 X663 Y790
G1 X664 Y791
M5; lift marker up
G4 P0.08
G0 X682 Y776
M3 S1000;put marker down
G4 P0.2
G1 X680 Y776
G1 X681 Y776
G1 X680 Y777
G1 X679 Y777
G1 X678 Y778
G1 X677 Y779
G1 X676 Y780
G1 X676 Y781
G1 X675 Y782
G1 X674 Y783
G1 X674 Y784
G1 X673 Y785
G1 X673 Y786
G1 X673 Y787
G1 X672 Y788
G1 X672 Y789
G1 X672 Y790
G1 X672 Y791
G1 X672 Y792
G1 X672 Y793
G1 X672 Y794
G1 X672 Y795
M5; lift marker up
G4 P0.08
G0 X692 Y763
M3 S1000;put marker down
G4 P0.2
G1 X692 Y764
G1 X691 Y765
G1 X691 Y766
G1 X691 Y767
G1 X690 Y768
G1 X690 Y769
G1 X690 Y770
G1 X689 Y771
G1 X689 Y772
G1 X689 Y773
G1 X689 Y774
G1 X688 Y775
G1 X688 Y776
G1 X688 Y777
G1 X688 Y778
G1 X687 Y779
G1 X687 Y780
G1 X687 Y781
G1 X686 Y782
G1 X686 Y783
G1 X686 Y784
G1 X686 Y785
G1 X685 Y786
G1 X685 Y787
G1 X684 Y788
G1 X685 Y788
G1 X684 Y789
G1 X683 Y790
G1 X682 Y790
G1 X681 Y790
G1 X680 Y790
G1 X679 Y790
M5; lift marker up
G4 P0.08
G0 X707 Y779
M3 S1000;put marker down
G4 P0.2
G1 X706 Y780
G1 X706 Y779
G1 X707 Y778
G1 X708 Y777
G1 X709 Y776
G1 X710 Y775
G1 X711 Y774
G1 X711 Y773
M5; lift marker up
G4 P0.08
G0 X700 Y768
M3 S1000;put marker down
G4 P0.2
G1 X699 Y769
G1 X699 Y770
G1 X699 Y771
G1 X698 Y772
G1 X699 Y772
G1 X698 Y773
G1 X698 Y774
G1 X698 Y775
G1 X698 Y776
G1 X697 Y777
G1 X697 Y778
G1 X697 Y779
G1 X697 Y780
G1 X697 Y781
G1 X697 Y782
G1 X697 Y783
G1 X697 Y785
G1 X694 Y786
G1 X695 Y786
G1 X696 Y785
G1 X697 Y784
G1 X698 Y785
G1 X699 Y785
G1 X700 Y785
G1 X701 Y784
G1 X702 Y783
G1 X703 Y783
G1 X704 Y783
G1 X705 Y782
G1 X706 Y783
G1 X706 Y784
G1 X707 Y785
G1 X708 Y786
G1 X709 Y786
G1 X710 Y787
G1 X711 Y788
G1 X711 Y789
G1 X711 Y790
G1 X711 Y791
G1 X711 Y793
G1 X711 Y792
G1 X712 Y793
G1 X713 Y793
M5; lift marker up
G4 P0.08
G0 X766 Y775
M3 S1000;put marker down
G4 P0.2
G1 X765 Y775
G1 X764 Y775
G1 X763 Y775
G1 X762 Y776
G1 X761 Y776
G1 X760 Y776
G1 X759 Y776
G1 X757 Y775
G1 X758 Y776
G1 X756 Y781
G1 X755 Y782
G1 X754 Y783
G1 X750 Y787
G1 X751 Y786
G1 X752 Y785
G1 X753 Y784
G1 X753 Y783
G1 X754 Y782
G1 X755 Y781
G1 X756 Y780
G1 X757 Y779
G1 X757 Y778
G1 X757 Y777
G1 X757 Y776
G1 X756 Y775
G1 X755 Y775
G1 X754 Y775
G1 X753 Y776
G1 X752 Y776
G1 X751 Y776
G1 X750 Y776
G1 X749 Y776
G1 X748 Y777
G1 X747 Y778
G1 X746 Y779
G1 X744 Y780
G1 X745 Y780
G1 X744 Y781
G1 X743 Y781
G1 X742 Y782
G1 X743 Y782
G1 X742 Y783
G1 X741 Y784
G1 X741 Y785
G1 X740 Y786
G1 X739 Y787
G1 X739 Y788
G1 X738 Y789
G1 X739 Y789
G1 X738 Y790
G1 X737 Y791
G1 X737 Y792
G1 X736 Y793
G1 X736 Y794
G1 X735 Y795
G1 X736 Y795
G1 X735 Y796
G1 X735 Y797
G1 X734 Y798
G1 X734 Y799
G1 X734 Y800
G1 X733 Y801
G1 X733 Y802
G1 X732 Y803
G1 X733 Y803
G1 X732 Y804
G1 X732 Y805
G1 X732 Y806
G1 X731 Y807
G1 X732 Y807
G1 X731 Y808
G1 X731 Y809
G1 X731 Y810
M5; lift marker up
G4 P0.08
G0 X776 Y781
M3 S1000;put marker down
G4 P0.2
G1 X775 Y782
G1 X774 Y783
G1 X773 Y783
G1 X772 Y783
G1 X771 Y783
G1 X770 Y783
G1 X769 Y784
G1 X768 Y784
G1 X767 Y785
M5; lift marker up
G4 P0.08
G0 X790 Y785
M3 S1000;put marker down
G4 P0.2
G1 X792 Y784
G1 X791 Y783
G1 X790 Y782
G1 X789 Y781
G1 X788 Y781
G1 X787 Y781
G1 X786 Y781
G1 X785 Y782
G1 X786 Y782
G1 X785 Y783
G1 X784 Y784
G1 X784 Y786
G1 X784 Y785
G1 X785 Y786
G1 X786 Y786
G1 X787 Y785
G1 X788 Y785
G1 X789 Y785
G1 X790 Y784
G1 X791 Y784
G1 X792 Y785
G1 X792 Y786
G1 X791 Y787
G1 X791 Y788
G1 X791 Y789
G1 X790 Y790
G1 X789 Y791
G1 X790 Y791
G1 X789 Y792
G1 X788 Y793
G1 X789 Y793
G1 X788 Y794
G1 X787 Y795
G1 X787 Y796
G1 X786 Y797
G1 X786 Y798
G1 X785 Y799
G1 X785 Y800
G1 X784 Y801
G1 X783 Y802
G1 X783 Y803
G1 X782 Y804
G1 X782 Y805
G1 X781 Y806
G1 X781 Y807
G1 X780 Y808
G1 X779 Y809
G1 X778 Y809
G1 X777 Y810
G1 X777 Y811
G1 X776 Y812
M5; lift marker up
G4 P0.08
G0 X825 Y787
M3 S1000;put marker down
G4 P0.2
G1 X824 Y787
G1 X823 Y787
G1 X822 Y788
G1 X821 Y788
G1 X820 Y789
G1 X819 Y789
G1 X818 Y789
G1 X817 Y790
G1 X816 Y790
G1 X815 Y790
G1 X814 Y790
G1 X813 Y790
G1 X812 Y790
G1 X811 Y791
G1 X810 Y792
G1 X810 Y793
G1 X810 Y794
G1 X810 Y795
G1 X810 Y797
G1 X810 Y796
G1 X811 Y797
G1 X812 Y798
G1 X813 Y798
G1 X814 Y798
G1 X815 Y798
G1 X816 Y798
G1 X817 Y798
G1 X818 Y798
G1 X819 Y798
M5; lift marker up
G4 P0.08
G0 X822 Y774
M3 S1000;put marker down
G4 P0.2
G1 X821 Y775
G1 X820 Y775
G1 X819 Y776
G1 X818 Y776
G1 X817 Y777
G1 X816 Y777
G1 X815 Y778
G1 X814 Y779
G1 X813 Y779
G1 X812 Y780
G1 X811 Y781
G1 X810 Y781
G1 X809 Y781
G1 X808 Y781
G1 X807 Y782
G1 X806 Y782
G1 X805 Y783
G1 X806 Y783
G1 X805 Y784
G1 X804 Y785
G1 X803 Y786
G1 X802 Y787
G1 X803 Y787
G1 X802 Y788
G1 X801 Y788
G1 X800 Y789
G1 X801 Y789
G1 X800 Y790
G1 X799 Y791
G1 X798 Y792
G1 X798 Y793
G1 X797 Y794
G1 X796 Y795
G1 X796 Y796
M5; lift marker up
G4 P0.08
G0 X841 Y783
M3 S1000;put marker down
G4 P0.2
G1 X840 Y783
G1 X839 Y784
G1 X838 Y784
G1 X837 Y785
G1 X836 Y786
G1 X835 Y787
G1 X835 Y788
G1 X835 Y789
G1 X835 Y791
G1 X835 Y790
G1 X836 Y791
G1 X837 Y792
G1 X838 Y793
G1 X839 Y794
G1 X839 Y795
G1 X839 Y796
G1 X838 Y797
G1 X839 Y797
G1 X838 Y798
G1 X837 Y798
G1 X836 Y798
G1 X835 Y798
G1 X834 Y799
G1 X833 Y799
G1 X832 Y799
G1 X831 Y799
G1 X830 Y799
G1 X829 Y799
G1 X829 Y798
G1 X829 Y797
G1 X830 Y796
G1 X830 Y795
M5; lift marker up
G4 P0.08
G0 X861 Y781
M3 S1000;put marker down
G4 P0.2
G1 X860 Y781
G1 X859 Y781
G1 X858 Y781
G1 X857 Y781
G1 X856 Y781
G1 X855 Y781
G1 X854 Y781
G1 X853 Y781
G1 X852 Y782
G1 X851 Y782
G1 X850 Y782
G1 X849 Y783
G1 X848 Y784
G1 X848 Y785
G1 X848 Y786
G1 X848 Y787
G1 X849 Y788
G1 X850 Y789
G1 X851 Y790
G1 X852 Y791
G1 X853 Y792
G1 X854 Y793
G1 X855 Y794
G1 X855 Y795
G1 X856 Y796
G1 X856 Y797
G1 X856 Y798
G1 X856 Y799
G1 X855 Y800
G1 X854 Y801
G1 X853 Y802
G1 X852 Y802
G1 X851 Y803
G1 X850 Y803
G1 X849 Y803
G1 X848 Y804
G1 X847 Y804
G1 X846 Y804
M5; lift marker up
G4 P0.08
G0 X812 Y700
M3 S1000;put marker down
G4 P0.2
G1 X812 Y701
G1 X811 Y702
G1 X811 Y703
G1 X810 Y704
G1 X810 Y705
G1 X809 Y706
G1 X810 Y706
G1 X809 Y707
G1 X808 Y707
G1 X807 Y707
G1 X806 Y707
G1 X806 Y706
G1 X806 Y705
G1 X806 Y704
G1 X806 Y703
G1 X807 Y702
G1 X807 Y701
G1 X808 Y700
G1 X809 Y699
G1 X810 Y699
G1 X811 Y699
G1 X812 Y699
G1 X813 Y699
G1 X814 Y698
G1 X814 Y697
G1 X814 Y696
G1 X814 Y695
G1 X814 Y694
G1 X814 Y693
G1 X814 Y692
G1 X815 Y691
G1 X815 Y690
G1 X815 Y689
G1 X815 Y688
G1 X816 Y687
G1 X816 Y686
G1 X816 Y685
G1 X817 Y684
G1 X817 Y683
G1 X817 Y682
G1 X818 Y681
G1 X818 Y680
M5; lift marker up
G4 P0.08
G0 X832 Y693
M3 S1000;put marker down
G4 P0.2
G1 X831 Y694
G1 X830 Y694
G1 X829 Y694
G1 X828 Y694
G1 X827 Y695
G1 X826 Y695
G1 X825 Y695
G1 X824 Y696
G1 X823 Y697
G1 X823 Y698
G1 X823 Y700
G1 X823 Y699
G1 X824 Y700
G1 X825 Y701
G1 X826 Y701
G1 X827 Y701
G1 X828 Y701
G1 X829 Y702
G1 X830 Y703
G1 X830 Y704
G1 X830 Y705
G1 X830 Y706
G1 X829 Y707
G1 X828 Y707
G1 X827 Y708
G1 X826 Y709
G1 X825 Y709
G1 X824 Y710
G1 X822 Y710
G1 X823 Y710
G1 X822 Y711
G1 X821 Y711
G1 X820 Y711
G1 X819 Y711
M5; lift marker up
G4 P0.08
G0 X803 Y699
M3 S1000;put marker down
G4 P0.2
G1 X801 Y702
G1 X797 Y704
G1 X797 Y703
G1 X798 Y703
G1 X799 Y703
G1 X800 Y702
G1 X801 Y701
G1 X802 Y700
G1 X802 Y699
G1 X803 Y698
G1 X803 Y697
G1 X803 Y696
G1 X804 Y695
G1 X804 Y694
G1 X803 Y693
G1 X802 Y693
G1 X801 Y693
G1 X800 Y693
G1 X799 Y693
G1 X798 Y694
G1 X799 Y694
G1 X798 Y695
G1 X797 Y695
G1 X796 Y696
G1 X797 Y696
G1 X796 Y697
G1 X795 Y698
G1 X796 Y698
G1 X795 Y699
G1 X795 Y700
G1 X795 Y701
G1 X795 Y702
G1 X795 Y703
G1 X796 Y704
G1 X797 Y705
G1 X797 Y706
G1 X798 Y707
G1 X798 Y708
G1 X798 Y709
G1 X798 Y710
G1 X798 Y711
G1 X798 Y712
G1 X798 Y713
G1 X799 Y714
M5; lift marker up
G4 P0.08
G0 X785 Y697
M3 S1000;put marker down
G4 P0.2
G1 X780 Y699
G1 X781 Y698
G1 X782 Y697
G1 X783 Y697
G1 X784 Y697
G1 X785 Y698
G1 X785 Y699
G1 X785 Y700
G1 X784 Y701
M5; lift marker up
G4 P0.08
G0 X777 Y697
M3 S1000;put marker down
G4 P0.2
G1 X777 Y696
G1 X777 Y695
G1 X778 Y694
G1 X778 Y693
G1 X778 Y692
G1 X778 Y691
G1 X779 Y690
G1 X779 Y689
G1 X779 Y688
G1 X779 Y687
G1 X779 Y686
G1 X780 Y685
G1 X780 Y684
G1 X780 Y683
G1 X781 Y682
G1 X782 Y681
M5; lift marker up
G4 P0.08
G0 X764 Y681
M3 S1000;put marker down
G4 P0.2
G1 X764 Y682
G1 X764 Y683
G1 X764 Y684
G1 X764 Y685
G1 X764 Y686
G1 X764 Y687
G1 X764 Y688
G1 X764 Y689
G1 X764 Y690
G1 X764 Y691
G1 X763 Y692
G1 X763 Y693
G1 X763 Y694
G1 X764 Y695
G1 X764 Y696
G1 X764 Y697
G1 X764 Y698
G1 X764 Y699
G1 X762 Y708
G1 X762 Y707
G1 X762 Y706
G1 X762 Y705
G1 X762 Y704
G1 X762 Y703
G1 X762 Y702
G1 X762 Y701
G1 X763 Y700
G1 X764 Y700
G1 X765 Y701
G1 X766 Y702
G1 X766 Y703
G1 X767 Y704
G1 X766 Y704
G1 X767 Y705
G1 X768 Y706
G1 X769 Y707
G1 X770 Y707
G1 X771 Y707
G1 X772 Y706
G1 X773 Y705
G1 X774 Y704
G1 X774 Y703
G1 X775 Y702
G1 X775 Y701
G1 X776 Y700
G1 X777 Y699
G1 X778 Y700
G1 X779 Y701
G1 X779 Y702
G1 X779 Y703
G1 X779 Y704
G1 X779 Y705
G1 X779 Y706
G1 X779 Y707
G1 X779 Y708
G1 X779 Y709
G1 X780 Y710
G1 X780 Y711
G1 X781 Y712
G1 X782 Y713
G1 X783 Y714
G1 X784 Y714
G1 X785 Y715
G1 X786 Y715
G1 X787 Y715
G1 X788 Y715
G1 X789 Y715
G1 X790 Y715
G1 X791 Y714
M5; lift marker up
G4 P0.08
G0 X743 Y695
M3 S1000;put marker down
G4 P0.2
G1 X742 Y695
G1 X741 Y695
G1 X739 Y695
G1 X740 Y695
G1 X739 Y696
G1 X738 Y696
G1 X737 Y696
G1 X736 Y696
G1 X735 Y696
G1 X734 Y696
G1 X733 Y696
G1 X732 Y696
G1 X731 Y696
G1 X730 Y696
G1 X729 Y696
G1 X728 Y696
G1 X727 Y696
G1 X726 Y696
M5; lift marker up
G4 P0.08
G0 X696 Y682
M3 S1000;put marker down
G4 P0.2
G1 X696 Y683
G1 X695 Y684
G1 X695 Y685
G1 X694 Y686
G1 X693 Y687
G1 X693 Y688
G1 X692 Y689
G1 X692 Y690
G1 X692 Y691
G1 X692 Y693
G1 X692 Y692
G1 X693 Y693
G1 X694 Y693
G1 X695 Y693
G1 X696 Y693
G1 X697 Y693
G1 X698 Y692
G1 X699 Y692
G1 X700 Y692
G1 X701 Y692
G1 X702 Y692
G1 X703 Y692
G1 X704 Y693
G1 X705 Y694
G1 X705 Y695
G1 X705 Y696
G1 X705 Y697
G1 X705 Y698
G1 X705 Y699
G1 X705 Y700
G1 X704 Y701
M5; lift marker up
G4 P0.08
G0 X681 Y686
M3 S1000;put marker down
G4 P0.2
G1 X685 Y686
G1 X685 Y687
G1 X684 Y688
G1 X684 Y689
G1 X683 Y690
G1 X683 Y691
G1 X682 Y691
G1 X680 Y692
G1 X681 Y692
G1 X680 Y693
G1 X679 Y693
G1 X678 Y694
G1 X677 Y694
G1 X676 Y694
G1 X676 Y693
G1 X676 Y692
G1 X676 Y691
G1 X676 Y690
G1 X677 Y689
G1 X678 Y688
G1 X679 Y687
G1 X680 Y686
G1 X681 Y685
G1 X682 Y685
G1 X683 Y685
G1 X684 Y685
G1 X685 Y685
G1 X686 Y685
G1 X687 Y685
M5; lift marker up
G4 P0.08
G0 X672 Y687
M3 S1000;put marker down
G4 P0.2
G1 X672 Y688
G1 X671 Y689
G1 X671 Y690
G1 X670 Y690
G1 X669 Y691
G1 X670 Y691
G1 X669 Y692
G1 X668 Y693
G1 X669 Y693
G1 X668 Y694
G1 X667 Y695
G1 X668 Y695
G1 X667 Y696
G1 X667 Y697
G1 X667 Y698
M5; lift marker up
G4 P0.08
G0 X651 Y685
M3 S1000;put marker down
G4 P0.2
G1 X644 Y686
G1 X645 Y686
G1 X646 Y686
G1 X647 Y685
G1 X648 Y685
G1 X649 Y685
G1 X650 Y685
G1 X651 Y686
G1 X651 Y687
G1 X651 Y688
G1 X651 Y689
G1 X651 Y690
G1 X651 Y691
G1 X650 Y692
G1 X650 Y693
G1 X649 Y694
G1 X650 Y694
G1 X649 Y695
G1 X649 Y696
M5; lift marker up
G4 P0.08
G0 X645 Y678
M3 S1000;put marker down
G4 P0.2
G1 X644 Y678
G1 X642 Y679
G1 X643 Y679
G1 X642 Y680
G1 X641 Y680
G1 X640 Y681
G1 X641 Y681
G1 X640 Y682
G1 X639 Y683
G1 X638 Y684
G1 X639 Y684
G1 X638 Y685
G1 X637 Y686
G1 X636 Y687
G1 X637 Y687
G1 X636 Y688
G1 X635 Y689
G1 X635 Y690
G1 X634 Y691
G1 X634 Y692
G1 X634 Y693
G1 X634 Y694
G1 X633 Y695
G1 X634 Y696
M5; lift marker up
G4 P0.08
G0 X631 Y688
M3 S1000;put marker down
G4 P0.2
G1 X630 Y689
G1 X630 Y690
G1 X629 Y690
G1 X628 Y691
G1 X629 Y691
G1 X628 Y692
G1 X627 Y693
G1 X626 Y694
M5; lift marker up
G4 P0.08
G0 X613 Y691
M3 S1000;put marker down
G4 P0.2
G1 X612 Y693
G1 X611 Y694
G1 X610 Y696
G1 X609 Y697
G1 X608 Y698
G1 X606 Y699
G1 X607 Y698
G1 X608 Y697
G1 X609 Y696
G1 X610 Y695
G1 X610 Y694
G1 X611 Y693
G1 X612 Y692
G1 X612 Y691
G1 X613 Y690
G1 X614 Y689
G1 X614 Y688
G1 X615 Y687
G1 X615 Y686
G1 X616 Y685
G1 X616 Y684
G1 X616 Y683
G1 X617 Y682
G1 X617 Y681
G1 X616 Y680
G1 X615 Y679
G1 X614 Y679
G1 X613 Y679
G1 X612 Y679
G1 X611 Y679
G1 X609 Y680
G1 X610 Y680
G1 X609 Y681
G1 X608 Y682
G1 X608 Y683
G1 X608 Y684
G1 X607 Y685
G1 X608 Y685
G1 X607 Y686
G1 X606 Y687
G1 X607 Y687
G1 X606 Y688
G1 X606 Y689
G1 X606 Y690
G1 X605 Y691
G1 X605 Y692
G1 X604 Y693
G1 X605 Y693
G1 X604 Y694
G1 X604 Y695
G1 X604 Y696
G1 X604 Y697
G1 X604 Y699
G1 X604 Y698
G1 X605 Y699
G1 X604 Y700
G1 X603 Y700
G1 X602 Y701
G1 X602 Y702
G1 X601 Y703
G1 X601 Y704
G1 X601 Y705
G1 X600 Y706
G1 X600 Y707
G1 X600 Y708
G1 X599 Y709
G1 X599 Y710
G1 X599 Y711
G1 X598 Y712
G1 X599 Y712
G1 X598 Y713
G1 X598 Y714
G1 X597 Y715
G1 X598 Y715
G1 X597 Y716
G1 X597 Y717
G1 X597 Y718
G1 X596 Y718
G1 X595 Y719
G1 X596 Y719
G1 X595 Y720
G1 X594 Y720
G1 X593 Y720
G1 X593 Y719
G1 X593 Y718
G1 X593 Y717
G1 X593 Y716
G1 X593 Y715
G1 X593 Y714
G1 X593 Y713
G1 X593 Y712
G1 X594 Y711
G1 X594 Y710
G1 X594 Y709
G1 X595 Y708
G1 X595 Y707
G1 X595 Y706
G1 X596 Y705
G1 X596 Y704
G1 X597 Y703
G1 X597 Y702
G1 X597 Y701
G1 X597 Y700
G1 X598 Y699
G1 X598 Y698
G1 X599 Y697
G1 X599 Y696
G1 X599 Y695
G1 X600 Y694
G1 X601 Y693
G1 X601 Y692
M5; lift marker up
G4 P0.08
G0 X597 Y684
M3 S1000;put marker down
G4 P0.2
G1 X594 Y688
G1 X595 Y687
G1 X596 Y686
G1 X596 Y685
G1 X596 Y684
G1 X597 Y683
G1 X597 Y682
G1 X598 Y681
G1 X598 Y680
G1 X599 Y679
G1 X599 Y678
G1 X599 Y677
G1 X598 Y676
G1 X597 Y677
G1 X595 Y677
G1 X596 Y677
G1 X595 Y678
G1 X594 Y679
G1 X593 Y680
G1 X593 Y681
G1 X592 Y682
G1 X592 Y683
G1 X592 Y684
G1 X592 Y685
G1 X592 Y686
G1 X592 Y688
G1 X592 Y687
G1 X593 Y688
G1 X592 Y689
G1 X591 Y690
G1 X591 Y691
G1 X590 Y692
G1 X591 Y692
G1 X590 Y693
G1 X589 Y694
G1 X590 Y694
G1 X589 Y695
G1 X588 Y696
G1 X589 Y696
G1 X588 Y697
G1 X588 Y698
G1 X587 Y699
G1 X588 Y699
G1 X587 Y700
G1 X586 Y701
G1 X586 Y702
G1 X585 Y703
G1 X585 Y704
G1 X585 Y705
G1 X584 Y706
G1 X584 Y707
G1 X584 Y708
G1 X583 Y709
G1 X583 Y710
G1 X583 Y711
G1 X582 Y712
G1 X582 Y713
G1 X582 Y714
G1 X582 Y715
G1 X582 Y716
G1 X581 Y717
M5; lift marker up
G4 P0.08
G0 X589 Y669
M3 S1000;put marker down
G4 P0.2
G1 X589 Y670
G1 X588 Y671
G1 X589 Y671
G1 X588 Y672
G1 X587 Y673
G1 X588 Y673
G1 X587 Y674
G1 X586 Y675
G1 X587 Y675
G1 X586 Y676
G1 X586 Y677
G1 X586 Y678
G1 X585 Y679
G1 X585 Y680
G1 X584 Y681
G1 X581 Y681
G1 X582 Y681
G1 X583 Y681
G1 X584 Y682
G1 X584 Y683
G1 X584 Y684
G1 X584 Y685
G1 X583 Y686
G1 X583 Y687
G1 X582 Y688
G1 X583 Y688
G1 X582 Y689
G1 X582 Y690
G1 X582 Y691
G1 X581 Y692
G1 X581 Y693
M5; lift marker up
G4 P0.08
G0 X593 Y660
M3 S1000;put marker down
G4 P0.2
G1 X592 Y660
G1 X591 Y661
G1 X590 Y662
G1 X589 Y663
G1 X588 Y664
G1 X587 Y665
G1 X586 Y666
G1 X587 Y666
G1 X586 Y667
G1 X585 Y667
G1 X584 Y668
G1 X585 Y668
G1 X584 Y669
G1 X584 Y670
G1 X583 Y670
G1 X582 Y671
G1 X583 Y671
G1 X582 Y672
G1 X581 Y673
G1 X580 Y674
G1 X581 Y674
G1 X580 Y675
G1 X580 Y676
G1 X579 Y676
G1 X578 Y677
G1 X579 Y677
G1 X578 Y678
G1 X578 Y679
G1 X578 Y681
G1 X578 Y680
G1 X579 Y681
G1 X578 Y682
G1 X577 Y682
G1 X576 Y683
G1 X575 Y683
G1 X574 Y684
G1 X574 Y685
G1 X574 Y686
G1 X573 Y687
G1 X573 Y688
G1 X573 Y689
G1 X572 Y690
G1 X572 Y691
G1 X571 Y692
G1 X571 Y693
G1 X571 Y694
G1 X570 Y695
G1 X570 Y696
G1 X569 Y697
G1 X569 Y698
M5; lift marker up
G4 P0.08
G0 X529 Y682
M3 S1000;put marker down
G4 P0.2
G1 X528 Y686
G1 X528 Y685
G1 X528 Y684
G1 X528 Y683
G1 X528 Y682
G1 X529 Y681
G1 X529 Y680
G1 X529 Y679
G1 X530 Y678
G1 X530 Y677
G1 X530 Y676
G1 X530 Y675
G1 X531 Y674
G1 X531 Y673
G1 X531 Y672
G1 X531 Y671
G1 X532 Y670
G1 X532 Y669
G1 X532 Y668
G1 X532 Y667
G1 X531 Y666
G1 X530 Y666
G1 X529 Y666
G1 X528 Y666
G1 X527 Y666
G1 X526 Y667
G1 X527 Y667
G1 X526 Y668
G1 X526 Y669
G1 X525 Y670
G1 X526 Y670
G1 X525 Y671
G1 X524 Y671
G1 X523 Y671
G1 X522 Y672
G1 X521 Y673
G1 X520 Y673
G1 X519 Y674
G1 X520 Y674
G1 X519 Y675
G1 X518 Y676
G1 X517 Y677
G1 X516 Y678
G1 X515 Y679
G1 X514 Y679
G1 X513 Y674
G1 X512 Y675
G1 X512 Y676
G1 X512 Y677
G1 X512 Y679
G1 X512 Y678
G1 X513 Y679
G1 X512 Y680
G1 X512 Y681
G1 X511 Y682
G1 X511 Y683
G1 X510 Y684
G1 X511 Y684
G1 X510 Y685
G1 X509 Y686
G1 X509 Y687
G1 X509 Y688
G1 X508 Y689
M5; lift marker up
G4 P0.08
G0 X506 Y676
M3 S1000;put marker down
G4 P0.2
G1 X505 Y677
G1 X505 Y678
G1 X504 Y679
G1 X503 Y680
G1 X503 Y681
G1 X502 Y682
G1 X501 Y683
G1 X501 Y684
G1 X500 Y685
G1 X499 Y686
G1 X500 Y686
G1 X499 Y687
G1 X498 Y688
M5; lift marker up
G4 P0.08
G0 X504 Y659
M3 S1000;put marker down
G4 P0.2
G1 X504 Y660
G1 X503 Y661
G1 X504 Y661
G1 X503 Y662
G1 X502 Y663
G1 X503 Y663
G1 X502 Y664
G1 X501 Y665
G1 X502 Y665
G1 X501 Y666
G1 X500 Y667
G1 X500 Y668
G1 X499 Y669
G1 X499 Y670
G1 X498 Y671
G1 X498 Y672
G1 X497 Y673
G1 X497 Y674
G1 X496 Y675
G1 X496 Y676
G1 X495 Y677
G1 X494 Y678
G1 X494 Y679
G1 X493 Y680
G1 X492 Y681
G1 X492 Y682
G1 X491 Y683
G1 X490 Y684
G1 X489 Y685
G1 X490 Y685
G1 X489 Y686
G1 X488 Y686
G1 X487 Y687
G1 X486 Y687
G1 X485 Y687
G1 X484 Y687
G1 X484 Y686
G1 X483 Y685
G1 X483 Y684
G1 X483 Y683
G1 X483 Y682
G1 X483 Y681
G1 X483 Y680
G1 X483 Y679
G1 X483 Y678
G1 X483 Y677
G1 X483 Y676
G1 X483 Y675
G1 X483 Y674
G1 X483 Y673
G1 X483 Y672
G1 X483 Y671
G1 X483 Y670
G1 X483 Y669
G1 X483 Y668
G1 X483 Y667
G1 X483 Y666
G1 X483 Y665
G1 X482 Y664
G1 X481 Y664
G1 X480 Y664
G1 X479 Y665
G1 X480 Y665
G1 X479 Y666
G1 X479 Y667
G1 X478 Y668
G1 X478 Y669
G1 X478 Y670
G1 X478 Y671
G1 X478 Y672
G1 X478 Y673
G1 X478 Y674
G1 X478 Y675
G1 X478 Y676
G1 X477 Y677
G1 X477 Y678
G1 X477 Y679
G1 X477 Y680
G1 X477 Y681
G1 X477 Y682
G1 X477 Y683
G1 X477 Y684
G1 X477 Y685
G1 X477 Y686
G1 X477 Y687
G1 X477 Y688
G1 X477 Y689
G1 X476 Y690
G1 X476 Y691
G1 X476 Y692
M5; lift marker up
G4 P0.08
G0 X454 Y678
M3 S1000;put marker down
G4 P0.2
G1 X453 Y680
G1 X452 Y681
G1 X451 Y681
G1 X452 Y680
G1 X453 Y679
G1 X453 Y678
G1 X454 Y677
G1 X454 Y676
G1 X455 Y675
G1 X455 Y674
G1 X455 Y673
G1 X455 Y672
G1 X455 Y671
G1 X454 Y670
G1 X453 Y670
G1 X452 Y670
G1 X451 Y670
G1 X450 Y671
G1 X451 Y671
G1 X450 Y672
G1 X449 Y673
G1 X449 Y674
G1 X449 Y675
G1 X448 Y676
G1 X448 Y677
G1 X448 Y678
G1 X448 Y679
G1 X448 Y680
G1 X449 Y681
G1 X450 Y681
G1 X449 Y682
G1 X449 Y683
G1 X449 Y684
G1 X449 Y685
G1 X450 Y688
G1 X449 Y687
G1 X446 Y686
G1 X447 Y686
G1 X448 Y686
G1 X449 Y686
G1 X450 Y687
G1 X451 Y688
G1 X452 Y689
M5; lift marker up
G4 P0.08
G0 X438 Y656
M3 S1000;put marker down
G4 P0.2
G1 X438 Y657
G1 X438 Y658
G1 X437 Y659
G1 X438 Y659
G1 X437 Y660
G1 X437 Y661
G1 X437 Y662
G1 X436 Y663
G1 X436 Y664
G1 X436 Y665
G1 X435 Y666
G1 X435 Y667
G1 X435 Y668
G1 X434 Y669
G1 X434 Y670
G1 X433 Y671
G1 X433 Y672
G1 X433 Y673
G1 X432 Y674
G1 X432 Y675
G1 X432 Y676
G1 X431 Y677
G1 X431 Y678
G1 X430 Y679
G1 X431 Y679
G1 X430 Y680
G1 X430 Y681
G1 X430 Y682
G1 X430 Y684
G1 X430 Y683
G1 X431 Y684
G1 X432 Y684
G1 X433 Y684
G1 X434 Y684
G1 X435 Y684
G1 X436 Y684
G1 X437 Y683
G1 X438 Y683
G1 X439 Y683
G1 X440 Y683
G1 X441 Y684
G1 X442 Y685
G1 X443 Y686
G1 X444 Y686
G1 X443 Y687
G1 X443 Y688
G1 X443 Y689
G1 X443 Y690
G1 X443 Y691
G1 X443 Y692
M5; lift marker up
G4 P0.08
G0 X427 Y656
M3 S1000;put marker down
G4 P0.2
G1 X426 Y657
G1 X426 Y658
G1 X425 Y659
G1 X426 Y659
G1 X425 Y660
G1 X425 Y661
G1 X425 Y662
G1 X425 Y663
G1 X425 Y664
G1 X425 Y665
G1 X425 Y666
G1 X425 Y667
G1 X425 Y668
G1 X425 Y669
G1 X425 Y670
G1 X425 Y671
G1 X420 Y672
G1 X421 Y672
G1 X422 Y672
G1 X423 Y672
G1 X424 Y672
G1 X425 Y673
G1 X425 Y674
G1 X425 Y675
G1 X425 Y676
G1 X425 Y677
G1 X425 Y678
G1 X424 Y679
G1 X424 Y680
G1 X424 Y681
G1 X424 Y682
G1 X424 Y683
G1 X424 Y684
G1 X424 Y685
G1 X424 Y686
G1 X424 Y687
G1 X424 Y688
G1 X424 Y689
G1 X424 Y690
G1 X424 Y691
G1 X423 Y692
M5; lift marker up
G4 P0.08
G0 X386 Y679
M3 S1000;put marker down
G4 P0.2
G1 X385 Y680
G1 X383 Y682
G1 X384 Y681
G1 X384 Y680
G1 X385 Y679
G1 X386 Y678
G1 X387 Y678
G1 X388 Y677
G1 X389 Y677
G1 X390 Y676
G1 X391 Y675
G1 X392 Y675
G1 X393 Y675
G1 X394 Y675
G1 X395 Y675
G1 X396 Y675
M5; lift marker up
G4 P0.08
G0 X386 Y661
M3 S1000;put marker down
G4 P0.2
G1 X385 Y662
G1 X385 Y663
G1 X384 Y664
G1 X384 Y665
G1 X383 Y666
G1 X383 Y667
G1 X383 Y668
G1 X382 Y669
G1 X382 Y670
G1 X382 Y671
G1 X381 Y672
G1 X381 Y673
G1 X381 Y674
G1 X380 Y675
G1 X380 Y676
G1 X380 Y677
G1 X379 Y678
G1 X379 Y679
G1 X379 Y680
G1 X379 Y681
G1 X379 Y682
G1 X379 Y683
G1 X379 Y685
G1 X379 Y684
G1 X380 Y685
G1 X381 Y685
G1 X382 Y685
G1 X383 Y684
G1 X384 Y685
G1 X385 Y685
G1 X386 Y686
G1 X387 Y687
G1 X388 Y687
G1 X389 Y687
G1 X390 Y688
G1 X391 Y688
G1 X392 Y688
M5; lift marker up
G4 P0.08
G0 X375 Y675
M3 S1000;put marker down
G4 P0.2
G1 X374 Y674
G1 X373 Y674
G1 X372 Y673
G1 X371 Y674
G1 X370 Y674
G1 X369 Y674
G1 X368 Y675
G1 X369 Y675
G1 X368 Y676
G1 X367 Y677
G1 X366 Y678
G1 X365 Y678
G1 X364 Y678
G1 X359 Y679
G1 X357 Y680
G1 X356 Y681
G1 X353 Y676
G1 X352 Y676
G1 X351 Y676
G1 X350 Y677
G1 X349 Y678
G1 X350 Y678
G1 X349 Y679
G1 X349 Y680
G1 X349 Y681
G1 X348 Y682
G1 X349 Y683
G1 X350 Y683
G1 X351 Y683
G1 X352 Y682
G1 X353 Y682
G1 X354 Y681
G1 X355 Y681
G1 X356 Y680
G1 X357 Y679
G1 X358 Y679
G1 X359 Y678
G1 X360 Y678
G1 X361 Y678
G1 X362 Y678
G1 X363 Y678
G1 X364 Y679
G1 X364 Y680
G1 X364 Y681
G1 X364 Y682
G1 X364 Y683
G1 X364 Y684
G1 X364 Y685
G1 X364 Y686
G1 X364 Y687
G1 X365 Y688
G1 X366 Y688
G1 X367 Y689
G1 X368 Y689
G1 X369 Y689
G1 X370 Y688
G1 X371 Y687
G1 X372 Y687
M5; lift marker up
G4 P0.08
G0 X340 Y676
M3 S1000;put marker down
G4 P0.2
G1 X340 Y675
G1 X340 Y674
G1 X340 Y673
G1 X340 Y672
G1 X340 Y671
G1 X340 Y670
G1 X340 Y669
G1 X340 Y668
G1 X340 Y667
G1 X340 Y666
G1 X340 Y665
G1 X341 Y664
G1 X341 Y663
G1 X341 Y662
G1 X341 Y661
G1 X341 Y660
G1 X341 Y659
G1 X341 Y658
G1 X341 Y657
G1 X340 Y656
G1 X340 Y655
G1 X340 Y654
G1 X340 Y653
G1 X341 Y652
M5; lift marker up
G4 P0.08
G0 X327 Y657
M3 S1000;put marker down
G4 P0.2
G1 X327 Y658
G1 X327 Y659
G1 X326 Y660
G1 X326 Y661
G1 X326 Y662
G1 X326 Y663
G1 X326 Y664
G1 X326 Y665
G1 X326 Y666
G1 X326 Y667
G1 X326 Y668
G1 X326 Y669
G1 X326 Y670
G1 X326 Y671
G1 X326 Y672
G1 X326 Y673
G1 X326 Y674
G1 X326 Y675
G1 X327 Y676
G1 X327 Y677
G1 X327 Y678
G1 X327 Y680
G1 X327 Y679
G1 X328 Y680
G1 X327 Y681
G1 X321 Y681
G1 X322 Y681
G1 X323 Y681
G1 X324 Y681
G1 X325 Y681
G1 X326 Y681
G1 X327 Y682
G1 X327 Y683
G1 X327 Y684
G1 X327 Y685
G1 X327 Y686
G1 X326 Y687
G1 X326 Y688
G1 X326 Y689
G1 X326 Y690
G1 X326 Y691
G1 X326 Y692
M5; lift marker up
G4 P0.08
G0 X330 Y680
M3 S1000;put marker down
G4 P0.2
G1 X331 Y680
G1 X332 Y679
G1 X333 Y679
G1 X334 Y679
G1 X335 Y678
G1 X336 Y678
G1 X337 Y678
G1 X338 Y678
G1 X339 Y678
G1 X340 Y679
G1 X340 Y680
G1 X339 Y681
G1 X339 Y682
G1 X339 Y683
G1 X339 Y684
G1 X339 Y685
G1 X339 Y686
G1 X339 Y687
G1 X339 Y688
G1 X339 Y689
M5; lift marker up
G4 P0.08
G0 X329 Y573
M3 S1000;put marker down
G4 P0.2
G1 X330 Y573
G1 X331 Y573
G1 X332 Y572
G1 X333 Y572
G1 X334 Y572
G1 X335 Y571
M5; lift marker up
G4 P0.08
G0 X329 Y553
M3 S1000;put marker down
G4 P0.2
G1 X330 Y553
G1 X331 Y553
G1 X332 Y554
G1 X333 Y554
G1 X334 Y554
G1 X335 Y554
G1 X336 Y554
M5; lift marker up
G4 P0.08
G0 X350 Y555
M3 S1000;put marker down
G4 P0.2
G1 X351 Y556
G1 X352 Y556
G1 X353 Y557
G1 X354 Y557
G1 X355 Y557
G1 X356 Y557
G1 X357 Y557
G1 X358 Y557
M5; lift marker up
G4 P0.08
G0 X363 Y542
M3 S1000;put marker down
G4 P0.2
G1 X362 Y542
G1 X361 Y542
G1 X360 Y542
G1 X359 Y543
G1 X358 Y543
G1 X357 Y543
G1 X356 Y543
G1 X354 Y543
G1 X355 Y543
G1 X354 Y544
G1 X353 Y544
G1 X351 Y544
G1 X352 Y544
G1 X351 Y545
G1 X350 Y545
G1 X349 Y546
G1 X349 Y547
G1 X348 Y548
G1 X347 Y549
G1 X348 Y549
G1 X347 Y550
G1 X347 Y551
G1 X347 Y552
G1 X347 Y553
G1 X347 Y554
G1 X348 Y555
G1 X347 Y555
G1 X346 Y556
G1 X346 Y557
G1 X346 Y558
G1 X346 Y559
G1 X346 Y560
G1 X346 Y561
G1 X345 Y562
G1 X345 Y563
G1 X345 Y564
G1 X345 Y565
G1 X345 Y566
G1 X345 Y567
G1 X345 Y568
G1 X345 Y569
G1 X345 Y570
G1 X346 Y571
G1 X346 Y572
G1 X346 Y573
G1 X347 Y574
G1 X348 Y574
G1 X349 Y575
G1 X350 Y575
G1 X351 Y575
G1 X352 Y575
G1 X353 Y575
G1 X354 Y574
G1 X355 Y574
G1 X356 Y574
G1 X357 Y573
M5; lift marker up
G4 P0.08
G0 X380 Y557
M3 S1000;put marker down
G4 P0.2
G1 X377 Y558
G1 X378 Y557
G1 X379 Y557
G1 X380 Y556
G1 X381 Y556
G1 X382 Y556
G1 X383 Y556
G1 X384 Y555
G1 X385 Y555
G1 X386 Y556
G1 X386 Y557
G1 X386 Y558
G1 X386 Y559
G1 X386 Y560
G1 X386 Y561
G1 X386 Y562
G1 X386 Y563
G1 X386 Y564
G1 X386 Y565
G1 X386 Y566
G1 X385 Y567
G1 X385 Y568
G1 X385 Y569
M5; lift marker up
G4 P0.08
G0 X385 Y539
M3 S1000;put marker down
G4 P0.2
G1 X384 Y539
G1 X383 Y540
G1 X382 Y541
G1 X382 Y542
G1 X381 Y543
G1 X381 Y544
G1 X380 Y545
G1 X379 Y546
G1 X379 Y547
G1 X378 Y548
G1 X377 Y549
G1 X378 Y549
G1 X377 Y550
G1 X377 Y551
G1 X376 Y551
G1 X375 Y552
G1 X376 Y552
G1 X375 Y553
G1 X375 Y554
G1 X374 Y555
G1 X374 Y556
G1 X374 Y558
G1 X374 Y557
G1 X375 Y558
G1 X374 Y559
G1 X373 Y560
G1 X374 Y560
G1 X373 Y561
G1 X372 Y562
G1 X373 Y562
G1 X372 Y563
G1 X371 Y564
G1 X371 Y565
G1 X370 Y566
G1 X369 Y567
G1 X369 Y568
G1 X368 Y569
G1 X368 Y570
G1 X368 Y571
M5; lift marker up
G4 P0.08
G0 X338 Y539
M3 S1000;put marker down
G4 P0.2
G1 X337 Y539
G1 X336 Y539
G1 X335 Y539
G1 X334 Y539
G1 X333 Y540
G1 X332 Y540
G1 X331 Y540
G1 X330 Y540
G1 X329 Y540
G1 X327 Y536
G1 X327 Y537
G1 X327 Y538
G1 X327 Y540
G1 X327 Y539
G1 X328 Y540
G1 X327 Y541
G1 X326 Y541
G1 X324 Y541
G1 X325 Y541
G1 X326 Y542
G1 X326 Y543
G1 X326 Y544
G1 X326 Y545
G1 X326 Y546
G1 X326 Y547
G1 X326 Y548
G1 X326 Y549
G1 X326 Y550
G1 X326 Y551
G1 X326 Y553
G1 X326 Y552
G1 X327 Y553
G1 X326 Y554
G1 X325 Y555
G1 X325 Y556
G1 X325 Y557
G1 X325 Y558
G1 X325 Y559
G1 X325 Y560
G1 X325 Y561
G1 X325 Y562
G1 X325 Y563
G1 X325 Y564
G1 X325 Y565
G1 X325 Y566
G1 X325 Y567
G1 X325 Y568
G1 X325 Y569
G1 X325 Y570
G1 X325 Y571
G1 X326 Y572
G1 X327 Y573
G1 X326 Y574
G1 X325 Y575
G1 X324 Y575
G1 X323 Y576
G1 X322 Y576
G1 X321 Y576
G1 X320 Y576
M5; lift marker up
G4 P0.08
G0 X332 Y490
M3 S1000;put marker down
G4 P0.2
G1 X333 Y490
G1 X334 Y490
G1 X335 Y489
G1 X336 Y489
M5; lift marker up
G4 P0.08
G0 X331 Y473
M3 S1000;put marker down
G4 P0.2
G1 X332 Y473
G1 X333 Y473
G1 X334 Y473
G1 X335 Y473
G1 X336 Y472
G1 X337 Y472
G1 X338 Y472
G1 X339 Y472
G1 X340 Y472
M5; lift marker up
G4 P0.08
G0 X340 Y453
M3 S1000;put marker down
G4 P0.2
G1 X339 Y453
G1 X338 Y453
G1 X337 Y453
G1 X336 Y453
G1 X335 Y453
G1 X334 Y453
G1 X333 Y453
G1 X332 Y453
G1 X331 Y453
G1 X330 Y453
G1 X329 Y453
G1 X328 Y454
G1 X329 Y454
G1 X328 Y455
G1 X328 Y456
G1 X328 Y457
G1 X328 Y458
G1 X328 Y459
G1 X329 Y460
G1 X329 Y461
G1 X329 Y462
G1 X329 Y463
G1 X329 Y464
G1 X329 Y465
G1 X329 Y466
G1 X328 Y467
G1 X328 Y468
G1 X328 Y469
G1 X328 Y470
G1 X328 Y471
G1 X328 Y472
G1 X329 Y473
G1 X328 Y473
G1 X329 Y474
G1 X329 Y475
G1 X329 Y476
G1 X329 Y477
G1 X329 Y478
G1 X329 Y479
G1 X329 Y480
G1 X329 Y481
G1 X329 Y482
G1 X329 Y483
G1 X329 Y484
G1 X329 Y485
G1 X329 Y486
G1 X329 Y487
G1 X329 Y488
G1 X329 Y490
G1 X329 Y489
G1 X330 Y490
G1 X329 Y491
G1 X328 Y492
G1 X329 Y492
G1 X328 Y493
G1 X327 Y493
G1 X326 Y493
G1 X325 Y493
M5; lift marker up
G4 P0.08
G0 X358 Y457
M3 S1000;put marker down
G4 P0.2
G1 X357 Y457
G1 X356 Y457
G1 X355 Y457
G1 X354 Y457
G1 X353 Y457
G1 X352 Y458
G1 X351 Y459
G1 X350 Y460
G1 X349 Y461
G1 X348 Y462
G1 X348 Y463
G1 X347 Y464
G1 X347 Y465
G1 X347 Y466
G1 X347 Y467
G1 X347 Y468
G1 X346 Y469
G1 X346 Y470
G1 X346 Y471
G1 X346 Y472
G1 X346 Y473
G1 X347 Y474
G1 X347 Y475
G1 X347 Y476
G1 X347 Y477
G1 X348 Y478
G1 X349 Y479
G1 X350 Y480
G1 X351 Y480
G1 X352 Y480
G1 X353 Y481
M5; lift marker up
G4 P0.08
G0 X374 Y451
M3 S1000;put marker down
G4 P0.2
G1 X373 Y451
G1 X372 Y451
G1 X371 Y451
G1 X370 Y452
G1 X370 Y453
G1 X369 Y454
G1 X369 Y455
G1 X368 Y456
G1 X368 Y457
G1 X368 Y458
G1 X367 Y459
G1 X367 Y460
G1 X367 Y461
G1 X367 Y462
G1 X366 Y463
G1 X366 Y464
G1 X366 Y465
G1 X366 Y466
G1 X366 Y467
G1 X365 Y468
G1 X365 Y469
G1 X365 Y470
G1 X365 Y471
G1 X365 Y472
G1 X365 Y473
G1 X365 Y474
G1 X366 Y475
G1 X367 Y475
G1 X368 Y475
G1 X369 Y475
G1 X370 Y474
G1 X371 Y473
G1 X371 Y472
G1 X372 Y471
G1 X372 Y470
G1 X373 Y469
G1 X374 Y468
G1 X374 Y467
G1 X375 Y466
G1 X375 Y465
G1 X376 Y464
G1 X377 Y463
G1 X378 Y462
G1 X379 Y461
G1 X380 Y461
G1 X381 Y460
G1 X382 Y460
G1 X383 Y460
G1 X384 Y460
G1 X385 Y460
G1 X386 Y461
G1 X386 Y462
G1 X386 Y463
G1 X386 Y464
G1 X386 Y465
G1 X386 Y466
G1 X385 Y467
G1 X384 Y468
G1 X383 Y469
G1 X384 Y469
G1 X383 Y470
G1 X382 Y471
G1 X381 Y472
G1 X380 Y473
G1 X379 Y474
G1 X380 Y474
G1 X379 Y475
G1 X379 Y476
G1 X379 Y477
G1 X379 Y478
M5; lift marker up
G4 P0.08
G0 X418 Y463
M3 S1000;put marker down
G4 P0.2
G1 X417 Y464
G1 X414 Y465
G1 X415 Y465
G1 X416 Y464
G1 X417 Y463
G1 X418 Y462
G1 X419 Y461
G1 X420 Y460
G1 X421 Y459
G1 X422 Y458
G1 X423 Y457
G1 X424 Y456
G1 X425 Y455
G1 X425 Y454
G1 X426 Y453
G1 X427 Y452
G1 X427 Y451
G1 X428 Y450
G1 X428 Y449
G1 X428 Y448
G1 X428 Y447
G1 X427 Y446
G1 X427 Y445
G1 X426 Y444
G1 X425 Y443
G1 X424 Y442
G1 X421 Y439
G1 X422 Y440
G1 X423 Y441
G1 X422 Y441
G1 X421 Y440
G1 X420 Y439
G1 X419 Y439
G1 X418 Y439
G1 X417 Y440
G1 X416 Y441
G1 X416 Y442
G1 X416 Y443
G1 X415 Y444
G1 X415 Y445
G1 X415 Y446
G1 X415 Y447
G1 X414 Y448
G1 X414 Y449
G1 X414 Y450
G1 X414 Y451
G1 X414 Y452
G1 X413 Y453
G1 X413 Y454
G1 X413 Y455
G1 X412 Y456
G1 X412 Y457
G1 X412 Y458
G1 X412 Y459
G1 X412 Y460
G1 X411 Y461
G1 X411 Y462
G1 X411 Y463
G1 X411 Y464
G1 X412 Y465
G1 X413 Y465
G1 X412 Y466
G1 X412 Y467
G1 X411 Y468
G1 X411 Y469
G1 X411 Y470
G1 X411 Y471
G1 X413 Y478
G1 X414 Y478
G1 X413 Y479
G1 X412 Y479
G1 X411 Y479
G1 X410 Y479
G1 X409 Y479
G1 X408 Y479
G1 X407 Y479
G1 X407 Y478
G1 X407 Y477
G1 X407 Y476
G1 X407 Y475
G1 X407 Y474
G1 X408 Y473
G1 X409 Y472
G1 X410 Y472
G1 X411 Y472
G1 X412 Y473
G1 X413 Y474
G1 X413 Y475
G1 X413 Y476
G1 X414 Y477
G1 X415 Y478
G1 X416 Y478
G1 X417 Y478
G1 X418 Y478
G1 X419 Y478
G1 X420 Y479
M5; lift marker up
G4 P0.08
G0 X423 Y475
M3 S1000;put marker down
G4 P0.2
G1 X420 Y476
G1 X421 Y475
G1 X422 Y475
G1 X423 Y474
G1 X424 Y474
G1 X425 Y474
M5; lift marker up
G4 P0.08
G0 X446 Y467
M3 S1000;put marker down
G4 P0.2
G1 X447 Y467
G1 X448 Y467
G1 X449 Y467
G1 X450 Y467
G1 X451 Y467
G1 X452 Y467
G1 X453 Y467
G1 X454 Y467
G1 X455 Y467
G1 X456 Y467
M5; lift marker up
G4 P0.08
G0 X464 Y475
M3 S1000;put marker down
G4 P0.2
G1 X464 Y474
G1 X464 Y473
G1 X464 Y472
G1 X464 Y471
G1 X464 Y470
G1 X464 Y469
G1 X464 Y468
G1 X464 Y467
G1 X464 Y466
G1 X464 Y465
G1 X465 Y464
G1 X465 Y463
G1 X465 Y462
G1 X465 Y461
G1 X465 Y460
G1 X465 Y459
G1 X465 Y458
G1 X465 Y457
G1 X465 Y456
G1 X465 Y455
G1 X466 Y454
G1 X466 Y453
G1 X466 Y452
G1 X467 Y451
G1 X468 Y451
G1 X469 Y450
G1 X470 Y450
G1 X471 Y451
G1 X471 Y452
G1 X470 Y453
G1 X470 Y454
G1 X470 Y455
G1 X470 Y456
G1 X470 Y457
G1 X470 Y459
G1 X470 Y458
G1 X471 Y459
G1 X472 Y459
G1 X473 Y459
G1 X474 Y458
G1 X475 Y457
G1 X476 Y456
G1 X477 Y455
G1 X478 Y454
G1 X479 Y453
G1 X480 Y452
G1 X480 Y451
G1 X481 Y450
G1 X482 Y450
G1 X483 Y450
G1 X484 Y449
G1 X485 Y450
G1 X485 Y451
G1 X485 Y452
G1 X485 Y453
G1 X484 Y454
G1 X485 Y454
G1 X484 Y455
G1 X484 Y456
G1 X483 Y457
G1 X484 Y457
G1 X483 Y458
G1 X483 Y459
G1 X483 Y460
G1 X482 Y461
G1 X482 Y462
G1 X482 Y463
G1 X481 Y464
G1 X481 Y465
G1 X481 Y466
G1 X480 Y467
G1 X480 Y468
G1 X480 Y469
G1 X479 Y470
G1 X479 Y471
G1 X479 Y472
G1 X479 Y473
G1 X478 Y474
G1 X478 Y475
G1 X478 Y476
G1 X478 Y477
M5; lift marker up
G4 P0.08
G0 X510 Y443
M3 S1000;put marker down
G4 P0.2
G1 X509 Y443
G1 X508 Y443
G1 X506 Y443
G1 X507 Y443
G1 X506 Y444
G1 X505 Y444
G1 X504 Y445
G1 X505 Y445
G1 X504 Y446
G1 X503 Y446
G1 X502 Y447
G1 X503 Y447
G1 X502 Y448
G1 X501 Y449
G1 X501 Y450
G1 X500 Y451
G1 X499 Y452
G1 X500 Y452
G1 X499 Y453
G1 X498 Y454
G1 X499 Y454
G1 X498 Y455
G1 X497 Y456
G1 X498 Y456
G1 X497 Y457
G1 X497 Y458
G1 X496 Y459
G1 X496 Y460
G1 X495 Y461
G1 X496 Y461
G1 X495 Y462
G1 X494 Y463
G1 X495 Y463
G1 X494 Y464
G1 X494 Y465
G1 X493 Y466
G1 X494 Y466
G1 X493 Y467
G1 X493 Y468
G1 X493 Y469
G1 X493 Y470
G1 X493 Y472
G1 X493 Y471
G1 X494 Y472
G1 X495 Y472
G1 X496 Y472
G1 X497 Y471
G1 X498 Y470
G1 X499 Y469
G1 X500 Y468
G1 X501 Y467
G1 X502 Y466
G1 X503 Y465
G1 X504 Y464
G1 X505 Y463
G1 X506 Y463
G1 X507 Y463
G1 X508 Y463
G1 X509 Y463
G1 X510 Y464
G1 X510 Y465
G1 X510 Y466
G1 X509 Y467
G1 X509 Y468
G1 X509 Y469
G1 X508 Y469
G1 X507 Y470
G1 X508 Y470
G1 X507 Y471
G1 X506 Y472
G1 X505 Y473
G1 X506 Y473
G1 X505 Y474
G1 X504 Y475
G1 X504 Y476
G1 X504 Y477
G1 X503 Y478
G1 X503 Y479
G1 X503 Y480
M5; lift marker up
G4 P0.08
G0 X547 Y451
M3 S1000;put marker down
G4 P0.2
G1 X544 Y452
G1 X545 Y452
G1 X546 Y451
G1 X547 Y450
G1 X548 Y449
G1 X549 Y448
G1 X549 Y447
G1 X550 Y446
G1 X551 Y445
G1 X552 Y444
G1 X553 Y443
G1 X554 Y442
G1 X555 Y442
G1 X556 Y442
G1 X557 Y442
G1 X558 Y443
G1 X558 Y444
G1 X557 Y445
G1 X557 Y446
G1 X556 Y447
G1 X556 Y448
G1 X555 Y449
G1 X554 Y450
G1 X553 Y451
G1 X552 Y452
G1 X553 Y452
G1 X552 Y453
G1 X552 Y454
G1 X551 Y455
G1 X551 Y457
G1 X544 Y459
G1 X545 Y459
G1 X546 Y459
G1 X547 Y458
G1 X548 Y458
G1 X549 Y457
G1 X550 Y457
G1 X551 Y456
G1 X552 Y457
G1 X553 Y456
G1 X554 Y456
G1 X555 Y456
G1 X556 Y456
G1 X557 Y457
G1 X558 Y458
G1 X558 Y459
G1 X558 Y460
G1 X558 Y461
G1 X557 Y462
G1 X557 Y463
G1 X557 Y464
G1 X556 Y464
G1 X555 Y465
G1 X556 Y465
G1 X555 Y466
G1 X554 Y467
G1 X553 Y468
G1 X553 Y469
G1 X552 Y469
G1 X551 Y470
G1 X552 Y470
G1 X551 Y471
G1 X550 Y471
G1 X549 Y472
G1 X550 Y472
G1 X549 Y473
G1 X548 Y473
G1 X547 Y473
G1 X546 Y474
G1 X547 Y474
G1 X546 Y475
G1 X545 Y475
G1 X544 Y475
G1 X543 Y476
G1 X542 Y476
G1 X541 Y476
G1 X540 Y476
G1 X540 Y475
G1 X540 Y474
G1 X540 Y473
G1 X540 Y472
G1 X541 Y471
G1 X541 Y470
G1 X541 Y469
G1 X541 Y468
G1 X541 Y467
G1 X541 Y466
G1 X542 Y465
G1 X542 Y464
G1 X542 Y463
G1 X542 Y462
G1 X542 Y461
G1 X543 Y460
G1 X543 Y459
G1 X543 Y458
G1 X544 Y457
G1 X544 Y456
G1 X544 Y455
G1 X544 Y454
G1 X544 Y453
G1 X543 Y452
G1 X543 Y451
G1 X543 Y450
G1 X543 Y449
G1 X543 Y448
G1 X543 Y447
G1 X543 Y446
G1 X543 Y445
G1 X543 Y444
G1 X544 Y443
M5; lift marker up
G4 P0.08
G0 X569 Y461
M3 S1000;put marker down
G4 P0.2
G1 X563 Y466
G1 X568 Y463
G1 X568 Y464
G1 X567 Y465
G1 X567 Y466
G1 X567 Y467
G1 X566 Y468
G1 X565 Y469
G1 X566 Y469
G1 X565 Y470
G1 X564 Y471
G1 X563 Y471
G1 X562 Y471
G1 X561 Y471
G1 X561 Y470
G1 X561 Y469
G1 X561 Y468
G1 X562 Y467
G1 X562 Y466
G1 X563 Y465
G1 X564 Y464
G1 X565 Y463
G1 X566 Y463
G1 X567 Y463
G1 X568 Y462
G1 X568 Y461
G1 X569 Y460
G1 X569 Y459
G1 X569 Y458
G1 X569 Y457
M5; lift marker up
G4 P0.08
G0 X587 Y452
M3 S1000;put marker down
G4 P0.2
G1 X586 Y452
G1 X584 Y453
G1 X585 Y453
G1 X584 Y454
G1 X583 Y454
G1 X582 Y455
G1 X583 Y455
G1 X582 Y456
G1 X581 Y457
G1 X581 Y458
G1 X580 Y459
G1 X580 Y460
G1 X579 Y461
G1 X578 Y461
G1 X576 Y458
G1 X576 Y459
G1 X576 Y460
G1 X577 Y461
G1 X578 Y462
G1 X578 Y463
G1 X577 Y464
G1 X577 Y465
G1 X577 Y466
G1 X577 Y467
G1 X577 Y468
G1 X576 Y469
M5; lift marker up
G4 P0.08
G0 X594 Y458
M3 S1000;put marker down
G4 P0.2
G1 X593 Y458
G1 X592 Y458
G1 X591 Y458
G1 X590 Y459
G1 X589 Y460
G1 X589 Y461
G1 X589 Y462
G1 X589 Y464
G1 X589 Y463
G1 X590 Y464
G1 X591 Y464
G1 X592 Y464
G1 X593 Y464
G1 X594 Y464
G1 X595 Y464
G1 X596 Y464
G1 X597 Y465
G1 X597 Y466
M5; lift marker up
G4 P0.08
G0 X608 Y459
M3 S1000;put marker down
G4 P0.2
G1 X609 Y458
G1 X609 Y457
G1 X609 Y456
G1 X609 Y455
G1 X610 Y454
G1 X610 Y453
G1 X611 Y452
G1 X611 Y451
G1 X612 Y450
G1 X613 Y450
G1 X614 Y449
G1 X615 Y449
G1 X616 Y450
G1 X616 Y451
G1 X616 Y452
G1 X616 Y453
G1 X616 Y454
G1 X616 Y455
G1 X616 Y456
G1 X616 Y457
G1 X617 Y458
G1 X617 Y459
G1 X617 Y460
G1 X617 Y461
G1 X617 Y462
G1 X617 Y463
M5; lift marker up
G4 P0.08
G0 X617 Y438
M3 S1000;put marker down
G4 P0.2
G1 X615 Y447
G1 X615 Y446
G1 X616 Y445
G1 X616 Y444
G1 X616 Y443
G1 X616 Y442
G1 X616 Y441
G1 X616 Y440
G1 X616 Y439
G1 X616 Y438
G1 X617 Y437
G1 X617 Y436
G1 X617 Y435
G1 X617 Y434
G1 X617 Y433
G1 X618 Y432
G1 X618 Y431
G1 X618 Y430
M5; lift marker up
G4 P0.08
G0 X636 Y443
M3 S1000;put marker down
G4 P0.2
G1 X635 Y443
G1 X634 Y443
G1 X633 Y443
G1 X632 Y444
G1 X631 Y445
G1 X631 Y446
G1 X631 Y447
G1 X631 Y448
G1 X631 Y449
G1 X632 Y450
G1 X633 Y451
G1 X634 Y452
G1 X635 Y452
G1 X636 Y453
G1 X637 Y453
G1 X638 Y454
G1 X639 Y455
G1 X638 Y455
G1 X639 Y456
G1 X639 Y457
G1 X639 Y458
G1 X638 Y459
G1 X638 Y460
G1 X637 Y461
G1 X637 Y462
G1 X636 Y463
G1 X635 Y464
G1 X635 Y465
G1 X634 Y466
G1 X633 Y467
G1 X632 Y468
G1 X631 Y469
G1 X630 Y470
G1 X629 Y471
G1 X628 Y471
G1 X627 Y472
M5; lift marker up
G4 P0.08
G0 X657 Y455
M3 S1000;put marker down
G4 P0.2
G1 X658 Y455
G1 X659 Y456
G1 X660 Y457
G1 X661 Y458
G1 X662 Y458
G1 X663 Y459
G1 X664 Y459
G1 X665 Y460
G1 X666 Y460
G1 X667 Y461
G1 X668 Y462
G1 X669 Y462
G1 X670 Y463
G1 X671 Y463
G1 X672 Y464
G1 X673 Y464
G1 X674 Y465
G1 X675 Y465
G1 X676 Y466
G1 X677 Y466
G1 X678 Y467
G1 X679 Y467
G1 X680 Y468
G1 X681 Y468
G1 X682 Y469
G1 X683 Y469
G1 X684 Y470
G1 X685 Y470
G1 X686 Y471
G1 X687 Y471
G1 X688 Y472
G1 X689 Y472
G1 X690 Y473
G1 X691 Y473
G1 X692 Y474
G1 X693 Y474
G1 X694 Y475
G1 X695 Y476
M5; lift marker up
G4 P0.08
G0 X732 Y478
M3 S1000;put marker down
G4 P0.2
G1 X731 Y480
G1 X730 Y481
G1 X729 Y482
G1 X727 Y482
G1 X728 Y482
G1 X729 Y481
G1 X730 Y480
G1 X731 Y479
G1 X731 Y478
G1 X732 Y477
G1 X733 Y476
G1 X733 Y475
G1 X734 Y474
G1 X734 Y473
G1 X735 Y472
G1 X736 Y471
G1 X736 Y470
G1 X736 Y469
G1 X737 Y468
G1 X737 Y467
G1 X737 Y466
G1 X737 Y465
G1 X736 Y464
G1 X735 Y463
G1 X734 Y463
G1 X733 Y463
G1 X732 Y463
G1 X731 Y463
G1 X730 Y464
G1 X731 Y464
G1 X730 Y465
G1 X729 Y465
G1 X728 Y466
G1 X729 Y466
G1 X728 Y467
G1 X727 Y468
G1 X727 Y469
G1 X727 Y470
G1 X727 Y471
G1 X726 Y472
G1 X726 Y473
G1 X726 Y474
G1 X726 Y475
G1 X726 Y476
G1 X726 Y477
G1 X725 Y478
G1 X725 Y479
G1 X725 Y480
G1 X725 Y481
G1 X725 Y482
G1 X726 Y483
G1 X726 Y484
G1 X725 Y485
G1 X725 Y486
G1 X724 Y487
G1 X724 Y488
G1 X724 Y489
G1 X724 Y490
G1 X724 Y491
G1 X724 Y492
G1 X724 Y493
G1 X725 Y494
G1 X725 Y495
G1 X725 Y496
G1 X725 Y497
G1 X725 Y498
G1 X725 Y499
G1 X725 Y500
G1 X725 Y501
G1 X725 Y502
G1 X725 Y503
G1 X725 Y504
G1 X725 Y505
M5; lift marker up
G4 P0.08
G0 X710 Y518
M3 S1000;put marker down
G4 P0.2
G1 X709 Y519
G1 X709 Y520
G1 X708 Y521
G1 X708 Y522
G1 X708 Y523
G1 X707 Y524
G1 X707 Y525
G1 X707 Y526
G1 X706 Y527
G1 X706 Y528
G1 X706 Y529
G1 X706 Y530
G1 X697 Y531
G1 X696 Y532
G1 X695 Y533
G1 X693 Y536
G1 X694 Y535
G1 X694 Y534
G1 X694 Y533
G1 X695 Y532
G1 X696 Y531
G1 X697 Y530
G1 X698 Y530
G1 X699 Y530
G1 X700 Y530
G1 X701 Y531
G1 X702 Y531
G1 X703 Y531
G1 X704 Y531
G1 X705 Y531
G1 X706 Y532
G1 X707 Y533
G1 X708 Y533
G1 X709 Y533
G1 X710 Y533
G1 X711 Y533
G1 X712 Y534
G1 X713 Y535
G1 X713 Y536
G1 X713 Y537
G1 X713 Y538
G1 X713 Y539
G1 X713 Y540
G1 X714 Y541
G1 X714 Y542
G1 X714 Y543
G1 X714 Y544
G1 X714 Y545
G1 X714 Y546
M5; lift marker up
G4 P0.08
G0 X693 Y538
M3 S1000;put marker down
G4 P0.2
G1 X693 Y539
G1 X693 Y540
G1 X693 Y541
G1 X693 Y542
G1 X694 Y543
G1 X695 Y544
G1 X696 Y544
M5; lift marker up
G4 P0.08
G0 X698 Y519
M3 S1000;put marker down
G4 P0.2
G1 X697 Y519
G1 X696 Y519
G1 X695 Y519
G1 X694 Y519
G1 X693 Y519
G1 X692 Y519
G1 X691 Y519
G1 X690 Y519
G1 X689 Y519
G1 X688 Y520
G1 X687 Y520
G1 X686 Y521
G1 X684 Y521
G1 X685 Y521
G1 X684 Y522
G1 X683 Y522
G1 X682 Y523
G1 X683 Y523
G1 X682 Y524
G1 X681 Y524
G1 X680 Y525
G1 X681 Y525
G1 X680 Y526
G1 X680 Y527
G1 X680 Y528
G1 X681 Y529
G1 X682 Y530
G1 X683 Y530
G1 X684 Y530
G1 X685 Y531
G1 X686 Y531
G1 X687 Y531
G1 X688 Y532
G1 X689 Y533
G1 X690 Y534
G1 X690 Y535
G1 X690 Y536
G1 X691 Y537
G1 X690 Y537
G1 X689 Y538
G1 X690 Y538
G1 X689 Y539
G1 X688 Y540
G1 X689 Y540
G1 X688 Y541
G1 X688 Y542
G1 X687 Y543
G1 X687 Y544
G1 X687 Y545
G1 X686 Y546
G1 X686 Y547
G1 X685 Y548
G1 X684 Y549
M5; lift marker up
G4 P0.08
G0 X650 Y540
M3 S1000;put marker down
G4 P0.2
G1 X648 Y540
G1 X649 Y540
G1 X648 Y541
G1 X647 Y541
G1 X646 Y541
G1 X645 Y542
G1 X643 Y542
G1 X644 Y542
G1 X643 Y543
G1 X642 Y543
G1 X640 Y543
G1 X641 Y543
G1 X640 Y544
G1 X638 Y544
G1 X639 Y544
G1 X638 Y545
G1 X637 Y545
G1 X636 Y545
G1 X635 Y546
G1 X634 Y546
G1 X633 Y547
G1 X632 Y547
G1 X631 Y548
G1 X629 Y548
G1 X630 Y548
G1 X629 Y549
G1 X627 Y549
G1 X628 Y549
G1 X627 Y550
G1 X626 Y550
G1 X625 Y551
G1 X624 Y551
G1 X623 Y552
G1 X621 Y552
G1 X622 Y552
G1 X621 Y553
G1 X619 Y553
G1 X620 Y553
G1 X619 Y554
G1 X618 Y554
G1 X617 Y555
G1 X616 Y555
G1 X615 Y556
G1 X614 Y556
G1 X613 Y557
G1 X612 Y557
M5; lift marker up
G4 P0.08
G0 X628 Y574
M3 S1000;put marker down
G4 P0.2
G1 X627 Y573
G1 X626 Y572
G1 X619 Y567
G1 X617 Y566
G1 X614 Y565
G1 X615 Y565
G1 X616 Y565
G1 X617 Y565
G1 X618 Y566
G1 X619 Y566
G1 X620 Y567
G1 X621 Y568
G1 X622 Y568
G1 X623 Y569
G1 X624 Y570
G1 X625 Y571
G1 X626 Y571
G1 X627 Y572
G1 X628 Y573
G1 X629 Y574
G1 X630 Y575
G1 X631 Y576
G1 X632 Y577
G1 X633 Y578
G1 X634 Y579
G1 X635 Y580
G1 X636 Y581
G1 X637 Y582
G1 X638 Y583
G1 X639 Y584
G1 X640 Y585
G1 X641 Y586
G1 X642 Y587
G1 X643 Y588
G1 X644 Y589
G1 X645 Y590
G1 X646 Y591
G1 X647 Y592
G1 X648 Y593
G1 X649 Y593
M5; lift marker up
G4 P0.08
G0 X672 Y591
M3 S1000;put marker down
G4 P0.2
G1 X671 Y591
G1 X670 Y592
G1 X670 Y593
G1 X669 Y597
G1 X668 Y599
G1 X664 Y604
G1 X664 Y603
G1 X665 Y603
G1 X666 Y602
G1 X666 Y601
G1 X667 Y600
G1 X667 Y599
G1 X668 Y598
G1 X668 Y597
G1 X669 Y596
G1 X669 Y595
G1 X670 Y594
G1 X669 Y593
G1 X668 Y593
G1 X667 Y593
G1 X666 Y594
G1 X665 Y595
G1 X664 Y596
G1 X664 Y597
G1 X663 Y597
G1 X662 Y598
G1 X658 Y596
G1 X659 Y597
G1 X660 Y597
G1 X661 Y598
G1 X662 Y599
G1 X662 Y600
G1 X662 Y601
G1 X662 Y602
G1 X662 Y604
G1 X662 Y603
G1 X663 Y604
G1 X662 Y605
G1 X661 Y606
G1 X662 Y606
G1 X661 Y607
G1 X661 Y608
G1 X661 Y609
G1 X661 Y610
G1 X661 Y611
G1 X660 Y612
G1 X661 Y612
G1 X660 Y613
G1 X660 Y614
G1 X660 Y615
G1 X660 Y616
G1 X660 Y617
G1 X659 Y618
G1 X659 Y619
G1 X659 Y620
G1 X659 Y621
G1 X659 Y622
G1 X659 Y623
G1 X658 Y624
M5; lift marker up
G4 P0.08
G0 X680 Y603
M3 S1000;put marker down
G4 P0.2
G1 X680 Y604
G1 X680 Y605
G1 X681 Y606
G1 X681 Y607
G1 X681 Y608
G1 X681 Y609
G1 X681 Y610
G1 X681 Y611
G1 X681 Y612
G1 X682 Y613
G1 X683 Y613
G1 X684 Y613
G1 X685 Y612
G1 X686 Y612
G1 X687 Y611
G1 X688 Y610
G1 X689 Y609
G1 X690 Y608
G1 X691 Y607
G1 X692 Y606
G1 X693 Y605
G1 X693 Y604
G1 X693 Y603
G1 X693 Y602
G1 X693 Y601
G1 X691 Y599
G1 X692 Y600
G1 X691 Y600
G1 X690 Y599
G1 X686 Y599
G1 X687 Y599
G1 X688 Y599
G1 X689 Y599
G1 X690 Y598
G1 X690 Y597
G1 X690 Y596
G1 X691 Y595
G1 X691 Y594
G1 X690 Y593
G1 X689 Y592
G1 X688 Y592
G1 X687 Y592
G1 X685 Y592
G1 X686 Y592
G1 X685 Y593
G1 X684 Y593
G1 X683 Y593
G1 X682 Y594
G1 X681 Y594
G1 X679 Y595
G1 X680 Y595
G1 X679 Y596
G1 X679 Y597
G1 X679 Y598
G1 X679 Y599
G1 X679 Y600
G1 X679 Y601
G1 X678 Y602
G1 X679 Y602
G1 X678 Y603
G1 X677 Y603
G1 X676 Y604
G1 X676 Y605
G1 X676 Y606
G1 X676 Y607
G1 X676 Y608
G1 X676 Y609
G1 X676 Y610
G1 X676 Y611
G1 X676 Y612
G1 X676 Y613
G1 X676 Y614
G1 X676 Y615
G1 X677 Y616
G1 X678 Y617
G1 X679 Y618
G1 X680 Y618
G1 X679 Y619
G1 X679 Y620
G1 X680 Y621
G1 X680 Y622
G1 X680 Y623
G1 X680 Y624
G1 X680 Y625
G1 X680 Y626
G1 X680 Y627
G1 X680 Y628
M5; lift marker up
G4 P0.08
G0 X686 Y667
M3 S1000;put marker down
G4 P0.2
G1 X685 Y668
G1 X684 Y669
G1 X684 Y670
G1 X683 Y671
G1 X683 Y672
M5; lift marker up
G4 P0.08
G0 X668 Y669
M3 S1000;put marker down
G4 P0.2
G1 X668 Y670
G1 X667 Y671
G1 X668 Y671
G1 X667 Y672
G1 X667 Y673
G1 X667 Y674
G1 X666 Y675
G1 X666 Y676
G1 X666 Y677
G1 X666 Y678
G1 X666 Y679
G1 X671 Y681
G1 X670 Y681
G1 X669 Y681
G1 X668 Y681
G1 X667 Y681
G1 X666 Y681
G1 X665 Y680
G1 X664 Y681
G1 X660 Y678
G1 X661 Y679
G1 X662 Y680
G1 X663 Y680
G1 X664 Y680
G1 X665 Y681
G1 X664 Y682
G1 X664 Y683
G1 X664 Y684
G1 X663 Y685
G1 X663 Y686
G1 X663 Y687
G1 X663 Y688
G1 X662 Y689
G1 X662 Y690
G1 X662 Y691
G1 X661 Y692
G1 X661 Y693
G1 X661 Y694
G1 X660 Y695
G1 X660 Y696
G1 X660 Y697
M5; lift marker up
G4 P0.08
G0 X636 Y669
M3 S1000;put marker down
G4 P0.2
G1 X635 Y668
G1 X634 Y663
G1 X633 Y664
G1 X633 Y665
G1 X633 Y666
G1 X634 Y667
G1 X633 Y667
G1 X632 Y667
G1 X631 Y668
G1 X631 Y669
G1 X630 Y670
G1 X630 Y671
G1 X629 Y672
G1 X629 Y673
G1 X628 Y674
G1 X628 Y675
G1 X627 Y676
G1 X627 Y677
G1 X626 Y678
G1 X625 Y679
G1 X625 Y680
G1 X624 Y681
G1 X624 Y682
G1 X623 Y683
G1 X623 Y684
G1 X622 Y685
G1 X623 Y685
G1 X622 Y686
G1 X621 Y687
G1 X621 Y688
G1 X620 Y689
G1 X620 Y690
G1 X619 Y691
G1 X620 Y691
G1 X619 Y692
G1 X619 Y693
M5; lift marker up
G4 P0.08
G0 X550 Y653
M3 S1000;put marker down
G4 P0.2
G1 X550 Y654
G1 X549 Y655
G1 X550 Y655
G1 X549 Y656
G1 X549 Y657
G1 X548 Y658
G1 X548 Y659
G1 X548 Y660
G1 X547 Y661
G1 X547 Y662
G1 X546 Y663
G1 X546 Y664
G1 X546 Y665
G1 X545 Y666
G1 X545 Y667
G1 X544 Y668
G1 X544 Y669
G1 X544 Y670
G1 X543 Y671
G1 X543 Y672
G1 X543 Y673
G1 X542 Y674
G1 X542 Y675
G1 X542 Y676
G1 X542 Y677
G1 X542 Y678
G1 X542 Y679
G1 X541 Y681
G1 X541 Y680
G1 X542 Y681
G1 X543 Y681
G1 X544 Y681
G1 X545 Y680
G1 X546 Y679
G1 X547 Y678
G1 X548 Y678
G1 X549 Y677
G1 X550 Y677
G1 X551 Y677
G1 X552 Y677
G1 X553 Y677
G1 X554 Y678
G1 X554 Y679
G1 X554 Y680
G1 X554 Y681
G1 X553 Y682
G1 X553 Y683
G1 X553 Y684
G1 X552 Y685
G1 X552 Y686
G1 X551 Y687
G1 X551 Y688
G1 X550 Y689
G1 X550 Y690
G1 X549 Y691
M5; lift marker up
G4 P0.08
G0 X543 Y647
M3 S1000;put marker down
G4 P0.2
G1 X542 Y648
G1 X541 Y649
G1 X541 Y650
G1 X540 Y651
G1 X539 Y652
G1 X539 Y653
G1 X538 Y654
G1 X538 Y655
G1 X537 Y656
G1 X537 Y657
G1 X536 Y658
G1 X536 Y659
G1 X536 Y660
G1 X536 Y661
G1 X535 Y664
G1 X534 Y665
G1 X533 Y665
G1 X534 Y664
G1 X535 Y663
G1 X535 Y662
G1 X536 Y663
G1 X537 Y663
G1 X538 Y663
G1 X539 Y663
M5; lift marker up
G4 P0.08
G0 X520 Y560
M3 S1000;put marker down
G4 P0.2
G1 X520 Y559
G1 X521 Y558
G1 X521 Y557
G1 X522 Y556
G1 X522 Y555
G1 X522 Y554
G1 X523 Y553
G1 X524 Y552
G1 X524 Y551
G1 X525 Y550
G1 X525 Y549
G1 X525 Y548
G1 X526 Y547
G1 X526 Y546
G1 X527 Y545
G1 X528 Y544
G1 X528 Y543
G1 X529 Y542
G1 X529 Y541
G1 X530 Y540
G1 X530 Y539
G1 X531 Y538
G1 X532 Y537
G1 X532 Y536
M5; lift marker up
G4 P0.08
G0 X541 Y542
M3 S1000;put marker down
G4 P0.2
G1 X542 Y542
G1 X543 Y542
G1 X544 Y542
G1 X545 Y542
G1 X546 Y542
G1 X547 Y542
G1 X548 Y542
G1 X549 Y542
G1 X550 Y543
G1 X551 Y543
G1 X552 Y544
G1 X552 Y545
G1 X552 Y546
G1 X552 Y547
G1 X552 Y548
G1 X551 Y549
G1 X550 Y550
G1 X550 Y551
G1 X549 Y552
G1 X548 Y553
G1 X548 Y554
G1 X547 Y554
G1 X546 Y555
G1 X547 Y555
G1 X546 Y556
G1 X545 Y557
G1 X544 Y558
G1 X543 Y559
G1 X542 Y560
G1 X541 Y561
G1 X541 Y562
G1 X540 Y563
G1 X541 Y564
G1 X542 Y565
G1 X543 Y565
G1 X544 Y565
G1 X545 Y565
M5; lift marker up
G4 P0.08
G0 X579 Y541
M3 S1000;put marker down
G4 P0.2
G1 X588 Y539
G1 X588 Y540
G1 X588 Y541
G1 X588 Y542
G1 X588 Y543
G1 X587 Y544
G1 X587 Y545
G1 X587 Y546
G1 X587 Y547
G1 X587 Y548
G1 X586 Y549
G1 X586 Y550
G1 X586 Y551
G1 X585 Y552
G1 X585 Y553
G1 X584 Y554
G1 X584 Y555
G1 X583 Y556
G1 X583 Y557
G1 X582 Y558
G1 X581 Y559
G1 X580 Y560
G1 X580 Y561
G1 X579 Y562
G1 X578 Y563
G1 X577 Y564
G1 X576 Y565
G1 X575 Y566
G1 X573 Y567
G1 X574 Y567
G1 X573 Y568
G1 X572 Y568
G1 X571 Y569
G1 X570 Y569
G1 X569 Y570
G1 X568 Y570
G1 X567 Y570
G1 X566 Y570
G1 X566 Y569
G1 X566 Y568
G1 X566 Y567
G1 X566 Y566
G1 X566 Y565
G1 X566 Y564
G1 X566 Y563
G1 X566 Y562
G1 X567 Y561
G1 X567 Y560
G1 X567 Y559
G1 X568 Y558
G1 X568 Y557
G1 X568 Y556
G1 X569 Y555
G1 X569 Y554
G1 X569 Y553
G1 X570 Y552
G1 X570 Y551
G1 X571 Y550
G1 X571 Y549
G1 X572 Y548
G1 X572 Y547
G1 X573 Y546
G1 X574 Y545
G1 X575 Y544
G1 X576 Y543
G1 X577 Y542
G1 X578 Y541
G1 X579 Y540
G1 X580 Y540
G1 X581 Y540
G1 X582 Y539
G1 X583 Y539
G1 X584 Y539
G1 X585 Y539
G1 X586 Y539
G1 X587 Y539
G1 X588 Y538
G1 X588 Y537
G1 X588 Y536
M5; lift marker up
G4 P0.08
G0 X517 Y534
M3 S1000;put marker down
G4 P0.2
G1 X517 Y535
G1 X517 Y536
G1 X517 Y537
G1 X517 Y538
G1 X517 Y539
G1 X517 Y540
G1 X517 Y541
G1 X517 Y542
G1 X517 Y543
G1 X517 Y544
G1 X516 Y545
G1 X516 Y546
G1 X516 Y547
G1 X516 Y548
G1 X516 Y549
G1 X516 Y550
G1 X516 Y551
G1 X516 Y552
G1 X516 Y553
G1 X516 Y554
G1 X516 Y555
G1 X516 Y556
G1 X516 Y557
G1 X516 Y558
G1 X516 Y559
G1 X516 Y560
G1 X516 Y561
G1 X517 Y562
G1 X518 Y562
G1 X517 Y563
G1 X517 Y564
G1 X517 Y565
G1 X516 Y566
G1 X516 Y567
G1 X516 Y568
M5; lift marker up
G4 P0.08
G0 X486 Y532
M3 S1000;put marker down
G4 P0.2
G1 X484 Y535
G1 X481 Y542
G1 X480 Y545
G1 X479 Y547
G1 X476 Y556
G1 X476 Y555
G1 X477 Y554
G1 X477 Y553
G1 X477 Y552
G1 X477 Y551
G1 X477 Y550
G1 X478 Y549
G1 X478 Y548
G1 X478 Y547
G1 X479 Y546
G1 X479 Y545
G1 X480 Y544
G1 X480 Y543
G1 X480 Y542
G1 X481 Y541
G1 X481 Y540
G1 X482 Y539
G1 X482 Y538
G1 X483 Y537
G1 X483 Y536
G1 X483 Y535
G1 X484 Y534
G1 X485 Y533
G1 X485 Y532
G1 X486 Y531
G1 X486 Y530
M5; lift marker up
G4 P0.08
G0 X465 Y560
M3 S1000;put marker down
G4 P0.2
G1 X472 Y559
G1 X472 Y560
G1 X471 Y561
G1 X471 Y562
G1 X471 Y563
G1 X470 Y564
G1 X470 Y565
G1 X469 Y565
G1 X468 Y566
G1 X469 Y566
G1 X468 Y567
G1 X467 Y568
G1 X466 Y568
G1 X465 Y568
G1 X464 Y568
G1 X464 Y567
G1 X464 Y566
G1 X464 Y565
G1 X464 Y564
G1 X464 Y563
G1 X464 Y562
G1 X465 Y561
G1 X461 Y561
G1 X460 Y562
G1 X458 Y563
G1 X451 Y567
G1 X452 Y566
G1 X452 Y565
G1 X451 Y560
G1 X451 Y559
G1 X451 Y558
G1 X451 Y557
G1 X450 Y556
G1 X450 Y555
G1 X449 Y554
G1 X448 Y554
G1 X446 Y554
G1 X447 Y554
G1 X446 Y555
G1 X445 Y555
G1 X444 Y556
G1 X445 Y556
G1 X444 Y557
G1 X443 Y558
G1 X443 Y559
G1 X443 Y561
G1 X443 Y560
G1 X444 Y561
G1 X445 Y561
G1 X446 Y560
G1 X447 Y560
G1 X448 Y560
G1 X449 Y560
G1 X450 Y560
G1 X451 Y561
G1 X451 Y562
G1 X451 Y563
G1 X452 Y564
G1 X453 Y564
G1 X454 Y564
G1 X455 Y564
G1 X456 Y564
G1 X457 Y563
G1 X458 Y562
G1 X459 Y562
G1 X460 Y561
G1 X461 Y560
G1 X462 Y560
G1 X463 Y560
G1 X464 Y560
G1 X465 Y559
G1 X466 Y559
G1 X467 Y559
G1 X468 Y558
G1 X469 Y558
G1 X470 Y558
G1 X471 Y558
G1 X472 Y558
G1 X473 Y558
G1 X474 Y558
G1 X475 Y558
G1 X476 Y559
G1 X477 Y560
G1 X477 Y561
G1 X477 Y562
G1 X477 Y563
G1 X478 Y564
G1 X478 Y565
G1 X478 Y566
G1 X479 Y567
G1 X480 Y568
G1 X481 Y569
G1 X482 Y569
M5; lift marker up
G4 P0.08
G0 X436 Y559
M3 S1000;put marker down
G4 P0.2
G1 X436 Y560
G1 X435 Y561
G1 X435 Y562
G1 X435 Y563
G1 X434 Y563
G1 X433 Y564
G1 X434 Y564
G1 X433 Y565
G1 X432 Y566
G1 X431 Y566
G1 X430 Y566
G1 X429 Y566
G1 X429 Y565
G1 X429 Y564
G1 X429 Y563
G1 X430 Y562
G1 X430 Y561
G1 X431 Y560
G1 X432 Y559
G1 X433 Y558
G1 X434 Y558
G1 X435 Y558
G1 X436 Y558
G1 X437 Y557
G1 X438 Y557
M5; lift marker up
G4 P0.08
G0 X434 Y540
M3 S1000;put marker down
G4 P0.2
G1 X433 Y541
G1 X432 Y541
G1 X431 Y541
G1 X430 Y542
G1 X431 Y542
G1 X428 Y546
G1 X423 Y548
G1 X424 Y548
G1 X425 Y547
G1 X426 Y547
G1 X427 Y546
G1 X428 Y545
G1 X429 Y545
G1 X430 Y544
G1 X430 Y543
G1 X429 Y542
G1 X428 Y542
G1 X427 Y542
G1 X426 Y542
G1 X425 Y543
G1 X423 Y544
G1 X424 Y544
G1 X423 Y545
G1 X422 Y545
G1 X421 Y546
G1 X421 Y547
G1 X422 Y548
G1 X421 Y548
G1 X420 Y549
G1 X421 Y549
G1 X420 Y550
G1 X417 Y551
G1 X418 Y550
G1 X419 Y550
G1 X420 Y551
G1 X421 Y552
G1 X422 Y553
G1 X423 Y553
G1 X424 Y553
G1 X425 Y553
G1 X426 Y554
G1 X426 Y555
G1 X426 Y556
G1 X426 Y557
G1 X425 Y558
G1 X424 Y559
G1 X425 Y559
G1 X424 Y560
G1 X423 Y560
G1 X421 Y561
G1 X422 Y561
G1 X421 Y562
G1 X420 Y562
G1 X418 Y563
G1 X419 Y563
G1 X418 Y564
G1 X417 Y564
G1 X416 Y564
G1 X415 Y565
G1 X414 Y565
G1 X413 Y565
G1 X412 Y565
G1 X412 Y564
G1 X412 Y563
G1 X413 Y562
G1 X413 Y561
G1 X413 Y560
G1 X413 Y559
G1 X413 Y558
G1 X414 Y557
G1 X414 Y556
G1 X414 Y555
G1 X415 Y554
G1 X415 Y553
G1 X416 Y552
G1 X416 Y551
G1 X417 Y550
G1 X416 Y549
G1 X416 Y548
G1 X416 Y547
G1 X416 Y546
G1 X416 Y545
M5; lift marker up
G4 P0.08
G0 X459 Y450
M3 S1000;put marker down
G4 P0.2
G1 X458 Y449
G1 X457 Y448
G1 X456 Y448
G1 X455 Y448
G1 X454 Y448
G1 X453 Y448
G1 X452 Y448
G1 X451 Y448
G1 X450 Y448
G1 X449 Y448
G1 X448 Y448
G1 X447 Y448
G1 X445 Y448
G1 X446 Y448
G1 X445 Y449
G1 X444 Y450
G1 X445 Y450
G1 X444 Y451
G1 X444 Y452
G1 X444 Y453
G1 X444 Y454
G1 X444 Y455
G1 X443 Y456
G1 X443 Y457
G1 X443 Y458
G1 X443 Y459
G1 X443 Y460
G1 X443 Y461
G1 X443 Y462
G1 X443 Y463
G1 X443 Y464
G1 X443 Y465
G1 X443 Y466
G1 X444 Y467
G1 X443 Y467
G1 X442 Y468
G1 X442 Y469
G1 X442 Y470
G1 X442 Y471
G1 X442 Y472
G1 X442 Y473
G1 X442 Y474
G1 X441 Y475
G1 X441 Y476
G1 X441 Y477
G1 X441 Y478
G1 X441 Y479
G1 X441 Y480
G1 X441 Y481
G1 X441 Y482
G1 X442 Y483
G1 X443 Y484
G1 X444 Y485
G1 X444 Y487
G1 X444 Y486
G1 X445 Y487
G1 X446 Y487
G1 X447 Y487
G1 X448 Y487
G1 X449 Y487
G1 X450 Y486
M5; lift marker up
G4 P0.08
G0 X414 Y394
M3 S1000;put marker down
G4 P0.2
G1 X415 Y394
G1 X416 Y394
G1 X417 Y393
G1 X418 Y392
G1 X419 Y391
G1 X419 Y390
G1 X420 Y389
G1 X421 Y388
G1 X421 Y387
G1 X422 Y386
G1 X422 Y385
G1 X422 Y384
G1 X423 Y383
G1 X423 Y382
G1 X423 Y381
G1 X423 Y380
G1 X422 Y379
G1 X421 Y378
G1 X420 Y377
G1 X419 Y377
G1 X418 Y377
G1 X416 Y377
G1 X417 Y377
G1 X416 Y378
G1 X415 Y378
G1 X414 Y378
G1 X413 Y379
G1 X414 Y379
G1 X413 Y380
G1 X412 Y380
G1 X411 Y381
G1 X412 Y381
G1 X411 Y382
G1 X410 Y383
G1 X410 Y384
G1 X409 Y385
G1 X409 Y386
G1 X409 Y387
G1 X409 Y388
G1 X409 Y389
G1 X408 Y390
G1 X408 Y391
G1 X408 Y392
G1 X408 Y393
G1 X407 Y394
G1 X407 Y395
G1 X407 Y396
G1 X407 Y397
G1 X407 Y398
G1 X407 Y399
G1 X407 Y400
G1 X407 Y401
G1 X407 Y402
G1 X407 Y403
G1 X407 Y404
G1 X407 Y405
G1 X407 Y406
G1 X407 Y407
G1 X407 Y408
G1 X407 Y409
G1 X407 Y410
G1 X407 Y411
G1 X407 Y412
G1 X407 Y413
M5; lift marker up
G4 P0.08
G0 X366 Y404
M3 S1000;put marker down
G4 P0.2
G1 X366 Y405
G1 X365 Y406
G1 X365 Y407
G1 X364 Y408
G1 X364 Y409
G1 X363 Y410
G1 X362 Y411
G1 X363 Y411
G1 X362 Y412
G1 X361 Y413
G1 X360 Y414
G1 X359 Y414
G1 X357 Y413
G1 X358 Y414
G1 X357 Y414
G1 X352 Y409
G1 X349 Y409
G1 X347 Y412
G1 X346 Y413
G1 X345 Y414
G1 X349 Y406
G1 X348 Y405
G1 X347 Y405
G1 X346 Y405
G1 X345 Y405
G1 X344 Y405
G1 X343 Y405
G1 X342 Y406
G1 X341 Y407
G1 X340 Y408
G1 X341 Y408
G1 X340 Y409
G1 X340 Y410
G1 X340 Y411
G1 X340 Y412
G1 X340 Y413
G1 X340 Y415
G1 X340 Y414
G1 X341 Y415
G1 X342 Y415
G1 X343 Y415
G1 X344 Y414
G1 X345 Y413
G1 X346 Y412
G1 X347 Y411
G1 X348 Y410
G1 X348 Y409
G1 X349 Y408
G1 X349 Y407
G1 X350 Y408
G1 X351 Y409
G1 X352 Y410
G1 X353 Y411
G1 X352 Y411
G1 X353 Y412
G1 X354 Y413
G1 X355 Y413
G1 X356 Y413
G1 X357 Y412
G1 X357 Y411
G1 X357 Y410
G1 X357 Y409
G1 X357 Y408
M5; lift marker up
G4 P0.08
G0 X330 Y395
M3 S1000;put marker down
G4 P0.2
G1 X331 Y395
G1 X332 Y394
G1 X333 Y394
G1 X334 Y393
G1 X335 Y393
G1 X336 Y392
G1 X337 Y392
G1 X338 Y392
G1 X339 Y392
G1 X340 Y393
G1 X340 Y394
G1 X340 Y395
G1 X338 Y396
G1 X339 Y396
G1 X338 Y397
G1 X337 Y398
G1 X336 Y398
G1 X335 Y399
G1 X336 Y399
G1 X335 Y400
G1 X334 Y400
G1 X333 Y401
G1 X332 Y401
G1 X331 Y402
G1 X330 Y402
G1 X329 Y402
G1 X330 Y403
G1 X330 Y404
G1 X330 Y405
G1 X330 Y406
G1 X330 Y407
G1 X330 Y408
G1 X330 Y409
G1 X330 Y410
G1 X330 Y411
G1 X330 Y412
G1 X330 Y413
G1 X330 Y414
G1 X330 Y415
G1 X330 Y416
G1 X330 Y417
G1 X330 Y418
G1 X330 Y419
G1 X330 Y420
G1 X330 Y421
G1 X329 Y422
G1 X330 Y422
G1 X329 Y423
G1 X328 Y423
G1 X327 Y422
G1 X326 Y421
G1 X326 Y420
G1 X326 Y419
G1 X325 Y418
G1 X325 Y417
G1 X325 Y416
G1 X325 Y415
G1 X325 Y414
G1 X325 Y413
G1 X325 Y412
G1 X325 Y411
G1 X325 Y410
G1 X325 Y409
G1 X325 Y408
G1 X325 Y407
G1 X325 Y406
G1 X325 Y405
G1 X326 Y404
G1 X326 Y403
G1 X327 Y403
G1 X328 Y402
G1 X329 Y401
G1 X329 Y400
G1 X329 Y399
G1 X329 Y398
G1 X329 Y397
G1 X329 Y396
G1 X329 Y395
G1 X329 Y394
G1 X328 Y393
G1 X328 Y392
G1 X328 Y391
M5; lift marker up
G4 P0.08
G0 X341 Y352
M3 S1000;put marker down
G4 P0.2
G1 X341 Y351
G1 X341 Y350
G1 X340 Y349
G1 X340 Y348
G1 X340 Y347
G1 X340 Y346
G1 X340 Y345
G1 X340 Y344
G1 X340 Y343
G1 X340 Y342
G1 X340 Y341
G1 X341 Y340
G1 X341 Y339
G1 X341 Y338
G1 X341 Y337
G1 X341 Y336
G1 X341 Y335
G1 X341 Y334
G1 X341 Y333
G1 X341 Y332
G1 X341 Y331
G1 X341 Y330
G1 X341 Y329
G1 X341 Y328
G1 X342 Y327
G1 X342 Y326
G1 X342 Y325
G1 X342 Y324
G1 X342 Y323
G1 X341 Y322
G1 X340 Y322
G1 X339 Y322
G1 X338 Y322
G1 X337 Y321
G1 X336 Y321
G1 X335 Y321
G1 X334 Y321
G1 X333 Y321
G1 X332 Y321
G1 X331 Y321
G1 X330 Y322
G1 X329 Y322
G1 X328 Y322
G1 X327 Y322
G1 X326 Y322
G1 X325 Y323
G1 X324 Y323
G1 X323 Y323
G1 X322 Y323
G1 X321 Y324
G1 X320 Y324
G1 X319 Y325
G1 X318 Y325
G1 X317 Y326
G1 X318 Y326
G1 X317 Y327
G1 X317 Y328
G1 X317 Y329
G1 X317 Y330
G1 X317 Y331
G1 X317 Y332
G1 X317 Y333
G1 X317 Y334
G1 X317 Y335
G1 X317 Y336
G1 X317 Y337
G1 X317 Y338
G1 X317 Y339
G1 X317 Y340
G1 X317 Y341
G1 X317 Y342
G1 X317 Y344
G1 X317 Y343
G1 X318 Y344
G1 X317 Y345
G1 X317 Y346
G1 X317 Y347
G1 X317 Y348
G1 X317 Y349
G1 X317 Y350
G1 X317 Y351
G1 X317 Y352
G1 X317 Y353
G1 X317 Y354
G1 X317 Y355
G1 X317 Y356
G1 X317 Y357
G1 X318 Y358
G1 X318 Y359
G1 X318 Y360
G1 X318 Y361
G1 X318 Y362
G1 X318 Y363
M5; lift marker up
G4 P0.08
G0 X320 Y344
M3 S1000;put marker down
G4 P0.2
G1 X321 Y344
G1 X322 Y344
G1 X323 Y344
G1 X324 Y344
G1 X325 Y343
G1 X326 Y343
G1 X327 Y343
G1 X328 Y342
G1 X329 Y342
G1 X330 Y342
M5; lift marker up
G4 P0.08
G0 X350 Y342
M3 S1000;put marker down
G4 P0.2
G1 X349 Y343
G1 X349 Y344
G1 X348 Y345
G1 X348 Y346
G1 X348 Y347
G1 X348 Y348
G1 X347 Y349
G1 X347 Y350
M5; lift marker up
G4 P0.08
G0 X366 Y334
M3 S1000;put marker down
G4 P0.2
G1 X366 Y333
G1 X366 Y332
G1 X366 Y331
G1 X367 Y330
G1 X367 Y329
G1 X367 Y328
G1 X367 Y327
G1 X368 Y326
G1 X368 Y325
G1 X369 Y324
G1 X370 Y323
M5; lift marker up
G4 P0.08
G0 X353 Y318
M3 S1000;put marker down
G4 P0.2
G1 X353 Y319
G1 X353 Y320
G1 X354 Y321
G1 X354 Y322
G1 X354 Y323
M5; lift marker up
G4 P0.08
G0 X342 Y320
M3 S1000;put marker down
G4 P0.2
G1 X342 Y319
G1 X343 Y318
G1 X343 Y317
G1 X344 Y316
M5; lift marker up
G4 P0.08
G0 X388 Y316
M3 S1000;put marker down
G4 P0.2
G1 X388 Y317
G1 X388 Y318
G1 X388 Y319
G1 X387 Y320
G1 X387 Y321
G1 X387 Y322
G1 X387 Y323
G1 X387 Y324
G1 X387 Y325
G1 X388 Y326
G1 X387 Y326
G1 X386 Y327
G1 X387 Y327
G1 X386 Y328
G1 X381 Y329
G1 X382 Y329
G1 X383 Y329
G1 X384 Y329
G1 X385 Y328
G1 X386 Y329
G1 X386 Y330
G1 X386 Y331
G1 X386 Y332
G1 X386 Y333
G1 X386 Y334
G1 X386 Y335
G1 X386 Y336
G1 X386 Y337
G1 X386 Y338
G1 X386 Y339
G1 X386 Y340
G1 X385 Y341
G1 X386 Y341
G1 X385 Y342
G1 X385 Y343
G1 X385 Y344
G1 X385 Y345
G1 X385 Y346
M5; lift marker up
G4 P0.08
G0 X374 Y352
M3 S1000;put marker down
G4 P0.2
G1 X375 Y351
G1 X375 Y350
G1 X375 Y349
G1 X375 Y348
G1 X375 Y347
G1 X375 Y346
G1 X376 Y345
G1 X376 Y344
G1 X376 Y343
G1 X376 Y342
G1 X376 Y341
G1 X376 Y340
G1 X376 Y339
G1 X375 Y338
G1 X374 Y339
G1 X373 Y339
G1 X372 Y339
G1 X371 Y340
G1 X372 Y340
G1 X371 Y341
G1 X370 Y341
G1 X369 Y342
G1 X368 Y342
G1 X367 Y342
G1 X366 Y341
G1 X366 Y340
G1 X366 Y339
G1 X366 Y338
G1 X366 Y337
G1 X365 Y336
G1 X364 Y336
G1 X363 Y336
G1 X362 Y336
G1 X361 Y336
G1 X360 Y337
G1 X359 Y337
G1 X358 Y338
G1 X359 Y338
G1 X358 Y339
G1 X357 Y339
G1 X356 Y340
G1 X357 Y340
G1 X356 Y341
G1 X355 Y342
G1 X355 Y343
G1 X354 Y344
G1 X354 Y345
G1 X354 Y346
G1 X355 Y347
G1 X356 Y347
G1 X357 Y347
G1 X358 Y348
G1 X359 Y348
G1 X360 Y349
G1 X360 Y350
G1 X360 Y351
G1 X360 Y352
G1 X360 Y353
G1 X359 Y354
G1 X359 Y355
G1 X359 Y356
G1 X358 Y357
G1 X358 Y358
G1 X358 Y359
G1 X357 Y360
G1 X358 Y360
G1 X357 Y361
G1 X356 Y362
M5; lift marker up
G4 P0.08
G0 X378 Y381
M3 S1000;put marker down
G4 P0.2
G1 X378 Y382
G1 X377 Y383
G1 X377 Y384
G1 X377 Y385
G1 X377 Y386
G1 X377 Y387
G1 X377 Y388
G1 X377 Y389
G1 X377 Y390
G1 X377 Y391
G1 X377 Y392
G1 X377 Y393
G1 X377 Y394
G1 X377 Y395
G1 X377 Y396
G1 X376 Y397
G1 X376 Y398
G1 X376 Y399
G1 X376 Y400
G1 X376 Y401
G1 X376 Y402
G1 X376 Y403
G1 X376 Y404
G1 X376 Y405
G1 X376 Y406
G1 X376 Y407
G1 X376 Y408
G1 X376 Y409
G1 X376 Y410
G1 X376 Y411
G1 X376 Y412
G1 X376 Y413
G1 X376 Y414
G1 X376 Y415
M5; lift marker up
G4 P0.08
G0 X441 Y378
M3 S1000;put marker down
G4 P0.2
G1 X440 Y379
G1 X439 Y379
G1 X438 Y379
G1 X437 Y379
G1 X435 Y380
G1 X436 Y380
G1 X435 Y381
G1 X434 Y381
G1 X433 Y382
G1 X434 Y382
G1 X433 Y383
G1 X432 Y383
G1 X431 Y384
G1 X432 Y384
G1 X431 Y385
G1 X430 Y386
G1 X430 Y387
G1 X429 Y388
G1 X429 Y389
G1 X428 Y390
G1 X428 Y391
G1 X428 Y392
G1 X427 Y393
G1 X427 Y394
G1 X427 Y395
G1 X427 Y396
G1 X427 Y397
G1 X426 Y398
G1 X427 Y398
G1 X426 Y399
G1 X426 Y400
G1 X426 Y401
G1 X426 Y402
G1 X426 Y403
G1 X426 Y404
G1 X426 Y405
G1 X426 Y406
G1 X427 Y407
G1 X426 Y407
G1 X427 Y408
G1 X427 Y409
G1 X427 Y410
G1 X428 Y411
G1 X429 Y412
G1 X430 Y412
G1 X431 Y412
G1 X432 Y412
M5; lift marker up
G4 P0.08
G0 X461 Y380
M3 S1000;put marker down
G4 P0.2
G1 X460 Y384
G1 X458 Y388
G1 X458 Y387
G1 X458 Y386
G1 X459 Y385
G1 X459 Y384
G1 X460 Y383
G1 X461 Y382
G1 X461 Y381
G1 X460 Y380
G1 X459 Y380
G1 X458 Y380
G1 X457 Y380
G1 X456 Y380
G1 X455 Y381
G1 X454 Y381
G1 X453 Y382
G1 X454 Y382
G1 X453 Y383
G1 X452 Y383
G1 X451 Y384
G1 X452 Y384
G1 X451 Y385
G1 X450 Y385
G1 X449 Y386
G1 X450 Y386
G1 X449 Y387
G1 X449 Y388
G1 X449 Y389
G1 X449 Y390
G1 X448 Y391
G1 X448 Y392
G1 X448 Y393
G1 X448 Y394
G1 X447 Y395
G1 X447 Y396
G1 X447 Y397
G1 X447 Y398
G1 X446 Y399
G1 X446 Y400
G1 X446 Y401
G1 X446 Y402
G1 X446 Y403
G1 X446 Y404
G1 X446 Y405
G1 X447 Y408
G1 X446 Y407
G1 X446 Y406
G1 X447 Y407
G1 X448 Y408
G1 X449 Y408
G1 X450 Y407
G1 X451 Y407
G1 X452 Y407
G1 X453 Y406
G1 X454 Y406
G1 X455 Y405
G1 X456 Y404
G1 X457 Y404
G1 X458 Y403
G1 X459 Y402
G1 X459 Y401
G1 X460 Y400
G1 X461 Y399
G1 X461 Y398
G1 X462 Y397
G1 X463 Y396
G1 X463 Y395
G1 X463 Y394
G1 X463 Y393
G1 X463 Y392
G1 X463 Y391
G1 X462 Y390
G1 X461 Y390
G1 X460 Y390
G1 X459 Y390
G1 X458 Y390
G1 X457 Y389
G1 X456 Y390
M5; lift marker up
G4 P0.08
G0 X486 Y377
M3 S1000;put marker down
G4 P0.2
G1 X486 Y378
G1 X486 Y379
G1 X486 Y380
G1 X486 Y381
G1 X486 Y382
G1 X486 Y383
G1 X486 Y384
G1 X486 Y385
G1 X486 Y386
G1 X486 Y387
G1 X486 Y388
G1 X485 Y389
G1 X485 Y390
G1 X485 Y391
G1 X485 Y392
G1 X485 Y393
G1 X485 Y394
G1 X485 Y395
G1 X484 Y396
G1 X484 Y397
G1 X484 Y398
G1 X484 Y399
G1 X484 Y400
G1 X484 Y401
G1 X484 Y402
G1 X484 Y403
G1 X484 Y404
G1 X484 Y405
G1 X484 Y406
G1 X484 Y408
G1 X484 Y407
G1 X485 Y408
G1 X486 Y408
G1 X487 Y408
G1 X488 Y407
G1 X489 Y406
G1 X489 Y405
G1 X489 Y404
G1 X490 Y403
G1 X490 Y402
G1 X491 Y401
G1 X492 Y401
G1 X493 Y400
G1 X494 Y401
G1 X494 Y402
G1 X495 Y403
G1 X494 Y403
G1 X495 Y404
G1 X496 Y405
G1 X497 Y405
G1 X496 Y406
G1 X496 Y407
M5; lift marker up
G4 P0.08
G0 X503 Y383
M3 S1000;put marker down
G4 P0.2
G1 X502 Y384
G1 X501 Y385
G1 X500 Y386
G1 X502 Y391
G1 X502 Y399
G1 X501 Y401
G1 X500 Y403
G1 X499 Y404
G1 X499 Y403
G1 X500 Y402
G1 X500 Y401
G1 X501 Y400
G1 X501 Y399
G1 X502 Y398
G1 X502 Y397
G1 X503 Y396
G1 X503 Y395
G1 X503 Y394
G1 X503 Y393
G1 X502 Y392
G1 X501 Y391
G1 X500 Y391
G1 X499 Y391
G1 X498 Y391
G1 X494 Y398
G1 X494 Y397
G1 X495 Y396
G1 X495 Y395
G1 X495 Y394
G1 X496 Y393
G1 X497 Y392
G1 X497 Y391
G1 X498 Y390
G1 X499 Y389
G1 X499 Y388
G1 X499 Y387
G1 X499 Y386
G1 X500 Y385
G1 X501 Y384
G1 X502 Y383
G1 X503 Y382
G1 X504 Y382
G1 X505 Y381
M5; lift marker up
G4 P0.08
G0 X515 Y387
M3 S1000;put marker down
G4 P0.2
G1 X514 Y387
G1 X513 Y388
G1 X512 Y389
G1 X511 Y390
G1 X510 Y391
G1 X510 Y392
G1 X510 Y393
G1 X510 Y394
G1 X509 Y395
G1 X509 Y396
G1 X508 Y397
G1 X509 Y397
G1 X508 Y398
G1 X508 Y399
G1 X507 Y400
G1 X507 Y401
G1 X507 Y402
M5; lift marker up
G4 P0.08
G0 X520 Y394
M3 S1000;put marker down
G4 P0.2
G1 X519 Y395
G1 X518 Y396
G1 X519 Y396
G1 X518 Y397
G1 X517 Y398
G1 X516 Y399
G1 X516 Y400
M5; lift marker up
G4 P0.08
G0 X534 Y371
M3 S1000;put marker down
G4 P0.2
G1 X533 Y372
G1 X532 Y373
G1 X532 Y374
G1 X531 Y375
G1 X531 Y376
G1 X530 Y377
G1 X530 Y378
G1 X530 Y379
G1 X530 Y380
G1 X529 Y381
G1 X529 Y382
G1 X529 Y383
G1 X529 Y384
G1 X528 Y385
G1 X528 Y386
G1 X528 Y387
G1 X528 Y388
G1 X528 Y389
G1 X533 Y391
G1 X532 Y391
G1 X531 Y391
G1 X530 Y391
G1 X529 Y391
G1 X528 Y390
G1 X527 Y391
G1 X527 Y392
G1 X527 Y393
G1 X527 Y394
G1 X527 Y395
G1 X527 Y396
G1 X527 Y397
G1 X527 Y398
G1 X527 Y399
G1 X527 Y400
G1 X527 Y401
G1 X527 Y402
G1 X527 Y403
G1 X527 Y404
G1 X527 Y405
M5; lift marker up
G4 P0.08
G0 X542 Y376
M3 S1000;put marker down
G4 P0.2
G1 X542 Y377
M5; lift marker up
G4 P0.08
G0 X560 Y393
M3 S1000;put marker down
G4 P0.2
G1 X558 Y393
G1 X558 Y388
G1 X558 Y391
G1 X558 Y390
G1 X558 Y389
G1 X557 Y388
G1 X556 Y388
G1 X555 Y388
G1 X554 Y387
G1 X549 Y387
G1 X547 Y388
G1 X544 Y391
G1 X543 Y392
G1 X541 Y394
G1 X541 Y400
G1 X541 Y399
G1 X541 Y398
G1 X541 Y397
G1 X541 Y396
G1 X541 Y395
G1 X537 Y396
G1 X537 Y395
G1 X538 Y394
G1 X539 Y394
G1 X540 Y394
G1 X541 Y393
G1 X542 Y392
G1 X543 Y391
G1 X544 Y390
G1 X545 Y389
G1 X546 Y388
G1 X547 Y387
G1 X548 Y387
G1 X549 Y386
G1 X550 Y386
G1 X551 Y386
G1 X552 Y386
G1 X553 Y387
G1 X554 Y388
G1 X553 Y389
G1 X553 Y390
G1 X553 Y391
G1 X553 Y392
G1 X553 Y394
G1 X553 Y393
G1 X554 Y394
G1 X555 Y394
G1 X556 Y393
G1 X557 Y393
G1 X558 Y392
G1 X559 Y393
G1 X560 Y394
G1 X561 Y395
G1 X561 Y396
G1 X561 Y397
G1 X562 Y398
G1 X561 Y398
G1 X562 Y399
G1 X562 Y400
G1 X562 Y401
G1 X562 Y402
G1 X562 Y403
G1 X562 Y404
G1 X562 Y405
G1 X562 Y406
M5; lift marker up
G4 P0.08
G0 X581 Y393
M3 S1000;put marker down
G4 P0.2
G1 X580 Y395
G1 X579 Y396
G1 X579 Y395
G1 X580 Y394
G1 X580 Y393
G1 X581 Y392
G1 X582 Y391
G1 X583 Y390
M5; lift marker up
G4 P0.08
G0 X581 Y371
M3 S1000;put marker down
G4 P0.2
G1 X581 Y372
G1 X580 Y373
G1 X581 Y373
G1 X580 Y374
G1 X580 Y375
G1 X580 Y376
G1 X579 Y377
G1 X579 Y378
G1 X579 Y379
G1 X578 Y380
G1 X578 Y381
G1 X578 Y382
G1 X578 Y383
G1 X578 Y384
G1 X578 Y385
G1 X578 Y386
G1 X578 Y387
G1 X577 Y387
G1 X576 Y387
G1 X570 Y387
G1 X571 Y387
G1 X572 Y387
G1 X573 Y387
G1 X574 Y387
G1 X575 Y387
G1 X576 Y388
G1 X576 Y389
G1 X576 Y390
G1 X576 Y391
G1 X576 Y392
G1 X576 Y393
G1 X575 Y394
G1 X575 Y395
G1 X576 Y396
G1 X577 Y396
G1 X576 Y397
G1 X575 Y398
G1 X575 Y399
G1 X575 Y400
G1 X575 Y401
G1 X575 Y402
M5; lift marker up
G4 P0.08
G0 X590 Y371
M3 S1000;put marker down
G4 P0.2
G1 X590 Y372
G1 X590 Y373
M5; lift marker up
G4 P0.08
G0 X618 Y387
M3 S1000;put marker down
G4 P0.2
G1 X617 Y386
G1 X613 Y387
G1 X612 Y388
G1 X611 Y389
G1 X610 Y390
G1 X608 Y382
G1 X607 Y383
G1 X606 Y384
G1 X606 Y385
G1 X605 Y386
G1 X606 Y386
G1 X605 Y387
G1 X605 Y388
G1 X605 Y389
G1 X605 Y391
G1 X605 Y390
G1 X606 Y391
G1 X607 Y391
G1 X608 Y391
G1 X609 Y390
G1 X610 Y389
G1 X611 Y388
G1 X612 Y387
G1 X613 Y386
G1 X614 Y386
G1 X615 Y386
G1 X616 Y386
G1 X617 Y387
G1 X618 Y388
G1 X618 Y389
G1 X618 Y390
G1 X618 Y391
G1 X618 Y392
G1 X617 Y393
G1 X617 Y394
G1 X617 Y395
G1 X617 Y396
G1 X616 Y397
G1 X616 Y398
G1 X616 Y399
G1 X615 Y400
M5; lift marker up
G4 P0.08
G0 X586 Y339
M3 S1000;put marker down
G4 P0.2
G1 X585 Y339
G1 X584 Y339
G1 X583 Y338
G1 X582 Y337
G1 X582 Y336
G1 X582 Y335
G1 X582 Y334
G1 X582 Y333
G1 X582 Y332
G1 X582 Y331
G1 X582 Y330
G1 X582 Y329
G1 X582 Y328
G1 X582 Y327
G1 X582 Y326
G1 X583 Y325
G1 X583 Y324
G1 X583 Y323
G1 X584 Y322
G1 X584 Y321
G1 X585 Y320
G1 X586 Y319
G1 X587 Y318
G1 X588 Y318
G1 X589 Y318
G1 X590 Y317
G1 X591 Y317
G1 X592 Y317
G1 X593 Y317
G1 X594 Y318
G1 X595 Y318
G1 X596 Y318
G1 X597 Y317
G1 X598 Y316
G1 X598 Y315
G1 X599 Y314
G1 X599 Y313
G1 X600 Y312
G1 X601 Y311
G1 X602 Y310
G1 X603 Y310
G1 X604 Y310
G1 X605 Y310
G1 X606 Y311
G1 X607 Y312
G1 X607 Y313
G1 X606 Y314
G1 X606 Y315
G1 X606 Y316
G1 X605 Y317
G1 X604 Y318
G1 X605 Y318
G1 X604 Y319
G1 X603 Y320
G1 X603 Y321
G1 X603 Y323
G1 X603 Y322
G1 X604 Y323
G1 X605 Y323
G1 X606 Y323
G1 X607 Y324
G1 X608 Y324
G1 X609 Y325
G1 X609 Y326
G1 X609 Y327
G1 X609 Y328
G1 X609 Y329
G1 X608 Y330
G1 X607 Y331
G1 X607 Y332
G1 X606 Y333
G1 X605 Y334
G1 X604 Y335
G1 X603 Y336
G1 X601 Y337
G1 X602 Y337
G1 X601 Y338
G1 X600 Y338
G1 X599 Y339
G1 X598 Y339
G1 X597 Y340
M5; lift marker up
G4 P0.08
G0 X596 Y320
M3 S1000;put marker down
G4 P0.2
G1 X596 Y321
G1 X596 Y322
G1 X596 Y323
G1 X595 Y324
G1 X596 Y324
G1 X595 Y325
G1 X595 Y326
G1 X595 Y327
G1 X594 Y328
G1 X594 Y329
G1 X594 Y330
G1 X594 Y331
G1 X594 Y332
G1 X594 Y333
M5; lift marker up
G4 P0.08
G0 X578 Y316
M3 S1000;put marker down
G4 P0.2
G1 X572 Y324
G1 X573 Y323
G1 X574 Y323
G1 X575 Y322
G1 X576 Y321
G1 X577 Y320
G1 X577 Y319
G1 X578 Y318
G1 X578 Y317
G1 X577 Y316
G1 X576 Y316
G1 X575 Y316
G1 X574 Y316
G1 X573 Y316
G1 X572 Y317
G1 X571 Y318
G1 X570 Y319
G1 X570 Y320
G1 X570 Y321
G1 X570 Y322
G1 X570 Y324
G1 X570 Y323
G1 X571 Y324
G1 X570 Y325
G1 X570 Y326
G1 X569 Y327
G1 X569 Y328
G1 X569 Y329
G1 X569 Y330
G1 X569 Y331
G1 X569 Y332
G1 X569 Y333
G1 X569 Y334
G1 X569 Y335
G1 X569 Y336
G1 X569 Y337
G1 X569 Y338
G1 X569 Y339
M5; lift marker up
G4 P0.08
G0 X546 Y331
M3 S1000;put marker down
G4 P0.2
G1 X545 Y331
G1 X544 Y331
G1 X543 Y331
G1 X542 Y331
G1 X541 Y331
G1 X540 Y331
G1 X539 Y331
G1 X538 Y331
G1 X537 Y331
G1 X536 Y331
G1 X535 Y331
G1 X534 Y331
G1 X533 Y332
G1 X532 Y332
G1 X531 Y332
G1 X530 Y332
G1 X529 Y332
G1 X528 Y332
G1 X527 Y332
G1 X526 Y332
G1 X524 Y332
G1 X525 Y332
G1 X524 Y333
G1 X523 Y333
G1 X522 Y333
G1 X521 Y333
M5; lift marker up
G4 P0.08
G0 X517 Y323
M3 S1000;put marker down
G4 P0.2
G1 X516 Y324
G1 X515 Y324
G1 X514 Y324
G1 X513 Y324
G1 X512 Y324
G1 X511 Y325
G1 X510 Y325
G1 X509 Y326
G1 X508 Y326
G1 X507 Y327
G1 X506 Y328
G1 X505 Y329
G1 X504 Y330
G1 X503 Y331
G1 X504 Y331
G1 X503 Y332
G1 X502 Y333
G1 X503 Y333
G1 X502 Y334
G1 X501 Y335
G1 X501 Y336
G1 X500 Y337
G1 X500 Y338
G1 X499 Y339
G1 X498 Y340
G1 X498 Y341
G1 X497 Y342
G1 X497 Y343
M5; lift marker up
G4 P0.08
G0 X494 Y325
M3 S1000;put marker down
G4 P0.2
G1 X495 Y326
G1 X495 Y327
G1 X495 Y328
G1 X495 Y329
G1 X494 Y330
G1 X494 Y331
G1 X493 Y331
G1 X492 Y331
G1 X491 Y332
G1 X490 Y332
G1 X489 Y333
G1 X490 Y333
G1 X489 Y334
G1 X489 Y335
G1 X489 Y336
G1 X489 Y337
G1 X489 Y338
G1 X489 Y339
G1 X489 Y340
G1 X489 Y341
M5; lift marker up
G4 P0.08
G0 X475 Y328
M3 S1000;put marker down
G4 P0.2
G1 X473 Y327
G1 X474 Y328
G1 X472 Y334
G1 X471 Y336
G1 X469 Y338
G1 X470 Y337
G1 X470 Y336
G1 X471 Y335
G1 X471 Y334
G1 X472 Y333
G1 X472 Y332
G1 X472 Y331
G1 X472 Y330
G1 X473 Y329
G1 X473 Y328
G1 X472 Y327
G1 X471 Y327
G1 X470 Y327
G1 X469 Y328
G1 X468 Y329
G1 X469 Y329
G1 X468 Y330
G1 X467 Y331
G1 X468 Y331
G1 X467 Y332
G1 X467 Y333
G1 X467 Y334
G1 X466 Y335
G1 X466 Y336
G1 X466 Y337
G1 X467 Y338
G1 X468 Y338
G1 X467 Y339
G1 X467 Y340
M5; lift marker up
G4 P0.08
G0 X468 Y323
M3 S1000;put marker down
G4 P0.2
G1 X467 Y323
G1 X466 Y323
G1 X465 Y323
G1 X464 Y324
G1 X463 Y324
G1 X462 Y324
G1 X461 Y325
G1 X462 Y325
G1 X461 Y326
G1 X461 Y327
G1 X461 Y328
G1 X461 Y329
G1 X461 Y330
G1 X460 Y331
G1 X461 Y331
G1 X460 Y332
G1 X460 Y333
G1 X460 Y334
G1 X460 Y335
G1 X460 Y336
G1 X459 Y337
G1 X460 Y337
G1 X459 Y338
G1 X459 Y339
G1 X459 Y340
G1 X459 Y341
G1 X459 Y342
G1 X458 Y343
M5; lift marker up
G4 P0.08
G0 X457 Y318
M3 S1000;put marker down
G4 P0.2
G1 X456 Y319
G1 X452 Y322
G1 X452 Y321
G1 X453 Y321
G1 X454 Y320
G1 X455 Y319
G1 X456 Y318
G1 X457 Y317
G1 X458 Y317
G1 X459 Y317
M5; lift marker up
G4 P0.08
G0 X449 Y309
M3 S1000;put marker down
G4 P0.2
G1 X449 Y310
G1 X449 Y311
G1 X449 Y312
G1 X449 Y313
G1 X449 Y314
G1 X449 Y315
G1 X448 Y316
G1 X448 Y317
G1 X448 Y318
G1 X448 Y319
G1 X448 Y320
G1 X449 Y321
G1 X449 Y323
G1 X449 Y322
G1 X450 Y323
G1 X449 Y324
G1 X448 Y325
G1 X447 Y326
G1 X448 Y326
G1 X447 Y327
G1 X447 Y328
G1 X447 Y329
G1 X447 Y330
G1 X447 Y331
G1 X447 Y332
G1 X447 Y333
G1 X447 Y334
G1 X447 Y335
G1 X447 Y336
G1 X447 Y337
G1 X446 Y338
G1 X446 Y339
G1 X446 Y340
G1 X446 Y341
G1 X446 Y342
M5; lift marker up
G4 P0.08
G0 X432 Y335
M3 S1000;put marker down
G4 P0.2
G1 X426 Y337
G1 X429 Y328
G1 X428 Y328
G1 X427 Y329
G1 X427 Y330
G1 X425 Y331
G1 X426 Y331
G1 X425 Y332
G1 X423 Y330
G1 X421 Y334
G1 X419 Y338
G1 X418 Y340
G1 X417 Y342
G1 X417 Y341
G1 X417 Y340
G1 X418 Y339
G1 X418 Y338
G1 X419 Y337
G1 X419 Y336
G1 X420 Y335
G1 X420 Y334
G1 X421 Y333
G1 X422 Y333
G1 X423 Y332
G1 X423 Y331
G1 X424 Y332
G1 X425 Y333
G1 X425 Y334
G1 X425 Y335
G1 X426 Y336
G1 X427 Y337
G1 X428 Y336
G1 X429 Y336
G1 X430 Y336
G1 X431 Y335
G1 X432 Y334
G1 X433 Y334
G1 X434 Y334
G1 X435 Y334
G1 X436 Y334
G1 X437 Y335
G1 X437 Y336
G1 X437 Y337
G1 X437 Y338
G1 X437 Y339
G1 X437 Y340
G1 X437 Y341
G1 X437 Y342
M5; lift marker up
G4 P0.08
G0 X412 Y330
M3 S1000;put marker down
G4 P0.2
G1 X413 Y330
G1 X414 Y330
M5; lift marker up
G4 P0.08
G0 X398 Y332
M3 S1000;put marker down
G4 P0.2
G1 X399 Y332
G1 X400 Y332
G1 X401 Y331
G1 X402 Y331
G1 X403 Y331
G1 X404 Y331
G1 X405 Y331
G1 X406 Y331
G1 X407 Y331
G1 X408 Y331
G1 X409 Y331
G1 X410 Y331
G1 X411 Y332
G1 X410 Y333
G1 X410 Y334
G1 X410 Y335
G1 X410 Y336
G1 X410 Y337
G1 X410 Y338
G1 X410 Y339
G1 X410 Y340
G1 X410 Y341
G1 X410 Y342
G1 X410 Y343
M5; lift marker up
G4 P0.08
G0 X390 Y326
M3 S1000;put marker down
G4 P0.2
G1 X391 Y326
G1 X392 Y326
G1 X393 Y325
G1 X394 Y325
G1 X395 Y325
G1 X396 Y325
M5; lift marker up
G4 P0.08
G0 X490 Y313
M3 S1000;put marker down
G4 P0.2
G1 X489 Y313
G1 X488 Y314
G1 X487 Y314
G1 X486 Y307
G1 X486 Y308
G1 X485 Y309
G1 X485 Y310
G1 X485 Y311
G1 X485 Y312
G1 X485 Y314
G1 X485 Y313
G1 X486 Y314
G1 X485 Y315
G1 X484 Y316
G1 X485 Y316
G1 X484 Y317
G1 X484 Y318
G1 X484 Y319
G1 X483 Y320
G1 X483 Y321
G1 X483 Y322
G1 X483 Y323
G1 X483 Y324
G1 X483 Y325
G1 X482 Y326
G1 X482 Y327
G1 X482 Y328
G1 X482 Y329
G1 X482 Y330
G1 X481 Y331
G1 X482 Y331
G1 X481 Y332
G1 X481 Y333
G1 X481 Y334
G1 X480 Y335
G1 X480 Y336
G1 X480 Y337
G1 X480 Y338
G1 X480 Y339
G1 X479 Y340
G1 X478 Y341
G1 X477 Y342
G1 X477 Y343
G1 X477 Y344
G1 X477 Y345
G1 X476 Y346
M5; lift marker up
G4 P0.08
G0 X444 Y218
M3 S1000;put marker down
G4 P0.2
G1 X444 Y219
G1 X443 Y220
G1 X443 Y221
M5; lift marker up
G4 P0.08
G0 X463 Y199
M3 S1000;put marker down
G4 P0.2
G1 X457 Y199
G1 X458 Y199
G1 X459 Y199
G1 X460 Y199
G1 X461 Y199
G1 X462 Y199
G1 X463 Y200
G1 X464 Y201
G1 X464 Y202
G1 X464 Y203
G1 X464 Y204
G1 X464 Y205
G1 X464 Y206
G1 X465 Y207
G1 X465 Y208
G1 X466 Y209
M5; lift marker up
G4 P0.08
G0 X456 Y185
M3 S1000;put marker down
G4 P0.2
G1 X455 Y186
G1 X455 Y187
G1 X455 Y188
G1 X455 Y189
G1 X455 Y190
G1 X455 Y191
G1 X455 Y192
G1 X454 Y193
G1 X454 Y194
G1 X454 Y195
G1 X454 Y196
G1 X454 Y197
G1 X454 Y198
G1 X454 Y200
G1 X454 Y199
G1 X455 Y200
G1 X454 Y201
G1 X454 Y202
G1 X454 Y203
G1 X454 Y204
G1 X454 Y205
G1 X454 Y206
G1 X454 Y207
G1 X454 Y208
G1 X454 Y209
G1 X454 Y210
G1 X454 Y211
G1 X454 Y212
G1 X454 Y213
G1 X454 Y214
G1 X454 Y215
M5; lift marker up
G4 P0.08
G0 X428 Y191
M3 S1000;put marker down
G4 P0.2
G1 X428 Y192
G1 X428 Y193
G1 X428 Y194
G1 X428 Y195
G1 X427 Y196
G1 X428 Y196
G1 X427 Y197
G1 X427 Y198
G1 X427 Y199
G1 X427 Y200
G1 X427 Y201
G1 X427 Y202
G1 X427 Y203
G1 X427 Y204
G1 X427 Y205
G1 X427 Y206
G1 X427 Y207
G1 X427 Y208
G1 X427 Y209
G1 X427 Y210
G1 X427 Y211
G1 X427 Y212
G1 X427 Y213
G1 X428 Y214
G1 X429 Y214
G1 X430 Y214
G1 X431 Y214
G1 X432 Y213
G1 X432 Y212
G1 X433 Y211
G1 X434 Y210
G1 X435 Y210
G1 X436 Y210
G1 X437 Y210
G1 X438 Y210
M5; lift marker up
G4 P0.08
G0 X421 Y201
M3 S1000;put marker down
G4 P0.2
G1 X421 Y202
G1 X421 Y203
G1 X420 Y204
G1 X420 Y205
G1 X420 Y206
G1 X420 Y207
G1 X420 Y208
G1 X420 Y209
G1 X419 Y210
G1 X420 Y210
G1 X419 Y211
G1 X419 Y212
G1 X419 Y213
G1 X419 Y214
G1 X419 Y215
G1 X419 Y216
G1 X418 Y217
G1 X418 Y218
G1 X418 Y219
G1 X418 Y220
G1 X417 Y221
G1 X417 Y222
G1 X416 Y223
G1 X415 Y224
G1 X414 Y225
G1 X413 Y225
G1 X412 Y225
G1 X411 Y225
G1 X410 Y224
G1 X410 Y223
G1 X409 Y222
G1 X409 Y221
G1 X409 Y220
G1 X409 Y219
G1 X408 Y218
G1 X408 Y217
G1 X407 Y216
G1 X407 Y215
G1 X406 Y214
G1 X405 Y214
G1 X404 Y214
G1 X403 Y214
G1 X402 Y214
G1 X401 Y214
G1 X400 Y214
G1 X399 Y213
G1 X398 Y212
G1 X398 Y211
G1 X398 Y210
G1 X398 Y209
G1 X398 Y208
G1 X398 Y207
G1 X398 Y206
G1 X399 Y205
G1 X399 Y204
M5; lift marker up
G4 P0.08
G0 X392 Y214
M3 S1000;put marker down
G4 P0.2
G1 X391 Y215
G1 X390 Y215
G1 X389 Y216
G1 X388 Y216
G1 X386 Y216
G1 X387 Y216
G1 X386 Y217
G1 X385 Y217
G1 X384 Y217
G1 X383 Y217
G1 X382 Y217
G1 X381 Y217
G1 X380 Y217
M5; lift marker up
G4 P0.08
G0 X362 Y200
M3 S1000;put marker down
G4 P0.2
G1 X362 Y201
G1 X362 Y202
G1 X361 Y203
G1 X362 Y203
G1 X361 Y204
G1 X361 Y205
G1 X361 Y206
G1 X361 Y207
G1 X361 Y208
G1 X361 Y209
G1 X361 Y210
G1 X360 Y211
G1 X360 Y212
G1 X360 Y213
G1 X360 Y214
G1 X360 Y215
G1 X359 Y216
G1 X359 Y217
G1 X359 Y218
G1 X358 Y219
G1 X359 Y219
G1 X358 Y220
G1 X357 Y220
G1 X356 Y220
G1 X355 Y219
G1 X354 Y219
G1 X354 Y218
G1 X353 Y217
G1 X353 Y216
G1 X353 Y215
G1 X353 Y214
G1 X352 Y213
G1 X352 Y212
G1 X352 Y211
G1 X351 Y210
G1 X351 Y209
G1 X351 Y208
G1 X350 Y207
G1 X350 Y206
G1 X349 Y205
G1 X349 Y204
G1 X348 Y203
G1 X348 Y202
G1 X347 Y201
G1 X346 Y201
G1 X345 Y201
G1 X343 Y201
G1 X344 Y201
G1 X343 Y202
G1 X342 Y203
G1 X342 Y204
G1 X342 Y205
G1 X342 Y206
G1 X342 Y207
G1 X342 Y208
G1 X342 Y209
G1 X342 Y210
G1 X342 Y211
G1 X342 Y212
G1 X342 Y213
G1 X342 Y214
G1 X342 Y215
G1 X342 Y216
G1 X342 Y217
G1 X342 Y218
G1 X342 Y219
G1 X342 Y220
G1 X342 Y221
G1 X342 Y222
G1 X342 Y223
G1 X342 Y224
G1 X342 Y225
G1 X342 Y226
G1 X342 Y227
G1 X342 Y228
M5; lift marker up
G4 P0.08
G0 X329 Y204
M3 S1000;put marker down
G4 P0.2
G1 X328 Y204
G1 X327 Y204
G1 X326 Y205
G1 X325 Y205
G1 X324 Y206
G1 X325 Y206
G1 X324 Y207
G1 X323 Y207
G1 X322 Y208
G1 X323 Y208
G1 X322 Y209
G1 X322 Y210
G1 X322 Y211
G1 X321 Y212
G1 X321 Y213
G1 X321 Y214
G1 X321 Y215
G1 X321 Y216
G1 X321 Y217
G1 X321 Y218
G1 X321 Y219
G1 X321 Y220
G1 X321 Y221
G1 X321 Y222
G1 X321 Y223
G1 X321 Y224
G1 X321 Y225
G1 X321 Y226
G1 X321 Y227
G1 X322 Y228
G1 X323 Y229
G1 X324 Y229
G1 X325 Y229
M5; lift marker up
G4 P0.08
G0 X383 Y192
M3 S1000;put marker down
G4 P0.2
G1 X382 Y192
G1 X381 Y192
G1 X380 Y192
G1 X379 Y192
G1 X378 Y193
G1 X377 Y193
G1 X376 Y193
G1 X375 Y194
G1 X376 Y194
G1 X375 Y195
G1 X374 Y195
G1 X373 Y196
G1 X374 Y196
G1 X373 Y197
G1 X372 Y198
G1 X372 Y199
G1 X371 Y200
G1 X371 Y201
G1 X370 Y202
G1 X370 Y203
G1 X369 Y204
G1 X369 Y205
G1 X369 Y206
G1 X369 Y207
G1 X368 Y208
G1 X368 Y209
G1 X368 Y210
G1 X368 Y211
G1 X368 Y212
G1 X368 Y213
G1 X367 Y214
G1 X367 Y215
G1 X367 Y216
G1 X367 Y217
G1 X367 Y218
G1 X367 Y219
G1 X367 Y220
G1 X367 Y221
G1 X367 Y222
G1 X367 Y223
G1 X367 Y224
G1 X368 Y225
G1 X368 Y226
G1 X368 Y227
G1 X369 Y228
G1 X370 Y229
G1 X371 Y230
M5; lift marker up
G4 P0.08
G0 X478 Y185
M3 S1000;put marker down
G4 P0.2
G1 X477 Y186
G1 X477 Y187
G1 X476 Y188
G1 X476 Y189
G1 X476 Y190
G1 X476 Y191
G1 X476 Y192
G1 X476 Y193
G1 X476 Y194
G1 X476 Y195
G1 X476 Y196
G1 X476 Y197
G1 X476 Y198
G1 X476 Y199
G1 X476 Y200
G1 X476 Y201
G1 X476 Y202
G1 X476 Y203
G1 X476 Y204
G1 X477 Y205
G1 X478 Y205
G1 X479 Y205
G1 X480 Y205
G1 X481 Y204
G1 X482 Y204
G1 X483 Y203
G1 X484 Y203
G1 X485 Y202
G1 X486 Y202
G1 X487 Y202
G1 X488 Y202
G1 X489 Y203
G1 X490 Y204
G1 X490 Y205
G1 X490 Y206
G1 X489 Y207
G1 X489 Y208
G1 X488 Y209
G1 X487 Y210
G1 X488 Y210
G1 X487 Y211
G1 X486 Y211
G1 X485 Y212
G1 X484 Y213
G1 X483 Y213
G1 X482 Y214
G1 X481 Y214
G1 X480 Y215
G1 X479 Y215
G1 X478 Y215
G1 X477 Y215
G1 X476 Y215
G1 X475 Y214
G1 X475 Y213
G1 X475 Y212
M5; lift marker up
G4 P0.08
G0 X502 Y207
M3 S1000;put marker down
G4 P0.2
G1 X501 Y208
G1 X505 Y200
G1 X504 Y200
G1 X503 Y200
G1 X502 Y200
G1 X501 Y200
G1 X499 Y200
G1 X500 Y200
G1 X499 Y201
G1 X498 Y201
G1 X497 Y202
G1 X498 Y202
G1 X497 Y203
G1 X496 Y204
G1 X496 Y205
G1 X495 Y206
G1 X495 Y207
G1 X495 Y209
G1 X495 Y208
G1 X496 Y209
G1 X497 Y209
G1 X498 Y209
G1 X499 Y209
G1 X500 Y208
G1 X501 Y207
G1 X502 Y206
G1 X503 Y206
G1 X504 Y206
G1 X505 Y206
G1 X506 Y206
G1 X507 Y206
G1 X508 Y207
G1 X509 Y208
G1 X510 Y208
G1 X511 Y208
G1 X512 Y207
G1 X512 Y206
G1 X513 Y205
G1 X513 Y204
G1 X514 Y203
G1 X515 Y202
G1 X516 Y201
G1 X517 Y200
M5; lift marker up
G4 P0.08
G0 X539 Y178
M3 S1000;put marker down
G4 P0.2
G1 X539 Y179
G1 X539 Y180
G1 X538 Y181
G1 X538 Y182
G1 X537 Y183
G1 X537 Y184
G1 X536 Y185
G1 X536 Y186
G1 X536 Y187
G1 X535 Y188
G1 X535 Y189
G1 X535 Y190
G1 X534 Y191
G1 X534 Y192
G1 X534 Y193
G1 X534 Y194
G1 X534 Y195
G1 X533 Y196
G1 X533 Y197
G1 X533 Y198
G1 X533 Y199
G1 X532 Y200
G1 X532 Y202
G1 X532 Y201
G1 X531 Y200
G1 X530 Y200
G1 X529 Y200
G1 X528 Y200
G1 X526 Y200
G1 X527 Y200
G1 X526 Y201
G1 X525 Y201
G1 X524 Y202
G1 X525 Y202
G1 X524 Y203
G1 X523 Y204
G1 X522 Y205
G1 X522 Y206
G1 X521 Y207
G1 X521 Y208
G1 X521 Y209
G1 X521 Y210
G1 X521 Y212
G1 X521 Y211
G1 X522 Y212
G1 X523 Y212
G1 X524 Y211
G1 X525 Y210
G1 X526 Y209
G1 X527 Y208
G1 X527 Y207
G1 X528 Y206
G1 X529 Y205
G1 X530 Y204
G1 X531 Y203
G1 X532 Y203
G1 X533 Y204
G1 X533 Y205
G1 X533 Y206
G1 X534 Y207
G1 X534 Y208
G1 X535 Y209
G1 X536 Y209
G1 X537 Y210
M5; lift marker up
G4 P0.08
G0 X584 Y219
M3 S1000;put marker down
G4 P0.2
G1 X579 Y215
G1 X580 Y215
G1 X581 Y216
G1 X582 Y217
G1 X583 Y218
G1 X584 Y218
G1 X585 Y219
G1 X586 Y220
G1 X587 Y221
G1 X588 Y221
G1 X589 Y222
G1 X590 Y223
G1 X591 Y223
G1 X592 Y224
G1 X593 Y224
G1 X594 Y225
G1 X595 Y225
G1 X596 Y225
M5; lift marker up
G4 P0.08
G0 X627 Y213
M3 S1000;put marker down
G4 P0.2
G1 X626 Y213
G1 X625 Y213
G1 X624 Y214
G1 X623 Y214
G1 X622 Y214
G1 X620 Y214
G1 X621 Y214
G1 X620 Y215
G1 X618 Y215
G1 X619 Y215
G1 X618 Y216
G1 X617 Y216
G1 X616 Y217
G1 X615 Y218
G1 X614 Y219
G1 X613 Y220
G1 X614 Y220
G1 X613 Y221
G1 X613 Y222
G1 X613 Y223
G1 X613 Y224
G1 X614 Y225
G1 X614 Y226
G1 X615 Y227
G1 X616 Y228
G1 X616 Y229
G1 X617 Y230
G1 X617 Y231
G1 X617 Y232
G1 X617 Y233
G1 X617 Y234
G1 X617 Y235
G1 X616 Y236
G1 X616 Y237
G1 X615 Y238
G1 X615 Y239
G1 X614 Y240
G1 X615 Y240
G1 X614 Y241
G1 X613 Y242
G1 X614 Y242
G1 X613 Y243
G1 X612 Y244
G1 X611 Y245
M5; lift marker up
G4 P0.08
G0 X646 Y225
M3 S1000;put marker down
G4 P0.2
G1 X645 Y226
G1 X644 Y226
G1 X650 Y218
G1 X649 Y218
G1 X648 Y219
G1 X646 Y219
G1 X647 Y219
G1 X646 Y220
G1 X645 Y220
G1 X644 Y221
G1 X643 Y222
G1 X642 Y223
G1 X643 Y223
G1 X642 Y224
G1 X642 Y225
G1 X642 Y227
G1 X638 Y226
G1 X637 Y227
G1 X637 Y228
G1 X636 Y229
G1 X637 Y229
G1 X636 Y230
G1 X635 Y231
G1 X634 Y232
G1 X635 Y232
G1 X634 Y233
G1 X633 Y234
G1 X632 Y235
G1 X631 Y236
G1 X628 Y235
G1 X627 Y235
G1 X628 Y236
G1 X629 Y237
G1 X630 Y237
G1 X629 Y238
G1 X629 Y239
G1 X628 Y240
G1 X628 Y241
G1 X628 Y242
G1 X628 Y243
G1 X628 Y244
G1 X628 Y245
G1 X628 Y246
G1 X628 Y247
G1 X628 Y248
G1 X628 Y249
G1 X628 Y250
G1 X628 Y251
G1 X628 Y252
G1 X628 Y253
G1 X627 Y254
G1 X628 Y254
G1 X627 Y255
G1 X626 Y255
G1 X625 Y255
G1 X624 Y255
G1 X624 Y254
G1 X624 Y253
G1 X624 Y252
G1 X624 Y251
G1 X623 Y250
G1 X623 Y249
G1 X623 Y248
G1 X623 Y247
G1 X623 Y246
G1 X623 Y245
G1 X623 Y244
G1 X623 Y243
G1 X623 Y242
G1 X623 Y241
G1 X623 Y240
G1 X624 Y239
G1 X624 Y238
G1 X624 Y237
G1 X625 Y236
G1 X625 Y235
G1 X626 Y235
G1 X627 Y234
G1 X628 Y233
G1 X628 Y232
G1 X628 Y231
G1 X628 Y230
G1 X628 Y229
G1 X629 Y228
G1 X629 Y227
G1 X630 Y227
G1 X631 Y226
G1 X632 Y226
G1 X633 Y226
G1 X634 Y225
G1 X635 Y225
G1 X636 Y225
G1 X637 Y225
G1 X638 Y225
G1 X639 Y226
G1 X640 Y226
G1 X641 Y226
G1 X642 Y226
G1 X643 Y227
G1 X642 Y228
G1 X642 Y229
G1 X642 Y230
G1 X642 Y231
G1 X641 Y232
G1 X641 Y233
G1 X641 Y234
G1 X641 Y235
G1 X641 Y236
G1 X641 Y237
M5; lift marker up
G4 P0.08
G0 X655 Y228
M3 S1000;put marker down
G4 P0.2
G1 X655 Y229
G1 X654 Y230
G1 X653 Y231
G1 X652 Y232
G1 X652 Y233
G1 X652 Y234
M5; lift marker up
G4 P0.08
G0 X670 Y227
M3 S1000;put marker down
G4 P0.2
G1 X669 Y227
G1 X670 Y226
G1 X671 Y226
G1 X672 Y225
G1 X673 Y224
G1 X674 Y224
G1 X675 Y224
G1 X676 Y223
G1 X677 Y223
M5; lift marker up
G4 P0.08
G0 X660 Y214
M3 S1000;put marker down
G4 P0.2
G1 X659 Y215
G1 X658 Y216
G1 X659 Y216
G1 X658 Y217
G1 X657 Y218
G1 X657 Y219
G1 X657 Y220
G1 X656 Y221
G1 X656 Y222
G1 X656 Y223
G1 X656 Y224
G1 X656 Y225
G1 X656 Y226
G1 X657 Y227
G1 X658 Y227
G1 X659 Y227
G1 X660 Y226
G1 X661 Y226
G1 X662 Y225
G1 X663 Y224
G1 X664 Y224
G1 X665 Y225
G1 X665 Y226
G1 X665 Y227
G1 X666 Y228
G1 X667 Y228
G1 X666 Y229
G1 X665 Y230
G1 X665 Y231
G1 X665 Y232
G1 X665 Y234
G1 X665 Y233
G1 X666 Y234
G1 X667 Y235
G1 X668 Y235
G1 X669 Y234
G1 X670 Y234
G1 X671 Y233
G1 X672 Y233
G1 X673 Y233
G1 X674 Y233
G1 X675 Y232
G1 X676 Y233
G1 X676 Y234
G1 X676 Y235
G1 X675 Y236
G1 X675 Y237
G1 X675 Y238
G1 X674 Y239
G1 X674 Y240
G1 X673 Y241
G1 X673 Y242
G1 X672 Y243
G1 X672 Y244
G1 X671 Y245
G1 X671 Y246
G1 X670 Y247
G1 X670 Y248
G1 X669 Y249
G1 X669 Y250
G1 X669 Y251
G1 X668 Y252
G1 X668 Y253
G1 X668 Y254
G1 X667 Y255
M5; lift marker up
G4 P0.08
G0 X658 Y254
M3 S1000;put marker down
G4 P0.2
G1 X657 Y255
G1 X657 Y256
G1 X656 Y257
G1 X656 Y258
G1 X656 Y259
G1 X656 Y260
G1 X655 Y261
G1 X655 Y262
G1 X655 Y263
G1 X655 Y264
G1 X655 Y265
G1 X654 Y266
G1 X654 Y267
G1 X654 Y268
G1 X654 Y273
G1 X654 Y272
G1 X654 Y271
G1 X654 Y270
G1 X654 Y269
G1 X653 Y268
G1 X652 Y268
G1 X651 Y268
G1 X650 Y268
G1 X648 Y268
G1 X649 Y268
G1 X648 Y269
G1 X647 Y269
G1 X646 Y270
G1 X645 Y271
G1 X644 Y272
G1 X644 Y273
G1 X643 Y274
G1 X644 Y274
G1 X643 Y275
G1 X642 Y275
G1 X641 Y276
G1 X640 Y275
G1 X639 Y275
G1 X638 Y274
G1 X638 Y273
G1 X637 Y272
G1 X631 Y275
G1 X632 Y275
G1 X633 Y274
G1 X634 Y273
G1 X635 Y272
G1 X636 Y272
G1 X637 Y271
G1 X637 Y270
G1 X637 Y269
G1 X637 Y268
G1 X637 Y267
G1 X637 Y266
G1 X636 Y265
G1 X635 Y265
G1 X634 Y265
G1 X632 Y265
G1 X633 Y265
G1 X632 Y266
G1 X631 Y266
G1 X630 Y267
G1 X631 Y267
G1 X630 Y268
G1 X630 Y269
G1 X629 Y270
G1 X629 Y271
G1 X629 Y272
G1 X629 Y273
G1 X629 Y275
G1 X629 Y274
G1 X630 Y275
G1 X629 Y276
G1 X628 Y276
G1 X627 Y276
G1 X626 Y276
G1 X625 Y275
G1 X624 Y275
G1 X624 Y274
G1 X623 Y273
G1 X622 Y273
G1 X621 Y273
G1 X620 Y273
G1 X619 Y273
G1 X618 Y273
G1 X616 Y270
G1 X616 Y271
G1 X616 Y272
G1 X617 Y273
G1 X616 Y273
G1 X615 Y273
G1 X614 Y273
G1 X613 Y274
G1 X612 Y274
G1 X610 Y268
G1 X610 Y269
G1 X610 Y270
G1 X610 Y271
G1 X610 Y272
G1 X610 Y273
G1 X611 Y274
G1 X612 Y275
G1 X611 Y276
G1 X611 Y277
G1 X611 Y278
G1 X611 Y279
G1 X611 Y280
M5; lift marker up
G4 P0.08
G0 X651 Y319
M3 S1000;put marker down
G4 P0.2
G1 X650 Y319
G1 X649 Y319
G1 X648 Y319
G1 X647 Y320
G1 X648 Y320
G1 X647 Y321
G1 X646 Y321
G1 X645 Y322
G1 X644 Y323
G1 X643 Y324
G1 X643 Y325
G1 X643 Y326
G1 X643 Y327
G1 X643 Y328
G1 X642 Y329
G1 X642 Y330
G1 X641 Y331
G1 X641 Y332
G1 X640 Y333
M5; lift marker up
G4 P0.08
G0 X674 Y327
M3 S1000;put marker down
G4 P0.2
G1 X673 Y328
G1 X672 Y328
G1 X671 Y328
G1 X670 Y328
G1 X669 Y328
G1 X668 Y328
G1 X667 Y328
M5; lift marker up
G4 P0.08
G0 X695 Y324
M3 S1000;put marker down
G4 P0.2
G1 X695 Y325
G1 X694 Y326
G1 X694 Y327
G1 X693 Y328
G1 X692 Y329
G1 X692 Y330
G1 X691 Y331
G1 X691 Y332
M5; lift marker up
G4 P0.08
G0 X702 Y325
M3 S1000;put marker down
G4 P0.2
G1 X702 Y326
G1 X702 Y327
G1 X702 Y328
G1 X703 Y329
G1 X704 Y329
G1 X705 Y329
G1 X706 Y329
G1 X707 Y329
G1 X708 Y328
G1 X709 Y328
M5; lift marker up
G4 P0.08
G0 X694 Y317
M3 S1000;put marker down
G4 P0.2
G1 X693 Y317
G1 X692 Y317
G1 X691 Y317
G1 X690 Y318
G1 X689 Y319
G1 X688 Y320
G1 X688 Y321
G1 X687 Y322
G1 X686 Y323
G1 X687 Y323
G1 X686 Y324
G1 X685 Y325
G1 X686 Y325
G1 X685 Y326
G1 X684 Y327
G1 X685 Y327
G1 X684 Y328
G1 X683 Y328
G1 X681 Y326
G1 X681 Y328
G1 X681 Y327
G1 X682 Y328
G1 X681 Y329
G1 X681 Y330
G1 X681 Y331
G1 X681 Y332
M5; lift marker up
G4 P0.08
G0 X723 Y312
M3 S1000;put marker down
G4 P0.2
G1 X722 Y312
G1 X720 Y303
G1 X719 Y304
G1 X719 Y305
G1 X720 Y306
G1 X720 Y307
G1 X720 Y308
G1 X720 Y309
G1 X720 Y310
G1 X720 Y311
G1 X721 Y312
G1 X720 Y312
G1 X719 Y313
G1 X720 Y313
G1 X719 Y314
G1 X713 Y315
G1 X714 Y315
G1 X715 Y314
G1 X716 Y314
G1 X717 Y314
G1 X718 Y314
G1 X719 Y315
G1 X719 Y316
G1 X719 Y317
G1 X719 Y318
G1 X719 Y319
G1 X719 Y320
G1 X720 Y321
G1 X720 Y322
G1 X720 Y323
G1 X720 Y324
G1 X720 Y326
G1 X720 Y325
G1 X721 Y326
G1 X722 Y326
G1 X723 Y326
G1 X724 Y326
G1 X725 Y325
G1 X725 Y324
G1 X725 Y323
G1 X726 Y322
G1 X726 Y321
G1 X726 Y320
G1 X727 Y319
M5; lift marker up
G4 P0.08
G0 X741 Y318
M3 S1000;put marker down
G4 P0.2
G1 X735 Y314
G1 X735 Y315
G1 X735 Y316
G1 X735 Y321
G1 X735 Y320
G1 X735 Y319
G1 X735 Y318
G1 X735 Y317
G1 X736 Y318
G1 X737 Y318
G1 X738 Y318
G1 X739 Y318
G1 X740 Y318
G1 X741 Y319
G1 X741 Y320
G1 X742 Y321
G1 X742 Y322
G1 X742 Y323
G1 X742 Y324
G1 X741 Y325
G1 X741 Y326
M5; lift marker up
G4 P0.08
G0 X750 Y314
M3 S1000;put marker down
G4 P0.2
G1 X749 Y315
G1 X748 Y316
G1 X747 Y318
G1 X755 Y316
G1 X756 Y316
G1 X755 Y317
G1 X754 Y318
G1 X754 Y319
G1 X753 Y320
G1 X753 Y321
G1 X752 Y322
G1 X751 Y323
G1 X752 Y323
G1 X751 Y324
G1 X750 Y324
G1 X749 Y325
G1 X748 Y325
G1 X747 Y325
G1 X746 Y324
G1 X746 Y323
G1 X746 Y322
G1 X746 Y321
G1 X746 Y320
G1 X746 Y319
G1 X746 Y318
G1 X747 Y317
G1 X747 Y316
G1 X748 Y315
G1 X749 Y314
G1 X750 Y313
G1 X751 Y313
G1 X752 Y313
G1 X753 Y313
G1 X754 Y313
G1 X755 Y314
G1 X756 Y315
G1 X757 Y316
G1 X758 Y316
G1 X759 Y317
G1 X759 Y318
G1 X759 Y319
G1 X759 Y320
G1 X759 Y321
G1 X759 Y322
G1 X759 Y323
G1 X759 Y324
G1 X759 Y325
G1 X758 Y326
G1 X758 Y327
G1 X758 Y328
G1 X758 Y329
G1 X758 Y330
G1 X757 Y331
G1 X757 Y332
G1 X756 Y333
G1 X756 Y334
G1 X755 Y335
G1 X755 Y336
G1 X754 Y337
G1 X754 Y338
G1 X753 Y339
G1 X752 Y340
G1 X752 Y341
G1 X751 Y342
G1 X750 Y343
G1 X749 Y344
G1 X750 Y344
G1 X749 Y345
G1 X748 Y345
G1 X747 Y346
G1 X746 Y347
G1 X745 Y347
G1 X744 Y347
M5; lift marker up
G4 P0.08
G0 X748 Y386
M3 S1000;put marker down
G4 P0.2
G1 X749 Y386
G1 X750 Y386
G1 X751 Y386
G1 X752 Y386
G1 X753 Y385
G1 X754 Y385
G1 X755 Y385
G1 X756 Y385
G1 X757 Y385
G1 X758 Y385
G1 X759 Y385
G1 X760 Y386
G1 X760 Y387
G1 X760 Y388
G1 X759 Y389
G1 X759 Y390
G1 X758 Y391
G1 X757 Y392
G1 X758 Y392
G1 X757 Y393
G1 X757 Y394
G1 X757 Y395
G1 X756 Y396
G1 X756 Y397
G1 X756 Y398
G1 X756 Y399
G1 X755 Y400
G1 X755 Y401
G1 X755 Y402
G1 X755 Y403
G1 X755 Y404
G1 X754 Y405
G1 X754 Y406
G1 X754 Y407
G1 X754 Y408
G1 X754 Y409
G1 X754 Y410
G1 X754 Y411
G1 X753 Y412
G1 X753 Y413
M5; lift marker up
G4 P0.08
G0 X781 Y423
M3 S1000;put marker down
G4 P0.2
G1 X782 Y423
G1 X783 Y422
G1 X783 Y421
G1 X783 Y420
G1 X783 Y419
G1 X783 Y418
G1 X783 Y417
G1 X783 Y416
G1 X784 Y415
G1 X784 Y414
G1 X784 Y413
G1 X784 Y412
G1 X784 Y411
G1 X784 Y410
G1 X784 Y409
G1 X784 Y408
G1 X783 Y407
G1 X782 Y408
G1 X783 Y408
G1 X782 Y409
G1 X780 Y409
G1 X781 Y409
G1 X780 Y410
G1 X780 Y411
G1 X779 Y412
G1 X779 Y413
G1 X779 Y414
G1 X779 Y415
G1 X779 Y416
G1 X779 Y417
G1 X779 Y418
G1 X779 Y419
G1 X779 Y420
G1 X779 Y421
G1 X779 Y422
G1 X779 Y423
G1 X780 Y424
G1 X781 Y424
G1 X780 Y425
G1 X781 Y426
G1 X781 Y427
G1 X780 Y428
G1 X780 Y429
G1 X780 Y430
M5; lift marker up
G4 P0.08
G0 X788 Y405
M3 S1000;put marker down
G4 P0.2
G1 X785 Y406
G1 X786 Y406
G1 X787 Y405
G1 X788 Y404
G1 X789 Y403
G1 X790 Y402
G1 X790 Y401
G1 X790 Y400
G1 X791 Y399
G1 X791 Y398
G1 X786 Y399
G1 X783 Y405
G1 X784 Y404
G1 X784 Y403
G1 X784 Y402
G1 X784 Y401
G1 X784 Y400
G1 X785 Y399
G1 X786 Y398
G1 X787 Y398
G1 X788 Y397
G1 X789 Y397
G1 X790 Y397
G1 X791 Y397
G1 X792 Y396
G1 X792 Y395
M5; lift marker up
G4 P0.08
G0 X797 Y398
M3 S1000;put marker down
G4 P0.2
G1 X797 Y399
G1 X797 Y400
G1 X797 Y401
G1 X796 Y402
G1 X796 Y403
G1 X796 Y404
G1 X796 Y405
G1 X795 Y406
G1 X795 Y407
M5; lift marker up
G4 P0.08
G0 X782 Y393
M3 S1000;put marker down
G4 P0.2
G1 X781 Y394
G1 X780 Y394
G1 X779 Y394
G1 X778 Y394
G1 X777 Y395
G1 X776 Y395
G1 X775 Y395
G1 X774 Y396
G1 X773 Y396
G1 X772 Y396
G1 X771 Y397
G1 X772 Y397
G1 X771 Y398
G1 X770 Y399
G1 X771 Y400
G1 X772 Y401
G1 X773 Y402
G1 X774 Y403
G1 X774 Y404
G1 X774 Y405
G1 X774 Y406
G1 X774 Y407
G1 X774 Y408
G1 X773 Y409
G1 X773 Y410
G1 X772 Y411
G1 X772 Y412
G1 X771 Y412
G1 X770 Y413
G1 X769 Y413
G1 X768 Y413
G1 X767 Y413
G1 X767 Y412
G1 X767 Y411
G1 X766 Y410
M5; lift marker up
G4 P0.08
G0 X768 Y386
M3 S1000;put marker down
G4 P0.2
G1 X762 Y385
G1 X763 Y385
G1 X764 Y385
G1 X765 Y385
G1 X766 Y385
G1 X767 Y385
G1 X768 Y385
G1 X769 Y386
G1 X770 Y386
M5; lift marker up
G4 P0.08
G0 X802 Y381
M3 S1000;put marker down
G4 P0.2
G1 X802 Y382
G1 X802 Y383
M5; lift marker up
G4 P0.08
G0 X813 Y390
M3 S1000;put marker down
G4 P0.2
G1 X812 Y391
G1 X811 Y391
G1 X810 Y391
G1 X809 Y391
G1 X807 Y392
G1 X808 Y392
G1 X807 Y393
G1 X806 Y393
G1 X805 Y394
G1 X806 Y394
G1 X805 Y395
G1 X804 Y396
G1 X805 Y396
G1 X804 Y397
G1 X803 Y398
G1 X803 Y399
G1 X803 Y400
G1 X803 Y401
G1 X803 Y402
G1 X802 Y403
G1 X802 Y404
G1 X802 Y405
G1 X802 Y406
G1 X802 Y407
G1 X802 Y408
G1 X803 Y409
G1 X803 Y410
G1 X803 Y411
G1 X804 Y412
G1 X805 Y412
M5; lift marker up
G4 P0.08
G0 X823 Y396
M3 S1000;put marker down
G4 P0.2
G1 X822 Y397
G1 X821 Y397
G1 X820 Y398
G1 X819 Y398
G1 X817 Y399
G1 X818 Y399
G1 X817 Y400
G1 X816 Y400
G1 X815 Y401
G1 X816 Y401
G1 X815 Y402
G1 X814 Y403
G1 X813 Y404
G1 X813 Y405
G1 X813 Y406
G1 X813 Y407
G1 X813 Y408
G1 X813 Y409
G1 X814 Y410
G1 X815 Y410
G1 X816 Y411
G1 X817 Y411
M5; lift marker up
G4 P0.08
G0 X855 Y392
M3 S1000;put marker down
G4 P0.2
G1 X854 Y392
G1 X853 Y392
G1 X852 Y392
G1 X851 Y393
G1 X850 Y393
G1 X848 Y394
G1 X849 Y394
G1 X848 Y395
G1 X847 Y395
G1 X846 Y396
G1 X847 Y396
G1 X846 Y397
G1 X846 Y398
G1 X846 Y399
G1 X847 Y400
G1 X848 Y401
G1 X849 Y402
G1 X849 Y403
G1 X849 Y404
G1 X849 Y405
G1 X849 Y406
G1 X849 Y407
G1 X849 Y408
G1 X848 Y409
G1 X848 Y410
G1 X847 Y411
G1 X846 Y412
G1 X847 Y412
G1 X846 Y413
G1 X845 Y414
G1 X844 Y415
G1 X843 Y415
M5; lift marker up
G4 P0.08
G0 X859 Y397
M3 S1000;put marker down
G4 P0.2
G1 X859 Y398
G1 X859 Y399
G1 X859 Y400
G1 X858 Y401
G1 X858 Y402
G1 X858 Y403
G1 X858 Y404
G1 X857 Y405
G1 X857 Y406
G1 X856 Y407
M5; lift marker up
G4 P0.08
G0 X869 Y402
M3 S1000;put marker down
G4 P0.2
G1 X868 Y403
M5; lift marker up
G4 P0.08
G0 X871 Y386
M3 S1000;put marker down
G4 P0.2
G1 X871 Y387
G1 X871 Y388
G1 X871 Y389
G1 X870 Y390
G1 X870 Y391
G1 X870 Y392
G1 X870 Y393
G1 X869 Y394
G1 X869 Y395
G1 X869 Y396
G1 X869 Y397
G1 X869 Y398
G1 X869 Y399
G1 X870 Y400
G1 X871 Y399
G1 X872 Y399
G1 X873 Y399
G1 X874 Y398
G1 X875 Y398
G1 X876 Y398
G1 X877 Y398
G1 X878 Y398
G1 X879 Y398
G1 X880 Y399
G1 X881 Y399
G1 X882 Y400
G1 X883 Y401
G1 X883 Y402
G1 X884 Y403
G1 X884 Y404
G1 X884 Y405
G1 X885 Y408
G1 X884 Y407
G1 X884 Y406
G1 X885 Y407
G1 X886 Y408
G1 X887 Y409
G1 X888 Y409
G1 X889 Y409
M5; lift marker up
G4 P0.08
G0 X910 Y397
M3 S1000;put marker down
G4 P0.2
G1 X910 Y398
G1 X910 Y399
G1 X910 Y400
G1 X909 Y401
G1 X909 Y402
G1 X909 Y403
G1 X908 Y404
G1 X907 Y405
G1 X907 Y406
G1 X906 Y407
G1 X905 Y408
G1 X904 Y408
G1 X903 Y409
G1 X902 Y409
G1 X901 Y409
G1 X900 Y409
G1 X899 Y408
G1 X898 Y407
G1 X898 Y406
G1 X897 Y405
G1 X897 Y404
G1 X897 Y403
G1 X897 Y402
G1 X897 Y401
G1 X896 Y400
G1 X897 Y399
M5; lift marker up
G4 P0.08
G0 X923 Y375
M3 S1000;put marker down
G4 P0.2
G1 X922 Y376
G1 X921 Y377
G1 X921 Y378
G1 X920 Y379
G1 X920 Y380
G1 X920 Y381
G1 X920 Y382
G1 X920 Y383
G1 X919 Y384
G1 X919 Y385
G1 X919 Y386
G1 X919 Y387
G1 X919 Y388
G1 X918 Y389
G1 X918 Y390
G1 X918 Y391
G1 X918 Y392
G1 X918 Y393
G1 X918 Y394
G1 X919 Y395
G1 X918 Y395
G1 X919 Y396
G1 X919 Y397
G1 X918 Y399
G1 X916 Y405
G1 X916 Y404
G1 X916 Y403
G1 X916 Y402
G1 X916 Y401
G1 X916 Y400
G1 X917 Y399
G1 X918 Y398
G1 X919 Y398
G1 X920 Y399
G1 X921 Y399
G1 X922 Y399
G1 X923 Y399
G1 X924 Y399
G1 X925 Y399
G1 X926 Y399
G1 X927 Y398
G1 X928 Y399
G1 X928 Y400
G1 X929 Y401
G1 X929 Y402
G1 X929 Y403
G1 X929 Y404
G1 X929 Y405
G1 X929 Y406
G1 X929 Y407
G1 X929 Y408
G1 X929 Y409
M5; lift marker up
G4 P0.08
G0 X946 Y399
M3 S1000;put marker down
G4 P0.2
G1 X946 Y400
G1 X945 Y401
G1 X945 Y402
G1 X944 Y403
M5; lift marker up
G4 P0.08
G0 X958 Y387
M3 S1000;put marker down
G4 P0.2
G1 X957 Y388
G1 X957 Y389
G1 X957 Y390
G1 X956 Y391
G1 X956 Y392
G1 X955 Y393
G1 X956 Y393
G1 X955 Y394
G1 X954 Y395
G1 X955 Y395
G1 X954 Y396
G1 X954 Y397
G1 X953 Y398
G1 X953 Y399
G1 X952 Y400
M5; lift marker up
G4 P0.08
G0 X955 Y378
M3 S1000;put marker down
G4 P0.2
G1 X954 Y379
G1 X953 Y379
G1 X952 Y380
M5; lift marker up
G4 P0.08
G0 X946 Y376
M3 S1000;put marker down
G4 P0.2
G1 X945 Y377
G1 X945 Y378
G1 X944 Y379
G1 X944 Y380
G1 X944 Y381
G1 X943 Y382
G1 X943 Y383
G1 X942 Y384
G1 X942 Y385
G1 X942 Y386
G1 X942 Y387
G1 X942 Y388
G1 X942 Y389
G1 X941 Y390
G1 X940 Y391
G1 X934 Y392
G1 X935 Y391
G1 X936 Y391
G1 X937 Y391
G1 X938 Y391
G1 X939 Y391
G1 X940 Y392
G1 X940 Y393
G1 X940 Y394
G1 X940 Y395
G1 X939 Y396
G1 X940 Y396
G1 X939 Y397
G1 X939 Y398
G1 X939 Y399
G1 X939 Y400
G1 X938 Y401
G1 X938 Y402
G1 X938 Y403
G1 X938 Y404
G1 X938 Y405
M5; lift marker up
G4 P0.08
G0 X974 Y393
M3 S1000;put marker down
G4 P0.2
G1 X973 Y394
G1 X969 Y385
G1 X969 Y386
G1 X968 Y387
G1 X968 Y388
G1 X967 Y389
G1 X967 Y390
G1 X966 Y391
G1 X966 Y392
G1 X965 Y393
G1 X965 Y394
G1 X965 Y395
G1 X965 Y396
G1 X965 Y397
G1 X965 Y399
G1 X965 Y398
G1 X966 Y399
G1 X967 Y399
G1 X968 Y398
G1 X969 Y397
G1 X970 Y396
G1 X971 Y395
G1 X972 Y394
G1 X973 Y393
G1 X974 Y392
G1 X975 Y392
G1 X976 Y392
G1 X977 Y391
G1 X978 Y391
G1 X979 Y392
G1 X980 Y393
G1 X979 Y394
G1 X979 Y395
G1 X979 Y396
G1 X979 Y397
G1 X979 Y398
G1 X978 Y399
G1 X978 Y400
G1 X978 Y401
G1 X977 Y402
G1 X977 Y403
G1 X977 Y404
G1 X976 Y405
M5; lift marker up
G4 P0.08
G0 X892 Y446
M3 S1000;put marker down
G4 P0.2
G1 X892 Y447
G1 X892 Y448
G1 X891 Y449
G1 X891 Y450
G1 X891 Y451
G1 X890 Y452
G1 X890 Y453
G1 X890 Y454
G1 X889 Y455
G1 X889 Y456
G1 X889 Y457
G1 X889 Y458
G1 X889 Y461
G1 X889 Y460
G1 X889 Y459
G1 X890 Y460
G1 X891 Y460
G1 X892 Y460
G1 X893 Y460
G1 X894 Y459
G1 X895 Y459
G1 X896 Y459
G1 X897 Y459
G1 X898 Y459
G1 X899 Y459
G1 X900 Y459
G1 X901 Y459
G1 X902 Y459
G1 X903 Y459
G1 X904 Y459
G1 X905 Y459
G1 X906 Y459
M5; lift marker up
G4 P0.08
G0 X877 Y465
M3 S1000;put marker down
G4 P0.2
G1 X875 Y465
G1 X876 Y465
G1 X877 Y464
G1 X878 Y464
G1 X879 Y464
G1 X880 Y463
G1 X881 Y463
G1 X882 Y463
G1 X883 Y462
G1 X884 Y462
G1 X885 Y462
G1 X886 Y462
G1 X887 Y462
G1 X888 Y463
G1 X888 Y464
G1 X888 Y465
G1 X888 Y466
G1 X888 Y467
G1 X887 Y468
G1 X887 Y469
G1 X887 Y470
G1 X887 Y471
G1 X887 Y472
G1 X887 Y473
G1 X887 Y474
G1 X887 Y475
G1 X887 Y476
G1 X886 Y477
G1 X886 Y478
G1 X886 Y479
G1 X886 Y480
G1 X886 Y481
G1 X886 Y482
G1 X886 Y483
G1 X886 Y484
G1 X886 Y485
G1 X885 Y486
G1 X885 Y487
G1 X885 Y488
M5; lift marker up
G4 P0.08
G0 X870 Y477
M3 S1000;put marker down
G4 P0.2
G1 X870 Y478
G1 X869 Y479
G1 X868 Y480
G1 X868 Y481
G1 X867 Y482
G1 X867 Y483
G1 X866 Y484
G1 X865 Y485
G1 X864 Y486
G1 X863 Y487
G1 X864 Y487
G1 X863 Y488
G1 X862 Y489
G1 X861 Y490
G1 X860 Y491
G1 X859 Y491
G1 X858 Y491
G1 X857 Y491
G1 X856 Y491
G1 X855 Y491
G1 X854 Y490
G1 X853 Y489
G1 X853 Y488
G1 X853 Y487
G1 X853 Y486
G1 X853 Y485
G1 X853 Y484
G1 X853 Y483
G1 X852 Y482
G1 X851 Y482
G1 X850 Y482
G1 X849 Y482
G1 X848 Y482
G1 X847 Y483
G1 X848 Y483
G1 X847 Y484
G1 X846 Y484
G1 X845 Y485
G1 X846 Y485
G1 X845 Y486
G1 X844 Y486
G1 X843 Y487
G1 X844 Y487
G1 X843 Y488
G1 X842 Y489
G1 X841 Y490
G1 X842 Y490
G1 X841 Y491
G1 X840 Y492
G1 X839 Y493
G1 X839 Y494
M5; lift marker up
G4 P0.08
G0 X831 Y486
M3 S1000;put marker down
G4 P0.2
G1 X825 Y489
G1 X818 Y490
G1 X821 Y482
G1 X820 Y483
G1 X820 Y484
G1 X819 Y484
G1 X818 Y485
G1 X815 Y482
G1 X816 Y476
G1 X815 Y476
G1 X814 Y476
G1 X813 Y476
G1 X812 Y476
G1 X811 Y477
G1 X812 Y477
G1 X811 Y478
G1 X811 Y479
G1 X810 Y480
G1 X810 Y481
G1 X811 Y482
G1 X812 Y482
G1 X813 Y482
G1 X814 Y482
G1 X815 Y483
G1 X816 Y484
G1 X817 Y485
G1 X816 Y485
G1 X817 Y486
G1 X817 Y487
G1 X817 Y488
G1 X818 Y489
G1 X819 Y490
G1 X820 Y490
G1 X821 Y490
G1 X822 Y490
G1 X823 Y490
G1 X824 Y489
G1 X825 Y488
G1 X826 Y488
G1 X827 Y487
G1 X828 Y487
G1 X829 Y487
G1 X830 Y486
G1 X831 Y487
G1 X831 Y488
G1 X831 Y489
G1 X830 Y490
G1 X830 Y491
G1 X829 Y492
G1 X830 Y492
G1 X829 Y493
G1 X828 Y494
G1 X827 Y495
G1 X828 Y495
G1 X827 Y496
G1 X826 Y497
G1 X825 Y498
G1 X824 Y499
G1 X823 Y500
G1 X822 Y501
G1 X821 Y501
M5; lift marker up
G4 P0.08
G0 X828 Y534
M3 S1000;put marker down
G4 P0.2
G1 X828 Y535
G1 X828 Y536
G1 X828 Y537
G1 X828 Y538
G1 X828 Y539
G1 X828 Y540
G1 X828 Y541
G1 X828 Y542
G1 X828 Y543
G1 X828 Y544
G1 X828 Y545
G1 X829 Y546
G1 X830 Y546
G1 X831 Y547
G1 X830 Y548
M5; lift marker up
G4 P0.08
G0 X833 Y546
M3 S1000;put marker down
G4 P0.2
G1 X833 Y545
G1 X834 Y544
G1 X834 Y543
G1 X835 Y542
G1 X835 Y541
G1 X836 Y540
G1 X836 Y539
M5; lift marker up
G4 P0.08
G0 X845 Y540
M3 S1000;put marker down
G4 P0.2
G1 X846 Y539
G1 X846 Y538
G1 X846 Y537
G1 X847 Y536
G1 X847 Y535
M5; lift marker up
G4 P0.08
G0 X859 Y536
M3 S1000;put marker down
G4 P0.2
G1 X859 Y537
G1 X858 Y538
G1 X858 Y539
G1 X857 Y540
G1 X855 Y540
G1 X856 Y540
G1 X855 Y541
G1 X854 Y542
G1 X853 Y543
G1 X854 Y543
G1 X853 Y544
G1 X853 Y545
G1 X853 Y546
G1 X852 Y546
G1 X851 Y547
G1 X852 Y547
G1 X851 Y548
G1 X850 Y548
G1 X849 Y549
G1 X848 Y549
G1 X847 Y548
G1 X846 Y547
G1 X846 Y546
G1 X845 Y545
G1 X845 Y544
G1 X845 Y543
G1 X844 Y542
G1 X843 Y542
M5; lift marker up
G4 P0.08
G0 X866 Y538
M3 S1000;put marker down
G4 P0.2
G1 X865 Y539
G1 X865 Y540
G1 X865 Y541
G1 X865 Y542
G1 X865 Y543
G1 X865 Y544
G1 X864 Y545
M5; lift marker up
G4 P0.08
G0 X878 Y534
M3 S1000;put marker down
G4 P0.2
G1 X879 Y534
G1 X880 Y533
G1 X881 Y533
M5; lift marker up
G4 P0.08
G0 X884 Y540
M3 S1000;put marker down
G4 P0.2
G1 X884 Y541
G1 X884 Y542
M5; lift marker up
G4 P0.08
G0 X895 Y533
M3 S1000;put marker down
G4 P0.2
G1 X894 Y534
G1 X891 Y543
G1 X891 Y542
G1 X891 Y541
G1 X891 Y540
G1 X891 Y539
G1 X891 Y538
G1 X892 Y537
G1 X892 Y536
G1 X893 Y535
G1 X893 Y534
G1 X894 Y533
G1 X895 Y532
G1 X896 Y532
G1 X897 Y531
G1 X898 Y531
G1 X899 Y530
G1 X900 Y530
G1 X901 Y530
G1 X902 Y530
G1 X903 Y530
G1 X904 Y531
G1 X905 Y532
G1 X906 Y532
G1 X907 Y533
G1 X908 Y534
G1 X908 Y535
G1 X908 Y536
G1 X908 Y537
G1 X908 Y538
G1 X908 Y539
G1 X908 Y540
G1 X908 Y541
G1 X908 Y542
G1 X908 Y543
G1 X908 Y544
G1 X908 Y545
M5; lift marker up
G4 P0.08
G0 X928 Y527
M3 S1000;put marker down
G4 P0.2
G1 X929 Y527
G1 X930 Y527
G1 X931 Y527
G1 X932 Y527
M5; lift marker up
G4 P0.08
G0 X934 Y531
M3 S1000;put marker down
G4 P0.2
G1 X933 Y532
G1 X932 Y533
G1 X933 Y533
G1 X932 Y534
G1 X931 Y534
G1 X930 Y535
G1 X931 Y535
G1 X930 Y536
G1 X930 Y537
G1 X929 Y538
G1 X929 Y539
G1 X928 Y540
M5; lift marker up
G4 P0.08
G0 X941 Y532
M3 S1000;put marker down
G4 P0.2
G1 X940 Y533
G1 X940 Y534
G1 X939 Y535
G1 X939 Y536
M5; lift marker up
G4 P0.08
G0 X954 Y522
M3 S1000;put marker down
G4 P0.2
G1 X953 Y523
G1 X953 Y524
G1 X953 Y525
G1 X953 Y526
G1 X952 Y528
G1 X952 Y527
G1 X953 Y528
G1 X954 Y528
G1 X955 Y528
G1 X956 Y528
G1 X957 Y528
G1 X958 Y527
G1 X959 Y527
G1 X960 Y527
G1 X961 Y527
G1 X962 Y527
G1 X963 Y527
G1 X964 Y527
G1 X965 Y528
G1 X966 Y529
G1 X967 Y530
G1 X968 Y531
G1 X967 Y531
G1 X968 Y532
G1 X968 Y533
G1 X968 Y534
G1 X968 Y535
G1 X968 Y536
G1 X968 Y537
G1 X968 Y538
G1 X968 Y539
G1 X968 Y540
G1 X967 Y541
M5; lift marker up
G4 P0.08
G0 X941 Y514
M3 S1000;put marker down
G4 P0.2
G1 X940 Y515
G1 X940 Y516
G1 X939 Y517
G1 X939 Y518
G1 X939 Y519
G1 X939 Y520
M5; lift marker up
G4 P0.08
G0 X928 Y513
M3 S1000;put marker down
G4 P0.2
G1 X928 Y514
G1 X928 Y515
G1 X927 Y516
G1 X928 Y516
G1 X927 Y517
G1 X927 Y518
G1 X927 Y519
G1 X926 Y520
G1 X926 Y521
G1 X926 Y522
G1 X925 Y523
G1 X925 Y524
G1 X925 Y525
G1 X925 Y526
G1 X925 Y527
G1 X926 Y528
G1 X925 Y528
G1 X924 Y529
G1 X919 Y529
G1 X920 Y529
G1 X921 Y529
G1 X922 Y529
G1 X923 Y529
G1 X924 Y530
G1 X924 Y531
G1 X924 Y532
G1 X924 Y533
G1 X924 Y534
G1 X924 Y535
M5; lift marker up
G4 P0.08
G0 X890 Y520
M3 S1000;put marker down
G4 P0.2
G1 X890 Y521
M5; lift marker up
G4 P0.08
G0 X882 Y516
M3 S1000;put marker down
G4 P0.2
G1 X881 Y516
G1 X880 Y517
G1 X879 Y518
G1 X879 Y519
G1 X878 Y520
G1 X878 Y521
G1 X878 Y522
G1 X877 Y523
G1 X877 Y524
G1 X877 Y525
G1 X876 Y526
G1 X876 Y527
G1 X876 Y528
G1 X876 Y529
G1 X876 Y530
G1 X876 Y531
G1 X876 Y532
G1 X875 Y534
G1 X875 Y533
G1 X876 Y534
G1 X875 Y535
G1 X875 Y536
G1 X875 Y537
G1 X875 Y538
G1 X875 Y539
G1 X875 Y540
G1 X875 Y541
G1 X875 Y542
G1 X875 Y543
G1 X875 Y544
G1 X875 Y545
M5; lift marker up
G4 P0.08
G0 X840 Y578
M3 S1000;put marker down
G4 P0.2
G1 X839 Y579
G1 X839 Y580
G1 X839 Y581
G1 X839 Y582
G1 X838 Y583
G1 X838 Y584
G1 X838 Y585
G1 X837 Y586
G1 X837 Y587
G1 X836 Y588
G1 X836 Y589
G1 X836 Y590
G1 X836 Y591
G1 X836 Y592
G1 X836 Y594
G1 X835 Y594
G1 X836 Y593
G1 X837 Y594
G1 X838 Y594
G1 X839 Y593
G1 X840 Y593
G1 X841 Y593
G1 X842 Y593
G1 X843 Y593
G1 X844 Y593
G1 X845 Y593
G1 X846 Y593
G1 X847 Y593
G1 X848 Y593
G1 X849 Y593
G1 X850 Y593
G1 X851 Y593
G1 X852 Y593
M5; lift marker up
G4 P0.08
G0 X823 Y596
M3 S1000;put marker down
G4 P0.2
G1 X824 Y596
G1 X825 Y596
G1 X826 Y596
G1 X827 Y596
G1 X828 Y595
G1 X829 Y595
G1 X830 Y595
G1 X831 Y595
G1 X832 Y595
G1 X833 Y595
G1 X834 Y596
G1 X834 Y597
G1 X834 Y598
G1 X834 Y599
G1 X834 Y600
G1 X834 Y601
G1 X834 Y602
G1 X834 Y603
G1 X834 Y604
G1 X833 Y605
G1 X833 Y606
G1 X833 Y607
G1 X833 Y608
G1 X833 Y609
G1 X832 Y610
G1 X832 Y611
G1 X832 Y612
M5; lift marker up
G4 P0.08
G0 X807 Y609
M3 S1000;put marker down
G4 P0.2
G1 X801 Y611
G1 X800 Y612
G1 X801 Y603
G1 X800 Y603
G1 X799 Y604
G1 X797 Y605
G1 X798 Y605
G1 X797 Y606
G1 X796 Y606
G1 X795 Y607
G1 X796 Y607
G1 X795 Y608
G1 X794 Y609
G1 X795 Y609
G1 X794 Y610
G1 X794 Y611
G1 X794 Y612
G1 X793 Y613
G1 X794 Y614
G1 X795 Y614
G1 X796 Y614
G1 X797 Y614
G1 X798 Y613
G1 X799 Y612
G1 X800 Y611
G1 X801 Y610
G1 X802 Y610
G1 X803 Y609
G1 X804 Y609
G1 X805 Y609
G1 X806 Y609
G1 X807 Y610
G1 X807 Y611
G1 X807 Y612
G1 X807 Y613
G1 X808 Y614
G1 X809 Y614
G1 X810 Y614
G1 X811 Y614
G1 X812 Y613
G1 X813 Y613
G1 X814 Y612
G1 X815 Y611
G1 X816 Y610
G1 X817 Y609
G1 X818 Y608
G1 X819 Y607
G1 X820 Y606
G1 X821 Y605
G1 X822 Y604
G1 X822 Y603
M5; lift marker up
G4 P0.08
G0 X773 Y611
M3 S1000;put marker down
G4 P0.2
G1 X772 Y612
G1 X771 Y613
G1 X771 Y614
G1 X770 Y614
G1 X769 Y615
G1 X768 Y615
G1 X766 Y613
G1 X765 Y612
G1 X764 Y607
G1 X763 Y607
G1 X762 Y607
G1 X761 Y607
G1 X760 Y607
G1 X759 Y608
G1 X760 Y608
G1 X759 Y609
G1 X759 Y610
G1 X758 Y612
G1 X758 Y611
G1 X759 Y612
G1 X760 Y612
G1 X761 Y612
G1 X762 Y612
G1 X763 Y612
G1 X764 Y612
G1 X765 Y613
G1 X766 Y614
G1 X767 Y615
G1 X768 Y616
G1 X768 Y617
G1 X768 Y618
G1 X768 Y619
G1 X768 Y621
G1 X768 Y620
G1 X769 Y621
G1 X770 Y621
G1 X771 Y621
G1 X772 Y621
G1 X773 Y620
G1 X774 Y620
G1 X775 Y619
G1 X776 Y618
G1 X777 Y618
G1 X778 Y617
G1 X779 Y616
G1 X780 Y616
G1 X781 Y615
G1 X782 Y615
G1 X783 Y615
G1 X784 Y615
G1 X785 Y614
G1 X786 Y614
G1 X787 Y615
G1 X787 Y616
G1 X787 Y617
G1 X787 Y618
G1 X786 Y619
G1 X786 Y620
G1 X785 Y620
G1 X784 Y621
G1 X785 Y621
G1 X784 Y622
G1 X783 Y623
G1 X783 Y624
G1 X782 Y624
G1 X781 Y625
G1 X782 Y625
G1 X781 Y626
G1 X780 Y627
G1 X779 Y628
G1 X778 Y629
G1 X777 Y630
G1 X775 Y631
G1 X776 Y631
G1 X775 Y632
G1 X774 Y632
G1 X773 Y633
G1 X772 Y633
M5; lift marker up
G4 P0.08
G0 X760 Y587
M3 S1000;put marker down
G4 P0.2
G1 X759 Y588
G1 X758 Y588
G1 X757 Y589
G1 X758 Y589
G1 X757 Y590
G1 X756 Y591
G1 X756 Y592
G1 X755 Y593
G1 X755 Y594
G1 X754 Y595
G1 X754 Y596
G1 X754 Y597
G1 X753 Y598
G1 X753 Y599
G1 X752 Y600
G1 X752 Y601
G1 X751 Y602
G1 X751 Y603
G1 X751 Y604
G1 X750 Y605
G1 X750 Y606
G1 X749 Y607
G1 X749 Y608
G1 X749 Y609
G1 X748 Y610
G1 X748 Y611
G1 X748 Y612
G1 X748 Y613
G1 X748 Y614
G1 X747 Y615
G1 X747 Y616
G1 X747 Y617
G1 X747 Y618
G1 X747 Y619
G1 X747 Y620
G1 X747 Y621
M5; lift marker up
G4 P0.08
G0 X718 Y610
M3 S1000;put marker down
G4 P0.2
G1 X715 Y614
G1 X714 Y615
G1 X713 Y616
G1 X712 Y617
G1 X709 Y618
G1 X710 Y618
G1 X711 Y617
G1 X712 Y616
G1 X713 Y615
G1 X714 Y614
G1 X715 Y613
G1 X716 Y612
G1 X717 Y611
G1 X717 Y610
G1 X718 Y609
G1 X719 Y608
G1 X719 Y607
G1 X720 Y606
G1 X720 Y605
G1 X721 Y604
G1 X721 Y603
G1 X721 Y602
G1 X720 Y601
G1 X719 Y600
G1 X718 Y599
G1 X719 Y598
G1 X720 Y597
G1 X721 Y596
G1 X722 Y595
G1 X723 Y594
G1 X724 Y593
G1 X724 Y592
G1 X723 Y591
G1 X722 Y591
G1 X721 Y591
G1 X720 Y592
G1 X719 Y593
G1 X718 Y594
G1 X717 Y595
G1 X716 Y596
G1 X716 Y597
G1 X716 Y598
G1 X717 Y599
G1 X716 Y599
G1 X715 Y599
G1 X714 Y599
G1 X713 Y599
G1 X711 Y592
G1 X711 Y593
G1 X711 Y594
G1 X711 Y595
G1 X711 Y596
G1 X711 Y597
G1 X711 Y598
G1 X711 Y600
G1 X711 Y599
G1 X712 Y600
G1 X711 Y601
G1 X710 Y602
G1 X710 Y603
G1 X710 Y604
G1 X710 Y605
G1 X710 Y606
G1 X709 Y607
G1 X709 Y608
G1 X709 Y609
G1 X708 Y610
G1 X708 Y611
G1 X708 Y612
G1 X707 Y613
G1 X707 Y614
G1 X707 Y615
G1 X707 Y616
G1 X707 Y618
G1 X707 Y617
G1 X708 Y618
G1 X707 Y619
G1 X706 Y620
G1 X707 Y620
G1 X706 Y621
G1 X705 Y622
M5; lift marker up
G4 P0.08
G0 X725 Y590
M3 S1000;put marker down
G4 P0.2
G1 X726 Y590
G1 X727 Y589
M5; lift marker up
G4 P0.08
G0 X739 Y537
M3 S1000;put marker down
G4 P0.2
G1 X738 Y536
G1 X734 Y537
G1 X733 Y538
G1 X731 Y530
G1 X730 Y531
G1 X730 Y532
G1 X730 Y533
G1 X730 Y534
G1 X730 Y535
G1 X730 Y536
G1 X729 Y542
G1 X730 Y541
G1 X730 Y540
G1 X730 Y539
G1 X730 Y538
G1 X730 Y537
G1 X731 Y538
G1 X732 Y538
G1 X733 Y537
G1 X734 Y536
G1 X735 Y536
G1 X736 Y536
G1 X737 Y536
G1 X738 Y537
G1 X739 Y538
G1 X740 Y539
G1 X741 Y539
G1 X742 Y539
G1 X743 Y539
G1 X744 Y538
G1 X745 Y538
G1 X746 Y539
G1 X746 Y540
G1 X747 Y541
G1 X746 Y541
G1 X747 Y542
G1 X747 Y543
M5; lift marker up
G4 P0.08
G0 X763 Y535
M3 S1000;put marker down
G4 P0.2
G1 X762 Y534
G1 X761 Y534
G1 X760 Y535
G1 X757 Y535
G1 X758 Y535
G1 X759 Y535
G1 X760 Y536
G1 X761 Y537
G1 X761 Y538
G1 X761 Y539
G1 X762 Y540
G1 X762 Y541
G1 X763 Y542
G1 X762 Y542
G1 X763 Y543
G1 X763 Y544
G1 X763 Y545
M5; lift marker up
G4 P0.08
G0 X777 Y529
M3 S1000;put marker down
G4 P0.2
G1 X778 Y529
G1 X779 Y529
M5; lift marker up
G4 P0.08
G0 X783 Y535
M3 S1000;put marker down
G4 P0.2
G1 X782 Y536
G1 X782 Y537
G1 X781 Y538
G1 X781 Y539
G1 X780 Y540
G1 X779 Y541
M5; lift marker up
G4 P0.08
G0 X799 Y531
M3 S1000;put marker down
G4 P0.2
G1 X798 Y531
G1 X797 Y531
G1 X796 Y531
G1 X795 Y531
G1 X794 Y532
G1 X793 Y533
G1 X792 Y534
G1 X792 Y535
G1 X791 Y536
G1 X791 Y537
G1 X791 Y538
G1 X790 Y539
G1 X790 Y540
G1 X790 Y541
G1 X790 Y542
G1 X789 Y543
G1 X789 Y544
G1 X789 Y545
G1 X789 Y546
G1 X789 Y547
G1 X789 Y548
M5; lift marker up
G4 P0.08
G0 X788 Y518
M3 S1000;put marker down
G4 P0.2
G1 X788 Y519
G1 X788 Y520
M5; lift marker up
G4 P0.08
G0 X776 Y518
M3 S1000;put marker down
G4 P0.2
G1 X775 Y519
G1 X775 Y520
G1 X775 Y521
G1 X775 Y522
G1 X775 Y523
G1 X775 Y524
G1 X775 Y525
G1 X775 Y526
G1 X774 Y528
G1 X774 Y527
G1 X775 Y528
G1 X774 Y529
G1 X774 Y530
G1 X774 Y531
G1 X773 Y532
G1 X773 Y533
G1 X773 Y534
G1 X773 Y535
G1 X773 Y536
G1 X773 Y537
G1 X773 Y538
G1 X772 Y539
M5; lift marker up
G4 P0.08
G0 X725 Y526
M3 S1000;put marker down
G4 P0.2
G1 X725 Y527
G1 X725 Y528
G1 X724 Y529
G1 X724 Y530
G1 X724 Y531
G1 X723 Y532
G1 X723 Y533
G1 X723 Y534
G1 X722 Y535
G1 X722 Y536
G1 X722 Y537
G1 X722 Y538
G1 X723 Y539
G1 X723 Y540
M5; lift marker up
G4 P0.08
G0 X757 Y468
M3 S1000;put marker down
G4 P0.2
G1 X756 Y468
G1 X755 Y469
G1 X754 Y469
G1 X753 Y469
G1 X752 Y470
G1 X751 Y470
G1 X749 Y471
G1 X750 Y471
G1 X749 Y472
G1 X748 Y472
G1 X747 Y473
G1 X746 Y474
G1 X745 Y475
G1 X744 Y476
G1 X743 Y477
G1 X744 Y477
G1 X743 Y478
G1 X742 Y479
G1 X742 Y480
G1 X742 Y481
G1 X741 Y482
G1 X741 Y483
G1 X741 Y484
G1 X741 Y485
G1 X741 Y486
G1 X741 Y487
G1 X741 Y488
G1 X741 Y489
G1 X741 Y490
G1 X741 Y491
G1 X741 Y492
G1 X741 Y493
G1 X742 Y494
G1 X743 Y495
G1 X744 Y495
G1 X745 Y495
M5; lift marker up
G4 P0.08
G0 X809 Y457
M3 S1000;put marker down
G4 P0.2
G1 X808 Y458
G1 X808 Y459
G1 X807 Y460
G1 X807 Y461
G1 X807 Y462
G1 X806 Y463
G1 X806 Y464
G1 X806 Y465
G1 X805 Y466
G1 X805 Y467
G1 X805 Y468
G1 X804 Y469
G1 X804 Y470
G1 X804 Y471
G1 X803 Y472
G1 X803 Y473
G1 X803 Y474
G1 X803 Y475
G1 X802 Y476
G1 X802 Y477
G1 X802 Y478
G1 X802 Y479
G1 X801 Y480
G1 X802 Y480
G1 X801 Y481
G1 X801 Y482
G1 X801 Y483
G1 X801 Y484
G1 X801 Y485
G1 X800 Y486
G1 X800 Y487
G1 X800 Y488
G1 X800 Y489
M5; lift marker up
G4 P0.08
G0 X707 Y421
M3 S1000;put marker down
G4 P0.2
G1 X705 Y421
G1 X706 Y421
G1 X705 Y422
G1 X704 Y422
G1 X702 Y422
G1 X703 Y422
G1 X702 Y423
G1 X701 Y423
G1 X699 Y423
G1 X700 Y423
G1 X699 Y424
G1 X697 Y424
G1 X698 Y424
G1 X697 Y425
G1 X696 Y425
G1 X694 Y425
G1 X695 Y425
G1 X694 Y426
G1 X692 Y426
G1 X693 Y426
G1 X692 Y427
G1 X691 Y427
G1 X690 Y427
G1 X689 Y428
G1 X688 Y428
G1 X687 Y429
G1 X686 Y429
G1 X685 Y430
G1 X684 Y430
G1 X683 Y431
G1 X682 Y431
G1 X680 Y432
G1 X681 Y432
G1 X680 Y433
G1 X679 Y433
G1 X678 Y434
G1 X677 Y434
G1 X675 Y435
G1 X676 Y435
G1 X675 Y436
G1 X674 Y436
G1 X672 Y437
G1 X673 Y437
G1 X672 Y438
G1 X671 Y438
G1 X670 Y439
G1 X668 Y440
G1 X669 Y440
G1 X668 Y441
G1 X667 Y441
G1 X666 Y442
G1 X665 Y443
G1 X664 Y444
G1 X664 Y445
M5; lift marker up
G4 P0.08
G0 X732 Y385
M3 S1000;put marker down
G4 P0.2
G1 X731 Y386
G1 X731 Y387
G1 X730 Y388
G1 X730 Y389
G1 X730 Y390
G1 X730 Y391
G1 X729 Y392
G1 X729 Y393
G1 X729 Y394
G1 X729 Y395
G1 X729 Y396
G1 X728 Y397
G1 X729 Y397
G1 X728 Y398
G1 X728 Y399
G1 X728 Y400
G1 X728 Y401
G1 X728 Y402
G1 X728 Y403
G1 X727 Y404
G1 X727 Y405
G1 X727 Y406
G1 X727 Y407
G1 X727 Y408
G1 X727 Y409
G1 X726 Y410
G1 X726 Y411
G1 X726 Y412
G1 X726 Y413
G1 X726 Y414
G1 X725 Y415
G1 X725 Y416
G1 X725 Y417
G1 X725 Y418
G1 X726 Y421
G1 X725 Y420
G1 X725 Y419
G1 X726 Y420
G1 X727 Y421
G1 X728 Y421
G1 X729 Y421
G1 X730 Y420
G1 X731 Y420
G1 X732 Y419
G1 X733 Y419
G1 X734 Y418
G1 X735 Y418
G1 X736 Y418
G1 X737 Y418
G1 X738 Y418
G1 X739 Y417
G1 X740 Y417
M5; lift marker up
G4 P0.08
G0 X748 Y259
M3 S1000;put marker down
G4 P0.2
G1 X747 Y260
G1 X747 Y259
G1 X748 Y258
G1 X748 Y257
G1 X748 Y256
G1 X748 Y255
G1 X748 Y254
G1 X749 Y253
G1 X749 Y252
G1 X749 Y251
G1 X749 Y250
G1 X749 Y249
G1 X750 Y248
G1 X750 Y247
G1 X750 Y246
G1 X751 Y245
G1 X751 Y244
G1 X751 Y243
M5; lift marker up
G4 P0.08
G0 X738 Y246
M3 S1000;put marker down
G4 P0.2
G1 X738 Y247
G1 X738 Y248
G1 X738 Y249
G1 X738 Y250
G1 X737 Y251
G1 X737 Y252
G1 X736 Y253
G1 X736 Y254
G1 X736 Y255
G1 X735 Y256
G1 X735 Y257
G1 X735 Y258
G1 X735 Y259
G1 X735 Y260
G1 X736 Y261
G1 X737 Y260
G1 X738 Y260
G1 X739 Y259
G1 X740 Y259
G1 X741 Y258
G1 X742 Y259
G1 X743 Y260
G1 X744 Y261
G1 X745 Y262
G1 X746 Y262
G1 X747 Y263
G1 X747 Y264
G1 X748 Y265
G1 X748 Y266
G1 X748 Y267
G1 X748 Y268
G1 X749 Y269
G1 X749 Y270
M5; lift marker up
G4 P0.08
G0 X759 Y258
M3 S1000;put marker down
G4 P0.2
G1 X758 Y258
G1 X759 Y257
G1 X760 Y256
G1 X760 Y255
G1 X760 Y254
G1 X760 Y253
G1 X759 Y252
G1 X758 Y253
G1 X757 Y253
G1 X756 Y254
G1 X756 Y255
G1 X756 Y256
G1 X756 Y258
G1 X756 Y257
G1 X757 Y258
G1 X756 Y259
G1 X755 Y260
G1 X756 Y260
G1 X755 Y261
G1 X754 Y262
G1 X754 Y263
G1 X754 Y264
G1 X754 Y265
G1 X754 Y266
G1 X755 Y267
G1 X756 Y267
M5; lift marker up
G4 P0.08
G0 X781 Y249
M3 S1000;put marker down
G4 P0.2
G1 X780 Y250
G1 X779 Y250
G1 X778 Y250
G1 X777 Y251
G1 X775 Y252
G1 X776 Y252
G1 X775 Y253
G1 X774 Y253
G1 X773 Y254
G1 X772 Y254
G1 X770 Y251
G1 X770 Y252
G1 X770 Y254
G1 X770 Y253
G1 X771 Y254
G1 X770 Y255
G1 X770 Y256
G1 X769 Y257
G1 X770 Y257
G1 X769 Y258
G1 X769 Y259
G1 X768 Y260
G1 X768 Y261
G1 X767 Y262
G1 X768 Y262
G1 X767 Y263
G1 X767 Y264
M5; lift marker up
G4 P0.08
G0 X716 Y258
M3 S1000;put marker down
G4 P0.2
G1 X717 Y259
G1 X723 Y260
G1 X722 Y261
G1 X721 Y262
G1 X719 Y262
G1 X720 Y262
G1 X721 Y261
G1 X722 Y260
G1 X723 Y259
G1 X724 Y259
G1 X725 Y259
G1 X726 Y259
G1 X727 Y259
G1 X728 Y260
G1 X729 Y260
G1 X730 Y261
G1 X730 Y262
G1 X730 Y263
G1 X730 Y264
G1 X729 Y265
G1 X730 Y265
G1 X729 Y266
G1 X728 Y267
G1 X729 Y267
G1 X728 Y268
G1 X727 Y269
G1 X726 Y270
G1 X725 Y271
G1 X724 Y271
G1 X723 Y271
G1 X722 Y271
G1 X721 Y271
G1 X720 Y270
G1 X720 Y269
G1 X720 Y268
G1 X720 Y267
G1 X720 Y266
G1 X719 Y265
G1 X715 Y269
G1 X715 Y268
G1 X716 Y267
G1 X717 Y266
G1 X718 Y265
G1 X719 Y264
G1 X719 Y263
G1 X718 Y262
G1 X717 Y261
G1 X717 Y260
G1 X716 Y259
G1 X715 Y258
G1 X714 Y258
G1 X713 Y258
G1 X712 Y258
G1 X711 Y258
G1 X710 Y258
G1 X709 Y258
G1 X708 Y258
G1 X707 Y250
G1 X707 Y251
G1 X707 Y252
G1 X707 Y253
G1 X706 Y254
G1 X706 Y255
G1 X706 Y256
G1 X706 Y258
G1 X706 Y257
G1 X707 Y258
G1 X706 Y259
G1 X706 Y260
G1 X706 Y261
G1 X706 Y262
G1 X705 Y263
G1 X705 Y264
G1 X705 Y265
G1 X705 Y266
G1 X705 Y267
G1 X704 Y268
G1 X704 Y269
G1 X704 Y270
G1 X704 Y271
G1 X704 Y272
M5; lift marker up
G4 P0.08
G0 X693 Y258
M3 S1000;put marker down
G4 P0.2
G1 X692 Y258
G1 X691 Y258
G1 X690 Y258
G1 X689 Y258
G1 X688 Y258
G1 X687 Y258
G1 X686 Y258
G1 X685 Y259
G1 X684 Y260
G1 X683 Y261
G1 X682 Y262
G1 X682 Y263
G1 X682 Y264
G1 X681 Y265
G1 X681 Y266
G1 X680 Y267
G1 X680 Y268
G1 X679 Y269
G1 X679 Y270
G1 X679 Y271
M5; lift marker up
G4 P0.08
G0 X672 Y268
M3 S1000;put marker down
G4 P0.2
G1 X665 Y263
G1 X664 Y263
G1 X662 Y263
G1 X663 Y263
G1 X662 Y264
G1 X661 Y264
G1 X660 Y265
G1 X661 Y265
G1 X660 Y266
G1 X660 Y267
G1 X660 Y268
G1 X660 Y269
G1 X660 Y270
G1 X661 Y273
G1 X660 Y272
G1 X660 Y271
G1 X661 Y272
G1 X662 Y273
G1 X663 Y274
G1 X664 Y274
G1 X665 Y274
G1 X666 Y273
G1 X667 Y272
G1 X668 Y272
G1 X669 Y272
G1 X670 Y271
G1 X671 Y270
G1 X671 Y269
G1 X671 Y268
G1 X672 Y267
G1 X673 Y266
G1 X673 Y265
M5; lift marker up
G4 P0.08
G0 X712 Y218
M3 S1000;put marker down
G4 P0.2
G1 X711 Y219
G1 X711 Y220
G1 X710 Y221
G1 X710 Y222
G1 X709 Y223
G1 X710 Y223
G1 X709 Y224
G1 X709 Y225
G1 X708 Y225
G1 X707 Y226
G1 X706 Y226
G1 X705 Y226
G1 X705 Y225
G1 X705 Y224
G1 X705 Y223
G1 X706 Y222
G1 X706 Y221
G1 X707 Y220
G1 X708 Y219
G1 X709 Y219
G1 X710 Y219
G1 X711 Y218
G1 X712 Y217
G1 X712 Y216
G1 X712 Y215
M5; lift marker up
G4 P0.08
G0 X723 Y220
M3 S1000;put marker down
G4 P0.2
G1 X728 Y220
G1 X728 Y221
G1 X727 Y222
G1 X727 Y223
G1 X726 Y223
G1 X725 Y224
G1 X724 Y224
G1 X723 Y224
G1 X722 Y224
G1 X721 Y224
G1 X721 Y223
G1 X721 Y222
G1 X722 Y221
G1 X722 Y220
G1 X723 Y219
G1 X724 Y219
G1 X725 Y218
G1 X726 Y218
G1 X727 Y218
G1 X728 Y219
G1 X729 Y220
G1 X730 Y220
G1 X731 Y220
G1 X732 Y221
G1 X732 Y222
G1 X732 Y224
G1 X732 Y223
G1 X733 Y224
G1 X734 Y224
G1 X735 Y224
G1 X736 Y223
G1 X737 Y222
G1 X738 Y221
G1 X739 Y220
G1 X740 Y219
G1 X741 Y218
G1 X742 Y218
G1 X743 Y219
G1 X743 Y220
G1 X744 Y221
G1 X745 Y221
G1 X746 Y221
G1 X747 Y222
G1 X747 Y223
G1 X747 Y224
G1 X747 Y225
G1 X747 Y226
G1 X747 Y227
G1 X747 Y229
G1 X747 Y228
G1 X748 Y229
G1 X749 Y229
G1 X750 Y229
G1 X751 Y229
G1 X752 Y228
G1 X753 Y227
G1 X754 Y226
G1 X755 Y225
G1 X756 Y225
G1 X757 Y225
G1 X758 Y225
G1 X759 Y224
G1 X760 Y223
G1 X761 Y222
G1 X762 Y221
G1 X763 Y221
G1 X764 Y221
G1 X765 Y222
G1 X766 Y222
G1 X767 Y222
M5; lift marker up
G4 P0.08
G0 X767 Y210
M3 S1000;put marker down
G4 P0.2
G1 X766 Y215
G1 X764 Y219
G1 X764 Y218
G1 X765 Y217
G1 X765 Y216
G1 X765 Y215
G1 X766 Y214
G1 X766 Y213
G1 X766 Y212
G1 X766 Y211
G1 X766 Y210
G1 X767 Y209
G1 X767 Y208
G1 X767 Y207
G1 X767 Y206
G1 X768 Y205
G1 X768 Y204
G1 X768 Y203
G1 X768 Y202
G1 X768 Y201
G1 X768 Y200
M5; lift marker up
G4 P0.08
G0 X746 Y202
M3 S1000;put marker down
G4 P0.2
G1 X745 Y203
G1 X745 Y204
G1 X745 Y205
G1 X744 Y206
G1 X745 Y206
G1 X744 Y207
G1 X744 Y208
G1 X744 Y209
G1 X744 Y210
G1 X744 Y211
G1 X743 Y212
G1 X743 Y213
G1 X743 Y214
G1 X743 Y215
G1 X742 Y216
G1 X741 Y216
G1 X740 Y216
G1 X739 Y216
G1 X738 Y216
G1 X737 Y217
G1 X737 Y218
M5; lift marker up
G4 P0.08
G0 X709 Y199
M3 S1000;put marker down
G4 P0.2
G1 X708 Y200
G1 X707 Y201
G1 X706 Y202
G1 X706 Y203
G1 X706 Y204
G1 X705 Y205
G1 X705 Y206
G1 X705 Y207
G1 X704 Y208
G1 X704 Y209
G1 X704 Y210
G1 X704 Y211
G1 X703 Y212
G1 X703 Y213
G1 X703 Y214
G1 X702 Y215
G1 X702 Y216
G1 X702 Y217
G1 X701 Y218
G1 X702 Y218
G1 X701 Y219
G1 X701 Y220
G1 X700 Y221
G1 X701 Y221
G1 X700 Y222
G1 X700 Y223
G1 X700 Y224
G1 X699 Y225
G1 X700 Y225
G1 X699 Y226
G1 X699 Y227
G1 X699 Y228
G1 X699 Y229
M5; lift marker up
G4 P0.08
G0 X735 Y159
M3 S1000;put marker down
G4 P0.2
G1 X736 Y158
G1 X737 Y157
G1 X738 Y157
G1 X739 Y156
G1 X740 Y155
G1 X741 Y155
G1 X742 Y154
G1 X743 Y154
G1 X744 Y153
G1 X745 Y153
G1 X746 Y153
G1 X747 Y153
G1 X748 Y152
G1 X749 Y153
G1 X749 Y154
G1 X748 Y155
G1 X748 Y156
G1 X747 Y157
G1 X747 Y158
G1 X746 Y159
G1 X745 Y160
G1 X746 Y160
G1 X745 Y161
G1 X745 Y162
G1 X745 Y163
G1 X745 Y164
G1 X745 Y166
G1 X745 Y165
G1 X746 Y166
G1 X747 Y167
G1 X748 Y168
G1 X749 Y168
G1 X750 Y168
G1 X751 Y168
G1 X752 Y168
G1 X753 Y168
G1 X754 Y168
G1 X755 Y168
M5; lift marker up
G4 P0.08
G0 X756 Y148
M3 S1000;put marker down
G4 P0.2
G1 X755 Y149
G1 X753 Y150
G1 X750 Y151
G1 X751 Y151
G1 X752 Y150
G1 X753 Y149
G1 X754 Y149
G1 X755 Y148
G1 X756 Y147
G1 X757 Y147
G1 X758 Y146
M5; lift marker up
G4 P0.08
G0 X749 Y143
M3 S1000;put marker down
G4 P0.2
G1 X748 Y143
G1 X747 Y143
G1 X746 Y143
G1 X745 Y143
G1 X744 Y143
G1 X743 Y143
G1 X742 Y143
G1 X741 Y143
G1 X740 Y144
G1 X739 Y144
G1 X738 Y145
G1 X737 Y145
G1 X736 Y146
G1 X735 Y147
G1 X734 Y147
G1 X733 Y148
G1 X731 Y149
G1 X732 Y149
G1 X731 Y150
G1 X730 Y150
G1 X729 Y151
G1 X728 Y151
G1 X726 Y152
G1 X727 Y152
G1 X726 Y153
G1 X725 Y153
G1 X719 Y153
G1 X715 Y155
G1 X712 Y157
G1 X719 Y151
G1 X719 Y150
G1 X719 Y149
G1 X719 Y148
G1 X718 Y147
G1 X717 Y146
G1 X716 Y145
G1 X715 Y145
G1 X714 Y145
G1 X713 Y145
G1 X712 Y146
G1 X713 Y146
G1 X712 Y147
G1 X711 Y147
G1 X710 Y148
G1 X711 Y148
G1 X710 Y149
G1 X709 Y149
G1 X708 Y150
G1 X709 Y150
G1 X708 Y151
G1 X707 Y152
G1 X708 Y152
G1 X707 Y153
G1 X707 Y154
G1 X706 Y155
G1 X706 Y156
G1 X706 Y157
G1 X706 Y159
G1 X706 Y158
G1 X707 Y159
G1 X708 Y159
G1 X709 Y158
G1 X710 Y158
G1 X711 Y157
G1 X712 Y156
G1 X713 Y156
G1 X714 Y155
G1 X715 Y154
G1 X716 Y154
G1 X717 Y154
G1 X718 Y153
G1 X719 Y152
G1 X720 Y153
G1 X721 Y153
G1 X722 Y153
G1 X723 Y153
G1 X724 Y153
G1 X725 Y154
G1 X725 Y155
M5; lift marker up
G4 P0.08
G0 X687 Y133
M3 S1000;put marker down
G4 P0.2
G1 X687 Y134
G1 X686 Y135
G1 X685 Y136
G1 X685 Y137
G1 X684 Y138
G1 X684 Y139
G1 X683 Y140
G1 X682 Y141
G1 X683 Y141
G1 X682 Y142
G1 X681 Y143
G1 X682 Y143
G1 X681 Y144
G1 X681 Y145
G1 X680 Y146
G1 X680 Y147
G1 X678 Y151
G1 X679 Y150
G1 X680 Y149
G1 X680 Y148
G1 X681 Y149
G1 X682 Y149
G1 X683 Y149
G1 X684 Y149
G1 X685 Y150
G1 X685 Y151
G1 X685 Y152
G1 X685 Y153
G1 X684 Y154
G1 X684 Y155
G1 X684 Y156
G1 X684 Y157
G1 X684 Y158
G1 X684 Y159
G1 X684 Y160
G1 X684 Y162
G1 X684 Y161
G1 X685 Y162
G1 X686 Y162
G1 X687 Y162
G1 X688 Y161
G1 X689 Y160
G1 X690 Y160
G1 X691 Y160
G1 X692 Y160
G1 X693 Y160
G1 X694 Y160
G1 X695 Y160
G1 X696 Y159
G1 X697 Y158
G1 X698 Y157
G1 X698 Y156
G1 X699 Y155
G1 X699 Y154
G1 X700 Y153
M5; lift marker up
G4 P0.08
G0 X658 Y150
M3 S1000;put marker down
G4 P0.2
G1 X657 Y150
G1 X656 Y150
G1 X655 Y150
G1 X654 Y151
G1 X653 Y151
G1 X651 Y151
G1 X652 Y151
G1 X651 Y152
G1 X649 Y152
G1 X650 Y152
G1 X649 Y153
G1 X648 Y153
G1 X647 Y153
G1 X645 Y154
G1 X646 Y154
G1 X645 Y155
G1 X643 Y155
G1 X644 Y155
G1 X643 Y156
G1 X641 Y156
G1 X642 Y156
G1 X641 Y157
G1 X640 Y157
G1 X639 Y158
G1 X640 Y158
G1 X639 Y159
G1 X638 Y159
G1 X637 Y160
G1 X638 Y160
G1 X637 Y161
G1 X636 Y161
G1 X635 Y162
G1 X636 Y162
G1 X635 Y163
G1 X635 Y164
G1 X635 Y165
G1 X635 Y166
G1 X636 Y167
G1 X637 Y167
G1 X638 Y167
G1 X639 Y168
G1 X640 Y168
G1 X641 Y168
G1 X642 Y169
G1 X643 Y170
G1 X644 Y171
G1 X643 Y171
G1 X642 Y172
G1 X643 Y172
G1 X642 Y173
G1 X640 Y174
G1 X641 Y174
G1 X640 Y175
G1 X639 Y175
G1 X638 Y176
G1 X637 Y177
G1 X636 Y177
G1 X635 Y178
G1 X634 Y178
G1 X633 Y179
G1 X632 Y179
M5; lift marker up
G4 P0.08
G0 X614 Y178
M3 S1000;put marker down
G4 P0.2
G1 X612 Y179
G1 X613 Y179
G1 X612 Y180
G1 X610 Y180
G1 X611 Y180
G1 X610 Y181
G1 X608 Y181
G1 X609 Y181
G1 X608 Y182
G1 X607 Y182
G1 X606 Y183
G1 X605 Y183
G1 X603 Y184
G1 X604 Y184
G1 X603 Y185
G1 X602 Y185
G1 X600 Y186
G1 X601 Y186
G1 X600 Y187
G1 X599 Y187
G1 X598 Y188
G1 X597 Y188
G1 X595 Y189
G1 X596 Y189
G1 X595 Y190
G1 X594 Y190
G1 X593 Y191
G1 X592 Y191
G1 X591 Y192
G1 X590 Y193
G1 X589 Y193
G1 X587 Y194
G1 X588 Y194
G1 X587 Y195
G1 X586 Y195
G1 X585 Y196
G1 X584 Y197
G1 X583 Y197
G1 X582 Y198
G1 X581 Y199
G1 X580 Y199
G1 X579 Y200
G1 X578 Y201
G1 X577 Y202
G1 X576 Y203
G1 X575 Y204
M5; lift marker up
G4 P0.08
G0 X653 Y165
M3 S1000;put marker down
G4 P0.2
G1 X653 Y166
G1 X652 Y166
G1 X651 Y167
G1 X650 Y168
G1 X646 Y170
G1 X647 Y170
G1 X648 Y170
G1 X649 Y169
G1 X649 Y168
G1 X650 Y167
G1 X651 Y166
G1 X651 Y165
G1 X651 Y164
G1 X652 Y164
G1 X653 Y164
G1 X654 Y164
G1 X655 Y163
G1 X656 Y163
G1 X657 Y162
G1 X658 Y162
G1 X659 Y162
G1 X660 Y161
G1 X661 Y161
G1 X662 Y160
G1 X663 Y159
G1 X664 Y158
G1 X665 Y157
G1 X665 Y156
G1 X666 Y155
G1 X667 Y154
G1 X668 Y154
G1 X669 Y153
G1 X670 Y153
G1 X671 Y153
G1 X672 Y152
G1 X673 Y152
G1 X674 Y152
G1 X675 Y152
G1 X676 Y152
G1 X677 Y153
G1 X677 Y154
G1 X677 Y155
G1 X677 Y156
G1 X677 Y157
G1 X676 Y158
G1 X676 Y159
G1 X675 Y160
G1 X675 Y161
G1 X674 Y162
G1 X675 Y162
G1 X674 Y163
G1 X673 Y164
G1 X674 Y164
G1 X673 Y165
G1 X673 Y166
G1 X673 Y167
M5; lift marker up
G4 P0.08
G0 X644 Y89
M3 S1000;put marker down
G4 P0.2
G1 X643 Y90
G1 X643 Y91
G1 X642 Y92
G1 X642 Y93
G1 X641 Y93
G1 X640 Y94
G1 X641 Y94
G1 X640 Y95
G1 X639 Y96
G1 X640 Y96
G1 X639 Y97
G1 X638 Y98
G1 X637 Y99
G1 X638 Y99
G1 X637 Y100
G1 X636 Y101
G1 X635 Y102
G1 X636 Y102
G1 X635 Y103
G1 X634 Y104
G1 X635 Y104
G1 X634 Y105
G1 X633 Y106
G1 X633 Y107
G1 X632 Y108
G1 X631 Y109
G1 X632 Y109
G1 X631 Y110
G1 X630 Y111
G1 X629 Y112
G1 X630 Y112
G1 X629 Y113
G1 X628 Y114
G1 X627 Y115
G1 X628 Y115
G1 X627 Y116
G1 X626 Y117
G1 X626 Y118
G1 X625 Y119
G1 X625 Y120
G1 X624 Y121
G1 X623 Y122
G1 X622 Y123
G1 X623 Y123
G1 X622 Y124
G1 X621 Y125
G1 X620 Y126
G1 X621 Y126
G1 X620 Y127
G1 X619 Y128
G1 X618 Y129
G1 X619 Y129
G1 X618 Y130
G1 X617 Y131
G1 X616 Y132
G1 X617 Y132
G1 X616 Y133
G1 X616 Y134
G1 X615 Y134
G1 X614 Y135
G1 X615 Y135
G1 X614 Y136
G1 X614 Y137
G1 X613 Y137
G1 X612 Y138
G1 X613 Y138
G1 X612 Y139
G1 X611 Y140
G1 X612 Y140
G1 X611 Y141
G1 X610 Y142
G1 X609 Y143
G1 X610 Y143
G1 X609 Y144
G1 X608 Y145
G1 X607 Y146
G1 X608 Y146
G1 X607 Y147
G1 X606 Y148
G1 X605 Y149
G1 X606 Y149
G1 X605 Y150
G1 X604 Y151
G1 X603 Y152
G1 X604 Y152
G1 X603 Y153
G1 X602 Y154
G1 X601 Y155
G1 X602 Y155
G1 X601 Y156
G1 X600 Y157
G1 X599 Y158
G1 X600 Y158
G1 X599 Y159
G1 X598 Y160
G1 X598 Y161
G1 X597 Y161
G1 X596 Y162
G1 X597 Y162
G1 X596 Y163
G1 X596 Y164
G1 X595 Y164
G1 X594 Y165
G1 X595 Y165
G1 X594 Y166
G1 X594 Y167
G1 X593 Y167
G1 X592 Y168
G1 X593 Y168
G1 X592 Y169
G1 X591 Y170
G1 X591 Y171
G1 X590 Y171
G1 X589 Y172
G1 X590 Y172
G1 X589 Y173
G1 X589 Y174
G1 X588 Y174
G1 X587 Y175
G1 X588 Y175
G1 X587 Y176
G1 X587 Y177
G1 X586 Y177
G1 X585 Y178
G1 X586 Y178
G1 X585 Y179
G1 X585 Y180
G1 X584 Y180
G1 X583 Y181
G1 X584 Y181
G1 X583 Y182
G1 X583 Y183
G1 X582 Y183
G1 X581 Y184
G1 X582 Y184
G1 X581 Y185
G1 X580 Y186
G1 X581 Y186
G1 X580 Y187
G1 X579 Y188
G1 X580 Y188
G1 X579 Y189
G1 X578 Y190
G1 X578 Y191
M5; lift marker up
G4 P0.08
G0 X509 Y83
M3 S1000;put marker down
G4 P0.2
G1 X508 Y83
G1 X507 Y83
G1 X506 Y83
G1 X505 Y83
G1 X504 Y83
G1 X503 Y83
G1 X502 Y83
G1 X501 Y83
G1 X500 Y84
M5; lift marker up
G4 P0.08
G0 X489 Y86
M3 S1000;put marker down
G4 P0.2
G1 X489 Y87
G1 X488 Y88
G1 X487 Y89
G1 X486 Y90
G1 X485 Y90
G1 X484 Y90
G1 X483 Y90
G1 X482 Y90
M5; lift marker up
G4 P0.08
G0 X479 Y66
M3 S1000;put marker down
G4 P0.2
G1 X478 Y67
G1 X479 Y68
G1 X479 Y69
G1 X479 Y70
G1 X479 Y71
G1 X479 Y72
G1 X479 Y73
G1 X478 Y74
G1 X478 Y75
G1 X478 Y76
G1 X477 Y77
G1 X477 Y78
G1 X476 Y79
G1 X476 Y80
G1 X475 Y81
M5; lift marker up
G4 P0.08
G0 X471 Y66
M3 S1000;put marker down
G4 P0.2
G1 X470 Y67
G1 X469 Y68
G1 X469 Y69
G1 X468 Y70
G1 X468 Y71
G1 X468 Y72
G1 X468 Y73
G1 X467 Y74
G1 X467 Y75
G1 X466 Y76
G1 X466 Y77
G1 X466 Y78
G1 X465 Y79
G1 X465 Y80
G1 X465 Y81
G1 X464 Y82
G1 X464 Y83
G1 X464 Y84
G1 X464 Y85
M5; lift marker up
G4 P0.08
G0 X446 Y89
M3 S1000;put marker down
G4 P0.2
G1 X445 Y88
G1 X444 Y89
G1 X443 Y89
G1 X442 Y89
G1 X441 Y89
G1 X440 Y89
G1 X439 Y89
G1 X437 Y89
G1 X438 Y89
G1 X437 Y90
G1 X436 Y90
G1 X435 Y90
G1 X434 Y90
G1 X433 Y90
M5; lift marker up
G4 P0.08
G0 X417 Y93
M3 S1000;put marker down
G4 P0.2
G1 X416 Y93
G1 X415 Y93
G1 X414 Y93
G1 X413 Y93
G1 X412 Y93
G1 X411 Y94
G1 X410 Y94
G1 X409 Y94
G1 X408 Y94
G1 X407 Y94
G1 X405 Y94
G1 X406 Y94
G1 X405 Y95
G1 X404 Y95
G1 X403 Y95
G1 X402 Y95
G1 X401 Y95
G1 X399 Y95
G1 X400 Y95
G1 X399 Y96
G1 X398 Y96
G1 X397 Y96
G1 X396 Y96
G1 X395 Y96
G1 X394 Y96
G1 X393 Y96
G1 X392 Y97
G1 X391 Y97
G1 X390 Y97
G1 X389 Y97
G1 X388 Y98
G1 X387 Y98
G1 X386 Y98
G1 X385 Y98
G1 X384 Y98
G1 X383 Y98
G1 X382 Y99
G1 X381 Y99
G1 X380 Y99
G1 X379 Y99
G1 X378 Y99
G1 X377 Y99
G1 X376 Y99
G1 X375 Y99
G1 X374 Y100
G1 X373 Y100
G1 X372 Y100
G1 X371 Y100
G1 X370 Y100
G1 X369 Y101
G1 X368 Y101
G1 X367 Y101
G1 X366 Y101
G1 X365 Y101
G1 X364 Y101
G1 X363 Y102
G1 X362 Y102
G1 X361 Y102
G1 X360 Y102
G1 X358 Y102
G1 X359 Y102
G1 X358 Y103
G1 X357 Y103
G1 X356 Y103
G1 X355 Y103
G1 X354 Y103
G1 X353 Y103
G1 X352 Y103
G1 X351 Y104
G1 X350 Y104
G1 X349 Y104
G1 X348 Y104
G1 X347 Y104
G1 X346 Y104
G1 X345 Y105
G1 X344 Y105
G1 X343 Y105
G1 X342 Y105
G1 X341 Y105
G1 X339 Y105
G1 X340 Y105
G1 X339 Y106
G1 X338 Y106
G1 X337 Y106
G1 X336 Y106
G1 X335 Y106
G1 X334 Y106
G1 X333 Y106
G1 X332 Y106
G1 X331 Y107
G1 X330 Y107
G1 X329 Y107
G1 X328 Y107
G1 X327 Y107
G1 X326 Y107
G1 X325 Y107
G1 X324 Y107
G1 X323 Y108
G1 X322 Y108
G1 X321 Y108
G1 X320 Y108
G1 X319 Y108
G1 X317 Y107
G1 X318 Y108
G1 X317 Y108
G1 X315 Y107
G1 X316 Y107
G1 X317 Y106
G1 X317 Y105
G1 X318 Y104
G1 X318 Y103
G1 X319 Y102
G1 X320 Y101
G1 X321 Y100
G1 X321 Y99
G1 X322 Y98
G1 X323 Y97
G1 X323 Y96
G1 X324 Y95
G1 X325 Y94
G1 X325 Y93
G1 X326 Y92
G1 X327 Y91
G1 X327 Y90
G1 X328 Y89
G1 X328 Y88
G1 X328 Y87
G1 X329 Y86
G1 X329 Y85
G1 X329 Y84
G1 X330 Y83
G1 X330 Y82
G1 X330 Y81
G1 X330 Y80
G1 X330 Y79
G1 X330 Y78
G1 X331 Y77
G1 X331 Y76
G1 X331 Y75
G1 X331 Y74
G1 X331 Y73
G1 X330 Y72
G1 X330 Y71
G1 X330 Y70
G1 X330 Y69
G1 X330 Y68
G1 X330 Y67
G1 X329 Y66
G1 X328 Y65
G1 X327 Y65
G1 X326 Y65
G1 X325 Y66
G1 X324 Y67
G1 X323 Y68
G1 X322 Y69
G1 X321 Y70
G1 X320 Y71
G1 X321 Y71
G1 X320 Y72
G1 X319 Y73
G1 X320 Y73
G1 X319 Y74
G1 X318 Y75
G1 X317 Y76
G1 X318 Y76
G1 X317 Y77
G1 X316 Y78
G1 X317 Y78
G1 X316 Y79
G1 X316 Y80
G1 X315 Y81
G1 X316 Y81
G1 X315 Y82
G1 X315 Y83
G1 X314 Y84
G1 X315 Y84
G1 X314 Y85
G1 X314 Y86
G1 X314 Y87
G1 X313 Y88
G1 X314 Y88
G1 X313 Y89
G1 X313 Y90
G1 X313 Y91
G1 X313 Y92
G1 X312 Y93
G1 X312 Y94
G1 X312 Y95
G1 X312 Y96
G1 X312 Y97
G1 X312 Y98
G1 X311 Y99
G1 X312 Y99
G1 X311 Y100
G1 X311 Y101
G1 X311 Y102
G1 X311 Y103
G1 X312 Y104
G1 X312 Y105
G1 X312 Y106
G1 X313 Y107
G1 X314 Y107
G1 X313 Y108
G1 X312 Y108
G1 X311 Y108
G1 X310 Y109
G1 X309 Y109
G1 X308 Y109
G1 X307 Y109
G1 X306 Y109
G1 X305 Y109
G1 X304 Y109
G1 X303 Y109
G1 X302 Y109
G1 X301 Y109
G1 X300 Y109
G1 X299 Y109
G1 X298 Y109
G1 X297 Y109
G1 X296 Y109
G1 X295 Y109
G1 X294 Y109
G1 X293 Y109
G1 X292 Y109
G1 X291 Y109
G1 X290 Y109
G1 X289 Y109
G1 X288 Y109
G1 X287 Y109
G1 X286 Y110
M5; lift marker up
G4 P0.08
G0 X337 Y76
M3 S1000;put marker down
G4 P0.2
G1 X336 Y77
G1 X336 Y78
G1 X336 Y79
G1 X335 Y80
G1 X335 Y81
G1 X335 Y82
G1 X335 Y83
G1 X335 Y84
G1 X336 Y85
G1 X336 Y86
G1 X336 Y87
G1 X336 Y88
G1 X336 Y89
G1 X336 Y90
G1 X336 Y91
G1 X337 Y92
G1 X338 Y92
G1 X339 Y91
G1 X340 Y90
G1 X341 Y89
G1 X341 Y88
G1 X342 Y88
G1 X343 Y87
G1 X344 Y87
G1 X345 Y88
G1 X345 Y89
G1 X345 Y90
G1 X345 Y91
G1 X345 Y92
G1 X345 Y93
G1 X345 Y94
G1 X345 Y95
G1 X345 Y96
M5; lift marker up
G4 P0.08
G0 X368 Y86
M3 S1000;put marker down
G4 P0.2
G1 X365 Y92
G1 X366 Y91
G1 X366 Y90
G1 X366 Y89
G1 X367 Y88
G1 X367 Y87
G1 X367 Y86
G1 X368 Y85
G1 X368 Y84
G1 X368 Y83
G1 X369 Y82
G1 X369 Y81
G1 X370 Y80
G1 X370 Y79
G1 X371 Y78
G1 X372 Y77
G1 X372 Y76
G1 X373 Y77
G1 X374 Y77
G1 X375 Y77
G1 X376 Y78
G1 X377 Y79
G1 X377 Y80
G1 X377 Y81
G1 X378 Y82
G1 X378 Y83
G1 X378 Y84
G1 X378 Y85
G1 X377 Y86
G1 X377 Y87
G1 X377 Y88
G1 X377 Y89
G1 X377 Y90
G1 X377 Y91
G1 X377 Y92
M5; lift marker up
G4 P0.08
G0 X372 Y74
M3 S1000;put marker down
G4 P0.2
G1 X372 Y73
G1 X372 Y72
G1 X372 Y71
G1 X373 Y70
G1 X373 Y69
G1 X374 Y68
G1 X374 Y67
G1 X375 Y66
G1 X375 Y65
G1 X376 Y64
G1 X376 Y63
G1 X376 Y62
G1 X377 Y61
G1 X378 Y60
G1 X379 Y59
M5; lift marker up
G4 P0.08
G0 X400 Y74
M3 S1000;put marker down
G4 P0.2
G1 X400 Y75
G1 X399 Y76
G1 X399 Y77
G1 X398 Y77
G1 X394 Y71
G1 X394 Y72
G1 X394 Y73
G1 X394 Y74
G1 X393 Y75
G1 X387 Y76
G1 X386 Y77
G1 X385 Y78
G1 X394 Y78
G1 X393 Y79
G1 X393 Y80
G1 X392 Y81
G1 X393 Y81
G1 X392 Y82
G1 X391 Y83
G1 X392 Y83
G1 X391 Y84
G1 X390 Y85
G1 X391 Y85
G1 X390 Y86
G1 X389 Y87
G1 X389 Y88
G1 X388 Y89
G1 X387 Y90
G1 X386 Y91
G1 X385 Y91
G1 X384 Y91
G1 X383 Y91
G1 X382 Y90
G1 X382 Y89
G1 X382 Y88
G1 X382 Y87
G1 X382 Y86
G1 X382 Y85
G1 X382 Y84
G1 X382 Y83
G1 X382 Y82
G1 X383 Y81
G1 X383 Y80
G1 X384 Y79
G1 X384 Y78
G1 X385 Y77
G1 X386 Y76
G1 X387 Y75
G1 X388 Y75
G1 X389 Y75
G1 X390 Y75
G1 X391 Y75
G1 X392 Y75
G1 X393 Y76
G1 X394 Y77
G1 X395 Y77
G1 X396 Y77
G1 X397 Y77
G1 X398 Y78
G1 X398 Y79
G1 X398 Y80
G1 X398 Y81
G1 X398 Y82
G1 X398 Y83
M5; lift marker up
G4 P0.08
G0 X425 Y75
M3 S1000;put marker down
G4 P0.2
G1 X422 Y80
G1 X425 Y72
G1 X424 Y71
G1 X423 Y71
G1 X422 Y71
G1 X421 Y72
G1 X420 Y73
G1 X420 Y74
G1 X419 Y75
G1 X419 Y76
G1 X418 Y77
G1 X418 Y78
G1 X418 Y79
G1 X413 Y73
G1 X410 Y66
G1 X409 Y67
G1 X409 Y68
G1 X408 Y69
G1 X408 Y70
G1 X408 Y71
G1 X408 Y76
G1 X406 Y80
G1 X406 Y79
G1 X407 Y78
G1 X407 Y77
G1 X407 Y76
G1 X408 Y75
G1 X408 Y74
G1 X408 Y73
G1 X408 Y72
G1 X409 Y73
G1 X410 Y73
G1 X411 Y73
G1 X412 Y73
G1 X413 Y74
G1 X414 Y75
G1 X414 Y76
G1 X414 Y77
G1 X414 Y78
G1 X414 Y79
G1 X414 Y81
G1 X414 Y80
G1 X415 Y81
G1 X416 Y81
G1 X417 Y82
G1 X418 Y81
G1 X418 Y80
G1 X419 Y81
G1 X420 Y81
G1 X421 Y80
G1 X422 Y79
G1 X423 Y78
G1 X423 Y77
G1 X424 Y76
G1 X424 Y75
G1 X425 Y74
G1 X425 Y73
G1 X426 Y74
G1 X427 Y74
G1 X428 Y75
G1 X428 Y76
G1 X428 Y77
G1 X428 Y78
G1 X428 Y79
G1 X428 Y80
G1 X428 Y81
G1 X428 Y82
G1 X427 Y83
G1 X427 Y84
G1 X427 Y85
G1 X426 Y86
G1 X426 Y87
G1 X426 Y88
G1 X426 Y89
G1 X425 Y89
G1 X424 Y90
G1 X425 Y90
G1 X424 Y91
G1 X424 Y92
G1 X423 Y93
G1 X422 Y94
G1 X422 Y95
G1 X421 Y96
G1 X421 Y97
G1 X420 Y98
G1 X419 Y99
G1 X419 Y100
G1 X418 Y101
G1 X417 Y102
G1 X418 Y102
G1 X417 Y103
G1 X416 Y104
G1 X415 Y105
G1 X416 Y105
G1 X415 Y106
G1 X415 Y107
G1 X414 Y107
G1 X413 Y108
G1 X414 Y108
G1 X413 Y109
G1 X413 Y110
G1 X412 Y110
G1 X411 Y111
G1 X412 Y111
G1 X411 Y112
G1 X410 Y112
G1 X409 Y112
G1 X408 Y112
G1 X407 Y111
G1 X407 Y110
G1 X407 Y109
G1 X407 Y108
G1 X407 Y107
G1 X407 Y106
G1 X407 Y105
G1 X407 Y104
G1 X408 Y103
G1 X408 Y102
M5; lift marker up
G4 P0.08
G0 X465 Y63
M3 S1000;put marker down
G4 P0.2
G1 X464 Y64
G1 X462 Y67
G1 X456 Y69
G1 X457 Y69
G1 X458 Y69
G1 X459 Y68
G1 X460 Y68
G1 X461 Y67
G1 X462 Y66
G1 X463 Y65
G1 X463 Y64
G1 X464 Y63
G1 X465 Y62
G1 X466 Y61
G1 X466 Y60
G1 X467 Y59
G1 X467 Y58
G1 X468 Y57
G1 X468 Y56
G1 X468 Y55
G1 X467 Y54
G1 X467 Y53
G1 X466 Y52
G1 X466 Y51
G1 X465 Y50
G1 X464 Y50
G1 X463 Y50
G1 X462 Y50
G1 X461 Y50
G1 X460 Y50
G1 X459 Y50
G1 X458 Y51
G1 X459 Y51
G1 X458 Y52
G1 X457 Y53
G1 X458 Y53
G1 X457 Y54
G1 X456 Y55
G1 X455 Y56
G1 X455 Y57
G1 X455 Y58
G1 X455 Y59
G1 X455 Y60
G1 X455 Y61
G1 X455 Y62
G1 X455 Y63
G1 X454 Y64
G1 X454 Y65
G1 X454 Y66
G1 X454 Y67
G1 X454 Y69
G1 X454 Y68
G1 X455 Y69
G1 X454 Y70
G1 X454 Y71
G1 X453 Y72
G1 X453 Y73
G1 X453 Y74
G1 X453 Y75
G1 X452 Y76
G1 X452 Y77
G1 X452 Y78
G1 X452 Y79
G1 X452 Y80
G1 X452 Y81
G1 X452 Y82
G1 X452 Y83
G1 X451 Y84
G1 X451 Y85
G1 X451 Y86
M5; lift marker up
G4 P0.08
G0 X507 Y63
M3 S1000;put marker down
G4 P0.2
G1 X503 Y65
G1 X503 Y64
G1 X503 Y63
G1 X504 Y63
G1 X505 Y63
G1 X506 Y63
G1 X507 Y64
G1 X507 Y65
G1 X506 Y66
G1 X505 Y67
G1 X504 Y67
G1 X503 Y66
G1 X502 Y67
G1 X503 Y67
G1 X502 Y68
G1 X501 Y69
G1 X503 Y75
G1 X502 Y74
G1 X501 Y73
G1 X501 Y72
G1 X501 Y71
G1 X501 Y70
G1 X500 Y69
G1 X499 Y69
G1 X498 Y69
G1 X497 Y69
G1 X496 Y69
G1 X494 Y69
G1 X493 Y66
G1 X493 Y67
G1 X494 Y68
G1 X495 Y69
G1 X494 Y70
G1 X494 Y71
G1 X494 Y72
G1 X494 Y73
G1 X494 Y74
G1 X494 Y75
G1 X494 Y76
G1 X494 Y77
G1 X493 Y78
G1 X493 Y79
G1 X493 Y80
G1 X492 Y81
M5; lift marker up
G4 P0.08
G0 X528 Y45
M3 S1000;put marker down
G4 P0.2
G1 X528 Y46
G1 X527 Y47
G1 X527 Y48
G1 X527 Y49
G1 X527 Y50
G1 X526 Y51
G1 X526 Y52
G1 X526 Y53
G1 X525 Y54
G1 X525 Y55
G1 X525 Y56
G1 X524 Y57
G1 X524 Y58
G1 X524 Y59
G1 X524 Y60
G1 X524 Y61
G1 X523 Y62
G1 X524 Y62
G1 X523 Y63
G1 X522 Y63
G1 X517 Y64
G1 X518 Y64
G1 X519 Y64
G1 X520 Y64
G1 X521 Y63
G1 X522 Y64
G1 X522 Y65
G1 X522 Y66
G1 X522 Y67
G1 X522 Y68
G1 X521 Y69
G1 X521 Y70
G1 X521 Y71
G1 X520 Y72
G1 X520 Y73
G1 X520 Y74
G1 X520 Y75
G1 X519 Y76
G1 X519 Y77
G1 X519 Y78
G1 X519 Y79
G1 X519 Y80
M5; lift marker up
G4 P0.08
G0 X545 Y58
M3 S1000;put marker down
G4 P0.2
G1 X544 Y58
G1 X543 Y58
G1 X541 Y58
G1 X542 Y58
G1 X541 Y59
G1 X539 Y59
G1 X540 Y59
G1 X539 Y60
G1 X538 Y60
G1 X537 Y61
G1 X537 Y62
G1 X536 Y63
G1 X537 Y64
G1 X537 Y65
G1 X538 Y66
G1 X539 Y67
G1 X540 Y67
G1 X541 Y67
G1 X542 Y68
G1 X543 Y69
G1 X544 Y70
G1 X544 Y71
G1 X544 Y72
G1 X543 Y73
G1 X543 Y74
G1 X542 Y74
G1 X541 Y75
G1 X540 Y75
G1 X539 Y76
G1 X540 Y76
G1 X539 Y77
G1 X538 Y77
G1 X537 Y77
G1 X536 Y78
G1 X537 Y78
G1 X536 Y79
G1 X535 Y79
G1 X534 Y80
G1 X533 Y81
M5; lift marker up
G4 P0.08
G0 X680 Y71
M3 S1000;put marker down
G4 P0.2
G1 X680 Y72
G1 X680 Y73
G1 X680 Y74
G1 X680 Y75
G1 X680 Y76
G1 X680 Y77
G1 X680 Y78
G1 X680 Y79
G1 X681 Y80
G1 X681 Y81
G1 X682 Y82
M5; lift marker up
G4 P0.08
G0 X695 Y71
M3 S1000;put marker down
G4 P0.2
G1 X695 Y72
G1 X694 Y73
G1 X695 Y73
G1 X694 Y74
G1 X694 Y75
G1 X693 Y75
G1 X692 Y76
G1 X693 Y76
G1 X692 Y77
G1 X691 Y77
G1 X690 Y78
G1 X689 Y78
G1 X688 Y78
G1 X688 Y77
G1 X687 Y76
G1 X687 Y75
G1 X687 Y74
M5; lift marker up
G4 P0.08
G0 X726 Y73
M3 S1000;put marker down
G4 P0.2
G1 X726 Y72
G1 X726 Y71
G1 X725 Y70
G1 X724 Y70
G1 X723 Y70
G1 X723 Y69
G1 X722 Y68
G1 X721 Y68
G1 X720 Y67
G1 X719 Y67
G1 X718 Y67
G1 X716 Y66
G1 X717 Y67
G1 X716 Y68
G1 X716 Y69
G1 X716 Y70
G1 X715 Y71
G1 X716 Y71
G1 X715 Y72
G1 X714 Y72
G1 X713 Y72
G1 X712 Y72
G1 X710 Y69
G1 X702 Y63
G1 X702 Y64
G1 X702 Y65
G1 X702 Y66
G1 X701 Y74
G1 X701 Y73
G1 X702 Y72
G1 X702 Y71
G1 X702 Y70
G1 X702 Y69
G1 X702 Y68
G1 X702 Y67
G1 X703 Y68
G1 X704 Y68
G1 X705 Y68
G1 X706 Y68
G1 X707 Y68
G1 X708 Y68
G1 X709 Y69
G1 X710 Y70
G1 X710 Y71
G1 X711 Y72
G1 X710 Y73
G1 X710 Y74
G1 X710 Y75
G1 X710 Y76
G1 X711 Y77
M5; lift marker up
G4 P0.08
G0 X734 Y66
M3 S1000;put marker down
G4 P0.2
G1 X734 Y67
G1 X733 Y68
G1 X734 Y68
G1 X733 Y69
G1 X733 Y70
G1 X732 Y71
G1 X732 Y72
M5; lift marker up
G4 P0.08
G0 X739 Y62
M3 S1000;put marker down
G4 P0.2
G1 X739 Y61
G1 X740 Y61
G1 X741 Y60
G1 X742 Y59
G1 X743 Y59
G1 X744 Y59
G1 X745 Y60
G1 X746 Y60
M5; lift marker up
G4 P0.08
G0 X760 Y60
M3 S1000;put marker down
G4 P0.2
G1 X760 Y61
G1 X760 Y62
G1 X759 Y63
G1 X759 Y64
G1 X759 Y65
G1 X759 Y66
G1 X758 Y67
G1 X758 Y68
G1 X758 Y69
G1 X758 Y70
G1 X758 Y71
G1 X757 Y72
M5; lift marker up
G4 P0.08
G0 X776 Y56
M3 S1000;put marker down
G4 P0.2
G1 X775 Y57
G1 X775 Y58
G1 X774 Y59
G1 X774 Y60
G1 X774 Y61
G1 X773 Y62
G1 X774 Y62
G1 X773 Y63
G1 X773 Y64
G1 X772 Y65
G1 X773 Y65
G1 X772 Y66
G1 X772 Y67
M5; lift marker up
G4 P0.08
G0 X772 Y48
M3 S1000;put marker down
G4 P0.2
G1 X771 Y49
M5; lift marker up
G4 P0.08
G0 X761 Y43
M3 S1000;put marker down
G4 P0.2
G1 X761 Y44
G1 X761 Y45
G1 X761 Y46
G1 X761 Y47
G1 X761 Y48
G1 X761 Y49
G1 X761 Y50
G1 X761 Y51
G1 X761 Y52
G1 X761 Y53
G1 X761 Y54
G1 X761 Y55
G1 X753 Y57
G1 X754 Y57
G1 X755 Y56
G1 X756 Y56
G1 X757 Y56
G1 X758 Y56
G1 X759 Y56
G1 X760 Y56
G1 X761 Y56
G1 X762 Y57
G1 X763 Y57
G1 X764 Y57
G1 X765 Y58
G1 X765 Y59
G1 X766 Y60
G1 X766 Y61
G1 X766 Y62
G1 X766 Y63
G1 X766 Y64
G1 X766 Y65
G1 X766 Y66
G1 X766 Y67
M5; lift marker up
G4 P0.08
G0 X796 Y56
M3 S1000;put marker down
G4 P0.2
G1 X791 Y57
G1 X790 Y58
G1 X789 Y59
G1 X788 Y60
G1 X787 Y61
G1 X784 Y54
G1 X784 Y55
G1 X784 Y56
G1 X784 Y57
G1 X784 Y58
G1 X784 Y59
G1 X783 Y64
G1 X784 Y63
G1 X784 Y62
G1 X784 Y61
G1 X784 Y60
G1 X785 Y61
G1 X786 Y61
G1 X787 Y60
G1 X788 Y59
G1 X789 Y58
G1 X790 Y57
G1 X791 Y56
G1 X792 Y56
G1 X793 Y56
G1 X794 Y56
G1 X795 Y56
G1 X796 Y57
G1 X797 Y58
G1 X797 Y59
G1 X796 Y60
G1 X796 Y61
G1 X796 Y62
G1 X796 Y63
G1 X796 Y64
G1 X796 Y65
G1 X796 Y66
G1 X796 Y67
M5; lift marker up
G4 P0.08
G0 X835 Y115
M3 S1000;put marker down
G4 P0.2
G1 X834 Y116
G1 X833 Y116
G1 X832 Y117
G1 X831 Y117
G1 X830 Y118
G1 X829 Y118
G1 X828 Y119
G1 X827 Y119
G1 X825 Y120
G1 X826 Y120
G1 X825 Y121
G1 X824 Y121
G1 X823 Y122
G1 X822 Y122
G1 X820 Y123
G1 X821 Y123
G1 X820 Y124
G1 X819 Y124
G1 X818 Y125
G1 X817 Y125
G1 X815 Y126
G1 X816 Y126
G1 X815 Y127
G1 X814 Y127
G1 X812 Y128
G1 X813 Y128
G1 X812 Y129
G1 X811 Y129
G1 X809 Y130
G1 X810 Y130
G1 X809 Y131
G1 X808 Y131
G1 X807 Y131
G1 X806 Y132
G1 X807 Y132
G1 X806 Y133
G1 X805 Y133
G1 X804 Y134
G1 X803 Y135
G1 X802 Y136
G1 X801 Y136
G1 X800 Y137
G1 X801 Y137
G1 X800 Y138
G1 X799 Y138
G1 X798 Y139
G1 X797 Y139
G1 X796 Y140
G1 X797 Y140
G1 X796 Y141
G1 X795 Y141
G1 X794 Y142
G1 X795 Y142
G1 X794 Y143
G1 X793 Y143
G1 X792 Y144
G1 X793 Y144
G1 X792 Y145
G1 X791 Y145
G1 X790 Y146
G1 X791 Y146
G1 X790 Y147
G1 X790 Y148
G1 X790 Y149
G1 X790 Y150
G1 X790 Y151
M5; lift marker up
G4 P0.08
G0 X799 Y155
M3 S1000;put marker down
G4 P0.2
G1 X800 Y155
G1 X801 Y155
G1 X802 Y155
G1 X803 Y155
G1 X804 Y155
G1 X805 Y155
G1 X806 Y155
G1 X807 Y155
G1 X808 Y155
G1 X809 Y155
G1 X810 Y156
G1 X811 Y156
G1 X812 Y156
G1 X813 Y156
G1 X814 Y156
G1 X815 Y156
G1 X816 Y156
G1 X817 Y156
G1 X818 Y156
G1 X819 Y157
G1 X820 Y157
G1 X821 Y157
G1 X822 Y157
G1 X823 Y157
G1 X824 Y157
G1 X825 Y157
G1 X826 Y158
G1 X827 Y158
M5; lift marker up
G4 P0.08
G0 X800 Y162
M3 S1000;put marker down
G4 P0.2
G1 X800 Y163
G1 X801 Y164
G1 X801 Y165
G1 X802 Y166
G1 X802 Y167
G1 X803 Y168
G1 X803 Y169
G1 X804 Y170
G1 X804 Y171
G1 X805 Y172
G1 X805 Y173
G1 X806 Y174
G1 X806 Y175
G1 X807 Y176
G1 X807 Y177
G1 X808 Y178
G1 X808 Y179
G1 X809 Y180
G1 X809 Y181
G1 X810 Y182
G1 X810 Y183
G1 X811 Y184
G1 X811 Y185
G1 X812 Y186
G1 X812 Y187
G1 X813 Y188
G1 X813 Y189
G1 X813 Y190
G1 X814 Y191
G1 X814 Y192
G1 X815 Y193
G1 X815 Y194
G1 X816 Y195
G1 X816 Y196
G1 X817 Y197
G1 X817 Y198
G1 X818 Y199
G1 X819 Y200
G1 X819 Y201
M5; lift marker up
G4 P0.08
G0 X874 Y225
M3 S1000;put marker down
G4 P0.2
G1 X874 Y224
G1 X873 Y223
G1 X873 Y222
G1 X873 Y221
G1 X872 Y220
G1 X872 Y219
G1 X872 Y218
G1 X871 Y217
G1 X871 Y216
G1 X870 Y215
G1 X869 Y214
G1 X868 Y213
G1 X867 Y212
G1 X866 Y212
G1 X865 Y212
G1 X864 Y212
G1 X863 Y212
G1 X862 Y212
G1 X861 Y213
G1 X860 Y214
G1 X858 Y215
G1 X856 Y218
G1 X854 Y221
G1 X853 Y222
G1 X850 Y224
G1 X851 Y224
G1 X852 Y223
G1 X852 Y222
G1 X853 Y221
G1 X854 Y220
G1 X855 Y219
G1 X855 Y218
G1 X856 Y217
G1 X857 Y216
G1 X857 Y215
G1 X858 Y214
G1 X859 Y214
G1 X860 Y213
G1 X861 Y212
G1 X861 Y211
G1 X861 Y210
G1 X861 Y209
G1 X861 Y208
G1 X861 Y207
G1 X861 Y206
G1 X861 Y205
G1 X861 Y204
G1 X861 Y203
G1 X861 Y202
G1 X860 Y201
G1 X860 Y200
G1 X859 Y199
G1 X858 Y198
G1 X857 Y197
G1 X856 Y197
G1 X854 Y197
G1 X855 Y197
G1 X854 Y198
G1 X853 Y198
G1 X852 Y198
G1 X851 Y199
G1 X852 Y199
G1 X851 Y200
G1 X850 Y201
G1 X849 Y202
G1 X849 Y203
G1 X848 Y204
G1 X847 Y205
G1 X846 Y205
G1 X845 Y199
G1 X844 Y200
G1 X844 Y201
G1 X844 Y202
G1 X844 Y203
G1 X844 Y204
G1 X845 Y205
G1 X846 Y206
G1 X846 Y207
G1 X846 Y208
G1 X846 Y209
G1 X846 Y210
G1 X846 Y211
G1 X846 Y212
G1 X846 Y213
G1 X846 Y214
G1 X846 Y215
G1 X845 Y216
G1 X845 Y217
G1 X845 Y218
G1 X845 Y219
G1 X845 Y220
G1 X845 Y221
G1 X845 Y222
G1 X845 Y223
G1 X845 Y224
G1 X845 Y225
G1 X845 Y226
G1 X845 Y227
G1 X845 Y228
M5; lift marker up
G4 P0.08
G0 X885 Y195
M3 S1000;put marker down
G4 P0.2
G1 X884 Y196
G1 X884 Y197
G1 X884 Y198
G1 X884 Y199
G1 X884 Y200
G1 X884 Y201
G1 X883 Y202
G1 X883 Y203
G1 X883 Y204
G1 X883 Y205
G1 X883 Y206
G1 X884 Y209
G1 X883 Y208
G1 X878 Y206
G1 X879 Y206
G1 X880 Y207
G1 X881 Y207
G1 X882 Y207
G1 X883 Y207
G1 X884 Y208
G1 X885 Y209
G1 X884 Y210
G1 X884 Y211
G1 X884 Y212
G1 X884 Y213
G1 X885 Y214
G1 X884 Y215
G1 X884 Y216
G1 X884 Y217
G1 X884 Y218
G1 X884 Y219
G1 X884 Y220
G1 X884 Y221
G1 X884 Y222
G1 X884 Y223
M5; lift marker up
G4 P0.08
G0 X895 Y208
M3 S1000;put marker down
G4 P0.2
G1 X888 Y213
G1 X887 Y213
G1 X888 Y212
G1 X888 Y211
G1 X889 Y210
G1 X887 Y209
G1 X888 Y209
G1 X889 Y209
G1 X890 Y209
G1 X891 Y209
G1 X892 Y208
G1 X893 Y208
G1 X894 Y208
G1 X895 Y209
G1 X896 Y210
G1 X896 Y211
G1 X896 Y212
G1 X896 Y213
G1 X896 Y214
G1 X896 Y215
G1 X896 Y216
G1 X896 Y217
G1 X896 Y218
G1 X896 Y219
M5; lift marker up
G4 P0.08
G0 X909 Y190
M3 S1000;put marker down
G4 P0.2
G1 X909 Y191
G1 X909 Y192
G1 X909 Y193
G1 X908 Y194
G1 X908 Y195
G1 X908 Y196
G1 X908 Y197
G1 X907 Y198
G1 X907 Y199
G1 X907 Y200
G1 X907 Y201
G1 X906 Y202
G1 X906 Y203
G1 X906 Y204
G1 X905 Y205
G1 X905 Y206
G1 X905 Y207
G1 X905 Y208
G1 X905 Y210
G1 X905 Y209
G1 X906 Y210
G1 X907 Y210
G1 X908 Y210
G1 X909 Y209
G1 X910 Y209
G1 X911 Y208
G1 X912 Y208
G1 X913 Y208
G1 X914 Y208
G1 X915 Y209
G1 X916 Y210
G1 X916 Y213
G1 X915 Y214
G1 X914 Y215
G1 X912 Y216
G1 X906 Y218
G1 X907 Y218
G1 X908 Y218
G1 X909 Y217
G1 X910 Y217
G1 X911 Y216
G1 X912 Y215
G1 X913 Y215
G1 X914 Y214
G1 X915 Y213
G1 X916 Y212
G1 X916 Y211
G1 X917 Y212
G1 X918 Y212
G1 X919 Y212
G1 X920 Y212
G1 X921 Y212
G1 X922 Y212
G1 X923 Y212
G1 X924 Y212
G1 X925 Y213
G1 X926 Y214
G1 X926 Y215
G1 X927 Y216
G1 X927 Y217
G1 X927 Y218
G1 X927 Y219
G1 X927 Y220
G1 X927 Y221
G1 X927 Y222
M5; lift marker up
G4 P0.08
G0 X948 Y216
M3 S1000;put marker down
G4 P0.2
G1 X945 Y217
G1 X946 Y216
G1 X947 Y216
G1 X948 Y215
G1 X949 Y215
G1 X950 Y214
G1 X951 Y213
G1 X951 Y212
G1 X952 Y211
G1 X952 Y210
G1 X952 Y209
G1 X952 Y208
G1 X951 Y207
G1 X950 Y207
G1 X949 Y207
G1 X948 Y207
G1 X947 Y208
G1 X946 Y208
G1 X945 Y209
G1 X946 Y209
G1 X945 Y210
G1 X944 Y211
G1 X944 Y212
G1 X943 Y213
G1 X943 Y214
G1 X943 Y215
G1 X943 Y217
G1 X943 Y216
G1 X944 Y217
G1 X943 Y218
G1 X942 Y218
G1 X939 Y218
G1 X940 Y218
G1 X941 Y218
G1 X942 Y219
G1 X942 Y220
G1 X942 Y221
G1 X942 Y222
G1 X943 Y223
G1 X943 Y224
M5; lift marker up
G4 P0.08
G0 X942 Y203
M3 S1000;put marker down
G4 P0.2
G1 X941 Y203
G1 X940 Y203
G1 X939 Y204
G1 X938 Y205
G1 X937 Y206
G1 X936 Y207
G1 X935 Y208
G1 X934 Y209
G1 X935 Y209
G1 X934 Y210
G1 X934 Y211
G1 X934 Y212
G1 X934 Y213
G1 X934 Y214
G1 X935 Y215
G1 X935 Y216
G1 X936 Y217
G1 X937 Y218
G1 X936 Y219
G1 X935 Y220
G1 X935 Y221
G1 X934 Y222
G1 X934 Y223
G1 X934 Y224
G1 X933 Y225
G1 X932 Y226
M5; lift marker up
G4 P0.08
G0 X875 Y164
M3 S1000;put marker down
G4 P0.2
G1 X874 Y163
G1 X874 Y162
G1 X874 Y161
G1 X874 Y160
G1 X874 Y159
G1 X874 Y158
G1 X873 Y157
G1 X873 Y156
G1 X873 Y155
G1 X872 Y154
G1 X871 Y154
G1 X870 Y154
G1 X869 Y154
G1 X868 Y154
G1 X867 Y154
G1 X866 Y155
G1 X865 Y155
G1 X864 Y155
G1 X863 Y154
G1 X862 Y155
G1 X863 Y155
G1 X862 Y156
G1 X861 Y157
G1 X860 Y158
G1 X861 Y158
G1 X860 Y159
G1 X860 Y160
G1 X860 Y161
G1 X860 Y162
G1 X860 Y163
G1 X859 Y164
G1 X859 Y165
G1 X859 Y166
G1 X859 Y167
G1 X859 Y168
G1 X859 Y169
G1 X858 Y170
G1 X858 Y171
G1 X858 Y172
G1 X858 Y173
G1 X858 Y174
G1 X858 Y175
M5; lift marker up
G4 P0.08
G0 X885 Y154
M3 S1000;put marker down
G4 P0.2
G1 X886 Y154
G1 X887 Y154
G1 X888 Y154
G1 X889 Y153
G1 X890 Y153
G1 X891 Y152
G1 X892 Y152
G1 X893 Y151
G1 X894 Y151
G1 X895 Y150
G1 X896 Y149
G1 X897 Y148
G1 X898 Y147
G1 X898 Y146
G1 X898 Y145
G1 X898 Y144
G1 X898 Y143
G1 X897 Y142
G1 X896 Y141
G1 X895 Y141
G1 X894 Y140
G1 X893 Y140
G1 X892 Y140
G1 X891 Y140
G1 X890 Y140
G1 X888 Y141
G1 X889 Y141
G1 X888 Y142
G1 X887 Y142
G1 X886 Y143
G1 X887 Y143
G1 X886 Y144
G1 X885 Y145
G1 X886 Y145
G1 X885 Y146
G1 X885 Y147
G1 X884 Y148
G1 X884 Y149
G1 X884 Y150
G1 X883 Y151
G1 X883 Y152
G1 X883 Y154
G1 X883 Y153
G1 X884 Y154
G1 X883 Y155
G1 X882 Y156
G1 X882 Y157
G1 X882 Y158
G1 X882 Y159
G1 X882 Y160
G1 X881 Y161
G1 X881 Y162
G1 X881 Y163
G1 X881 Y164
G1 X881 Y165
G1 X881 Y166
M5; lift marker up
G4 P0.08
G0 X919 Y140
M3 S1000;put marker down
G4 P0.2
G1 X918 Y140
G1 X917 Y140
G1 X916 Y140
G1 X910 Y140
G1 X911 Y140
G1 X912 Y140
G1 X913 Y140
G1 X914 Y140
G1 X915 Y140
G1 X916 Y141
G1 X916 Y142
G1 X915 Y143
G1 X915 Y144
G1 X915 Y145
G1 X914 Y146
G1 X914 Y147
G1 X914 Y148
G1 X914 Y149
G1 X914 Y150
G1 X914 Y151
G1 X914 Y152
G1 X914 Y153
G1 X914 Y154
G1 X914 Y155
G1 X914 Y156
G1 X914 Y157
G1 X914 Y158
G1 X914 Y159
G1 X914 Y160
G1 X914 Y161
G1 X914 Y162
G1 X914 Y163
G1 X913 Y164
G1 X914 Y164
G1 X913 Y165
G1 X913 Y166
G1 X913 Y167
G1 X913 Y168
G1 X913 Y169
G1 X913 Y170
G1 X913 Y171
G1 X913 Y173
G1 X905 Y170
G1 X906 Y171
G1 X907 Y171
G1 X908 Y172
G1 X909 Y172
G1 X910 Y173
G1 X911 Y173
G1 X912 Y173
G1 X913 Y172
G1 X914 Y173
G1 X915 Y173
G1 X916 Y173
G1 X917 Y172
G1 X918 Y172
G1 X919 Y171
M5; lift marker up
G4 P0.08
G0 X907 Y100
M3 S1000;put marker down
G4 P0.2
G1 X903 Y101
G1 X897 Y98
G1 X897 Y99
G1 X897 Y100
G1 X897 Y101
G1 X897 Y102
G1 X898 Y103
G1 X899 Y102
G1 X900 Y102
G1 X901 Y102
G1 X902 Y101
G1 X903 Y100
G1 X904 Y100
G1 X905 Y100
G1 X906 Y100
G1 X907 Y101
G1 X908 Y102
G1 X908 Y103
G1 X909 Y104
G1 X909 Y105
G1 X909 Y106
G1 X909 Y107
G1 X909 Y108
M5; lift marker up
G4 P0.08
G0 X891 Y95
M3 S1000;put marker down
G4 P0.2
G1 X891 Y96
G1 X891 Y97
G1 X891 Y98
G1 X890 Y98
G1 X889 Y98
G1 X888 Y99
G1 X887 Y100
G1 X886 Y101
G1 X887 Y101
G1 X886 Y102
G1 X886 Y103
G1 X885 Y104
G1 X885 Y105
G1 X885 Y106
M5; lift marker up
G4 P0.08
G0 X888 Y89
M3 S1000;put marker down
G4 P0.2
G1 X887 Y89
G1 X885 Y89
G1 X886 Y89
G1 X885 Y90
G1 X884 Y90
G1 X883 Y91
G1 X884 Y91
G1 X883 Y92
G1 X882 Y92
G1 X881 Y93
G1 X882 Y93
G1 X881 Y94
G1 X880 Y95
G1 X881 Y95
G1 X880 Y96
G1 X879 Y97
G1 X880 Y97
G1 X879 Y98
G1 X878 Y99
G1 X877 Y100
G1 X877 Y101
G1 X877 Y102
G1 X877 Y103
G1 X877 Y104
G1 X877 Y105
G1 X877 Y106
G1 X876 Y107
G1 X876 Y108
G1 X876 Y109
G1 X876 Y110
G1 X876 Y111
G1 X876 Y112
G1 X875 Y113
M5; lift marker up
G4 P0.08
G0 X865 Y101
M3 S1000;put marker down
G4 P0.2
G1 X866 Y101
G1 X867 Y101
G1 X868 Y101
G1 X869 Y101
G1 X870 Y100
G1 X871 Y100
M5; lift marker up
G4 P0.08
G0 X873 Y86
M3 S1000;put marker down
G4 P0.2
G1 X872 Y86
G1 X871 Y86
G1 X869 Y86
G1 X870 Y86
G1 X869 Y87
G1 X868 Y87
G1 X867 Y87
G1 X866 Y87
G1 X865 Y88
G1 X864 Y88
G1 X863 Y89
G1 X864 Y89
G1 X863 Y90
G1 X863 Y91
G1 X863 Y92
G1 X863 Y93
G1 X863 Y94
G1 X863 Y95
G1 X862 Y96
G1 X862 Y97
G1 X862 Y98
G1 X862 Y99
G1 X862 Y101
G1 X862 Y100
G1 X863 Y101
G1 X862 Y102
G1 X862 Y103
G1 X861 Y104
G1 X861 Y105
G1 X861 Y106
G1 X861 Y107
G1 X861 Y108
G1 X861 Y109
G1 X861 Y110
G1 X861 Y111
G1 X861 Y112
G1 X861 Y113
G1 X861 Y114
G1 X861 Y115
G1 X862 Y116
G1 X862 Y117
M5; lift marker up
G4 P0.08
G0 X929 Y97
M3 S1000;put marker down
G4 P0.2
G1 X926 Y97
G1 X927 Y97
G1 X928 Y97
G1 X929 Y96
G1 X930 Y96
G1 X931 Y96
G1 X932 Y96
M5; lift marker up
G4 P0.08
G0 X925 Y79
M3 S1000;put marker down
G4 P0.2
G1 X925 Y80
G1 X925 Y81
G1 X925 Y82
G1 X925 Y83
G1 X924 Y84
G1 X924 Y85
G1 X924 Y86
G1 X924 Y87
G1 X924 Y88
G1 X924 Y89
G1 X923 Y90
G1 X923 Y91
G1 X923 Y92
G1 X923 Y93
G1 X923 Y94
G1 X923 Y95
G1 X923 Y96
G1 X924 Y97
G1 X923 Y97
G1 X922 Y98
G1 X915 Y99
G1 X916 Y98
G1 X917 Y98
G1 X918 Y98
G1 X919 Y98
G1 X920 Y98
G1 X921 Y98
G1 X922 Y99
G1 X922 Y100
G1 X922 Y101
G1 X922 Y102
G1 X922 Y103
G1 X922 Y104
G1 X922 Y105
G1 X922 Y106
G1 X921 Y107
G1 X922 Y107
G1 X921 Y108
G1 X921 Y109
G1 X921 Y110
M5; lift marker up
G4 P0.08
G0 X959 Y103
M3 S1000;put marker down
G4 P0.2
G1 X959 Y110
G1 X959 Y109
G1 X959 Y108
G1 X959 Y107
G1 X959 Y106
G1 X959 Y105
G1 X959 Y104
G1 X958 Y103
G1 X957 Y103
G1 X956 Y103
G1 X954 Y103
G1 X955 Y103
G1 X954 Y104
G1 X953 Y104
G1 X952 Y105
G1 X951 Y105
G1 X950 Y107
G1 X950 Y106
G1 X950 Y105
G1 X950 Y104
G1 X950 Y103
G1 X949 Y102
G1 X945 Y102
G1 X946 Y102
G1 X947 Y102
G1 X948 Y102
G1 X949 Y101
G1 X949 Y100
G1 X949 Y99
G1 X949 Y98
G1 X949 Y97
G1 X948 Y96
G1 X947 Y96
G1 X946 Y96
G1 X945 Y96
G1 X944 Y97
G1 X945 Y97
G1 X944 Y98
G1 X943 Y99
G1 X943 Y100
G1 X943 Y101
G1 X943 Y102
G1 X944 Y103
G1 X943 Y103
G1 X942 Y104
G1 X942 Y105
G1 X941 Y105
G1 X940 Y106
G1 X941 Y106
G1 X940 Y107
G1 X940 Y108
G1 X940 Y109
G1 X939 Y110
G1 X939 Y111
G1 X939 Y112
G1 X939 Y113
G1 X939 Y114
G1 X939 Y115
M5; lift marker up
G4 P0.08
G0 X969 Y109
M3 S1000;put marker down
G4 P0.2
G1 X969 Y108
G1 X970 Y107
G1 X970 Y106
G1 X971 Y105
G1 X972 Y104
G1 X972 Y103
G1 X973 Y102
G1 X974 Y101
G1 X975 Y101
G1 X976 Y101
G1 X977 Y101
G1 X978 Y102
G1 X979 Y103
G1 X979 Y104
G1 X979 Y105
G1 X980 Y106
G1 X980 Y107
G1 X981 Y108
G1 X982 Y109
G1 X983 Y110
G1 X984 Y111
G1 X985 Y112
G1 X986 Y113
G1 X987 Y113
M5; lift marker up
G4 P0.08
G0 X977 Y99
M3 S1000;put marker down
G4 P0.2
G1 X977 Y98
G1 X978 Y97
G1 X978 Y96
G1 X978 Y95
G1 X979 Y94
G1 X979 Y93
G1 X979 Y92
G1 X979 Y91
G1 X979 Y90
G1 X979 Y89
G1 X980 Y88
G1 X980 Y87
G1 X980 Y86
G1 X980 Y85
G1 X981 Y84
G1 X981 Y83
G1 X981 Y82
G1 X981 Y81
G1 X982 Y80
G1 X982 Y79
G1 X982 Y78
G1 X982 Y77
M5; lift marker up
G4 P0.08
G0 X736 Y47
M3 S1000;put marker down
G4 P0.2
G1 X737 Y48
G1 X737 Y49
G1 X737 Y50
G1 X737 Y51
G1 X736 Y52
G1 X736 Y53
G1 X736 Y54
G1 X736 Y55
G1 X736 Y56
G1 X736 Y57
G1 X735 Y57
G1 X727 Y60
G1 X728 Y59
G1 X729 Y58
G1 X730 Y58
G1 X731 Y57
G1 X732 Y57
G1 X733 Y57
G1 X734 Y57
G1 X735 Y58
G1 X735 Y59
G1 X735 Y60
G1 X735 Y61
G1 X735 Y62
G1 X735 Y63
G1 X736 Y64
G1 X737 Y64
G1 X738 Y65
G1 X739 Y66
G1 X740 Y66
G1 X741 Y66
G1 X742 Y66
G1 X743 Y65
G1 X744 Y65
G1 X745 Y65
G1 X746 Y65
G1 X747 Y66
G1 X747 Y67
G1 X747 Y68
G1 X747 Y69
G1 X747 Y70
G1 X747 Y71
G1 X747 Y72
G1 X747 Y73
G1 X747 Y74
G1 X747 Y75
M5; lift marker up
G4 P0.08
G0 X1212 Y205
M3 S1000;put marker down
G4 P0.2
G1 X1212 Y204
G1 X1212 Y203
G1 X1212 Y202
G1 X1212 Y201
G1 X1212 Y200
G1 X1212 Y199
G1 X1212 Y198
G1 X1212 Y197
G1 X1212 Y196
G1 X1212 Y195
G1 X1213 Y194
G1 X1213 Y193
G1 X1213 Y192
G1 X1213 Y191
G1 X1213 Y190
G1 X1213 Y189
G1 X1213 Y188
G1 X1213 Y187
G1 X1213 Y186
G1 X1214 Y185
G1 X1214 Y184
G1 X1215 Y183
G1 X1215 Y182
G1 X1215 Y181
G1 X1214 Y180
G1 X1214 Y179
G1 X1214 Y178
G1 X1214 Y177
G1 X1214 Y176
G1 X1214 Y175
G1 X1214 Y174
G1 X1214 Y173
G1 X1214 Y172
G1 X1214 Y171
G1 X1214 Y170
G1 X1214 Y169
G1 X1214 Y168
G1 X1214 Y167
G1 X1214 Y166
G1 X1214 Y165
G1 X1214 Y164
G1 X1214 Y163
G1 X1214 Y162
G1 X1214 Y161
G1 X1213 Y160
G1 X1212 Y159
G1 X1210 Y159
G1 X1211 Y159
G1 X1210 Y160
G1 X1209 Y161
G1 X1209 Y162
G1 X1209 Y163
G1 X1208 Y164
G1 X1208 Y165
G1 X1208 Y166
G1 X1208 Y167
G1 X1207 Y168
G1 X1207 Y169
G1 X1207 Y170
G1 X1207 Y171
G1 X1207 Y172
G1 X1206 Y173
G1 X1206 Y174
G1 X1206 Y175
G1 X1206 Y176
G1 X1206 Y177
G1 X1206 Y178
G1 X1206 Y179
G1 X1206 Y180
G1 X1205 Y181
G1 X1205 Y182
G1 X1205 Y183
G1 X1205 Y184
G1 X1205 Y185
G1 X1205 Y186
G1 X1205 Y187
G1 X1205 Y188
G1 X1205 Y189
G1 X1205 Y190
G1 X1205 Y191
G1 X1205 Y192
G1 X1205 Y193
G1 X1205 Y194
G1 X1205 Y195
G1 X1206 Y196
G1 X1206 Y197
G1 X1206 Y198
G1 X1206 Y199
G1 X1206 Y200
G1 X1206 Y201
G1 X1206 Y202
G1 X1207 Y203
G1 X1207 Y204
G1 X1207 Y205
G1 X1207 Y206
G1 X1208 Y207
G1 X1208 Y208
G1 X1208 Y209
G1 X1209 Y210
G1 X1210 Y211
G1 X1209 Y211
G1 X1210 Y212
G1 X1211 Y213
M5; lift marker up
G4 P0.08
G0 X1247 Y179
M3 S1000;put marker down
G4 P0.2
G1 X1247 Y180
G1 X1247 Y181
G1 X1247 Y182
G1 X1246 Y183
G1 X1246 Y184
G1 X1245 Y185
G1 X1245 Y186
G1 X1244 Y187
G1 X1243 Y188
G1 X1243 Y189
G1 X1242 Y193
G1 X1240 Y194
G1 X1240 Y193
G1 X1241 Y193
G1 X1242 Y192
G1 X1243 Y191
G1 X1243 Y190
G1 X1242 Y189
G1 X1241 Y189
G1 X1240 Y189
G1 X1239 Y190
G1 X1238 Y192
G1 X1238 Y191
G1 X1239 Y192
G1 X1238 Y193
G1 X1239 Y194
G1 X1238 Y194
G1 X1239 Y195
G1 X1238 Y196
G1 X1237 Y197
M5; lift marker up
G4 P0.08
G0 X1243 Y173
M3 S1000;put marker down
G4 P0.2
G1 X1242 Y173
G1 X1241 Y173
G1 X1240 Y173
G1 X1239 Y174
G1 X1238 Y174
G1 X1237 Y174
G1 X1235 Y175
G1 X1236 Y175
G1 X1235 Y176
G1 X1233 Y176
G1 X1234 Y176
G1 X1233 Y177
G1 X1232 Y177
G1 X1231 Y178
G1 X1232 Y178
G1 X1231 Y179
G1 X1230 Y180
G1 X1229 Y181
G1 X1230 Y181
G1 X1229 Y182
G1 X1228 Y183
G1 X1229 Y183
G1 X1228 Y184
G1 X1228 Y185
G1 X1228 Y186
G1 X1228 Y187
G1 X1229 Y188
G1 X1228 Y188
G1 X1229 Y189
G1 X1228 Y190
G1 X1228 Y191
G1 X1228 Y192
G1 X1228 Y193
G1 X1227 Y194
G1 X1227 Y195
G1 X1227 Y196
G1 X1227 Y197
G1 X1227 Y198
G1 X1227 Y199
G1 X1226 Y200
G1 X1226 Y201
G1 X1226 Y202
G1 X1226 Y203
G1 X1226 Y204
G1 X1226 Y205
G1 X1226 Y206
M5; lift marker up
G4 P0.08
G0 X1230 Y262
M3 S1000;put marker down
G4 P0.2
G1 X1229 Y263
G1 X1228 Y264
G1 X1228 Y265
G1 X1228 Y266
G1 X1228 Y267
G1 X1227 Y268
G1 X1227 Y269
G1 X1227 Y270
G1 X1227 Y271
G1 X1227 Y272
G1 X1227 Y273
G1 X1227 Y274
G1 X1227 Y275
G1 X1227 Y276
G1 X1227 Y277
G1 X1227 Y278
G1 X1227 Y279
G1 X1228 Y280
G1 X1227 Y280
G1 X1226 Y280
G1 X1225 Y280
G1 X1224 Y280
G1 X1223 Y280
G1 X1222 Y280
G1 X1221 Y280
G1 X1220 Y280
G1 X1219 Y281
G1 X1219 Y282
G1 X1218 Y283
G1 X1218 Y284
G1 X1218 Y285
G1 X1217 Y286
G1 X1218 Y286
G1 X1217 Y287
G1 X1217 Y288
G1 X1217 Y289
G1 X1217 Y290
G1 X1217 Y291
G1 X1217 Y292
G1 X1218 Y293
G1 X1218 Y294
M5; lift marker up
G4 P0.08
G0 X1207 Y285
M3 S1000;put marker down
G4 P0.2
G1 X1206 Y286
G1 X1206 Y288
G1 X1205 Y287
G1 X1202 Y289
G1 X1203 Y280
G1 X1202 Y281
G1 X1200 Y281
G1 X1201 Y281
G1 X1200 Y282
G1 X1199 Y282
G1 X1198 Y283
G1 X1199 Y283
G1 X1198 Y284
G1 X1197 Y285
G1 X1198 Y285
G1 X1197 Y286
G1 X1197 Y287
G1 X1197 Y288
G1 X1198 Y289
G1 X1199 Y290
G1 X1200 Y290
G1 X1201 Y289
G1 X1202 Y288
G1 X1203 Y288
G1 X1204 Y288
G1 X1205 Y288
G1 X1206 Y289
G1 X1206 Y290
G1 X1206 Y291
G1 X1206 Y292
G1 X1206 Y293
G1 X1206 Y294
G1 X1207 Y295
G1 X1207 Y296
M5; lift marker up
G4 P0.08
G0 X1193 Y290
M3 S1000;put marker down
G4 P0.2
G1 X1192 Y289
G1 X1192 Y288
G1 X1192 Y287
G1 X1192 Y286
G1 X1192 Y285
G1 X1192 Y284
G1 X1192 Y283
G1 X1192 Y282
G1 X1192 Y281
G1 X1192 Y280
G1 X1192 Y279
G1 X1192 Y278
G1 X1192 Y277
G1 X1192 Y276
G1 X1192 Y275
G1 X1192 Y274
G1 X1192 Y273
G1 X1192 Y272
G1 X1191 Y271
G1 X1190 Y271
G1 X1188 Y272
G1 X1189 Y272
G1 X1188 Y273
G1 X1187 Y273
G1 X1186 Y274
G1 X1187 Y274
G1 X1186 Y275
G1 X1185 Y276
G1 X1184 Y276
G1 X1183 Y276
G1 X1182 Y276
G1 X1181 Y275
G1 X1180 Y275
G1 X1178 Y269
G1 X1178 Y270
G1 X1178 Y271
G1 X1178 Y272
G1 X1178 Y274
G1 X1178 Y273
G1 X1179 Y274
G1 X1178 Y275
G1 X1177 Y275
G1 X1176 Y276
G1 X1176 Y277
G1 X1176 Y278
G1 X1176 Y279
G1 X1176 Y280
G1 X1176 Y281
G1 X1176 Y282
G1 X1177 Y283
G1 X1177 Y284
G1 X1176 Y285
G1 X1176 Y286
G1 X1177 Y287
G1 X1177 Y288
G1 X1177 Y289
G1 X1177 Y290
G1 X1177 Y291
G1 X1177 Y292
G1 X1177 Y293
G1 X1177 Y294
G1 X1177 Y295
G1 X1177 Y296
G1 X1177 Y297
G1 X1177 Y298
M5; lift marker up
G4 P0.08
G0 X1191 Y269
M3 S1000;put marker down
G4 P0.2
G1 X1191 Y268
G1 X1191 Y267
G1 X1192 Y266
G1 X1192 Y265
G1 X1193 Y264
M5; lift marker up
G4 P0.08
G0 X1236 Y278
M3 S1000;put marker down
G4 P0.2
G1 X1232 Y279
G1 X1230 Y280
G1 X1231 Y279
G1 X1232 Y278
G1 X1233 Y278
G1 X1234 Y277
G1 X1235 Y278
G1 X1236 Y279
G1 X1236 Y280
G1 X1236 Y281
G1 X1236 Y282
G1 X1236 Y283
G1 X1236 Y284
G1 X1236 Y285
G1 X1236 Y286
G1 X1236 Y287
G1 X1236 Y288
G1 X1236 Y289
G1 X1236 Y290
G1 X1236 Y291
G1 X1236 Y292
M5; lift marker up
G4 P0.08
G0 X1244 Y279
M3 S1000;put marker down
G4 P0.2
G1 X1244 Y280
G1 X1244 Y281
G1 X1244 Y282
G1 X1244 Y283
M5; lift marker up
G4 P0.08
G0 X1247 Y264
M3 S1000;put marker down
G4 P0.2
G1 X1248 Y265
G1 X1248 Y266
G1 X1249 Y267
G1 X1249 Y268
G1 X1250 Y269
G1 X1249 Y269
G1 X1250 Y270
G1 X1250 Y271
G1 X1250 Y272
G1 X1249 Y273
G1 X1249 Y274
G1 X1249 Y275
G1 X1249 Y276
G1 X1249 Y277
G1 X1249 Y278
G1 X1249 Y284
G1 X1249 Y283
G1 X1249 Y282
G1 X1249 Y281
G1 X1249 Y280
G1 X1249 Y279
G1 X1250 Y280
G1 X1251 Y280
G1 X1252 Y279
G1 X1253 Y279
G1 X1254 Y279
G1 X1255 Y279
G1 X1256 Y280
G1 X1256 Y281
G1 X1257 Y282
G1 X1257 Y283
G1 X1257 Y285
G1 X1257 Y284
G1 X1258 Y285
G1 X1259 Y285
G1 X1260 Y285
G1 X1261 Y284
G1 X1262 Y284
G1 X1263 Y284
G1 X1264 Y283
G1 X1265 Y284
G1 X1266 Y285
G1 X1267 Y286
G1 X1268 Y287
G1 X1269 Y287
G1 X1270 Y287
M5; lift marker up
G4 P0.08
G0 X1299 Y253
M3 S1000;put marker down
G4 P0.2
G1 X1299 Y254
G1 X1299 Y255
G1 X1298 Y256
G1 X1298 Y257
G1 X1298 Y258
G1 X1298 Y259
G1 X1298 Y260
G1 X1298 Y261
G1 X1298 Y262
G1 X1298 Y263
G1 X1298 Y264
G1 X1297 Y265
G1 X1298 Y265
G1 X1297 Y266
G1 X1297 Y267
G1 X1297 Y268
G1 X1297 Y269
G1 X1296 Y270
G1 X1297 Y270
G1 X1296 Y271
G1 X1296 Y272
G1 X1296 Y273
G1 X1295 Y274
G1 X1295 Y275
G1 X1295 Y276
G1 X1295 Y277
G1 X1294 Y278
G1 X1294 Y279
G1 X1294 Y280
G1 X1294 Y281
G1 X1294 Y282
G1 X1294 Y283
G1 X1293 Y284
G1 X1294 Y285
G1 X1294 Y286
G1 X1294 Y287
G1 X1295 Y288
G1 X1296 Y288
G1 X1297 Y289
G1 X1298 Y289
G1 X1299 Y289
G1 X1300 Y290
G1 X1301 Y290
G1 X1302 Y290
G1 X1303 Y290
G1 X1304 Y290
G1 X1305 Y291
G1 X1306 Y291
G1 X1307 Y291
G1 X1308 Y291
G1 X1309 Y291
G1 X1310 Y291
G1 X1311 Y291
G1 X1312 Y290
M5; lift marker up
G4 P0.08
G0 X1320 Y269
M3 S1000;put marker down
G4 P0.2
G1 X1313 Y273
G1 X1313 Y272
G1 X1314 Y271
G1 X1315 Y270
G1 X1316 Y269
G1 X1317 Y269
G1 X1318 Y269
G1 X1319 Y269
G1 X1320 Y270
G1 X1320 Y271
G1 X1320 Y274
G1 X1319 Y275
G1 X1319 Y274
G1 X1320 Y273
G1 X1320 Y272
G1 X1321 Y273
G1 X1322 Y273
G1 X1323 Y273
G1 X1324 Y272
M5; lift marker up
G4 P0.08
G0 X1343 Y264
M3 S1000;put marker down
G4 P0.2
G1 X1342 Y264
G1 X1341 Y265
G1 X1339 Y266
G1 X1340 Y266
G1 X1339 Y267
G1 X1338 Y267
G1 X1337 Y268
G1 X1338 Y268
G1 X1337 Y269
G1 X1336 Y269
G1 X1335 Y270
G1 X1336 Y270
G1 X1335 Y271
G1 X1334 Y271
G1 X1333 Y272
G1 X1334 Y272
G1 X1333 Y273
G1 X1332 Y274
G1 X1332 Y275
G1 X1331 Y276
G1 X1331 Y277
G1 X1331 Y278
G1 X1339 Y274
G1 X1338 Y275
G1 X1338 Y276
G1 X1337 Y277
G1 X1337 Y278
G1 X1336 Y278
G1 X1335 Y279
G1 X1336 Y279
G1 X1335 Y280
G1 X1334 Y280
G1 X1333 Y281
G1 X1332 Y281
G1 X1331 Y281
G1 X1331 Y280
G1 X1330 Y279
G1 X1329 Y279
G1 X1328 Y280
G1 X1327 Y280
G1 X1326 Y280
G1 X1325 Y280
G1 X1324 Y281
G1 X1323 Y281
G1 X1322 Y282
G1 X1321 Y282
G1 X1320 Y282
G1 X1319 Y281
G1 X1318 Y280
G1 X1318 Y279
G1 X1318 Y278
G1 X1318 Y277
G1 X1317 Y276
G1 X1316 Y276
G1 X1315 Y276
G1 X1314 Y276
G1 X1313 Y275
G1 X1312 Y276
G1 X1313 Y276
G1 X1312 Y277
G1 X1311 Y278
G1 X1310 Y279
G1 X1310 Y280
G1 X1309 Y281
G1 X1309 Y282
G1 X1309 Y283
G1 X1309 Y284
G1 X1310 Y285
M5; lift marker up
G4 P0.08
G0 X1328 Y320
M3 S1000;put marker down
G4 P0.2
G1 X1328 Y321
G1 X1328 Y322
G1 X1328 Y323
G1 X1328 Y324
G1 X1328 Y325
G1 X1329 Y326
G1 X1329 Y327
G1 X1329 Y328
G1 X1329 Y329
G1 X1329 Y330
G1 X1329 Y331
G1 X1329 Y332
G1 X1329 Y333
G1 X1329 Y334
G1 X1329 Y335
G1 X1328 Y336
G1 X1328 Y337
G1 X1328 Y338
G1 X1328 Y339
G1 X1328 Y340
G1 X1328 Y341
G1 X1328 Y342
G1 X1328 Y343
G1 X1328 Y344
G1 X1328 Y345
G1 X1328 Y346
G1 X1329 Y347
G1 X1330 Y348
G1 X1329 Y349
G1 X1329 Y350
G1 X1329 Y351
M5; lift marker up
G4 P0.08
G0 X1334 Y343
M3 S1000;put marker down
G4 P0.2
G1 X1332 Y347
G1 X1332 Y346
G1 X1333 Y345
G1 X1333 Y344
G1 X1333 Y343
G1 X1334 Y342
G1 X1334 Y341
G1 X1335 Y340
G1 X1335 Y339
G1 X1336 Y338
G1 X1336 Y337
G1 X1336 Y336
G1 X1337 Y335
G1 X1337 Y334
G1 X1338 Y333
G1 X1338 Y332
G1 X1339 Y331
G1 X1339 Y330
G1 X1340 Y329
G1 X1340 Y328
G1 X1341 Y327
G1 X1342 Y326
G1 X1343 Y325
G1 X1344 Y324
G1 X1345 Y323
G1 X1346 Y322
M5; lift marker up
G4 P0.08
G0 X1361 Y333
M3 S1000;put marker down
G4 P0.2
G1 X1361 Y334
G1 X1360 Y335
G1 X1359 Y336
G1 X1360 Y336
G1 X1359 Y337
G1 X1358 Y338
G1 X1357 Y339
G1 X1358 Y339
G1 X1357 Y340
G1 X1356 Y340
G1 X1355 Y341
G1 X1354 Y342
G1 X1353 Y345
G1 X1353 Y344
G1 X1353 Y343
G1 X1353 Y342
G1 X1352 Y341
G1 X1351 Y340
G1 X1350 Y339
G1 X1349 Y338
G1 X1348 Y338
G1 X1346 Y338
G1 X1347 Y338
G1 X1346 Y339
G1 X1345 Y339
G1 X1344 Y340
G1 X1345 Y340
G1 X1344 Y341
G1 X1343 Y342
G1 X1344 Y342
G1 X1343 Y343
G1 X1343 Y344
G1 X1343 Y345
G1 X1342 Y347
G1 X1342 Y346
G1 X1343 Y347
G1 X1344 Y348
G1 X1345 Y347
G1 X1346 Y347
G1 X1347 Y347
G1 X1348 Y346
G1 X1349 Y346
G1 X1350 Y345
G1 X1351 Y345
G1 X1352 Y345
G1 X1353 Y346
G1 X1353 Y347
G1 X1353 Y348
M5; lift marker up
G4 P0.08
G0 X1370 Y335
M3 S1000;put marker down
G4 P0.2
G1 X1370 Y336
G1 X1370 Y337
G1 X1370 Y338
G1 X1369 Y339
G1 X1370 Y339
G1 X1369 Y340
G1 X1369 Y341
G1 X1369 Y342
G1 X1369 Y343
G1 X1368 Y344
M5; lift marker up
G4 P0.08
G0 X1385 Y314
M3 S1000;put marker down
G4 P0.2
G1 X1385 Y315
G1 X1384 Y316
G1 X1384 Y317
G1 X1384 Y318
G1 X1383 Y319
G1 X1384 Y319
G1 X1383 Y320
G1 X1383 Y321
G1 X1383 Y322
G1 X1383 Y323
G1 X1383 Y324
G1 X1383 Y325
G1 X1382 Y326
G1 X1383 Y326
G1 X1382 Y327
G1 X1382 Y328
G1 X1382 Y329
G1 X1382 Y330
G1 X1382 Y331
G1 X1381 Y332
G1 X1381 Y333
G1 X1381 Y334
G1 X1381 Y335
G1 X1381 Y336
G1 X1381 Y337
G1 X1381 Y338
G1 X1381 Y339
G1 X1381 Y340
M5; lift marker up
G4 P0.08
G0 X1420 Y332
M3 S1000;put marker down
G4 P0.2
G1 X1419 Y332
G1 X1418 Y332
G1 X1416 Y328
G1 X1416 Y329
G1 X1416 Y331
G1 X1416 Y330
G1 X1417 Y331
G1 X1416 Y332
G1 X1416 Y333
G1 X1415 Y339
G1 X1415 Y338
G1 X1415 Y337
G1 X1415 Y336
G1 X1415 Y335
G1 X1416 Y334
G1 X1415 Y333
G1 X1414 Y333
G1 X1413 Y333
G1 X1412 Y333
G1 X1411 Y333
G1 X1409 Y334
G1 X1410 Y334
G1 X1409 Y335
G1 X1408 Y335
G1 X1407 Y336
G1 X1408 Y336
G1 X1407 Y337
G1 X1406 Y337
G1 X1405 Y338
G1 X1406 Y338
G1 X1405 Y339
G1 X1404 Y340
G1 X1405 Y340
G1 X1404 Y341
G1 X1404 Y342
G1 X1404 Y343
G1 X1404 Y345
G1 X1404 Y344
G1 X1405 Y345
G1 X1406 Y345
G1 X1407 Y345
G1 X1408 Y344
G1 X1409 Y343
G1 X1410 Y342
G1 X1411 Y341
G1 X1412 Y340
G1 X1413 Y340
G1 X1414 Y340
G1 X1415 Y340
G1 X1416 Y341
G1 X1416 Y342
G1 X1416 Y343
G1 X1416 Y344
G1 X1416 Y345
G1 X1416 Y346
G1 X1416 Y347
G1 X1416 Y348
G1 X1416 Y349
G1 X1416 Y350
G1 X1416 Y351
G1 X1416 Y352
G1 X1416 Y353
G1 X1416 Y354
G1 X1416 Y355
G1 X1416 Y356
G1 X1416 Y357
G1 X1416 Y358
G1 X1416 Y359
G1 X1416 Y360
G1 X1415 Y361
G1 X1416 Y361
G1 X1415 Y362
G1 X1415 Y363
G1 X1415 Y364
G1 X1415 Y365
G1 X1414 Y366
G1 X1414 Y367
G1 X1414 Y368
G1 X1413 Y369
G1 X1413 Y370
G1 X1413 Y371
G1 X1412 Y372
G1 X1412 Y373
G1 X1411 Y374
G1 X1411 Y375
G1 X1410 Y376
G1 X1409 Y377
G1 X1408 Y378
G1 X1407 Y378
G1 X1406 Y379
G1 X1405 Y379
G1 X1404 Y379
G1 X1403 Y379
G1 X1402 Y379
G1 X1401 Y378
G1 X1400 Y378
G1 X1399 Y377
G1 X1399 Y376
G1 X1398 Y375
G1 X1398 Y374
G1 X1398 Y373
G1 X1398 Y372
G1 X1398 Y371
G1 X1398 Y370
G1 X1398 Y369
G1 X1398 Y368
G1 X1398 Y367
G1 X1398 Y366
G1 X1399 Y365
M5; lift marker up
G4 P0.08
G0 X1380 Y410
M3 S1000;put marker down
G4 P0.2
G1 X1376 Y415
G1 X1377 Y414
G1 X1377 Y413
G1 X1377 Y412
G1 X1378 Y411
G1 X1379 Y410
G1 X1380 Y409
G1 X1381 Y409
G1 X1382 Y409
G1 X1383 Y408
G1 X1384 Y408
G1 X1385 Y408
G1 X1386 Y407
G1 X1387 Y407
G1 X1388 Y407
G1 X1389 Y407
G1 X1390 Y406
G1 X1391 Y406
G1 X1392 Y406
G1 X1393 Y406
G1 X1394 Y406
M5; lift marker up
G4 P0.08
G0 X1390 Y420
M3 S1000;put marker down
G4 P0.2
G1 X1389 Y420
G1 X1388 Y420
G1 X1387 Y420
G1 X1386 Y420
G1 X1385 Y420
G1 X1384 Y420
G1 X1383 Y420
G1 X1382 Y420
G1 X1381 Y420
G1 X1380 Y419
G1 X1379 Y418
G1 X1378 Y418
G1 X1377 Y418
G1 X1376 Y417
G1 X1375 Y418
G1 X1376 Y418
G1 X1375 Y419
G1 X1375 Y420
G1 X1374 Y421
G1 X1374 Y422
G1 X1374 Y423
G1 X1374 Y424
G1 X1373 Y425
G1 X1373 Y426
G1 X1373 Y427
G1 X1373 Y428
G1 X1373 Y429
G1 X1373 Y430
G1 X1372 Y431
G1 X1372 Y432
G1 X1372 Y433
G1 X1373 Y434
G1 X1374 Y435
G1 X1375 Y435
G1 X1376 Y435
G1 X1377 Y435
G1 X1378 Y435
G1 X1379 Y435
G1 X1380 Y435
G1 X1381 Y435
G1 X1382 Y435
G1 X1383 Y434
G1 X1384 Y434
G1 X1385 Y434
G1 X1386 Y433
G1 X1387 Y433
G1 X1388 Y433
G1 X1389 Y433
M5; lift marker up
G4 P0.08
G0 X1415 Y418
M3 S1000;put marker down
G4 P0.2
G1 X1414 Y418
G1 X1413 Y418
G1 X1412 Y419
G1 X1411 Y419
G1 X1410 Y419
G1 X1409 Y420
G1 X1408 Y420
G1 X1407 Y420
G1 X1406 Y421
G1 X1405 Y421
G1 X1404 Y422
G1 X1403 Y422
G1 X1402 Y423
G1 X1403 Y423
G1 X1402 Y424
G1 X1402 Y425
G1 X1402 Y426
G1 X1403 Y427
G1 X1404 Y427
G1 X1405 Y427
G1 X1406 Y428
G1 X1407 Y428
G1 X1408 Y428
G1 X1409 Y429
G1 X1410 Y429
G1 X1411 Y430
G1 X1411 Y431
G1 X1411 Y432
G1 X1411 Y433
G1 X1410 Y434
G1 X1409 Y435
G1 X1408 Y435
G1 X1407 Y436
G1 X1406 Y436
G1 X1405 Y437
G1 X1404 Y438
G1 X1403 Y438
G1 X1402 Y439
G1 X1401 Y439
G1 X1400 Y440
G1 X1399 Y440
M5; lift marker up
G4 P0.08
G0 X1410 Y483
M3 S1000;put marker down
G4 P0.2
G1 X1409 Y484
G1 X1408 Y484
G1 X1407 Y484
G1 X1406 Y484
G1 X1405 Y485
G1 X1403 Y485
G1 X1404 Y485
G1 X1403 Y486
G1 X1402 Y486
G1 X1401 Y486
G1 X1400 Y486
G1 X1399 Y487
G1 X1398 Y487
G1 X1397 Y487
G1 X1396 Y488
G1 X1394 Y488
G1 X1395 Y488
G1 X1394 Y489
G1 X1393 Y489
G1 X1392 Y489
G1 X1391 Y490
G1 X1389 Y490
G1 X1390 Y490
G1 X1389 Y491
G1 X1388 Y491
G1 X1386 Y491
G1 X1387 Y491
G1 X1386 Y492
G1 X1385 Y492
G1 X1384 Y492
G1 X1383 Y493
G1 X1382 Y493
G1 X1381 Y494
G1 X1379 Y494
G1 X1380 Y494
G1 X1379 Y495
G1 X1378 Y495
G1 X1377 Y495
G1 X1376 Y496
G1 X1375 Y496
G1 X1374 Y497
G1 X1373 Y497
G1 X1372 Y498
G1 X1371 Y498
G1 X1370 Y499
G1 X1369 Y499
G1 X1368 Y500
G1 X1367 Y500
G1 X1366 Y501
G1 X1365 Y501
G1 X1363 Y502
G1 X1364 Y502
G1 X1363 Y503
G1 X1362 Y503
G1 X1361 Y504
G1 X1360 Y504
G1 X1359 Y505
G1 X1358 Y505
G1 X1357 Y506
G1 X1356 Y507
G1 X1355 Y507
G1 X1354 Y508
G1 X1353 Y509
G1 X1352 Y509
G1 X1351 Y510
G1 X1350 Y511
G1 X1349 Y512
G1 X1348 Y513
M5; lift marker up
G4 P0.08
G0 X1344 Y537
M3 S1000;put marker down
G4 P0.2
G1 X1344 Y538
G1 X1344 Y539
G1 X1344 Y540
G1 X1344 Y541
G1 X1343 Y542
G1 X1343 Y543
G1 X1343 Y544
G1 X1343 Y545
G1 X1342 Y546
G1 X1342 Y547
G1 X1342 Y548
G1 X1342 Y549
G1 X1341 Y550
G1 X1341 Y551
G1 X1341 Y552
G1 X1340 Y553
G1 X1340 Y554
G1 X1340 Y555
G1 X1339 Y556
G1 X1339 Y557
G1 X1339 Y558
G1 X1339 Y559
G1 X1339 Y560
G1 X1338 Y561
G1 X1338 Y562
G1 X1338 Y563
G1 X1338 Y564
G1 X1338 Y565
G1 X1337 Y566
G1 X1337 Y567
G1 X1337 Y568
G1 X1337 Y569
G1 X1337 Y570
G1 X1337 Y571
G1 X1337 Y572
G1 X1336 Y573
G1 X1336 Y574
G1 X1336 Y575
G1 X1336 Y576
G1 X1336 Y577
G1 X1336 Y578
G1 X1336 Y579
G1 X1336 Y580
G1 X1336 Y581
G1 X1336 Y582
G1 X1336 Y583
G1 X1336 Y584
G1 X1336 Y585
G1 X1336 Y586
G1 X1336 Y587
G1 X1336 Y588
G1 X1336 Y589
G1 X1336 Y590
M5; lift marker up
G4 P0.08
G0 X1349 Y612
M3 S1000;put marker down
G4 P0.2
G1 X1349 Y613
G1 X1349 Y614
G1 X1349 Y615
G1 X1349 Y616
G1 X1349 Y617
G1 X1349 Y618
G1 X1349 Y619
G1 X1349 Y620
G1 X1349 Y621
G1 X1350 Y622
G1 X1350 Y623
G1 X1350 Y624
G1 X1350 Y625
G1 X1350 Y626
G1 X1350 Y627
G1 X1351 Y628
G1 X1351 Y629
G1 X1351 Y630
G1 X1351 Y631
G1 X1351 Y632
G1 X1352 Y633
G1 X1353 Y634
G1 X1354 Y634
G1 X1355 Y634
G1 X1356 Y634
G1 X1357 Y633
G1 X1358 Y632
G1 X1358 Y631
G1 X1359 Y630
G1 X1359 Y629
G1 X1360 Y628
G1 X1360 Y627
G1 X1361 Y626
G1 X1361 Y625
G1 X1362 Y624
G1 X1362 Y623
G1 X1363 Y622
G1 X1363 Y621
G1 X1364 Y620
G1 X1364 Y619
G1 X1365 Y618
G1 X1365 Y617
G1 X1366 Y616
G1 X1366 Y615
G1 X1367 Y614
M5; lift marker up
G4 P0.08
G0 X1372 Y628
M3 S1000;put marker down
G4 P0.2
G1 X1373 Y628
M5; lift marker up
G4 P0.08
G0 X1368 Y643
M3 S1000;put marker down
G4 P0.2
G1 X1368 Y642
G1 X1368 Y641
G1 X1368 Y640
G1 X1368 Y639
G1 X1368 Y638
G1 X1368 Y637
G1 X1368 Y636
G1 X1368 Y635
G1 X1368 Y634
G1 X1368 Y633
G1 X1368 Y632
G1 X1368 Y631
G1 X1369 Y630
G1 X1370 Y629
G1 X1370 Y628
G1 X1370 Y627
G1 X1370 Y626
G1 X1370 Y625
G1 X1370 Y624
G1 X1370 Y623
G1 X1371 Y622
G1 X1371 Y621
G1 X1371 Y620
G1 X1371 Y619
G1 X1372 Y618
G1 X1372 Y617
G1 X1373 Y616
G1 X1374 Y615
G1 X1375 Y615
G1 X1376 Y615
G1 X1377 Y615
G1 X1378 Y615
G1 X1379 Y616
G1 X1379 Y617
G1 X1379 Y619
G1 X1379 Y618
G1 X1380 Y619
G1 X1379 Y620
G1 X1379 Y621
G1 X1379 Y622
G1 X1379 Y623
G1 X1379 Y624
G1 X1379 Y625
G1 X1379 Y626
G1 X1379 Y627
G1 X1379 Y628
G1 X1379 Y629
G1 X1379 Y630
G1 X1379 Y631
G1 X1379 Y632
G1 X1379 Y633
G1 X1379 Y634
G1 X1379 Y635
G1 X1379 Y636
G1 X1379 Y637
G1 X1379 Y638
G1 X1379 Y639
G1 X1380 Y640
G1 X1381 Y641
G1 X1381 Y642
G1 X1381 Y643
M5; lift marker up
G4 P0.08
G0 X1391 Y615
M3 S1000;put marker down
G4 P0.2
G1 X1390 Y623
G1 X1391 Y622
G1 X1391 Y621
G1 X1391 Y620
G1 X1391 Y619
G1 X1391 Y618
G1 X1391 Y617
G1 X1391 Y616
G1 X1390 Y615
G1 X1389 Y615
G1 X1388 Y615
G1 X1386 Y612
G1 X1386 Y613
G1 X1386 Y615
G1 X1386 Y614
G1 X1387 Y615
G1 X1386 Y616
G1 X1386 Y617
G1 X1386 Y618
G1 X1382 Y619
G1 X1383 Y618
G1 X1384 Y618
G1 X1385 Y618
G1 X1386 Y619
G1 X1386 Y620
G1 X1386 Y621
G1 X1386 Y622
G1 X1386 Y623
G1 X1386 Y624
G1 X1386 Y625
G1 X1387 Y626
G1 X1388 Y626
G1 X1389 Y625
G1 X1390 Y624
G1 X1391 Y625
G1 X1392 Y625
G1 X1393 Y625
G1 X1394 Y625
G1 X1395 Y624
G1 X1396 Y623
G1 X1396 Y622
G1 X1397 Y621
G1 X1397 Y620
G1 X1397 Y619
G1 X1397 Y618
G1 X1398 Y618
G1 X1399 Y619
G1 X1400 Y619
G1 X1401 Y619
G1 X1402 Y619
G1 X1403 Y620
G1 X1403 Y621
G1 X1403 Y622
G1 X1402 Y623
G1 X1402 Y624
G1 X1402 Y625
M5; lift marker up
G4 P0.08
G0 X1409 Y615
M3 S1000;put marker down
G4 P0.2
G1 X1408 Y616
G1 X1407 Y617
G1 X1405 Y618
G1 X1406 Y617
G1 X1407 Y616
G1 X1408 Y615
G1 X1409 Y614
G1 X1410 Y614
G1 X1411 Y613
G1 X1412 Y613
M5; lift marker up
G4 P0.08
G0 X1424 Y613
M3 S1000;put marker down
G4 P0.2
G1 X1423 Y614
G1 X1422 Y615
G1 X1421 Y616
G1 X1421 Y617
G1 X1420 Y618
G1 X1420 Y619
G1 X1420 Y620
G1 X1420 Y621
G1 X1419 Y622
G1 X1419 Y623
G1 X1419 Y624
G1 X1419 Y626
G1 X1419 Y625
G1 X1420 Y626
G1 X1421 Y626
G1 X1422 Y626
G1 X1423 Y625
G1 X1424 Y624
G1 X1425 Y623
G1 X1426 Y622
G1 X1427 Y622
G1 X1428 Y622
G1 X1429 Y622
G1 X1430 Y621
G1 X1431 Y621
G1 X1432 Y622
G1 X1431 Y623
G1 X1431 Y624
G1 X1430 Y625
G1 X1430 Y626
G1 X1429 Y627
G1 X1430 Y627
G1 X1429 Y628
G1 X1429 Y629
G1 X1428 Y630
G1 X1428 Y631
G1 X1427 Y632
G1 X1427 Y633
G1 X1426 Y634
G1 X1426 Y635
G1 X1425 Y636
G1 X1425 Y637
G1 X1424 Y638
G1 X1424 Y639
G1 X1423 Y640
G1 X1422 Y641
G1 X1422 Y642
G1 X1421 Y643
G1 X1421 Y644
G1 X1420 Y645
G1 X1420 Y646
G1 X1419 Y647
G1 X1418 Y647
G1 X1417 Y647
M5; lift marker up
G4 P0.08
G0 X1435 Y620
M3 S1000;put marker down
G4 P0.2
G1 X1434 Y621
G1 X1434 Y620
G1 X1435 Y619
G1 X1436 Y618
M5; lift marker up
G4 P0.08
G0 X1458 Y618
M3 S1000;put marker down
G4 P0.2
G1 X1457 Y619
G1 X1447 Y619
G1 X1447 Y625
G1 X1447 Y624
G1 X1447 Y623
G1 X1447 Y622
G1 X1447 Y621
G1 X1447 Y620
G1 X1446 Y619
G1 X1445 Y619
G1 X1444 Y619
G1 X1443 Y620
G1 X1442 Y621
G1 X1442 Y622
G1 X1441 Y623
G1 X1441 Y625
G1 X1441 Y624
G1 X1442 Y625
G1 X1443 Y625
G1 X1444 Y625
G1 X1445 Y625
G1 X1446 Y625
G1 X1447 Y626
G1 X1447 Y627
G1 X1447 Y628
G1 X1448 Y629
G1 X1449 Y629
G1 X1450 Y629
G1 X1451 Y629
G1 X1452 Y628
G1 X1453 Y627
G1 X1453 Y626
G1 X1454 Y625
G1 X1454 Y624
G1 X1455 Y623
G1 X1455 Y622
G1 X1455 Y621
G1 X1456 Y620
G1 X1456 Y619
G1 X1457 Y618
G1 X1458 Y617
G1 X1459 Y617
G1 X1460 Y616
G1 X1461 Y616
G1 X1462 Y615
G1 X1463 Y615
G1 X1464 Y615
G1 X1465 Y614
G1 X1466 Y614
G1 X1467 Y614
M5; lift marker up
G4 P0.08
G0 X1487 Y620
M3 S1000;put marker down
G4 P0.2
G1 X1483 Y624
G1 X1484 Y623
G1 X1485 Y622
G1 X1486 Y621
G1 X1486 Y620
G1 X1487 Y619
G1 X1488 Y619
G1 X1489 Y619
G1 X1490 Y619
G1 X1491 Y619
G1 X1492 Y619
G1 X1493 Y619
G1 X1494 Y619
G1 X1495 Y618
G1 X1496 Y617
G1 X1496 Y616
G1 X1497 Y615
G1 X1497 Y614
G1 X1498 Y613
G1 X1499 Y614
G1 X1500 Y614
G1 X1501 Y614
G1 X1502 Y614
G1 X1503 Y614
G1 X1504 Y615
G1 X1505 Y616
G1 X1506 Y616
G1 X1505 Y617
G1 X1504 Y618
G1 X1504 Y619
G1 X1503 Y620
G1 X1504 Y620
G1 X1503 Y621
G1 X1503 Y622
G1 X1503 Y623
G1 X1503 Y624
G1 X1504 Y625
G1 X1503 Y625
G1 X1502 Y625
G1 X1501 Y625
G1 X1500 Y625
G1 X1499 Y625
G1 X1498 Y625
M5; lift marker up
G4 P0.08
G0 X1499 Y608
M3 S1000;put marker down
G4 P0.2
G1 X1498 Y611
G1 X1498 Y610
G1 X1498 Y609
G1 X1498 Y608
G1 X1499 Y607
G1 X1500 Y606
G1 X1500 Y605
G1 X1501 Y604
G1 X1501 Y603
G1 X1502 Y602
G1 X1502 Y601
G1 X1503 Y600
G1 X1503 Y599
G1 X1503 Y598
G1 X1503 Y597
M5; lift marker up
G4 P0.08
G0 X1492 Y606
M3 S1000;put marker down
G4 P0.2
G1 X1491 Y606
G1 X1490 Y606
G1 X1489 Y606
G1 X1488 Y607
G1 X1487 Y607
G1 X1486 Y608
G1 X1485 Y608
G1 X1484 Y609
G1 X1483 Y610
G1 X1482 Y611
G1 X1481 Y612
G1 X1480 Y613
G1 X1479 Y614
G1 X1479 Y615
G1 X1478 Y616
G1 X1478 Y617
G1 X1478 Y618
G1 X1477 Y619
G1 X1477 Y620
G1 X1477 Y621
G1 X1476 Y622
G1 X1476 Y623
G1 X1475 Y624
G1 X1476 Y624
G1 X1475 Y625
G1 X1475 Y626
G1 X1474 Y627
G1 X1475 Y627
G1 X1474 Y628
G1 X1474 Y629
M5; lift marker up
G4 P0.08
G0 X1476 Y574
M3 S1000;put marker down
G4 P0.2
G1 X1476 Y575
G1 X1476 Y576
G1 X1476 Y577
G1 X1476 Y578
M5; lift marker up
G4 P0.08
G0 X1481 Y560
M3 S1000;put marker down
G4 P0.2
G1 X1481 Y561
M5; lift marker up
G4 P0.08
G0 X1466 Y557
M3 S1000;put marker down
G4 P0.2
G1 X1466 Y558
G1 X1465 Y559
G1 X1466 Y559
G1 X1465 Y560
G1 X1465 Y561
G1 X1465 Y562
G1 X1464 Y563
G1 X1464 Y564
G1 X1464 Y565
G1 X1463 Y566
G1 X1463 Y567
G1 X1463 Y568
G1 X1462 Y569
G1 X1462 Y570
G1 X1462 Y571
G1 X1461 Y572
G1 X1461 Y573
G1 X1461 Y574
G1 X1460 Y575
G1 X1461 Y575
G1 X1460 Y576
G1 X1460 Y577
G1 X1459 Y578
G1 X1460 Y578
G1 X1459 Y579
G1 X1459 Y580
G1 X1459 Y581
G1 X1459 Y582
G1 X1458 Y583
G1 X1459 Y584
G1 X1460 Y585
G1 X1461 Y585
G1 X1462 Y586
G1 X1463 Y586
G1 X1464 Y586
G1 X1465 Y586
G1 X1466 Y586
G1 X1467 Y586
G1 X1468 Y585
M5; lift marker up
G4 P0.08
G0 X1438 Y583
M3 S1000;put marker down
G4 P0.2
G1 X1437 Y582
G1 X1437 Y581
G1 X1437 Y580
G1 X1437 Y579
G1 X1437 Y578
G1 X1437 Y577
G1 X1437 Y576
G1 X1437 Y575
G1 X1436 Y574
G1 X1435 Y574
G1 X1434 Y574
G1 X1433 Y574
G1 X1432 Y574
G1 X1431 Y574
G1 X1430 Y573
G1 X1429 Y572
G1 X1428 Y572
G1 X1427 Y572
G1 X1425 Y572
G1 X1426 Y572
G1 X1425 Y573
G1 X1424 Y573
G1 X1423 Y574
G1 X1424 Y574
G1 X1423 Y575
G1 X1422 Y575
G1 X1421 Y576
G1 X1422 Y576
G1 X1421 Y577
G1 X1420 Y578
G1 X1420 Y579
G1 X1420 Y580
G1 X1420 Y581
G1 X1421 Y582
G1 X1421 Y583
G1 X1421 Y584
G1 X1421 Y585
G1 X1421 Y586
G1 X1420 Y587
G1 X1420 Y588
G1 X1419 Y589
G1 X1418 Y590
G1 X1419 Y590
G1 X1418 Y591
G1 X1417 Y592
M5; lift marker up
G4 P0.08
G0 X1416 Y576
M3 S1000;put marker down
G4 P0.2
G1 X1414 Y579
G1 X1409 Y580
G1 X1409 Y571
G1 X1409 Y572
G1 X1409 Y573
G1 X1408 Y574
G1 X1408 Y575
G1 X1408 Y576
G1 X1408 Y577
G1 X1408 Y578
G1 X1409 Y579
G1 X1410 Y580
G1 X1411 Y580
G1 X1412 Y580
G1 X1413 Y579
G1 X1414 Y578
G1 X1415 Y577
G1 X1415 Y576
G1 X1416 Y575
G1 X1417 Y574
G1 X1417 Y573
M5; lift marker up
G4 P0.08
G0 X1430 Y570
M3 S1000;put marker down
G4 P0.2
G1 X1430 Y569
G1 X1430 Y568
G1 X1431 Y567
G1 X1431 Y566
G1 X1431 Y565
G1 X1432 Y564
G1 X1432 Y563
G1 X1433 Y562
M5; lift marker up
G4 P0.08
G0 X1441 Y542
M3 S1000;put marker down
G4 P0.2
G1 X1442 Y542
M5; lift marker up
G4 P0.08
G0 X1435 Y537
M3 S1000;put marker down
G4 P0.2
G1 X1430 Y538
G1 X1427 Y541
G1 X1427 Y540
G1 X1428 Y540
G1 X1429 Y539
G1 X1429 Y538
G1 X1430 Y537
G1 X1431 Y537
G1 X1432 Y537
G1 X1433 Y537
G1 X1434 Y537
G1 X1435 Y538
G1 X1435 Y539
G1 X1435 Y540
G1 X1435 Y541
G1 X1435 Y542
G1 X1435 Y543
G1 X1435 Y544
M5; lift marker up
G4 P0.08
G0 X1428 Y529
M3 S1000;put marker down
G4 P0.2
G1 X1427 Y530
G1 X1426 Y531
G1 X1426 Y532
G1 X1425 Y533
G1 X1425 Y534
G1 X1424 Y535
G1 X1424 Y536
G1 X1424 Y537
G1 X1424 Y538
G1 X1424 Y539
G1 X1424 Y540
G1 X1425 Y541
G1 X1424 Y541
G1 X1425 Y542
G1 X1424 Y543
G1 X1423 Y544
G1 X1424 Y544
G1 X1423 Y545
G1 X1423 Y546
M5; lift marker up
G4 P0.08
G0 X1405 Y556
M3 S1000;put marker down
G4 P0.2
G1 X1404 Y557
G1 X1404 Y558
G1 X1404 Y559
G1 X1403 Y560
G1 X1403 Y561
G1 X1403 Y562
G1 X1403 Y563
G1 X1403 Y564
G1 X1402 Y565
G1 X1402 Y566
G1 X1402 Y567
G1 X1402 Y568
G1 X1402 Y569
G1 X1401 Y570
G1 X1401 Y571
G1 X1401 Y572
G1 X1401 Y573
G1 X1394 Y573
G1 X1395 Y573
G1 X1396 Y573
G1 X1397 Y573
G1 X1398 Y573
G1 X1399 Y573
G1 X1400 Y573
G1 X1401 Y574
G1 X1401 Y575
G1 X1401 Y576
G1 X1401 Y577
G1 X1401 Y578
G1 X1401 Y579
M5; lift marker up
G4 P0.08
G0 X1392 Y557
M3 S1000;put marker down
G4 P0.2
G1 X1392 Y558
G1 X1392 Y559
G1 X1392 Y560
G1 X1392 Y561
G1 X1392 Y562
G1 X1392 Y563
G1 X1391 Y564
G1 X1391 Y565
G1 X1391 Y566
G1 X1391 Y567
G1 X1391 Y568
G1 X1391 Y569
G1 X1391 Y570
G1 X1391 Y571
G1 X1391 Y573
G1 X1391 Y572
G1 X1392 Y573
G1 X1391 Y574
G1 X1390 Y575
G1 X1390 Y576
G1 X1390 Y577
G1 X1390 Y578
G1 X1390 Y579
G1 X1390 Y580
G1 X1390 Y581
G1 X1390 Y582
G1 X1390 Y583
G1 X1390 Y584
M5; lift marker up
G4 P0.08
G0 X1387 Y532
M3 S1000;put marker down
G4 P0.2
G1 X1386 Y532
G1 X1385 Y532
G1 X1384 Y532
G1 X1383 Y532
G1 X1382 Y532
G1 X1381 Y531
G1 X1380 Y531
G1 X1379 Y531
G1 X1378 Y531
G1 X1377 Y531
G1 X1376 Y531
G1 X1375 Y531
G1 X1374 Y531
G1 X1373 Y530
G1 X1372 Y530
G1 X1371 Y530
G1 X1370 Y530
G1 X1369 Y530
G1 X1368 Y530
G1 X1367 Y530
G1 X1366 Y530
G1 X1365 Y529
G1 X1364 Y529
G1 X1363 Y529
G1 X1362 Y529
G1 X1361 Y529
G1 X1360 Y529
G1 X1359 Y528
G1 X1358 Y528
G1 X1357 Y528
G1 X1356 Y528
G1 X1355 Y527
G1 X1354 Y527
G1 X1353 Y526
G1 X1352 Y526
G1 X1351 Y526
G1 X1350 Y526
G1 X1348 Y526
G1 X1349 Y526
G1 X1348 Y527
G1 X1347 Y528
G1 X1348 Y529
G1 X1348 Y530
G1 X1348 Y531
G1 X1348 Y532
G1 X1348 Y533
G1 X1349 Y534
G1 X1349 Y535
G1 X1349 Y536
G1 X1350 Y537
G1 X1350 Y538
G1 X1351 Y539
G1 X1351 Y540
G1 X1352 Y541
G1 X1352 Y542
G1 X1353 Y543
G1 X1354 Y544
G1 X1354 Y545
G1 X1355 Y546
G1 X1355 Y547
G1 X1356 Y548
G1 X1357 Y549
G1 X1356 Y549
G1 X1357 Y550
G1 X1358 Y551
G1 X1358 Y552
G1 X1359 Y553
G1 X1359 Y554
G1 X1360 Y555
G1 X1361 Y556
G1 X1361 Y557
M5; lift marker up
G4 P0.08
G0 X1303 Y528
M3 S1000;put marker down
G4 P0.2
G1 X1303 Y529
G1 X1302 Y530
G1 X1303 Y530
G1 X1302 Y531
G1 X1302 Y532
G1 X1301 Y533
G1 X1302 Y533
G1 X1301 Y534
G1 X1301 Y535
G1 X1301 Y536
G1 X1301 Y537
G1 X1301 Y538
G1 X1300 Y539
G1 X1300 Y540
G1 X1300 Y541
G1 X1300 Y542
G1 X1300 Y543
G1 X1299 Y544
G1 X1299 Y545
G1 X1299 Y546
G1 X1299 Y547
G1 X1299 Y548
G1 X1299 Y549
G1 X1299 Y550
G1 X1298 Y551
G1 X1298 Y552
G1 X1298 Y553
G1 X1298 Y554
G1 X1298 Y555
G1 X1298 Y556
G1 X1298 Y557
G1 X1298 Y558
G1 X1297 Y559
G1 X1297 Y560
G1 X1297 Y561
G1 X1297 Y562
G1 X1297 Y563
M5; lift marker up
G4 P0.08
G0 X1288 Y544
M3 S1000;put marker down
G4 P0.2
G1 X1287 Y545
G1 X1286 Y545
G1 X1285 Y545
G1 X1284 Y546
G1 X1285 Y546
G1 X1284 Y547
G1 X1284 Y548
G1 X1284 Y550
G1 X1284 Y549
G1 X1285 Y550
G1 X1286 Y550
G1 X1287 Y551
G1 X1288 Y552
G1 X1288 Y553
G1 X1289 Y554
G1 X1289 Y555
G1 X1289 Y556
G1 X1289 Y557
M5; lift marker up
G4 P0.08
G0 X1276 Y547
M3 S1000;put marker down
G4 P0.2
G1 X1271 Y540
G1 X1271 Y541
G1 X1271 Y542
G1 X1271 Y543
G1 X1271 Y544
G1 X1271 Y545
G1 X1271 Y546
G1 X1271 Y548
G1 X1270 Y550
G1 X1270 Y549
G1 X1270 Y548
G1 X1271 Y547
G1 X1272 Y548
G1 X1273 Y547
G1 X1274 Y547
G1 X1275 Y547
G1 X1276 Y548
G1 X1277 Y549
G1 X1277 Y550
G1 X1277 Y551
G1 X1277 Y552
G1 X1277 Y553
G1 X1277 Y554
M5; lift marker up
G4 P0.08
G0 X1264 Y542
M3 S1000;put marker down
G4 P0.2
G1 X1263 Y541
G1 X1262 Y542
G1 X1261 Y542
G1 X1260 Y542
G1 X1259 Y542
G1 X1258 Y543
G1 X1259 Y543
G1 X1258 Y544
G1 X1257 Y544
G1 X1256 Y545
G1 X1257 Y545
G1 X1256 Y546
G1 X1255 Y547
G1 X1256 Y547
G1 X1255 Y548
G1 X1250 Y556
G1 X1250 Y555
G1 X1250 Y554
G1 X1250 Y553
G1 X1250 Y552
G1 X1250 Y551
G1 X1251 Y550
G1 X1251 Y549
G1 X1251 Y548
G1 X1252 Y548
G1 X1253 Y548
G1 X1254 Y548
G1 X1255 Y549
G1 X1255 Y550
G1 X1255 Y551
G1 X1255 Y552
G1 X1255 Y554
G1 X1255 Y553
G1 X1256 Y554
G1 X1257 Y555
G1 X1258 Y555
G1 X1259 Y555
G1 X1260 Y555
G1 X1261 Y555
G1 X1262 Y556
G1 X1263 Y556
G1 X1264 Y557
G1 X1264 Y558
G1 X1264 Y559
G1 X1264 Y560
G1 X1264 Y561
G1 X1263 Y562
G1 X1263 Y563
G1 X1262 Y564
G1 X1262 Y565
G1 X1262 Y566
G1 X1261 Y567
G1 X1260 Y568
G1 X1260 Y569
M5; lift marker up
G4 P0.08
G0 X1249 Y535
M3 S1000;put marker down
G4 P0.2
G1 X1248 Y536
G1 X1247 Y536
G1 X1245 Y536
G1 X1246 Y536
G1 X1245 Y537
G1 X1244 Y537
G1 X1242 Y538
G1 X1243 Y538
G1 X1242 Y539
G1 X1241 Y539
G1 X1239 Y540
G1 X1240 Y540
G1 X1239 Y541
G1 X1238 Y541
G1 X1237 Y542
G1 X1238 Y542
G1 X1237 Y543
G1 X1237 Y544
G1 X1237 Y545
G1 X1237 Y546
G1 X1238 Y547
G1 X1239 Y548
G1 X1240 Y548
G1 X1241 Y549
G1 X1242 Y549
G1 X1243 Y550
G1 X1244 Y551
G1 X1245 Y552
G1 X1245 Y553
G1 X1245 Y554
G1 X1245 Y555
M5; lift marker up
G4 P0.08
G0 X1256 Y532
M3 S1000;put marker down
G4 P0.2
G1 X1257 Y532
M5; lift marker up
G4 P0.08
G0 X1221 Y542
M3 S1000;put marker down
G4 P0.2
G1 X1220 Y543
G1 X1215 Y547
G1 X1214 Y550
G1 X1213 Y552
G1 X1212 Y553
G1 X1206 Y559
G1 X1205 Y560
G1 X1204 Y560
G1 X1205 Y559
G1 X1206 Y558
G1 X1207 Y557
G1 X1207 Y556
G1 X1208 Y555
G1 X1209 Y554
G1 X1210 Y554
G1 X1211 Y553
G1 X1212 Y552
G1 X1213 Y551
G1 X1213 Y550
G1 X1214 Y549
G1 X1214 Y548
G1 X1214 Y547
G1 X1215 Y546
G1 X1216 Y545
G1 X1217 Y545
G1 X1218 Y544
G1 X1219 Y543
G1 X1220 Y542
G1 X1221 Y541
G1 X1222 Y541
G1 X1223 Y540
G1 X1224 Y540
G1 X1225 Y539
G1 X1226 Y539
G1 X1227 Y538
G1 X1228 Y538
G1 X1229 Y538
G1 X1230 Y538
G1 X1231 Y538
G1 X1232 Y538
G1 X1233 Y538
M5; lift marker up
G4 P0.08
G0 X1209 Y530
M3 S1000;put marker down
G4 P0.2
G1 X1208 Y530
G1 X1206 Y530
G1 X1207 Y530
G1 X1206 Y531
G1 X1205 Y531
G1 X1204 Y532
G1 X1205 Y532
G1 X1204 Y533
G1 X1203 Y534
G1 X1203 Y535
G1 X1202 Y536
G1 X1202 Y537
G1 X1202 Y538
G1 X1202 Y539
G1 X1202 Y540
G1 X1201 Y541
G1 X1201 Y542
G1 X1201 Y543
G1 X1201 Y544
G1 X1201 Y545
G1 X1201 Y546
G1 X1201 Y547
G1 X1202 Y548
G1 X1203 Y548
G1 X1202 Y549
G1 X1202 Y550
G1 X1201 Y551
G1 X1202 Y551
G1 X1201 Y552
G1 X1195 Y552
G1 X1192 Y550
G1 X1193 Y551
G1 X1194 Y551
G1 X1195 Y551
G1 X1196 Y552
G1 X1197 Y552
G1 X1198 Y552
G1 X1199 Y552
G1 X1200 Y552
G1 X1201 Y553
G1 X1200 Y554
G1 X1200 Y555
G1 X1200 Y556
G1 X1200 Y557
G1 X1200 Y558
G1 X1200 Y559
G1 X1201 Y560
G1 X1202 Y560
G1 X1201 Y561
G1 X1201 Y562
G1 X1201 Y563
G1 X1200 Y564
M5; lift marker up
G4 P0.08
G0 X1205 Y548
M3 S1000;put marker down
G4 P0.2
G1 X1206 Y548
M5; lift marker up
G4 P0.08
G0 X1182 Y513
M3 S1000;put marker down
G4 P0.2
G1 X1182 Y512
G1 X1183 Y511
G1 X1183 Y510
G1 X1184 Y509
G1 X1184 Y508
G1 X1185 Y507
G1 X1185 Y506
G1 X1186 Y505
G1 X1187 Y504
G1 X1188 Y504
G1 X1189 Y503
G1 X1190 Y503
G1 X1191 Y503
G1 X1192 Y503
G1 X1193 Y504
G1 X1193 Y505
G1 X1193 Y506
G1 X1193 Y510
G1 X1193 Y509
G1 X1193 Y508
G1 X1193 Y507
G1 X1194 Y508
G1 X1195 Y507
G1 X1196 Y507
G1 X1197 Y506
G1 X1198 Y506
G1 X1199 Y506
G1 X1200 Y507
G1 X1200 Y508
G1 X1200 Y509
G1 X1200 Y510
G1 X1200 Y511
G1 X1200 Y512
G1 X1200 Y513
M5; lift marker up
G4 P0.08
G0 X1212 Y505
M3 S1000;put marker down
G4 P0.2
G1 X1212 Y506
G1 X1212 Y507
M5; lift marker up
G4 P0.08
G0 X1215 Y502
M3 S1000;put marker down
G4 P0.2
G1 X1215 Y501
G1 X1215 Y500
G1 X1216 Y499
G1 X1216 Y498
G1 X1217 Y497
G1 X1218 Y496
G1 X1219 Y496
G1 X1220 Y496
G1 X1221 Y496
G1 X1222 Y496
M5; lift marker up
G4 P0.08
G0 X1211 Y479
M3 S1000;put marker down
G4 P0.2
G1 X1211 Y480
G1 X1211 Y481
G1 X1212 Y482
G1 X1212 Y483
G1 X1212 Y484
G1 X1212 Y485
G1 X1212 Y486
G1 X1212 Y487
G1 X1212 Y489
G1 X1212 Y488
G1 X1213 Y489
G1 X1212 Y490
G1 X1205 Y492
G1 X1206 Y491
G1 X1207 Y491
G1 X1208 Y490
G1 X1209 Y490
G1 X1210 Y490
G1 X1211 Y490
G1 X1212 Y491
G1 X1212 Y492
G1 X1212 Y493
G1 X1212 Y494
G1 X1212 Y495
G1 X1212 Y496
G1 X1212 Y497
G1 X1212 Y498
G1 X1212 Y499
G1 X1212 Y500
G1 X1212 Y501
G1 X1212 Y502
G1 X1213 Y503
G1 X1214 Y504
G1 X1215 Y505
G1 X1216 Y505
G1 X1217 Y505
G1 X1218 Y505
G1 X1219 Y505
G1 X1220 Y505
G1 X1221 Y504
G1 X1222 Y504
G1 X1223 Y504
G1 X1224 Y504
G1 X1225 Y504
G1 X1226 Y505
G1 X1227 Y506
G1 X1227 Y507
G1 X1227 Y508
G1 X1227 Y509
G1 X1228 Y510
G1 X1228 Y511
G1 X1228 Y512
G1 X1229 Y513
G1 X1230 Y514
G1 X1231 Y514
G1 X1232 Y514
G1 X1233 Y513
G1 X1234 Y512
G1 X1235 Y512
M5; lift marker up
G4 P0.08
G0 X1230 Y504
M3 S1000;put marker down
G4 P0.2
G1 X1229 Y504
G1 X1230 Y503
G1 X1231 Y502
G1 X1232 Y501
G1 X1233 Y501
G1 X1234 Y501
M5; lift marker up
G4 P0.08
G0 X1252 Y484
M3 S1000;put marker down
G4 P0.2
G1 X1250 Y484
G1 X1251 Y484
G1 X1250 Y485
G1 X1249 Y485
G1 X1248 Y485
G1 X1247 Y485
G1 X1245 Y480
G1 X1245 Y481
G1 X1245 Y482
G1 X1245 Y483
G1 X1245 Y484
G1 X1245 Y485
G1 X1246 Y486
G1 X1245 Y486
G1 X1244 Y486
G1 X1243 Y487
G1 X1242 Y488
G1 X1243 Y488
G1 X1242 Y489
G1 X1235 Y492
G1 X1236 Y491
G1 X1237 Y490
G1 X1238 Y489
G1 X1239 Y489
G1 X1240 Y489
G1 X1241 Y489
G1 X1242 Y490
G1 X1242 Y491
G1 X1242 Y492
G1 X1242 Y493
G1 X1241 Y494
G1 X1241 Y495
G1 X1241 Y496
G1 X1241 Y497
G1 X1240 Y498
G1 X1240 Y499
G1 X1240 Y500
G1 X1240 Y501
G1 X1240 Y502
G1 X1240 Y503
G1 X1240 Y504
G1 X1240 Y505
G1 X1239 Y506
G1 X1239 Y507
G1 X1239 Y508
G1 X1239 Y509
G1 X1239 Y510
M5; lift marker up
G4 P0.08
G0 X1280 Y498
M3 S1000;put marker down
G4 P0.2
G1 X1279 Y498
G1 X1280 Y497
G1 X1281 Y496
G1 X1282 Y496
M5; lift marker up
G4 P0.08
G0 X1277 Y489
M3 S1000;put marker down
G4 P0.2
G1 X1274 Y498
G1 X1274 Y497
G1 X1275 Y496
G1 X1275 Y495
G1 X1276 Y494
G1 X1276 Y493
G1 X1277 Y492
G1 X1277 Y491
G1 X1277 Y490
G1 X1276 Y489
G1 X1275 Y489
G1 X1274 Y489
G1 X1273 Y490
G1 X1272 Y490
G1 X1271 Y491
G1 X1270 Y491
G1 X1269 Y492
G1 X1267 Y492
G1 X1268 Y492
G1 X1267 Y493
G1 X1267 Y494
G1 X1266 Y495
G1 X1266 Y496
G1 X1266 Y497
G1 X1265 Y498
G1 X1265 Y499
G1 X1264 Y500
G1 X1265 Y500
G1 X1264 Y501
G1 X1263 Y501
G1 X1262 Y501
G1 X1261 Y502
G1 X1262 Y502
G1 X1261 Y503
G1 X1261 Y504
G1 X1261 Y505
G1 X1260 Y506
G1 X1260 Y507
G1 X1260 Y508
G1 X1260 Y509
G1 X1260 Y510
G1 X1260 Y511
G1 X1261 Y512
G1 X1261 Y513
G1 X1262 Y514
G1 X1263 Y513
G1 X1264 Y512
G1 X1264 Y511
G1 X1264 Y510
G1 X1265 Y509
G1 X1265 Y508
G1 X1265 Y507
G1 X1265 Y506
G1 X1265 Y505
G1 X1266 Y504
G1 X1266 Y503
G1 X1267 Y504
G1 X1268 Y504
G1 X1269 Y503
G1 X1270 Y502
G1 X1271 Y501
G1 X1272 Y500
G1 X1273 Y500
G1 X1274 Y499
G1 X1275 Y500
G1 X1276 Y500
G1 X1277 Y500
G1 X1278 Y500
G1 X1279 Y500
G1 X1280 Y501
G1 X1281 Y502
G1 X1282 Y502
G1 X1283 Y502
G1 X1284 Y502
G1 X1285 Y501
G1 X1285 Y500
G1 X1286 Y499
G1 X1287 Y498
G1 X1288 Y497
M5; lift marker up
G4 P0.08
G0 X1311 Y477
M3 S1000;put marker down
G4 P0.2
G1 X1311 Y478
G1 X1310 Y479
G1 X1311 Y479
G1 X1310 Y480
G1 X1310 Y481
G1 X1310 Y482
G1 X1309 Y483
G1 X1309 Y484
G1 X1309 Y485
G1 X1308 Y486
G1 X1308 Y487
G1 X1308 Y488
G1 X1307 Y489
G1 X1307 Y490
G1 X1307 Y491
G1 X1306 Y492
G1 X1306 Y493
G1 X1306 Y494
G1 X1305 Y495
G1 X1304 Y501
G1 X1301 Y504
G1 X1300 Y505
G1 X1296 Y506
G1 X1297 Y506
G1 X1298 Y506
G1 X1299 Y505
G1 X1300 Y504
G1 X1301 Y503
G1 X1302 Y502
G1 X1303 Y501
G1 X1304 Y500
G1 X1304 Y499
G1 X1304 Y498
G1 X1304 Y497
G1 X1304 Y496
G1 X1304 Y495
G1 X1303 Y494
G1 X1302 Y494
G1 X1301 Y494
G1 X1300 Y493
G1 X1299 Y493
G1 X1298 Y493
G1 X1297 Y493
G1 X1296 Y493
G1 X1295 Y494
G1 X1296 Y494
G1 X1295 Y495
G1 X1294 Y496
G1 X1294 Y497
G1 X1293 Y498
G1 X1294 Y499
G1 X1293 Y499
G1 X1294 Y500
G1 X1294 Y501
G1 X1294 Y502
G1 X1294 Y503
G1 X1294 Y504
G1 X1294 Y506
G1 X1294 Y505
G1 X1295 Y506
G1 X1294 Y507
G1 X1293 Y508
G1 X1293 Y509
G1 X1292 Y510
G1 X1293 Y510
G1 X1292 Y511
G1 X1291 Y511
G1 X1290 Y506
G1 X1289 Y507
G1 X1289 Y508
G1 X1289 Y509
G1 X1289 Y510
G1 X1289 Y511
G1 X1290 Y512
G1 X1291 Y512
G1 X1290 Y513
G1 X1290 Y514
G1 X1290 Y515
G1 X1290 Y516
G1 X1290 Y517
G1 X1290 Y518
G1 X1290 Y519
G1 X1290 Y520
G1 X1290 Y521
M5; lift marker up
G4 P0.08
G0 X1322 Y491
M3 S1000;put marker down
G4 P0.2
G1 X1318 Y499
G1 X1319 Y499
G1 X1320 Y498
G1 X1321 Y498
G1 X1322 Y497
G1 X1323 Y496
G1 X1323 Y495
G1 X1323 Y494
G1 X1323 Y493
G1 X1322 Y492
G1 X1321 Y491
G1 X1320 Y491
G1 X1319 Y491
G1 X1318 Y491
G1 X1317 Y491
G1 X1316 Y492
G1 X1317 Y492
G1 X1316 Y493
G1 X1316 Y494
G1 X1316 Y495
G1 X1316 Y496
G1 X1316 Y497
G1 X1316 Y498
G1 X1317 Y499
G1 X1310 Y498
G1 X1311 Y499
G1 X1312 Y499
G1 X1313 Y500
G1 X1314 Y500
G1 X1315 Y500
G1 X1316 Y499
G1 X1317 Y500
G1 X1318 Y501
G1 X1318 Y502
G1 X1318 Y503
M5; lift marker up
G4 P0.08
G0 X1293 Y427
M3 S1000;put marker down
G4 P0.2
G1 X1292 Y427
G1 X1291 Y427
G1 X1290 Y428
G1 X1290 Y427
G1 X1289 Y426
G1 X1289 Y425
G1 X1289 Y424
G1 X1288 Y423
G1 X1288 Y422
G1 X1288 Y421
G1 X1288 Y420
G1 X1288 Y419
G1 X1288 Y418
G1 X1287 Y417
G1 X1286 Y418
G1 X1285 Y418
G1 X1284 Y418
G1 X1283 Y419
G1 X1284 Y419
G1 X1283 Y420
G1 X1282 Y420
G1 X1281 Y421
G1 X1280 Y422
G1 X1279 Y423
G1 X1278 Y424
G1 X1277 Y425
G1 X1276 Y426
G1 X1275 Y427
G1 X1275 Y428
G1 X1274 Y429
G1 X1274 Y430
G1 X1275 Y431
G1 X1275 Y432
G1 X1276 Y433
G1 X1277 Y433
G1 X1278 Y433
G1 X1279 Y433
G1 X1280 Y433
G1 X1281 Y433
G1 X1282 Y432
G1 X1283 Y432
G1 X1284 Y432
G1 X1285 Y431
G1 X1286 Y431
G1 X1287 Y430
G1 X1288 Y430
G1 X1289 Y430
G1 X1290 Y429
G1 X1291 Y430
G1 X1291 Y431
G1 X1291 Y432
G1 X1291 Y433
G1 X1292 Y434
G1 X1293 Y435
G1 X1294 Y436
M5; lift marker up
G4 P0.08
G0 X1249 Y409
M3 S1000;put marker down
G4 P0.2
G1 X1239 Y409
G1 X1240 Y409
G1 X1241 Y409
G1 X1242 Y408
G1 X1243 Y408
G1 X1244 Y408
G1 X1245 Y408
G1 X1246 Y408
G1 X1247 Y408
G1 X1248 Y409
G1 X1249 Y410
G1 X1249 Y411
G1 X1249 Y412
G1 X1248 Y413
G1 X1247 Y414
G1 X1247 Y415
G1 X1246 Y416
G1 X1246 Y417
G1 X1245 Y418
G1 X1245 Y419
G1 X1246 Y420
G1 X1247 Y421
G1 X1248 Y422
G1 X1249 Y422
G1 X1250 Y423
G1 X1251 Y424
G1 X1252 Y425
G1 X1252 Y426
G1 X1252 Y427
G1 X1252 Y428
G1 X1252 Y429
G1 X1251 Y430
G1 X1250 Y431
G1 X1251 Y431
G1 X1250 Y432
G1 X1249 Y433
G1 X1248 Y434
G1 X1247 Y435
G1 X1247 Y436
G1 X1246 Y437
G1 X1245 Y438
G1 X1244 Y439
G1 X1243 Y440
G1 X1242 Y441
G1 X1241 Y442
G1 X1240 Y442
M5; lift marker up
G4 P0.08
G0 X1217 Y425
M3 S1000;put marker down
G4 P0.2
G1 X1216 Y427
G1 X1214 Y429
G1 X1215 Y428
G1 X1215 Y427
G1 X1216 Y426
G1 X1216 Y425
G1 X1217 Y424
G1 X1218 Y424
G1 X1219 Y423
G1 X1220 Y423
G1 X1221 Y423
G1 X1222 Y422
G1 X1223 Y422
G1 X1224 Y422
M5; lift marker up
G4 P0.08
G0 X1212 Y410
M3 S1000;put marker down
G4 P0.2
G1 X1212 Y411
G1 X1212 Y412
G1 X1212 Y413
G1 X1212 Y414
G1 X1212 Y415
G1 X1212 Y416
G1 X1212 Y417
G1 X1212 Y418
G1 X1212 Y419
G1 X1212 Y420
G1 X1212 Y421
G1 X1212 Y422
G1 X1211 Y423
G1 X1211 Y424
G1 X1211 Y425
G1 X1211 Y426
G1 X1211 Y427
G1 X1211 Y428
G1 X1211 Y429
G1 X1212 Y430
G1 X1213 Y431
G1 X1213 Y432
G1 X1213 Y433
G1 X1214 Y434
G1 X1214 Y435
G1 X1215 Y436
G1 X1216 Y437
G1 X1217 Y437
G1 X1218 Y437
G1 X1219 Y437
G1 X1220 Y437
M5; lift marker up
G4 P0.08
G0 X1203 Y434
M3 S1000;put marker down
G4 P0.2
G1 X1202 Y433
G1 X1198 Y435
G1 X1197 Y436
G1 X1196 Y429
G1 X1195 Y430
G1 X1194 Y430
G1 X1193 Y430
G1 X1192 Y431
G1 X1191 Y432
G1 X1190 Y433
G1 X1189 Y434
G1 X1190 Y434
G1 X1189 Y435
G1 X1189 Y436
G1 X1189 Y437
G1 X1189 Y438
G1 X1189 Y439
G1 X1189 Y441
G1 X1189 Y440
G1 X1190 Y441
G1 X1191 Y441
G1 X1192 Y441
G1 X1193 Y440
G1 X1194 Y439
G1 X1195 Y438
G1 X1196 Y437
G1 X1196 Y436
G1 X1197 Y435
G1 X1198 Y434
G1 X1199 Y434
G1 X1200 Y434
G1 X1201 Y433
G1 X1202 Y434
G1 X1203 Y435
G1 X1203 Y436
G1 X1203 Y437
G1 X1203 Y438
G1 X1203 Y439
M5; lift marker up
G4 P0.08
G0 X1184 Y411
M3 S1000;put marker down
G4 P0.2
G1 X1183 Y411
G1 X1181 Y412
G1 X1182 Y412
G1 X1181 Y413
G1 X1180 Y413
G1 X1179 Y414
G1 X1180 Y414
G1 X1179 Y415
G1 X1178 Y416
G1 X1177 Y417
G1 X1177 Y418
G1 X1177 Y419
G1 X1176 Y420
G1 X1176 Y421
G1 X1175 Y422
G1 X1175 Y423
G1 X1175 Y424
G1 X1175 Y425
G1 X1174 Y426
G1 X1174 Y427
G1 X1174 Y428
G1 X1174 Y429
G1 X1174 Y430
G1 X1174 Y431
G1 X1174 Y432
G1 X1174 Y433
G1 X1174 Y434
G1 X1174 Y435
G1 X1174 Y436
G1 X1174 Y437
G1 X1174 Y438
G1 X1174 Y439
G1 X1175 Y440
G1 X1176 Y441
G1 X1177 Y442
G1 X1178 Y442
G1 X1179 Y442
M5; lift marker up
G4 P0.08
G0 X1192 Y480
M3 S1000;put marker down
G4 P0.2
G1 X1191 Y480
G1 X1190 Y480
G1 X1189 Y480
G1 X1188 Y480
G1 X1187 Y480
G1 X1185 Y480
G1 X1186 Y480
G1 X1185 Y481
G1 X1184 Y481
G1 X1183 Y482
G1 X1182 Y482
G1 X1181 Y483
G1 X1182 Y483
G1 X1181 Y484
G1 X1180 Y485
G1 X1180 Y486
G1 X1179 Y486
G1 X1178 Y487
G1 X1179 Y487
G1 X1178 Y488
G1 X1178 Y489
G1 X1177 Y490
G1 X1177 Y491
G1 X1176 Y492
G1 X1176 Y493
G1 X1176 Y494
G1 X1175 Y495
G1 X1175 Y496
G1 X1175 Y497
G1 X1175 Y498
G1 X1175 Y499
G1 X1175 Y500
G1 X1174 Y501
G1 X1174 Y502
G1 X1174 Y503
G1 X1174 Y504
G1 X1174 Y505
G1 X1174 Y506
G1 X1174 Y507
G1 X1174 Y508
G1 X1174 Y509
G1 X1174 Y510
G1 X1174 Y511
G1 X1174 Y512
G1 X1174 Y513
G1 X1174 Y514
G1 X1174 Y515
G1 X1174 Y516
M5; lift marker up
G4 P0.08
G0 X1181 Y349
M3 S1000;put marker down
G4 P0.2
G1 X1182 Y349
G1 X1183 Y349
G1 X1184 Y348
G1 X1185 Y348
G1 X1186 Y347
G1 X1187 Y347
G1 X1188 Y347
G1 X1189 Y346
M5; lift marker up
G4 P0.08
G0 X1188 Y332
M3 S1000;put marker down
G4 P0.2
G1 X1187 Y332
G1 X1186 Y332
G1 X1185 Y332
G1 X1184 Y332
G1 X1183 Y332
G1 X1182 Y332
G1 X1181 Y333
G1 X1180 Y333
G1 X1178 Y331
G1 X1178 Y333
G1 X1178 Y332
G1 X1179 Y333
G1 X1178 Y334
G1 X1177 Y335
G1 X1178 Y335
G1 X1177 Y336
G1 X1177 Y337
G1 X1177 Y338
G1 X1177 Y339
G1 X1177 Y340
G1 X1177 Y341
G1 X1177 Y342
G1 X1177 Y343
G1 X1177 Y344
G1 X1177 Y345
G1 X1177 Y346
G1 X1177 Y347
G1 X1178 Y348
G1 X1179 Y349
G1 X1178 Y349
G1 X1177 Y350
G1 X1177 Y351
G1 X1177 Y352
G1 X1177 Y353
G1 X1177 Y354
G1 X1177 Y355
G1 X1177 Y356
G1 X1177 Y357
G1 X1177 Y358
G1 X1177 Y359
G1 X1177 Y360
G1 X1177 Y361
G1 X1177 Y362
G1 X1177 Y363
G1 X1177 Y364
G1 X1177 Y365
G1 X1177 Y366
G1 X1177 Y367
G1 X1177 Y368
M5; lift marker up
G4 P0.08
G0 X1212 Y337
M3 S1000;put marker down
G4 P0.2
G1 X1211 Y338
G1 X1208 Y342
G1 X1202 Y344
G1 X1203 Y344
G1 X1204 Y344
G1 X1205 Y343
G1 X1206 Y343
G1 X1207 Y342
G1 X1208 Y341
G1 X1209 Y340
G1 X1210 Y339
G1 X1210 Y338
G1 X1211 Y337
G1 X1212 Y336
G1 X1212 Y335
G1 X1213 Y334
G1 X1213 Y333
G1 X1213 Y332
G1 X1212 Y331
G1 X1211 Y330
G1 X1210 Y330
G1 X1209 Y330
G1 X1208 Y330
G1 X1207 Y330
G1 X1206 Y330
G1 X1205 Y330
G1 X1204 Y331
G1 X1205 Y331
G1 X1204 Y332
G1 X1203 Y332
G1 X1202 Y333
G1 X1201 Y333
G1 X1200 Y334
G1 X1201 Y335
G1 X1201 Y336
G1 X1201 Y337
G1 X1201 Y338
G1 X1201 Y339
G1 X1200 Y340
G1 X1200 Y341
G1 X1200 Y342
G1 X1200 Y344
G1 X1200 Y343
G1 X1201 Y344
G1 X1200 Y345
G1 X1200 Y346
G1 X1200 Y347
G1 X1200 Y348
G1 X1200 Y349
G1 X1200 Y350
G1 X1200 Y351
G1 X1200 Y352
G1 X1200 Y353
G1 X1200 Y354
G1 X1200 Y355
G1 X1200 Y356
G1 X1199 Y357
G1 X1199 Y358
G1 X1199 Y359
G1 X1199 Y360
M5; lift marker up
G4 P0.08
G0 X1225 Y330
M3 S1000;put marker down
G4 P0.2
G1 X1224 Y331
G1 X1223 Y331
G1 X1222 Y331
G1 X1221 Y332
G1 X1222 Y332
G1 X1221 Y333
G1 X1220 Y333
G1 X1219 Y334
G1 X1220 Y334
G1 X1219 Y335
G1 X1218 Y335
G1 X1217 Y336
G1 X1218 Y336
G1 X1217 Y337
G1 X1216 Y338
G1 X1215 Y339
G1 X1216 Y339
G1 X1215 Y340
G1 X1214 Y341
G1 X1215 Y341
G1 X1214 Y342
G1 X1214 Y343
G1 X1213 Y344
G1 X1214 Y344
G1 X1213 Y345
G1 X1213 Y346
G1 X1212 Y347
G1 X1212 Y348
G1 X1212 Y349
G1 X1212 Y350
G1 X1212 Y351
G1 X1212 Y352
G1 X1212 Y353
G1 X1212 Y354
G1 X1212 Y355
G1 X1212 Y357
G1 X1212 Y356
G1 X1213 Y357
G1 X1214 Y357
G1 X1215 Y357
G1 X1216 Y356
G1 X1217 Y355
G1 X1218 Y354
G1 X1219 Y353
G1 X1220 Y352
G1 X1221 Y352
G1 X1222 Y351
G1 X1223 Y351
G1 X1224 Y352
G1 X1225 Y353
G1 X1225 Y354
G1 X1225 Y355
G1 X1225 Y356
G1 X1225 Y357
G1 X1225 Y358
G1 X1225 Y359
G1 X1225 Y360
G1 X1225 Y361
G1 X1225 Y362
G1 X1225 Y363
M5; lift marker up
G4 P0.08
G0 X1247 Y354
M3 S1000;put marker down
G4 P0.2
G1 X1248 Y353
G1 X1248 Y352
G1 X1248 Y351
G1 X1248 Y350
G1 X1248 Y349
G1 X1248 Y348
G1 X1248 Y347
G1 X1248 Y346
G1 X1249 Y345
G1 X1244 Y344
G1 X1245 Y344
G1 X1246 Y344
G1 X1247 Y344
G1 X1248 Y344
G1 X1249 Y343
G1 X1249 Y342
G1 X1249 Y341
G1 X1249 Y340
G1 X1249 Y339
G1 X1249 Y338
G1 X1249 Y337
G1 X1249 Y336
G1 X1249 Y335
G1 X1249 Y334
G1 X1249 Y333
G1 X1248 Y332
G1 X1247 Y332
G1 X1246 Y332
G1 X1245 Y332
G1 X1244 Y333
G1 X1244 Y334
G1 X1243 Y335
G1 X1243 Y336
G1 X1243 Y337
G1 X1242 Y338
G1 X1242 Y339
G1 X1242 Y340
G1 X1242 Y341
G1 X1242 Y342
G1 X1242 Y344
G1 X1242 Y343
G1 X1243 Y344
G1 X1242 Y345
G1 X1241 Y345
G1 X1240 Y346
G1 X1241 Y346
G1 X1240 Y347
G1 X1240 Y348
G1 X1240 Y349
G1 X1240 Y350
G1 X1239 Y351
G1 X1239 Y352
G1 X1239 Y353
G1 X1239 Y354
G1 X1239 Y355
G1 X1239 Y356
G1 X1239 Y357
G1 X1239 Y358
M5; lift marker up
G4 P0.08
G0 X1270 Y337
M3 S1000;put marker down
G4 P0.2
G1 X1269 Y337
G1 X1268 Y337
G1 X1267 Y337
G1 X1266 Y337
G1 X1265 Y337
G1 X1264 Y337
G1 X1263 Y338
G1 X1262 Y338
G1 X1261 Y339
G1 X1262 Y339
G1 X1261 Y340
G1 X1261 Y341
G1 X1261 Y342
G1 X1262 Y343
G1 X1263 Y343
G1 X1264 Y344
G1 X1264 Y345
G1 X1264 Y346
G1 X1263 Y347
G1 X1263 Y348
G1 X1262 Y349
G1 X1261 Y350
G1 X1262 Y350
G1 X1261 Y351
G1 X1260 Y352
G1 X1260 Y353
G1 X1260 Y354
M5; lift marker up
G4 P0.08
G0 X1307 Y332
M3 S1000;put marker down
G4 P0.2
G1 X1306 Y333
G1 X1305 Y335
G1 X1304 Y336
G1 X1303 Y337
G1 X1300 Y339
G1 X1301 Y339
G1 X1302 Y338
G1 X1302 Y337
G1 X1303 Y336
G1 X1304 Y335
G1 X1305 Y334
G1 X1305 Y333
G1 X1306 Y332
G1 X1307 Y331
G1 X1308 Y330
G1 X1308 Y329
G1 X1309 Y328
G1 X1309 Y327
G1 X1310 Y326
G1 X1310 Y325
G1 X1311 Y324
G1 X1311 Y323
G1 X1311 Y322
G1 X1311 Y321
G1 X1311 Y320
G1 X1310 Y319
G1 X1309 Y318
G1 X1308 Y318
G1 X1307 Y318
G1 X1306 Y318
G1 X1305 Y318
G1 X1304 Y319
G1 X1303 Y319
G1 X1302 Y320
G1 X1301 Y320
G1 X1300 Y321
G1 X1299 Y322
G1 X1298 Y322
G1 X1297 Y323
G1 X1298 Y323
G1 X1297 Y324
G1 X1296 Y325
G1 X1296 Y326
G1 X1296 Y327
G1 X1296 Y328
G1 X1296 Y329
G1 X1296 Y330
G1 X1296 Y331
G1 X1296 Y332
G1 X1296 Y333
G1 X1296 Y334
G1 X1296 Y335
G1 X1296 Y336
G1 X1296 Y337
G1 X1297 Y338
G1 X1297 Y339
G1 X1298 Y340
G1 X1299 Y340
G1 X1298 Y341
G1 X1298 Y342
G1 X1298 Y343
G1 X1298 Y344
G1 X1299 Y345
G1 X1307 Y341
G1 X1306 Y342
G1 X1306 Y343
G1 X1305 Y343
G1 X1304 Y344
G1 X1305 Y344
G1 X1304 Y345
G1 X1303 Y345
G1 X1301 Y346
G1 X1302 Y346
G1 X1301 Y347
G1 X1300 Y347
G1 X1299 Y346
G1 X1298 Y345
G1 X1297 Y345
G1 X1296 Y345
G1 X1295 Y346
G1 X1294 Y347
G1 X1294 Y348
G1 X1293 Y349
G1 X1293 Y350
G1 X1293 Y351
G1 X1292 Y353
G1 X1292 Y352
G1 X1293 Y353
G1 X1294 Y353
G1 X1295 Y352
G1 X1296 Y352
G1 X1297 Y351
G1 X1298 Y350
G1 X1299 Y349
G1 X1300 Y348
G1 X1301 Y349
G1 X1302 Y350
G1 X1303 Y351
G1 X1304 Y352
M5; lift marker up
G4 P0.08
G0 X1352 Y408
M3 S1000;put marker down
G4 P0.2
G1 X1353 Y408
G1 X1354 Y408
G1 X1355 Y408
G1 X1356 Y407
G1 X1357 Y407
G1 X1358 Y407
G1 X1359 Y407
G1 X1360 Y407
G1 X1361 Y408
G1 X1361 Y409
G1 X1362 Y410
G1 X1362 Y411
G1 X1363 Y412
G1 X1363 Y413
G1 X1363 Y414
G1 X1363 Y415
G1 X1363 Y416
G1 X1363 Y417
G1 X1363 Y418
G1 X1363 Y419
G1 X1363 Y420
G1 X1363 Y421
G1 X1362 Y422
G1 X1362 Y423
G1 X1362 Y424
G1 X1361 Y425
G1 X1361 Y426
G1 X1360 Y427
G1 X1360 Y428
G1 X1359 Y429
G1 X1359 Y430
G1 X1358 Y431
G1 X1357 Y432
G1 X1356 Y433
G1 X1355 Y434
G1 X1354 Y434
G1 X1353 Y434
G1 X1352 Y434
G1 X1351 Y434
G1 X1350 Y434
G1 X1349 Y433
G1 X1348 Y433
G1 X1347 Y432
G1 X1347 Y431
G1 X1347 Y430
G1 X1347 Y429
G1 X1347 Y428
G1 X1347 Y427
G1 X1348 Y426
G1 X1348 Y425
G1 X1348 Y424
G1 X1348 Y423
G1 X1349 Y422
G1 X1349 Y421
G1 X1349 Y420
G1 X1350 Y419
G1 X1350 Y418
G1 X1350 Y417
G1 X1350 Y416
G1 X1351 Y415
G1 X1351 Y414
G1 X1351 Y413
G1 X1351 Y412
G1 X1351 Y411
G1 X1351 Y410
G1 X1351 Y409
G1 X1351 Y408
G1 X1351 Y407
G1 X1351 Y406
M5; lift marker up
G4 P0.08
G0 X1441 Y467
M3 S1000;put marker down
G4 P0.2
G1 X1441 Y466
G1 X1441 Y465
M5; lift marker up
G4 P0.08
G0 X1451 Y468
M3 S1000;put marker down
G4 P0.2
G1 X1452 Y467
G1 X1452 Y466
G1 X1453 Y465
M5; lift marker up
G4 P0.08
G0 X1449 Y490
M3 S1000;put marker down
G4 P0.2
G1 X1449 Y489
G1 X1449 Y488
G1 X1449 Y487
G1 X1449 Y486
G1 X1449 Y485
G1 X1449 Y484
G1 X1450 Y483
G1 X1450 Y482
G1 X1450 Y481
G1 X1450 Y480
G1 X1450 Y479
G1 X1451 Y478
G1 X1451 Y477
G1 X1451 Y476
G1 X1451 Y475
G1 X1451 Y474
G1 X1451 Y473
G1 X1452 Y472
G1 X1452 Y471
G1 X1451 Y470
G1 X1450 Y470
G1 X1449 Y471
G1 X1448 Y471
G1 X1447 Y471
G1 X1446 Y471
G1 X1445 Y471
G1 X1444 Y471
G1 X1443 Y470
G1 X1442 Y470
G1 X1441 Y469
G1 X1440 Y469
G1 X1438 Y470
G1 X1439 Y470
G1 X1438 Y471
G1 X1438 Y472
G1 X1437 Y473
G1 X1437 Y474
G1 X1437 Y475
G1 X1437 Y476
G1 X1437 Y477
G1 X1436 Y478
G1 X1437 Y478
G1 X1436 Y479
G1 X1436 Y480
G1 X1436 Y481
G1 X1436 Y482
G1 X1435 Y483
G1 X1435 Y484
G1 X1435 Y485
G1 X1435 Y486
G1 X1434 Y487
G1 X1434 Y488
G1 X1434 Y489
G1 X1434 Y490
G1 X1434 Y491
G1 X1434 Y492
G1 X1434 Y493
G1 X1434 Y494
M5; lift marker up
G4 P0.08
G0 X1424 Y517
M3 S1000;put marker down
G4 P0.2
G1 X1423 Y518
G1 X1422 Y519
G1 X1421 Y520
G1 X1421 Y521
G1 X1420 Y522
G1 X1420 Y523
G1 X1420 Y524
G1 X1419 Y525
G1 X1419 Y526
G1 X1419 Y527
G1 X1418 Y528
G1 X1418 Y529
G1 X1418 Y530
G1 X1417 Y531
G1 X1417 Y532
G1 X1417 Y533
G1 X1416 Y534
G1 X1416 Y535
G1 X1415 Y536
G1 X1415 Y537
G1 X1414 Y538
G1 X1414 Y539
G1 X1413 Y540
G1 X1413 Y541
G1 X1412 Y542
G1 X1412 Y543
G1 X1411 Y543
G1 X1410 Y543
G1 X1409 Y544
G1 X1408 Y543
G1 X1407 Y542
G1 X1407 Y541
G1 X1407 Y540
G1 X1407 Y539
G1 X1407 Y538
G1 X1407 Y537
G1 X1407 Y536
G1 X1407 Y535
G1 X1407 Y534
G1 X1408 Y533
G1 X1408 Y532
G1 X1408 Y531
G1 X1408 Y530
G1 X1408 Y529
G1 X1408 Y528
G1 X1408 Y527
G1 X1408 Y526
G1 X1408 Y525
G1 X1408 Y524
G1 X1409 Y523
G1 X1409 Y522
G1 X1409 Y521
G1 X1410 Y520
G1 X1410 Y519
M5; lift marker up
G4 P0.08
G0 X1446 Y518
M3 S1000;put marker down
G4 P0.2
G1 X1446 Y519
M5; lift marker up
G4 P0.08
G0 X1483 Y520
M3 S1000;put marker down
G4 P0.2
G1 X1482 Y521
G1 X1482 Y522
G1 X1481 Y529
G1 X1479 Y535
G1 X1478 Y539
G1 X1475 Y546
G1 X1475 Y545
G1 X1476 Y544
G1 X1476 Y543
G1 X1476 Y542
G1 X1477 Y541
G1 X1477 Y540
G1 X1477 Y539
G1 X1478 Y538
G1 X1478 Y537
G1 X1478 Y536
G1 X1476 Y534
G1 X1477 Y534
G1 X1478 Y535
G1 X1479 Y534
G1 X1480 Y533
G1 X1480 Y532
G1 X1480 Y531
G1 X1480 Y530
G1 X1480 Y529
G1 X1481 Y528
G1 X1481 Y527
G1 X1481 Y526
G1 X1482 Y525
G1 X1482 Y524
G1 X1482 Y523
G1 X1481 Y522
G1 X1480 Y523
G1 X1479 Y523
G1 X1478 Y523
G1 X1477 Y524
G1 X1478 Y524
G1 X1477 Y525
G1 X1476 Y526
G1 X1476 Y527
G1 X1475 Y528
G1 X1475 Y529
G1 X1474 Y530
G1 X1474 Y531
G1 X1474 Y532
G1 X1474 Y533
G1 X1475 Y534
G1 X1474 Y534
G1 X1473 Y534
G1 X1471 Y534
G1 X1472 Y534
G1 X1471 Y535
G1 X1471 Y536
G1 X1470 Y537
G1 X1470 Y538
G1 X1470 Y539
G1 X1469 Y540
G1 X1469 Y541
G1 X1468 Y542
G1 X1468 Y543
G1 X1467 Y544
G1 X1467 Y545
G1 X1467 Y546
G1 X1466 Y547
M5; lift marker up
G4 P0.08
G0 X1497 Y569
M3 S1000;put marker down
G4 P0.2
G1 X1497 Y570
G1 X1496 Y571
G1 X1497 Y571
G1 X1496 Y572
G1 X1495 Y573
G1 X1495 Y574
G1 X1494 Y575
G1 X1493 Y576
G1 X1492 Y577
G1 X1491 Y578
G1 X1490 Y579
G1 X1489 Y580
G1 X1488 Y580
G1 X1487 Y580
G1 X1486 Y580
G1 X1485 Y580
G1 X1484 Y579
G1 X1484 Y578
G1 X1485 Y577
G1 X1485 Y576
G1 X1485 Y575
G1 X1485 Y574
G1 X1485 Y573
G1 X1485 Y572
G1 X1485 Y571
G1 X1486 Y570
M5; lift marker up
G4 P0.08
G0 X1510 Y538
M3 S1000;put marker down
G4 P0.2
G1 X1509 Y537
G1 X1506 Y530
G1 X1505 Y531
G1 X1505 Y532
G1 X1504 Y533
G1 X1504 Y534
G1 X1504 Y535
G1 X1504 Y536
G1 X1504 Y538
G1 X1503 Y541
G1 X1502 Y542
G1 X1496 Y543
G1 X1495 Y535
G1 X1495 Y536
G1 X1494 Y537
G1 X1493 Y538
G1 X1494 Y538
G1 X1493 Y539
G1 X1493 Y540
G1 X1493 Y541
G1 X1493 Y543
G1 X1493 Y542
G1 X1494 Y543
G1 X1495 Y543
G1 X1496 Y542
G1 X1497 Y542
G1 X1498 Y542
G1 X1499 Y542
G1 X1500 Y542
G1 X1501 Y542
G1 X1502 Y541
G1 X1503 Y540
G1 X1503 Y539
G1 X1503 Y538
G1 X1504 Y537
G1 X1505 Y538
G1 X1506 Y537
G1 X1507 Y537
G1 X1508 Y537
G1 X1509 Y538
G1 X1510 Y539
G1 X1511 Y540
G1 X1512 Y540
G1 X1513 Y540
G1 X1514 Y540
G1 X1515 Y540
G1 X1516 Y540
G1 X1517 Y540
G1 X1518 Y541
G1 X1519 Y541
M5; lift marker up
G4 P0.08
G0 X1533 Y532
M3 S1000;put marker down
G4 P0.2
G1 X1533 Y533
G1 X1532 Y534
G1 X1532 Y535
G1 X1532 Y536
G1 X1530 Y540
G1 X1529 Y542
G1 X1528 Y544
G1 X1528 Y543
G1 X1528 Y542
G1 X1529 Y541
G1 X1529 Y540
G1 X1530 Y539
G1 X1531 Y539
G1 X1532 Y538
G1 X1532 Y537
G1 X1533 Y538
G1 X1534 Y538
G1 X1535 Y538
G1 X1536 Y537
G1 X1537 Y537
G1 X1538 Y537
G1 X1539 Y537
G1 X1540 Y537
G1 X1541 Y537
G1 X1542 Y538
G1 X1542 Y539
G1 X1542 Y540
G1 X1541 Y541
G1 X1541 Y542
G1 X1541 Y543
G1 X1540 Y544
G1 X1540 Y545
G1 X1540 Y546
G1 X1539 Y547
G1 X1539 Y548
G1 X1538 Y549
M5; lift marker up
G4 P0.08
G0 X1554 Y541
M3 S1000;put marker down
G4 P0.2
G1 X1554 Y542
G1 X1554 Y543
G1 X1553 Y544
G1 X1554 Y544
G1 X1553 Y545
G1 X1553 Y546
G1 X1552 Y547
G1 X1551 Y548
G1 X1551 Y549
G1 X1550 Y550
G1 X1549 Y551
M5; lift marker up
G4 P0.08
G0 X1556 Y524
M3 S1000;put marker down
G4 P0.2
G1 X1557 Y524
M5; lift marker up
G4 P0.08
G0 X1554 Y479
M3 S1000;put marker down
G4 P0.2
G1 X1553 Y480
G1 X1552 Y481
G1 X1551 Y482
G1 X1548 Y483
G1 X1549 Y483
G1 X1550 Y482
G1 X1551 Y481
G1 X1552 Y480
G1 X1553 Y479
G1 X1554 Y478
G1 X1555 Y477
G1 X1555 Y476
M5; lift marker up
G4 P0.08
G0 X1551 Y473
M3 S1000;put marker down
G4 P0.2
G1 X1550 Y474
G1 X1549 Y474
G1 X1548 Y475
G1 X1546 Y475
G1 X1547 Y475
G1 X1546 Y476
G1 X1545 Y476
G1 X1544 Y476
G1 X1543 Y477
G1 X1543 Y478
G1 X1542 Y478
G1 X1541 Y479
G1 X1542 Y479
G1 X1541 Y480
G1 X1540 Y480
G1 X1539 Y481
G1 X1540 Y481
G1 X1539 Y482
G1 X1538 Y482
G1 X1537 Y483
G1 X1538 Y483
G1 X1537 Y484
G1 X1536 Y484
G1 X1535 Y485
G1 X1534 Y486
G1 X1533 Y487
G1 X1532 Y487
G1 X1531 Y488
G1 X1530 Y488
G1 X1529 Y488
G1 X1528 Y488
G1 X1527 Y488
G1 X1527 Y487
G1 X1527 Y486
G1 X1527 Y485
G1 X1527 Y484
G1 X1527 Y483
G1 X1527 Y482
G1 X1528 Y481
G1 X1528 Y480
G1 X1529 Y479
G1 X1529 Y478
G1 X1530 Y477
G1 X1531 Y476
G1 X1532 Y475
G1 X1533 Y474
G1 X1534 Y473
G1 X1535 Y472
G1 X1536 Y472
G1 X1537 Y472
G1 X1538 Y472
G1 X1539 Y472
G1 X1540 Y473
G1 X1541 Y474
G1 X1542 Y475
G1 X1543 Y476
G1 X1544 Y477
G1 X1545 Y478
G1 X1545 Y479
G1 X1545 Y480
G1 X1545 Y481
G1 X1545 Y483
G1 X1545 Y482
G1 X1546 Y483
G1 X1545 Y484
G1 X1544 Y484
G1 X1543 Y484
G1 X1542 Y485
G1 X1543 Y485
G1 X1542 Y486
G1 X1541 Y487
G1 X1542 Y487
G1 X1541 Y488
G1 X1541 Y489
G1 X1540 Y490
G1 X1540 Y491
G1 X1539 Y492
G1 X1539 Y493
G1 X1538 Y494
G1 X1537 Y495
G1 X1537 Y496
G1 X1536 Y497
G1 X1535 Y498
G1 X1535 Y499
G1 X1534 Y500
G1 X1533 Y501
G1 X1532 Y502
G1 X1531 Y503
G1 X1530 Y503
G1 X1529 Y503
G1 X1528 Y503
G1 X1528 Y502
G1 X1528 Y501
G1 X1528 Y500
G1 X1528 Y499
G1 X1528 Y498
M5; lift marker up
G4 P0.08
G0 X1515 Y460
M3 S1000;put marker down
G4 P0.2
G1 X1514 Y461
G1 X1514 Y462
G1 X1514 Y463
G1 X1514 Y464
G1 X1513 Y465
G1 X1514 Y465
G1 X1513 Y466
G1 X1513 Y467
G1 X1512 Y468
G1 X1512 Y469
G1 X1512 Y470
G1 X1511 Y471
G1 X1511 Y472
G1 X1511 Y473
G1 X1510 Y474
G1 X1511 Y474
G1 X1510 Y475
G1 X1510 Y476
G1 X1510 Y477
G1 X1509 Y478
G1 X1509 Y479
G1 X1509 Y480
G1 X1509 Y481
G1 X1509 Y482
G1 X1509 Y483
G1 X1509 Y484
G1 X1509 Y485
G1 X1509 Y486
G1 X1509 Y487
M5; lift marker up
G4 P0.08
G0 X1482 Y473
M3 S1000;put marker down
G4 P0.2
G1 X1482 Y474
G1 X1481 Y475
G1 X1482 Y475
G1 X1481 Y476
G1 X1481 Y477
G1 X1481 Y478
G1 X1480 Y479
G1 X1480 Y480
G1 X1480 Y481
G1 X1479 Y481
G1 X1476 Y482
G1 X1472 Y485
G1 X1470 Y480
G1 X1469 Y479
G1 X1463 Y479
G1 X1461 Y481
G1 X1461 Y480
G1 X1462 Y479
G1 X1463 Y478
G1 X1464 Y478
G1 X1465 Y478
G1 X1466 Y478
G1 X1467 Y479
G1 X1468 Y479
G1 X1469 Y480
G1 X1470 Y481
G1 X1471 Y482
G1 X1471 Y483
G1 X1472 Y484
G1 X1473 Y483
G1 X1474 Y483
G1 X1475 Y482
G1 X1476 Y481
G1 X1477 Y481
G1 X1478 Y481
G1 X1479 Y482
G1 X1479 Y483
G1 X1479 Y484
G1 X1479 Y485
G1 X1479 Y486
G1 X1479 Y487
G1 X1479 Y489
G1 X1479 Y488
G1 X1480 Y489
G1 X1481 Y489
G1 X1482 Y489
G1 X1483 Y489
G1 X1484 Y488
G1 X1485 Y487
G1 X1485 Y486
G1 X1486 Y485
G1 X1487 Y484
G1 X1487 Y483
G1 X1488 Y482
G1 X1489 Y481
G1 X1490 Y480
G1 X1491 Y480
G1 X1492 Y479
G1 X1493 Y479
G1 X1494 Y479
G1 X1495 Y480
G1 X1496 Y480
G1 X1497 Y481
G1 X1497 Y482
G1 X1498 Y483
G1 X1498 Y484
G1 X1498 Y485
G1 X1498 Y486
G1 X1498 Y487
G1 X1499 Y488
G1 X1499 Y489
G1 X1499 Y490
M5; lift marker up
G4 P0.08
G0 X1494 Y520
M3 S1000;put marker down
G4 P0.2
G1 X1493 Y521
G1 X1492 Y522
G1 X1491 Y523
G1 X1491 Y524
G1 X1491 Y525
G1 X1490 Y526
G1 X1490 Y527
G1 X1490 Y528
G1 X1490 Y529
G1 X1489 Y530
G1 X1489 Y531
G1 X1489 Y532
G1 X1488 Y533
G1 X1488 Y534
G1 X1488 Y535
G1 X1488 Y536
G1 X1487 Y537
G1 X1487 Y538
G1 X1487 Y539
G1 X1487 Y540
G1 X1487 Y541
M5; lift marker up
G4 P0.08
G0 X1543 Y609
M3 S1000;put marker down
G4 P0.2
G1 X1542 Y610
G1 X1537 Y613
G1 X1538 Y613
G1 X1539 Y612
G1 X1540 Y612
G1 X1541 Y611
G1 X1541 Y610
G1 X1542 Y609
G1 X1543 Y608
G1 X1544 Y607
G1 X1545 Y606
G1 X1545 Y605
G1 X1546 Y604
G1 X1546 Y603
G1 X1546 Y602
G1 X1547 Y601
G1 X1547 Y600
G1 X1546 Y599
G1 X1545 Y598
G1 X1544 Y598
G1 X1543 Y598
G1 X1542 Y598
G1 X1541 Y599
G1 X1540 Y600
G1 X1540 Y601
G1 X1539 Y601
G1 X1538 Y602
G1 X1539 Y602
G1 X1538 Y603
G1 X1537 Y604
G1 X1538 Y604
G1 X1537 Y605
G1 X1536 Y606
G1 X1537 Y606
G1 X1536 Y607
G1 X1536 Y608
G1 X1535 Y609
G1 X1535 Y610
G1 X1535 Y611
G1 X1535 Y613
G1 X1535 Y612
G1 X1536 Y613
G1 X1535 Y614
G1 X1535 Y615
G1 X1535 Y616
G1 X1535 Y617
G1 X1535 Y618
G1 X1534 Y619
G1 X1531 Y622
G1 X1530 Y623
G1 X1529 Y624
G1 X1537 Y628
G1 X1535 Y628
G1 X1536 Y628
G1 X1535 Y629
G1 X1534 Y629
G1 X1533 Y629
G1 X1532 Y630
G1 X1531 Y630
G1 X1530 Y630
G1 X1529 Y630
G1 X1528 Y630
G1 X1527 Y630
G1 X1526 Y629
G1 X1527 Y628
G1 X1527 Y627
G1 X1527 Y626
G1 X1528 Y625
G1 X1528 Y624
G1 X1529 Y623
G1 X1530 Y622
G1 X1531 Y621
G1 X1532 Y621
G1 X1533 Y621
G1 X1534 Y620
G1 X1535 Y621
G1 X1535 Y622
G1 X1535 Y623
G1 X1536 Y624
G1 X1536 Y625
G1 X1536 Y626
G1 X1537 Y627
G1 X1538 Y627
G1 X1539 Y627
G1 X1540 Y627
G1 X1541 Y626
G1 X1542 Y625
G1 X1543 Y624
G1 X1544 Y623
G1 X1545 Y622
G1 X1545 Y621
G1 X1546 Y620
G1 X1546 Y619
M5; lift marker up
G4 P0.08
G0 X1568 Y615
M3 S1000;put marker down
G4 P0.2
G1 X1569 Y615
G1 X1570 Y615
M5; lift marker up
G4 P0.08
G0 X1574 Y605
M3 S1000;put marker down
G4 P0.2
G1 X1573 Y605
G1 X1572 Y605
G1 X1571 Y605
G1 X1570 Y605
G1 X1569 Y598
G1 X1569 Y599
G1 X1568 Y600
G1 X1568 Y601
G1 X1568 Y602
G1 X1568 Y603
G1 X1568 Y604
G1 X1569 Y605
G1 X1568 Y605
G1 X1567 Y605
G1 X1566 Y606
G1 X1566 Y607
G1 X1566 Y608
G1 X1565 Y609
G1 X1565 Y610
G1 X1565 Y611
G1 X1565 Y612
G1 X1565 Y613
G1 X1566 Y614
G1 X1565 Y614
G1 X1564 Y615
G1 X1565 Y615
G1 X1564 Y616
G1 X1564 Y617
G1 X1563 Y618
G1 X1563 Y619
G1 X1563 Y620
G1 X1563 Y621
G1 X1562 Y622
M5; lift marker up
G4 P0.08
G0 X1569 Y627
M3 S1000;put marker down
G4 P0.2
G1 X1568 Y628
G1 X1567 Y628
G1 X1566 Y629
G1 X1565 Y629
G1 X1564 Y629
G1 X1563 Y629
G1 X1562 Y629
G1 X1561 Y629
M5; lift marker up
G4 P0.08
G0 X1599 Y629
M3 S1000;put marker down
G4 P0.2
G1 X1600 Y629
G1 X1601 Y630
G1 X1602 Y630
G1 X1603 Y630
G1 X1604 Y630
G1 X1605 Y630
G1 X1606 Y630
G1 X1607 Y630
G1 X1608 Y630
G1 X1609 Y630
G1 X1610 Y630
M5; lift marker up
G4 P0.08
G0 X1600 Y618
M3 S1000;put marker down
G4 P0.2
G1 X1597 Y617
G1 X1598 Y617
G1 X1599 Y617
G1 X1600 Y617
G1 X1601 Y618
G1 X1602 Y618
M5; lift marker up
G4 P0.08
G0 X1600 Y604
M3 S1000;put marker down
G4 P0.2
G1 X1599 Y605
G1 X1606 Y607
G1 X1605 Y607
G1 X1604 Y607
G1 X1603 Y607
G1 X1602 Y607
G1 X1601 Y607
G1 X1600 Y607
G1 X1599 Y606
G1 X1598 Y606
G1 X1597 Y607
G1 X1596 Y608
G1 X1595 Y609
G1 X1595 Y610
G1 X1595 Y611
G1 X1595 Y612
G1 X1595 Y613
G1 X1595 Y614
G1 X1594 Y616
G1 X1594 Y615
G1 X1595 Y616
G1 X1594 Y617
G1 X1593 Y618
G1 X1593 Y619
G1 X1593 Y620
G1 X1592 Y621
G1 X1592 Y622
G1 X1592 Y623
G1 X1592 Y624
G1 X1592 Y625
M5; lift marker up
G4 P0.08
G0 X1589 Y603
M3 S1000;put marker down
G4 P0.2
G1 X1588 Y603
G1 X1587 Y604
G1 X1586 Y604
G1 X1585 Y605
G1 X1584 Y606
G1 X1583 Y607
G1 X1582 Y608
G1 X1583 Y608
G1 X1582 Y609
G1 X1581 Y610
G1 X1580 Y611
G1 X1580 Y612
G1 X1579 Y613
G1 X1579 Y614
G1 X1578 Y615
G1 X1578 Y616
G1 X1577 Y617
G1 X1577 Y618
G1 X1576 Y619
G1 X1576 Y620
G1 X1576 Y621
G1 X1576 Y622
G1 X1576 Y623
G1 X1575 Y624
G1 X1575 Y625
G1 X1576 Y626
G1 X1576 Y627
G1 X1576 Y628
G1 X1577 Y629
G1 X1578 Y630
G1 X1579 Y630
G1 X1580 Y630
G1 X1581 Y630
G1 X1582 Y630
G1 X1583 Y629
M5; lift marker up
G4 P0.08
G0 X1570 Y720
M3 S1000;put marker down
G4 P0.2
G1 X1569 Y721
G1 X1569 Y722
G1 X1568 Y723
G1 X1567 Y724
G1 X1566 Y725
G1 X1565 Y725
G1 X1563 Y723
G1 X1563 Y724
G1 X1564 Y725
G1 X1563 Y725
G1 X1564 Y726
G1 X1563 Y727
G1 X1563 Y728
G1 X1562 Y729
G1 X1562 Y730
G1 X1553 Y731
G1 X1554 Y731
G1 X1555 Y731
G1 X1556 Y731
G1 X1557 Y731
G1 X1558 Y730
G1 X1559 Y730
G1 X1560 Y730
G1 X1561 Y730
G1 X1562 Y731
G1 X1562 Y732
G1 X1562 Y733
G1 X1562 Y734
G1 X1561 Y735
G1 X1562 Y735
G1 X1561 Y736
G1 X1561 Y737
G1 X1561 Y739
G1 X1561 Y738
G1 X1562 Y739
G1 X1563 Y739
G1 X1564 Y739
G1 X1565 Y739
G1 X1566 Y739
G1 X1567 Y739
G1 X1568 Y739
G1 X1569 Y739
G1 X1570 Y739
G1 X1571 Y740
G1 X1572 Y741
G1 X1572 Y742
G1 X1572 Y743
G1 X1572 Y744
G1 X1571 Y745
G1 X1571 Y746
G1 X1571 Y747
G1 X1570 Y748
G1 X1570 Y749
G1 X1569 Y750
G1 X1570 Y750
G1 X1569 Y751
G1 X1569 Y752
G1 X1568 Y753
G1 X1569 Y753
G1 X1568 Y754
G1 X1568 Y755
M5; lift marker up
G4 P0.08
G0 X1558 Y736
M3 S1000;put marker down
G4 P0.2
G1 X1557 Y737
G1 X1556 Y738
G1 X1556 Y739
G1 X1555 Y740
G1 X1555 Y741
G1 X1554 Y742
G1 X1554 Y743
G1 X1553 Y744
G1 X1553 Y745
G1 X1552 Y746
G1 X1552 Y747
G1 X1551 Y748
G1 X1551 Y749
G1 X1550 Y750
G1 X1550 Y751
G1 X1549 Y752
G1 X1548 Y753
G1 X1547 Y753
G1 X1546 Y753
G1 X1545 Y753
G1 X1544 Y753
G1 X1543 Y752
G1 X1543 Y751
G1 X1542 Y750
G1 X1541 Y749
G1 X1540 Y748
G1 X1539 Y748
G1 X1538 Y747
G1 X1537 Y747
G1 X1536 Y747
G1 X1535 Y747
G1 X1534 Y746
G1 X1535 Y745
G1 X1535 Y744
G1 X1535 Y743
G1 X1536 Y742
G1 X1537 Y741
G1 X1538 Y741
M5; lift marker up
G4 P0.08
G0 X1523 Y720
M3 S1000;put marker down
G4 P0.2
G1 X1523 Y721
G1 X1523 Y722
G1 X1522 Y723
G1 X1522 Y724
G1 X1522 Y725
G1 X1522 Y726
G1 X1521 Y727
G1 X1522 Y727
G1 X1521 Y728
G1 X1521 Y729
G1 X1520 Y730
G1 X1520 Y731
G1 X1519 Y732
G1 X1519 Y733
G1 X1518 Y734
G1 X1518 Y735
G1 X1517 Y736
G1 X1517 Y737
G1 X1516 Y737
G1 X1512 Y739
G1 X1506 Y740
G1 X1507 Y740
G1 X1508 Y740
G1 X1509 Y740
G1 X1510 Y740
G1 X1511 Y739
G1 X1512 Y738
G1 X1513 Y738
G1 X1514 Y738
G1 X1515 Y737
G1 X1516 Y738
G1 X1516 Y739
G1 X1515 Y740
G1 X1515 Y741
G1 X1515 Y742
G1 X1515 Y743
G1 X1514 Y744
G1 X1514 Y745
G1 X1514 Y746
M5; lift marker up
G4 P0.08
G0 X1509 Y715
M3 S1000;put marker down
G4 P0.2
G1 X1509 Y716
G1 X1508 Y717
G1 X1509 Y717
G1 X1508 Y718
G1 X1508 Y719
G1 X1508 Y720
G1 X1507 Y721
G1 X1508 Y721
G1 X1507 Y722
G1 X1507 Y723
G1 X1507 Y724
G1 X1507 Y725
G1 X1506 Y726
G1 X1506 Y727
G1 X1506 Y728
G1 X1505 Y729
G1 X1506 Y729
G1 X1505 Y730
G1 X1505 Y731
G1 X1505 Y732
G1 X1504 Y733
G1 X1504 Y734
G1 X1504 Y735
G1 X1504 Y736
G1 X1504 Y737
G1 X1503 Y738
G1 X1503 Y739
G1 X1504 Y740
G1 X1503 Y740
G1 X1502 Y741
G1 X1502 Y742
G1 X1502 Y743
G1 X1501 Y744
G1 X1501 Y745
G1 X1501 Y746
G1 X1501 Y747
G1 X1500 Y748
G1 X1500 Y749
G1 X1500 Y750
G1 X1500 Y751
M5; lift marker up
G4 P0.08
G0 X1476 Y711
M3 S1000;put marker down
G4 P0.2
G1 X1476 Y712
G1 X1476 Y713
G1 X1475 Y714
G1 X1475 Y715
G1 X1475 Y716
G1 X1475 Y717
G1 X1474 Y718
G1 X1475 Y718
G1 X1474 Y719
G1 X1474 Y720
G1 X1474 Y721
G1 X1473 Y722
G1 X1474 Y722
G1 X1473 Y723
G1 X1473 Y724
G1 X1473 Y725
G1 X1472 Y726
G1 X1473 Y726
G1 X1472 Y727
G1 X1472 Y728
G1 X1471 Y729
G1 X1472 Y729
G1 X1471 Y730
G1 X1471 Y731
G1 X1471 Y732
G1 X1470 Y733
G1 X1470 Y734
G1 X1470 Y735
G1 X1469 Y736
G1 X1469 Y737
G1 X1469 Y738
G1 X1469 Y739
G1 X1468 Y740
G1 X1468 Y741
G1 X1468 Y742
G1 X1467 Y743
G1 X1467 Y744
G1 X1467 Y745
G1 X1466 Y746
G1 X1466 Y747
G1 X1466 Y748
G1 X1465 Y749
G1 X1466 Y749
G1 X1465 Y750
G1 X1465 Y751
M5; lift marker up
G4 P0.08
G0 X1454 Y729
M3 S1000;put marker down
G4 P0.2
G1 X1455 Y730
G1 X1454 Y731
G1 X1454 Y732
G1 X1454 Y733
G1 X1454 Y734
G1 X1454 Y735
G1 X1454 Y736
G1 X1454 Y737
G1 X1454 Y738
G1 X1454 Y739
G1 X1453 Y740
G1 X1454 Y740
G1 X1453 Y741
G1 X1453 Y742
G1 X1453 Y743
G1 X1452 Y744
M5; lift marker up
G4 P0.08
G0 X1435 Y734
M3 S1000;put marker down
G4 P0.2
G1 X1435 Y735
G1 X1434 Y736
M5; lift marker up
G4 P0.08
G0 X1432 Y723
M3 S1000;put marker down
G4 P0.2
G1 X1431 Y723
G1 X1430 Y723
G1 X1429 Y723
G1 X1428 Y723
G1 X1427 Y723
G1 X1426 Y723
G1 X1425 Y724
G1 X1425 Y725
G1 X1425 Y726
G1 X1425 Y727
G1 X1426 Y728
G1 X1425 Y728
G1 X1426 Y729
G1 X1427 Y730
G1 X1427 Y731
G1 X1427 Y732
G1 X1427 Y733
G1 X1427 Y734
G1 X1427 Y735
G1 X1426 Y736
G1 X1426 Y737
G1 X1425 Y738
G1 X1426 Y738
G1 X1425 Y739
G1 X1424 Y740
M5; lift marker up
G4 P0.08
G0 X1418 Y731
M3 S1000;put marker down
G4 P0.2
G1 X1414 Y737
G1 X1415 Y736
G1 X1415 Y735
G1 X1416 Y734
G1 X1416 Y733
G1 X1417 Y732
G1 X1417 Y731
G1 X1418 Y730
G1 X1418 Y729
M5; lift marker up
G4 P0.08
G0 X1405 Y708
M3 S1000;put marker down
G4 P0.2
G1 X1405 Y709
G1 X1404 Y710
G1 X1405 Y710
G1 X1404 Y711
G1 X1404 Y712
G1 X1403 Y713
G1 X1404 Y713
G1 X1403 Y714
G1 X1403 Y715
G1 X1403 Y716
G1 X1402 Y717
G1 X1402 Y718
G1 X1402 Y719
G1 X1401 Y720
G1 X1401 Y721
G1 X1401 Y722
G1 X1400 Y723
G1 X1400 Y724
G1 X1400 Y725
G1 X1400 Y726
G1 X1399 Y730
G1 X1400 Y729
G1 X1400 Y728
G1 X1400 Y727
G1 X1401 Y728
G1 X1402 Y728
G1 X1403 Y728
G1 X1404 Y728
G1 X1405 Y728
G1 X1406 Y728
G1 X1407 Y728
G1 X1408 Y729
G1 X1407 Y730
G1 X1407 Y731
G1 X1407 Y732
G1 X1407 Y733
G1 X1407 Y734
G1 X1407 Y735
G1 X1407 Y736
G1 X1408 Y737
G1 X1409 Y738
G1 X1410 Y738
G1 X1411 Y738
G1 X1412 Y738
G1 X1413 Y739
G1 X1413 Y740
G1 X1413 Y741
G1 X1413 Y742
G1 X1412 Y743
G1 X1412 Y744
G1 X1411 Y745
G1 X1412 Y745
G1 X1411 Y746
G1 X1410 Y747
G1 X1411 Y747
G1 X1410 Y748
G1 X1409 Y749
G1 X1408 Y749
M5; lift marker up
G4 P0.08
G0 X1392 Y725
M3 S1000;put marker down
G4 P0.2
G1 X1391 Y724
G1 X1385 Y725
G1 X1382 Y731
G1 X1382 Y730
G1 X1382 Y729
G1 X1383 Y728
G1 X1384 Y727
G1 X1384 Y726
G1 X1384 Y725
G1 X1385 Y724
G1 X1386 Y724
G1 X1387 Y724
G1 X1388 Y724
G1 X1389 Y724
G1 X1390 Y724
G1 X1391 Y725
G1 X1392 Y726
G1 X1393 Y727
G1 X1393 Y728
G1 X1393 Y729
G1 X1393 Y730
G1 X1393 Y731
G1 X1393 Y732
G1 X1393 Y733
G1 X1393 Y734
G1 X1393 Y735
G1 X1392 Y736
G1 X1392 Y737
G1 X1392 Y738
G1 X1391 Y739
G1 X1391 Y740
G1 X1390 Y741
G1 X1390 Y742
G1 X1389 Y743
G1 X1389 Y744
G1 X1388 Y744
G1 X1387 Y745
G1 X1386 Y745
G1 X1385 Y745
G1 X1384 Y745
G1 X1383 Y745
G1 X1382 Y746
G1 X1380 Y754
G1 X1378 Y754
G1 X1379 Y754
G1 X1380 Y753
G1 X1380 Y752
G1 X1380 Y751
G1 X1381 Y750
G1 X1381 Y749
G1 X1381 Y748
G1 X1381 Y747
G1 X1381 Y746
G1 X1382 Y745
G1 X1383 Y744
G1 X1383 Y743
G1 X1383 Y742
G1 X1383 Y741
G1 X1383 Y740
G1 X1383 Y739
G1 X1383 Y738
G1 X1383 Y737
G1 X1383 Y736
G1 X1383 Y735
G1 X1383 Y734
G1 X1383 Y733
G1 X1382 Y732
G1 X1381 Y732
G1 X1379 Y733
G1 X1380 Y733
G1 X1379 Y734
G1 X1378 Y735
G1 X1378 Y736
G1 X1378 Y737
G1 X1377 Y738
G1 X1378 Y738
G1 X1377 Y739
G1 X1377 Y740
G1 X1377 Y741
G1 X1377 Y742
G1 X1377 Y743
G1 X1377 Y744
G1 X1376 Y745
G1 X1376 Y746
G1 X1376 Y747
G1 X1376 Y748
G1 X1376 Y749
G1 X1376 Y750
G1 X1376 Y751
G1 X1376 Y752
G1 X1376 Y753
G1 X1377 Y754
G1 X1378 Y755
G1 X1378 Y756
G1 X1378 Y757
G1 X1377 Y758
M5; lift marker up
G4 P0.08
G0 X1393 Y774
M3 S1000;put marker down
G4 P0.2
G1 X1392 Y775
G1 X1391 Y776
G1 X1390 Y777
G1 X1391 Y777
G1 X1390 Y778
G1 X1389 Y779
G1 X1389 Y780
G1 X1388 Y781
G1 X1388 Y782
G1 X1388 Y783
G1 X1387 Y784
G1 X1387 Y785
G1 X1386 Y786
G1 X1387 Y786
G1 X1386 Y787
G1 X1386 Y788
G1 X1385 Y789
G1 X1385 Y790
G1 X1385 Y791
G1 X1384 Y792
G1 X1384 Y793
G1 X1384 Y794
G1 X1384 Y795
G1 X1383 Y796
G1 X1383 Y797
G1 X1383 Y798
G1 X1383 Y799
G1 X1383 Y800
G1 X1382 Y801
G1 X1382 Y802
G1 X1382 Y803
G1 X1382 Y804
G1 X1381 Y805
G1 X1381 Y806
G1 X1381 Y807
G1 X1381 Y808
G1 X1381 Y809
G1 X1381 Y810
G1 X1381 Y811
G1 X1380 Y812
M5; lift marker up
G4 P0.08
G0 X1411 Y818
M3 S1000;put marker down
G4 P0.2
G1 X1411 Y819
G1 X1410 Y820
G1 X1411 Y820
G1 X1410 Y821
G1 X1410 Y822
M5; lift marker up
G4 P0.08
G0 X1416 Y786
M3 S1000;put marker down
G4 P0.2
G1 X1416 Y787
G1 X1415 Y788
G1 X1415 Y789
G1 X1414 Y790
G1 X1414 Y791
G1 X1414 Y792
G1 X1413 Y793
G1 X1414 Y793
G1 X1413 Y794
G1 X1413 Y795
G1 X1413 Y796
G1 X1412 Y797
G1 X1412 Y798
G1 X1412 Y799
G1 X1412 Y800
G1 X1412 Y801
M5; lift marker up
G4 P0.08
G0 X1401 Y779
M3 S1000;put marker down
G4 P0.2
G1 X1401 Y780
G1 X1401 Y781
G1 X1400 Y782
G1 X1400 Y783
G1 X1400 Y784
G1 X1400 Y785
G1 X1399 Y786
G1 X1399 Y787
G1 X1399 Y788
G1 X1399 Y789
G1 X1399 Y790
G1 X1399 Y791
G1 X1398 Y792
G1 X1398 Y793
G1 X1398 Y794
G1 X1398 Y795
G1 X1398 Y796
G1 X1397 Y797
G1 X1397 Y798
G1 X1397 Y799
G1 X1397 Y800
G1 X1396 Y801
G1 X1396 Y802
G1 X1396 Y803
G1 X1396 Y804
G1 X1395 Y805
G1 X1395 Y806
G1 X1395 Y807
G1 X1395 Y808
G1 X1395 Y809
G1 X1394 Y810
G1 X1394 Y811
G1 X1394 Y812
G1 X1394 Y813
M5; lift marker up
G4 P0.08
G0 X1342 Y788
M3 S1000;put marker down
G4 P0.2
G1 X1342 Y789
G1 X1342 Y790
G1 X1343 Y791
G1 X1343 Y792
G1 X1343 Y793
G1 X1343 Y794
G1 X1343 Y795
G1 X1343 Y796
G1 X1344 Y797
G1 X1344 Y798
G1 X1344 Y799
G1 X1345 Y800
G1 X1346 Y801
G1 X1347 Y801
G1 X1348 Y801
G1 X1349 Y802
G1 X1350 Y803
G1 X1351 Y804
G1 X1352 Y805
G1 X1353 Y805
G1 X1354 Y805
G1 X1355 Y805
G1 X1356 Y804
G1 X1357 Y804
G1 X1358 Y803
G1 X1359 Y802
G1 X1360 Y801
G1 X1361 Y800
G1 X1362 Y800
G1 X1363 Y800
G1 X1364 Y801
G1 X1365 Y801
G1 X1366 Y801
G1 X1367 Y802
G1 X1368 Y802
G1 X1369 Y801
G1 X1370 Y802
G1 X1371 Y803
G1 X1371 Y804
G1 X1371 Y805
G1 X1372 Y806
G1 X1373 Y806
G1 X1374 Y806
G1 X1375 Y805
G1 X1376 Y805
M5; lift marker up
G4 P0.08
G0 X1318 Y783
M3 S1000;put marker down
G4 P0.2
G1 X1317 Y783
G1 X1316 Y784
G1 X1314 Y784
G1 X1315 Y784
G1 X1314 Y785
G1 X1313 Y785
G1 X1312 Y786
G1 X1311 Y786
G1 X1309 Y787
G1 X1310 Y787
G1 X1309 Y788
G1 X1308 Y789
G1 X1309 Y790
G1 X1310 Y791
G1 X1311 Y792
G1 X1312 Y793
G1 X1313 Y793
G1 X1314 Y794
G1 X1315 Y795
G1 X1314 Y795
G1 X1315 Y796
G1 X1315 Y797
G1 X1315 Y798
G1 X1315 Y799
G1 X1315 Y800
G1 X1315 Y801
G1 X1315 Y802
G1 X1314 Y803
G1 X1314 Y804
G1 X1313 Y805
G1 X1312 Y806
G1 X1313 Y806
G1 X1312 Y807
G1 X1311 Y808
M5; lift marker up
G4 P0.08
G0 X1296 Y788
M3 S1000;put marker down
G4 P0.2
G1 X1295 Y789
G1 X1294 Y789
G1 X1293 Y789
G1 X1292 Y790
G1 X1291 Y790
G1 X1290 Y791
G1 X1289 Y792
G1 X1288 Y793
G1 X1287 Y794
G1 X1287 Y795
G1 X1286 Y796
G1 X1286 Y797
G1 X1285 Y798
G1 X1285 Y799
G1 X1285 Y800
G1 X1284 Y801
G1 X1284 Y802
G1 X1284 Y803
G1 X1284 Y804
G1 X1284 Y805
G1 X1284 Y806
G1 X1285 Y807
G1 X1286 Y807
G1 X1287 Y807
G1 X1288 Y806
G1 X1289 Y806
G1 X1290 Y805
G1 X1291 Y804
G1 X1292 Y803
G1 X1293 Y802
G1 X1294 Y801
G1 X1295 Y801
G1 X1296 Y800
G1 X1297 Y799
G1 X1298 Y798
G1 X1299 Y798
G1 X1300 Y797
G1 X1301 Y796
G1 X1302 Y795
G1 X1302 Y794
M5; lift marker up
G4 P0.08
G0 X1289 Y738
M3 S1000;put marker down
G4 P0.2
G1 X1288 Y741
G1 X1288 Y740
G1 X1288 Y739
G1 X1288 Y738
G1 X1289 Y737
G1 X1289 Y736
G1 X1289 Y735
G1 X1289 Y734
G1 X1289 Y733
G1 X1289 Y732
G1 X1289 Y731
G1 X1289 Y730
G1 X1289 Y729
G1 X1289 Y728
G1 X1288 Y727
G1 X1287 Y726
G1 X1286 Y726
G1 X1285 Y726
G1 X1284 Y726
G1 X1283 Y726
G1 X1282 Y726
G1 X1281 Y727
G1 X1280 Y727
G1 X1279 Y728
G1 X1278 Y728
G1 X1277 Y729
G1 X1278 Y729
G1 X1277 Y730
G1 X1276 Y730
G1 X1275 Y731
G1 X1277 Y722
G1 X1276 Y722
G1 X1275 Y723
G1 X1275 Y724
G1 X1274 Y725
G1 X1275 Y725
G1 X1274 Y726
G1 X1273 Y727
G1 X1273 Y728
G1 X1273 Y729
G1 X1273 Y730
G1 X1274 Y731
G1 X1273 Y731
G1 X1272 Y732
G1 X1273 Y732
G1 X1272 Y733
G1 X1272 Y734
G1 X1271 Y735
G1 X1271 Y736
G1 X1271 Y737
G1 X1270 Y738
G1 X1270 Y739
G1 X1269 Y740
G1 X1270 Y740
G1 X1269 Y741
G1 X1269 Y742
G1 X1269 Y743
G1 X1268 Y744
G1 X1268 Y745
G1 X1268 Y746
G1 X1267 Y747
G1 X1268 Y747
G1 X1267 Y748
G1 X1267 Y749
M5; lift marker up
G4 P0.08
G0 X1236 Y723
M3 S1000;put marker down
G4 P0.2
G1 X1235 Y724
G1 X1234 Y724
G1 X1233 Y724
G1 X1232 Y725
G1 X1232 Y726
G1 X1231 Y727
G1 X1232 Y728
G1 X1232 Y729
G1 X1232 Y730
G1 X1233 Y731
G1 X1234 Y732
G1 X1235 Y733
G1 X1235 Y734
G1 X1235 Y735
G1 X1235 Y736
G1 X1235 Y737
G1 X1235 Y738
G1 X1234 Y739
G1 X1235 Y739
G1 X1234 Y740
G1 X1233 Y741
G1 X1233 Y742
G1 X1232 Y743
G1 X1231 Y744
G1 X1230 Y745
G1 X1229 Y745
M5; lift marker up
G4 P0.08
G0 X1212 Y736
M3 S1000;put marker down
G4 P0.2
G1 X1212 Y735
G1 X1212 Y734
G1 X1215 Y725
G1 X1213 Y725
G1 X1214 Y725
G1 X1213 Y726
G1 X1212 Y726
G1 X1211 Y727
G1 X1211 Y728
G1 X1211 Y729
G1 X1210 Y730
G1 X1210 Y731
G1 X1210 Y732
G1 X1211 Y733
G1 X1210 Y733
G1 X1209 Y733
G1 X1208 Y734
G1 X1209 Y734
G1 X1208 Y735
G1 X1208 Y736
G1 X1208 Y738
G1 X1208 Y737
G1 X1209 Y738
G1 X1210 Y738
G1 X1211 Y738
G1 X1212 Y737
G1 X1213 Y738
G1 X1214 Y738
G1 X1215 Y739
G1 X1216 Y739
G1 X1217 Y739
G1 X1218 Y738
G1 X1219 Y738
G1 X1220 Y737
G1 X1221 Y736
G1 X1222 Y735
G1 X1222 Y734
G1 X1223 Y733
G1 X1224 Y732
G1 X1224 Y731
M5; lift marker up
G4 P0.08
G0 X1200 Y728
M3 S1000;put marker down
G4 P0.2
G1 X1199 Y728
G1 X1198 Y729
G1 X1197 Y730
G1 X1197 Y731
G1 X1196 Y732
G1 X1196 Y733
G1 X1195 Y734
G1 X1196 Y734
G1 X1195 Y735
G1 X1195 Y736
G1 X1194 Y737
G1 X1195 Y737
G1 X1194 Y738
G1 X1193 Y739
G1 X1193 Y740
M5; lift marker up
G4 P0.08
G0 X1177 Y725
M3 S1000;put marker down
G4 P0.2
G1 X1178 Y725
G1 X1179 Y725
G1 X1180 Y725
G1 X1181 Y724
G1 X1182 Y724
G1 X1183 Y724
G1 X1184 Y723
G1 X1185 Y723
G1 X1186 Y723
G1 X1187 Y722
G1 X1188 Y722
G1 X1189 Y722
G1 X1190 Y722
M5; lift marker up
G4 P0.08
G0 X1193 Y707
M3 S1000;put marker down
G4 P0.2
G1 X1192 Y707
G1 X1190 Y707
G1 X1191 Y707
G1 X1190 Y708
G1 X1189 Y708
G1 X1187 Y708
G1 X1188 Y708
G1 X1187 Y709
G1 X1186 Y709
G1 X1185 Y709
G1 X1184 Y710
G1 X1183 Y710
G1 X1182 Y710
G1 X1181 Y711
G1 X1180 Y711
G1 X1179 Y711
G1 X1178 Y711
G1 X1177 Y712
G1 X1176 Y712
G1 X1174 Y709
G1 X1174 Y710
G1 X1174 Y712
G1 X1174 Y711
G1 X1175 Y712
G1 X1174 Y713
G1 X1174 Y714
G1 X1174 Y715
G1 X1174 Y716
G1 X1175 Y717
G1 X1175 Y718
G1 X1174 Y719
G1 X1174 Y720
G1 X1174 Y721
G1 X1174 Y722
G1 X1174 Y723
G1 X1174 Y725
G1 X1174 Y724
G1 X1175 Y725
G1 X1174 Y726
G1 X1174 Y727
G1 X1173 Y728
G1 X1173 Y729
G1 X1173 Y730
G1 X1173 Y731
G1 X1173 Y732
G1 X1173 Y733
G1 X1173 Y734
G1 X1173 Y735
G1 X1173 Y736
G1 X1173 Y737
G1 X1172 Y738
G1 X1172 Y739
G1 X1172 Y740
G1 X1172 Y741
G1 X1172 Y742
G1 X1172 Y743
G1 X1172 Y744
G1 X1172 Y745
G1 X1172 Y746
G1 X1172 Y747
G1 X1172 Y748
G1 X1172 Y749
G1 X1172 Y750
G1 X1171 Y751
G1 X1171 Y752
M5; lift marker up
G4 P0.08
G0 X1311 Y725
M3 S1000;put marker down
G4 P0.2
G1 X1310 Y726
G1 X1309 Y727
G1 X1309 Y728
G1 X1308 Y729
G1 X1309 Y729
G1 X1308 Y730
G1 X1308 Y731
G1 X1308 Y732
G1 X1308 Y733
G1 X1308 Y734
G1 X1308 Y735
G1 X1307 Y736
G1 X1307 Y737
G1 X1307 Y738
G1 X1308 Y739
G1 X1308 Y741
G1 X1308 Y740
G1 X1309 Y741
G1 X1310 Y741
G1 X1311 Y741
G1 X1312 Y741
G1 X1313 Y740
G1 X1314 Y739
G1 X1315 Y739
G1 X1316 Y739
G1 X1317 Y738
G1 X1318 Y739
G1 X1318 Y740
G1 X1318 Y741
G1 X1318 Y742
G1 X1317 Y743
G1 X1317 Y744
G1 X1316 Y745
G1 X1317 Y745
G1 X1316 Y746
G1 X1315 Y747
G1 X1315 Y748
G1 X1314 Y749
G1 X1314 Y750
G1 X1313 Y751
G1 X1313 Y752
G1 X1312 Y753
G1 X1311 Y754
G1 X1311 Y755
M5; lift marker up
G4 P0.08
G0 X1332 Y730
M3 S1000;put marker down
G4 P0.2
G1 X1330 Y732
G1 X1329 Y733
G1 X1328 Y734
G1 X1326 Y737
G1 X1320 Y738
G1 X1321 Y738
G1 X1322 Y738
G1 X1323 Y738
G1 X1324 Y737
G1 X1325 Y737
G1 X1326 Y736
G1 X1327 Y735
G1 X1327 Y734
G1 X1328 Y733
G1 X1329 Y732
G1 X1330 Y731
G1 X1331 Y730
G1 X1332 Y729
G1 X1333 Y729
G1 X1334 Y728
G1 X1335 Y727
M5; lift marker up
G4 P0.08
G0 X1341 Y727
M3 S1000;put marker down
G4 P0.2
G1 X1341 Y728
G1 X1340 Y729
G1 X1340 Y730
G1 X1339 Y731
G1 X1338 Y732
G1 X1339 Y732
G1 X1338 Y733
G1 X1337 Y734
G1 X1338 Y734
G1 X1337 Y735
G1 X1336 Y736
M5; lift marker up
G4 P0.08
G0 X1362 Y722
M3 S1000;put marker down
G4 P0.2
G1 X1361 Y722
G1 X1360 Y722
G1 X1359 Y722
G1 X1358 Y722
G1 X1357 Y722
G1 X1356 Y723
G1 X1355 Y723
G1 X1354 Y723
G1 X1353 Y723
G1 X1352 Y724
G1 X1353 Y724
G1 X1352 Y725
G1 X1352 Y726
G1 X1352 Y727
G1 X1351 Y728
G1 X1351 Y729
G1 X1350 Y730
G1 X1351 Y730
G1 X1350 Y731
G1 X1350 Y732
G1 X1349 Y733
G1 X1350 Y733
G1 X1349 Y734
G1 X1349 Y735
G1 X1348 Y736
G1 X1348 Y737
M5; lift marker up
G4 P0.08
G0 X1441 Y709
M3 S1000;put marker down
G4 P0.2
G1 X1441 Y710
M5; lift marker up
G4 P0.08
G0 X1447 Y723
M3 S1000;put marker down
G4 P0.2
G1 X1446 Y723
G1 X1445 Y724
G1 X1444 Y725
G1 X1445 Y725
G1 X1444 Y726
G1 X1443 Y727
G1 X1443 Y728
G1 X1443 Y729
G1 X1442 Y730
G1 X1442 Y731
G1 X1442 Y732
G1 X1442 Y733
G1 X1441 Y734
G1 X1441 Y735
G1 X1441 Y736
M5; lift marker up
G4 P0.08
G0 X1576 Y474
M3 S1000;put marker down
G4 P0.2
G1 X1576 Y473
G1 X1575 Y472
G1 X1575 Y471
G1 X1574 Y470
G1 X1573 Y470
G1 X1572 Y470
G1 X1571 Y470
G1 X1570 Y470
G1 X1569 Y471
G1 X1570 Y471
G1 X1569 Y472
G1 X1569 Y473
G1 X1569 Y474
G1 X1568 Y477
G1 X1567 Y478
G1 X1562 Y481
G1 X1563 Y481
G1 X1564 Y480
G1 X1565 Y479
G1 X1566 Y478
G1 X1567 Y477
G1 X1568 Y476
G1 X1568 Y475
G1 X1569 Y476
G1 X1570 Y476
G1 X1571 Y475
G1 X1572 Y475
G1 X1573 Y474
G1 X1574 Y474
G1 X1575 Y474
G1 X1576 Y475
G1 X1576 Y476
G1 X1576 Y477
G1 X1576 Y478
G1 X1576 Y479
G1 X1575 Y480
G1 X1575 Y481
G1 X1574 Y482
G1 X1575 Y482
G1 X1574 Y483
G1 X1573 Y484
G1 X1573 Y485
G1 X1572 Y486
G1 X1572 Y487
G1 X1571 Y488
G1 X1571 Y489
G1 X1570 Y490
G1 X1570 Y491
G1 X1569 Y492
G1 X1568 Y493
G1 X1567 Y494
G1 X1567 Y495
G1 X1566 Y496
G1 X1565 Y497
G1 X1564 Y498
G1 X1563 Y499
G1 X1562 Y500
G1 X1561 Y501
G1 X1560 Y502
G1 X1559 Y503
G1 X1558 Y504
G1 X1557 Y504
G1 X1556 Y505
G1 X1555 Y506
G1 X1554 Y507
G1 X1553 Y508
G1 X1552 Y508
G1 X1551 Y509
G1 X1550 Y510
G1 X1549 Y511
G1 X1548 Y512
G1 X1547 Y512
G1 X1546 Y513
G1 X1545 Y513
G1 X1544 Y514
G1 X1543 Y514
G1 X1542 Y515
G1 X1540 Y515
G1 X1541 Y515
G1 X1540 Y516
G1 X1539 Y516
G1 X1538 Y516
G1 X1537 Y516
G1 X1536 Y516
G1 X1535 Y516
M5; lift marker up
G4 P0.08
G0 X1496 Y258
M3 S1000;put marker down
G4 P0.2
G1 X1494 Y258
G1 X1495 Y258
G1 X1494 Y259
G1 X1493 Y259
G1 X1491 Y259
G1 X1492 Y259
G1 X1491 Y260
G1 X1490 Y260
G1 X1489 Y261
G1 X1490 Y261
G1 X1489 Y262
G1 X1489 Y263
G1 X1489 Y264
G1 X1489 Y266
G1 X1489 Y265
G1 X1490 Y266
G1 X1491 Y266
G1 X1492 Y266
G1 X1493 Y265
M5; lift marker up
G4 P0.08
G0 X1481 Y258
M3 S1000;put marker down
G4 P0.2
G1 X1480 Y259
G1 X1479 Y260
G1 X1478 Y261
G1 X1477 Y261
G1 X1473 Y260
G1 X1474 Y261
G1 X1475 Y261
G1 X1476 Y261
G1 X1477 Y262
G1 X1477 Y263
G1 X1477 Y264
G1 X1478 Y265
G1 X1478 Y266
G1 X1479 Y267
G1 X1480 Y267
M5; lift marker up
G4 P0.08
G0 X1466 Y258
M3 S1000;put marker down
G4 P0.2
G1 X1466 Y259
G1 X1466 Y260
G1 X1466 Y261
G1 X1466 Y262
G1 X1466 Y263
G1 X1466 Y264
G1 X1466 Y265
G1 X1466 Y266
G1 X1466 Y267
G1 X1466 Y268
G1 X1466 Y269
G1 X1466 Y270
G1 X1465 Y271
G1 X1466 Y271
G1 X1465 Y272
G1 X1465 Y273
G1 X1464 Y274
G1 X1464 Y275
G1 X1464 Y276
G1 X1463 Y277
G1 X1462 Y278
G1 X1461 Y279
G1 X1462 Y279
G1 X1461 Y280
G1 X1460 Y280
G1 X1459 Y281
G1 X1458 Y281
G1 X1457 Y281
G1 X1456 Y281
M5; lift marker up
G4 P0.08
G0 X1455 Y257
M3 S1000;put marker down
G4 P0.2
G1 X1455 Y258
G1 X1454 Y259
G1 X1453 Y260
G1 X1454 Y260
G1 X1453 Y261
G1 X1452 Y262
G1 X1451 Y263
G1 X1450 Y264
G1 X1450 Y265
G1 X1449 Y266
G1 X1448 Y267
G1 X1447 Y268
G1 X1447 Y269
G1 X1446 Y269
G1 X1445 Y270
M5; lift marker up
G4 P0.08
G0 X1445 Y253
M3 S1000;put marker down
G4 P0.2
G1 X1444 Y254
G1 X1443 Y254
G1 X1442 Y255
G1 X1441 Y255
G1 X1440 Y256
G1 X1439 Y257
G1 X1439 Y258
G1 X1438 Y259
G1 X1438 Y260
G1 X1437 Y261
G1 X1437 Y262
G1 X1436 Y263
G1 X1437 Y263
G1 X1436 Y264
G1 X1435 Y265
G1 X1436 Y265
G1 X1435 Y266
G1 X1434 Y267
G1 X1435 Y267
G1 X1434 Y268
G1 X1434 Y269
G1 X1434 Y270
G1 X1433 Y271
G1 X1433 Y272
G1 X1433 Y273
M5; lift marker up
G4 P0.08
G0 X1435 Y245
M3 S1000;put marker down
G4 P0.2
G1 X1434 Y247
G1 X1433 Y248
G1 X1429 Y250
G1 X1428 Y251
G1 X1423 Y257
G1 X1424 Y257
G1 X1425 Y256
G1 X1425 Y255
G1 X1426 Y254
G1 X1427 Y253
G1 X1427 Y252
G1 X1427 Y251
G1 X1428 Y250
G1 X1429 Y249
G1 X1430 Y249
G1 X1431 Y249
G1 X1432 Y248
G1 X1433 Y247
G1 X1434 Y246
G1 X1434 Y245
G1 X1435 Y244
G1 X1436 Y243
G1 X1436 Y242
G1 X1436 Y241
G1 X1435 Y240
G1 X1434 Y240
G1 X1433 Y240
G1 X1432 Y240
G1 X1431 Y240
G1 X1430 Y241
G1 X1429 Y241
G1 X1428 Y242
G1 X1427 Y243
G1 X1426 Y244
G1 X1425 Y245
G1 X1424 Y246
G1 X1423 Y247
G1 X1424 Y247
G1 X1423 Y248
G1 X1422 Y249
G1 X1423 Y249
G1 X1422 Y250
G1 X1421 Y251
G1 X1422 Y251
G1 X1421 Y252
G1 X1421 Y253
G1 X1421 Y254
G1 X1421 Y255
G1 X1421 Y257
G1 X1421 Y256
G1 X1422 Y257
G1 X1421 Y258
G1 X1421 Y259
G1 X1421 Y260
G1 X1421 Y261
G1 X1420 Y262
G1 X1420 Y263
G1 X1420 Y264
G1 X1420 Y265
G1 X1419 Y266
G1 X1419 Y267
G1 X1419 Y268
G1 X1419 Y269
G1 X1419 Y270
G1 X1419 Y271
G1 X1419 Y272
G1 X1419 Y273
G1 X1419 Y274
M5; lift marker up
G4 P0.08
G0 X1396 Y269
M3 S1000;put marker down
G4 P0.2
G1 X1395 Y270
G1 X1395 Y271
G1 X1391 Y273
G1 X1391 Y265
G1 X1390 Y265
G1 X1389 Y266
G1 X1388 Y266
G1 X1387 Y267
G1 X1386 Y267
G1 X1385 Y268
G1 X1386 Y268
G1 X1385 Y269
G1 X1384 Y270
G1 X1385 Y270
G1 X1384 Y271
G1 X1384 Y272
G1 X1384 Y273
G1 X1384 Y275
G1 X1384 Y274
G1 X1385 Y275
G1 X1386 Y275
G1 X1387 Y275
G1 X1388 Y274
G1 X1389 Y274
G1 X1390 Y273
G1 X1391 Y272
G1 X1392 Y272
G1 X1393 Y272
G1 X1394 Y271
G1 X1395 Y272
G1 X1395 Y273
G1 X1395 Y274
G1 X1394 Y275
G1 X1394 Y276
G1 X1394 Y277
G1 X1393 Y278
G1 X1393 Y279
G1 X1393 Y280
G1 X1392 Y281
G1 X1392 Y282
G1 X1391 Y283
G1 X1391 Y284
G1 X1390 Y285
G1 X1390 Y286
G1 X1389 Y287
G1 X1389 Y288
G1 X1388 Y289
G1 X1388 Y290
G1 X1387 Y291
G1 X1387 Y292
G1 X1386 Y293
G1 X1386 Y294
G1 X1385 Y295
G1 X1384 Y296
G1 X1384 Y297
M5; lift marker up
G4 P0.08
G0 X1378 Y270
M3 S1000;put marker down
G4 P0.2
G1 X1374 Y270
G1 X1375 Y270
G1 X1376 Y270
G1 X1377 Y270
G1 X1378 Y271
G1 X1378 Y272
G1 X1379 Y273
G1 X1379 Y274
M5; lift marker up
G4 P0.08
G0 X1373 Y258
M3 S1000;put marker down
G4 P0.2
G1 X1372 Y259
G1 X1372 Y260
G1 X1372 Y261
G1 X1372 Y262
G1 X1372 Y263
G1 X1371 Y264
G1 X1371 Y265
G1 X1371 Y266
G1 X1371 Y267
G1 X1371 Y268
G1 X1371 Y270
G1 X1371 Y269
G1 X1372 Y270
G1 X1371 Y271
G1 X1370 Y271
G1 X1369 Y271
G1 X1368 Y271
G1 X1367 Y271
G1 X1366 Y271
G1 X1365 Y272
G1 X1365 Y273
G1 X1365 Y274
G1 X1365 Y275
G1 X1364 Y276
G1 X1364 Y277
M5; lift marker up
G4 P0.08
G0 X1358 Y268
M3 S1000;put marker down
G4 P0.2
G1 X1352 Y264
G1 X1351 Y265
G1 X1350 Y266
G1 X1351 Y266
G1 X1350 Y267
G1 X1350 Y268
G1 X1350 Y269
G1 X1349 Y274
G1 X1347 Y278
G1 X1347 Y277
G1 X1348 Y276
G1 X1348 Y275
G1 X1348 Y274
G1 X1349 Y273
G1 X1349 Y272
G1 X1350 Y271
G1 X1350 Y270
G1 X1351 Y271
G1 X1352 Y270
G1 X1353 Y270
G1 X1354 Y269
G1 X1355 Y269
G1 X1356 Y269
G1 X1357 Y268
G1 X1358 Y269
G1 X1358 Y270
G1 X1357 Y271
G1 X1357 Y272
G1 X1357 Y273
G1 X1357 Y274
G1 X1356 Y275
G1 X1356 Y276
G1 X1356 Y277
G1 X1356 Y278
M5; lift marker up
G4 P0.08
G0 X1369 Y253
M3 S1000;put marker down
G4 P0.2
G1 X1370 Y253
M5; lift marker up
G4 P0.08
G0 X1396 Y168
M3 S1000;put marker down
G4 P0.2
G1 X1397 Y168
G1 X1398 Y167
G1 X1399 Y166
G1 X1400 Y166
G1 X1401 Y165
G1 X1402 Y165
G1 X1403 Y164
G1 X1404 Y164
G1 X1405 Y164
G1 X1406 Y163
G1 X1407 Y163
G1 X1408 Y163
G1 X1409 Y162
G1 X1410 Y162
G1 X1411 Y162
G1 X1412 Y162
G1 X1413 Y163
G1 X1414 Y163
G1 X1415 Y162
G1 X1416 Y161
G1 X1417 Y161
G1 X1418 Y161
G1 X1419 Y161
G1 X1420 Y162
G1 X1421 Y163
G1 X1422 Y163
G1 X1423 Y163
G1 X1424 Y164
G1 X1425 Y165
G1 X1426 Y166
G1 X1427 Y167
G1 X1427 Y168
G1 X1427 Y169
G1 X1428 Y170
G1 X1429 Y170
M5; lift marker up
G4 P0.08
G0 X1426 Y162
M3 S1000;put marker down
G4 P0.2
G1 X1426 Y161
G1 X1427 Y160
G1 X1427 Y159
G1 X1427 Y158
G1 X1427 Y157
G1 X1427 Y156
G1 X1428 Y155
G1 X1428 Y154
G1 X1428 Y153
G1 X1429 Y152
G1 X1429 Y151
G1 X1429 Y150
G1 X1429 Y149
G1 X1430 Y148
G1 X1430 Y147
G1 X1430 Y146
G1 X1430 Y145
G1 X1431 Y144
G1 X1431 Y143
G1 X1431 Y142
G1 X1432 Y141
G1 X1432 Y140
G1 X1432 Y139
M5; lift marker up
G4 P0.08
G0 X1388 Y162
M3 S1000;put marker down
G4 P0.2
G1 X1386 Y163
G1 X1387 Y163
G1 X1386 Y164
G1 X1386 Y165
G1 X1386 Y166
G1 X1386 Y167
G1 X1386 Y168
G1 X1386 Y169
G1 X1386 Y170
G1 X1386 Y171
G1 X1386 Y172
G1 X1386 Y173
G1 X1386 Y174
G1 X1386 Y175
G1 X1385 Y176
G1 X1386 Y176
G1 X1385 Y177
G1 X1385 Y178
G1 X1385 Y179
G1 X1384 Y180
G1 X1384 Y181
G1 X1383 Y182
G1 X1382 Y183
G1 X1382 Y184
G1 X1381 Y184
G1 X1380 Y185
G1 X1379 Y185
G1 X1378 Y185
G1 X1377 Y184
G1 X1377 Y183
G1 X1377 Y182
G1 X1377 Y181
G1 X1377 Y180
G1 X1377 Y179
G1 X1377 Y178
G1 X1377 Y177
G1 X1377 Y176
G1 X1377 Y175
G1 X1377 Y174
G1 X1377 Y173
G1 X1377 Y172
G1 X1378 Y171
G1 X1378 Y170
G1 X1378 Y169
G1 X1378 Y168
G1 X1379 Y167
G1 X1379 Y166
M5; lift marker up
G4 P0.08
G0 X1368 Y162
M3 S1000;put marker down
G4 P0.2
G1 X1369 Y162
G1 X1370 Y162
G1 X1371 Y162
G1 X1372 Y161
G1 X1373 Y161
G1 X1374 Y161
M5; lift marker up
G4 P0.08
G0 X1370 Y142
M3 S1000;put marker down
G4 P0.2
G1 X1369 Y142
G1 X1368 Y143
G1 X1368 Y144
G1 X1367 Y145
G1 X1367 Y146
G1 X1367 Y147
G1 X1367 Y148
G1 X1366 Y149
G1 X1366 Y150
G1 X1366 Y151
G1 X1366 Y152
G1 X1366 Y153
G1 X1366 Y154
G1 X1366 Y155
G1 X1365 Y156
G1 X1365 Y157
G1 X1365 Y158
G1 X1365 Y159
G1 X1365 Y160
G1 X1365 Y161
G1 X1366 Y162
G1 X1365 Y162
G1 X1364 Y163
G1 X1361 Y163
G1 X1362 Y163
G1 X1363 Y163
G1 X1364 Y164
G1 X1364 Y165
G1 X1364 Y166
G1 X1364 Y167
G1 X1364 Y168
G1 X1364 Y169
G1 X1364 Y170
G1 X1364 Y171
G1 X1364 Y172
G1 X1364 Y173
G1 X1364 Y174
G1 X1364 Y175
G1 X1364 Y176
G1 X1364 Y177
G1 X1364 Y178
G1 X1364 Y179
G1 X1364 Y180
G1 X1364 Y181
G1 X1364 Y182
G1 X1364 Y183
G1 X1364 Y184
M5; lift marker up
G4 P0.08
G0 X1310 Y167
M3 S1000;put marker down
G4 P0.2
G1 X1311 Y166
G1 X1312 Y166
G1 X1313 Y166
G1 X1314 Y165
G1 X1315 Y165
G1 X1316 Y165
M5; lift marker up
G4 P0.08
G0 X1302 Y169
M3 S1000;put marker down
G4 P0.2
G1 X1297 Y169
G1 X1298 Y169
G1 X1299 Y169
G1 X1300 Y169
G1 X1301 Y169
G1 X1302 Y170
G1 X1302 Y171
G1 X1302 Y172
G1 X1302 Y173
G1 X1302 Y174
G1 X1302 Y175
G1 X1302 Y176
G1 X1302 Y177
G1 X1302 Y178
G1 X1302 Y179
G1 X1302 Y180
G1 X1302 Y181
M5; lift marker up
G4 P0.08
G0 X1283 Y173
M3 S1000;put marker down
G4 P0.2
G1 X1282 Y174
G1 X1281 Y175
G1 X1282 Y175
G1 X1281 Y176
G1 X1281 Y177
G1 X1281 Y178
G1 X1281 Y179
G1 X1281 Y180
G1 X1281 Y181
G1 X1281 Y182
G1 X1281 Y183
G1 X1282 Y184
G1 X1281 Y184
G1 X1282 Y185
G1 X1282 Y186
G1 X1282 Y187
G1 X1283 Y188
G1 X1283 Y189
G1 X1284 Y190
G1 X1285 Y190
G1 X1286 Y190
M5; lift marker up
G4 P0.08
G0 X1273 Y174
M3 S1000;put marker down
G4 P0.2
G1 X1272 Y178
G1 X1271 Y179
G1 X1269 Y182
G1 X1268 Y181
G1 X1268 Y180
G1 X1269 Y180
G1 X1270 Y179
G1 X1271 Y178
G1 X1272 Y177
G1 X1273 Y176
G1 X1273 Y175
G1 X1272 Y174
G1 X1271 Y173
G1 X1270 Y173
G1 X1269 Y173
G1 X1268 Y174
G1 X1267 Y175
G1 X1266 Y176
G1 X1266 Y177
G1 X1266 Y178
G1 X1266 Y179
G1 X1266 Y180
G1 X1267 Y181
G1 X1266 Y181
G1 X1265 Y182
G1 X1264 Y182
G1 X1263 Y182
G1 X1262 Y182
G1 X1261 Y182
G1 X1260 Y178
G1 X1260 Y179
G1 X1260 Y180
G1 X1259 Y182
G1 X1259 Y181
G1 X1260 Y182
G1 X1259 Y183
G1 X1259 Y184
G1 X1259 Y185
G1 X1259 Y186
G1 X1259 Y187
G1 X1259 Y188
G1 X1259 Y189
G1 X1259 Y190
G1 X1259 Y191
G1 X1258 Y192
G1 X1259 Y192
G1 X1258 Y193
G1 X1258 Y194
G1 X1258 Y195
G1 X1258 Y196
G1 X1258 Y197
G1 X1258 Y198
G1 X1257 Y199
G1 X1257 Y200
G1 X1257 Y201
G1 X1257 Y202
G1 X1256 Y203
G1 X1256 Y204
G1 X1256 Y205
G1 X1255 Y206
G1 X1255 Y207
G1 X1254 Y208
G1 X1253 Y208
G1 X1252 Y208
M5; lift marker up
G4 P0.08
G0 X1305 Y149
M3 S1000;put marker down
G4 P0.2
G1 X1305 Y150
G1 X1305 Y151
G1 X1305 Y152
G1 X1304 Y153
G1 X1304 Y154
G1 X1304 Y155
G1 X1304 Y156
G1 X1303 Y157
G1 X1304 Y157
G1 X1303 Y158
G1 X1303 Y159
G1 X1303 Y160
G1 X1303 Y161
G1 X1303 Y162
G1 X1302 Y163
G1 X1302 Y164
G1 X1302 Y165
G1 X1302 Y166
G1 X1303 Y167
G1 X1304 Y168
G1 X1305 Y168
G1 X1306 Y168
G1 X1307 Y168
G1 X1308 Y168
G1 X1309 Y169
G1 X1310 Y172
G1 X1309 Y171
G1 X1309 Y170
G1 X1310 Y171
G1 X1311 Y172
G1 X1312 Y173
G1 X1313 Y173
G1 X1314 Y173
G1 X1315 Y174
G1 X1316 Y174
G1 X1317 Y175
G1 X1317 Y176
G1 X1317 Y177
G1 X1317 Y178
G1 X1317 Y179
G1 X1316 Y180
G1 X1315 Y181
G1 X1316 Y181
G1 X1315 Y182
G1 X1314 Y183
G1 X1313 Y184
G1 X1313 Y185
G1 X1312 Y186
G1 X1312 Y187
G1 X1311 Y188
G1 X1311 Y189
G1 X1310 Y190
G1 X1310 Y191
G1 X1309 Y192
M5; lift marker up
G4 P0.08
G0 X1493 Y185
M3 S1000;put marker down
G4 P0.2
G1 X1492 Y185
G1 X1491 Y185
G1 X1490 Y185
G1 X1489 Y185
G1 X1488 Y185
G1 X1487 Y185
G1 X1486 Y185
G1 X1485 Y185
G1 X1484 Y185
G1 X1483 Y184
G1 X1482 Y184
G1 X1481 Y184
G1 X1480 Y184
G1 X1479 Y184
G1 X1478 Y184
G1 X1477 Y184
G1 X1476 Y184
G1 X1475 Y184
G1 X1474 Y184
G1 X1473 Y184
G1 X1472 Y184
G1 X1471 Y184
G1 X1470 Y184
G1 X1469 Y184
G1 X1468 Y184
G1 X1467 Y184
G1 X1466 Y184
G1 X1465 Y184
G1 X1464 Y184
G1 X1463 Y184
G1 X1462 Y184
G1 X1461 Y184
G1 X1460 Y184
G1 X1459 Y184
G1 X1458 Y184
G1 X1457 Y184
G1 X1456 Y184
G1 X1455 Y184
G1 X1454 Y184
G1 X1453 Y184
G1 X1452 Y184
G1 X1451 Y184
G1 X1450 Y184
G1 X1449 Y184
G1 X1448 Y185
G1 X1447 Y185
G1 X1446 Y185
G1 X1445 Y185
G1 X1444 Y185
G1 X1443 Y185
G1 X1442 Y185
G1 X1441 Y185
G1 X1440 Y185
G1 X1439 Y185
G1 X1438 Y185
G1 X1437 Y185
G1 X1436 Y185
G1 X1435 Y185
G1 X1434 Y185
G1 X1433 Y186
G1 X1432 Y186
G1 X1431 Y186
G1 X1430 Y186
G1 X1429 Y186
G1 X1428 Y186
G1 X1427 Y186
G1 X1426 Y186
G1 X1425 Y186
G1 X1424 Y186
G1 X1423 Y186
G1 X1422 Y186
G1 X1421 Y186
G1 X1420 Y186
G1 X1419 Y187
G1 X1418 Y187
G1 X1417 Y187
G1 X1416 Y187
G1 X1415 Y187
G1 X1414 Y187
G1 X1413 Y187
G1 X1412 Y187
G1 X1411 Y188
G1 X1410 Y188
G1 X1409 Y188
G1 X1408 Y188
G1 X1407 Y188
G1 X1406 Y188
G1 X1405 Y188
G1 X1404 Y188
G1 X1403 Y188
G1 X1401 Y188
G1 X1402 Y188
G1 X1401 Y189
G1 X1400 Y189
G1 X1399 Y189
G1 X1398 Y189
G1 X1397 Y189
G1 X1396 Y189
G1 X1395 Y189
G1 X1394 Y190
G1 X1393 Y190
G1 X1392 Y190
G1 X1391 Y190
G1 X1390 Y190
G1 X1389 Y190
G1 X1388 Y191
G1 X1387 Y191
G1 X1386 Y191
G1 X1385 Y191
G1 X1384 Y191
G1 X1383 Y191
G1 X1382 Y192
G1 X1381 Y192
G1 X1380 Y192
G1 X1379 Y192
G1 X1378 Y192
G1 X1377 Y192
G1 X1376 Y192
G1 X1375 Y192
G1 X1374 Y192
G1 X1373 Y193
G1 X1372 Y193
G1 X1371 Y193
G1 X1370 Y193
G1 X1369 Y193
G1 X1368 Y193
G1 X1366 Y193
G1 X1367 Y193
G1 X1366 Y194
G1 X1365 Y194
G1 X1364 Y194
G1 X1363 Y194
G1 X1362 Y194
G1 X1361 Y194
G1 X1360 Y195
G1 X1359 Y195
G1 X1358 Y195
G1 X1357 Y195
G1 X1356 Y195
G1 X1354 Y195
G1 X1355 Y195
G1 X1354 Y196
G1 X1353 Y196
G1 X1352 Y196
G1 X1351 Y196
G1 X1350 Y196
G1 X1348 Y196
G1 X1349 Y196
G1 X1348 Y197
G1 X1347 Y197
G1 X1346 Y197
G1 X1345 Y197
G1 X1344 Y197
G1 X1343 Y197
G1 X1342 Y197
G1 X1341 Y197
G1 X1340 Y198
G1 X1339 Y198
G1 X1338 Y198
G1 X1337 Y198
G1 X1336 Y198
G1 X1335 Y198
G1 X1334 Y199
G1 X1333 Y199
G1 X1332 Y199
G1 X1331 Y199
G1 X1330 Y199
G1 X1329 Y199
G1 X1328 Y200
G1 X1327 Y200
G1 X1326 Y200
G1 X1325 Y200
G1 X1324 Y200
G1 X1323 Y201
G1 X1322 Y201
G1 X1321 Y201
G1 X1320 Y201
G1 X1319 Y201
G1 X1317 Y201
G1 X1318 Y201
G1 X1317 Y202
G1 X1316 Y202
G1 X1315 Y202
G1 X1314 Y202
G1 X1313 Y202
G1 X1312 Y202
G1 X1311 Y202
G1 X1310 Y203
G1 X1309 Y203
G1 X1308 Y203
G1 X1307 Y203
G1 X1305 Y203
G1 X1306 Y203
G1 X1305 Y204
G1 X1304 Y204
G1 X1303 Y204
G1 X1302 Y204
G1 X1301 Y204
G1 X1300 Y204
G1 X1299 Y205
G1 X1298 Y205
G1 X1297 Y205
G1 X1296 Y205
G1 X1295 Y205
G1 X1294 Y206
G1 X1293 Y206
G1 X1292 Y206
G1 X1291 Y206
G1 X1290 Y206
G1 X1289 Y207
G1 X1288 Y207
G1 X1287 Y207
G1 X1286 Y207
G1 X1284 Y207
G1 X1285 Y207
G1 X1284 Y208
G1 X1283 Y208
G1 X1282 Y208
G1 X1281 Y208
G1 X1280 Y208
G1 X1279 Y208
G1 X1278 Y209
G1 X1277 Y209
G1 X1276 Y209
G1 X1275 Y209
G1 X1274 Y209
G1 X1273 Y210
G1 X1272 Y210
G1 X1271 Y210
G1 X1270 Y210
G1 X1269 Y210
G1 X1268 Y211
G1 X1267 Y211
G1 X1266 Y211
G1 X1265 Y211
G1 X1264 Y211
G1 X1263 Y212
G1 X1262 Y212
G1 X1261 Y212
G1 X1260 Y212
G1 X1259 Y212
G1 X1258 Y213
G1 X1257 Y213
G1 X1256 Y213
G1 X1255 Y213
G1 X1254 Y213
G1 X1253 Y213
G1 X1252 Y213
G1 X1251 Y214
G1 X1250 Y214
G1 X1249 Y214
G1 X1248 Y214
G1 X1247 Y214
G1 X1246 Y214
G1 X1245 Y215
G1 X1244 Y215
G1 X1243 Y215
G1 X1242 Y215
G1 X1241 Y215
G1 X1240 Y215
G1 X1239 Y215
G1 X1238 Y216
G1 X1237 Y216
G1 X1236 Y216
G1 X1235 Y216
G1 X1234 Y216
G1 X1233 Y216
G1 X1232 Y216
G1 X1231 Y217
G1 X1230 Y217
G1 X1229 Y217
G1 X1228 Y217
G1 X1227 Y217
G1 X1226 Y217
G1 X1225 Y217
G1 X1224 Y217
G1 X1223 Y217
G1 X1222 Y218
G1 X1221 Y218
G1 X1220 Y218
G1 X1219 Y218
G1 X1218 Y218
G1 X1217 Y218
G1 X1216 Y218
G1 X1215 Y218
G1 X1214 Y218
G1 X1213 Y219
G1 X1212 Y219
G1 X1211 Y219
G1 X1210 Y219
G1 X1209 Y219
G1 X1208 Y219
G1 X1207 Y219
G1 X1206 Y220
G1 X1205 Y220
G1 X1204 Y220
G1 X1203 Y220
G1 X1202 Y220
G1 X1201 Y220
G1 X1200 Y221
G1 X1199 Y221
G1 X1198 Y221
G1 X1197 Y221
G1 X1196 Y221
G1 X1195 Y221
G1 X1194 Y221
G1 X1193 Y221
G1 X1192 Y222
G1 X1191 Y222
G1 X1190 Y222
G1 X1189 Y222
G1 X1188 Y222
G1 X1187 Y222
G1 X1186 Y222
G1 X1185 Y222
G1 X1184 Y222
G1 X1183 Y223
G1 X1182 Y223
G1 X1181 Y223
G1 X1180 Y223
G1 X1179 Y224
G1 X1178 Y224
M5; lift marker up
G4 P0.08
G0 X1502 Y248
M3 S1000;put marker down
G4 P0.2
G1 X1500 Y248
G1 X1501 Y248
G1 X1502 Y247
G1 X1503 Y247
G1 X1504 Y246
G1 X1505 Y246
G1 X1506 Y246
G1 X1507 Y245
G1 X1508 Y245
G1 X1509 Y245
G1 X1510 Y245
G1 X1511 Y245
G1 X1512 Y246
G1 X1512 Y247
G1 X1512 Y248
G1 X1512 Y249
G1 X1512 Y250
G1 X1511 Y251
G1 X1511 Y252
G1 X1511 Y253
G1 X1511 Y254
G1 X1510 Y255
G1 X1510 Y256
G1 X1510 Y257
G1 X1509 Y258
G1 X1509 Y259
G1 X1509 Y260
G1 X1508 Y261
G1 X1508 Y262
G1 X1508 Y263
G1 X1507 Y264
G1 X1508 Y264
G1 X1507 Y265
G1 X1507 Y266
G1 X1506 Y267
M5; lift marker up
G4 P0.08
G0 X1515 Y236
M3 S1000;put marker down
G4 P0.2
G1 X1515 Y237
G1 X1515 Y238
G1 X1515 Y239
G1 X1515 Y240
G1 X1515 Y241
G1 X1513 Y244
G1 X1514 Y244
G1 X1515 Y243
G1 X1515 Y242
G1 X1516 Y243
G1 X1517 Y243
G1 X1518 Y243
G1 X1519 Y243
G1 X1520 Y243
G1 X1521 Y243
G1 X1522 Y243
G1 X1523 Y243
M5; lift marker up
G4 P0.08
G0 X1729 Y328
M3 S1000;put marker down
G4 P0.2
G1 X1729 Y329
M5; lift marker up
G4 P0.08
G0 X1030 Y685
M3 S1000;put marker down
G4 P0.2
G1 X1034 Y684
G1 X1034 Y685
G1 X1034 Y686
G1 X1033 Y687
G1 X1033 Y688
G1 X1032 Y689
G1 X1033 Y689
G1 X1032 Y690
G1 X1031 Y691
G1 X1030 Y692
G1 X1031 Y692
G1 X1030 Y693
G1 X1029 Y693
G1 X1028 Y693
G1 X1027 Y693
G1 X1027 Y692
G1 X1027 Y691
G1 X1027 Y690
G1 X1027 Y689
G1 X1028 Y688
G1 X1028 Y687
G1 X1029 Y686
G1 X1029 Y685
G1 X1030 Y684
G1 X1031 Y684
G1 X1032 Y684
G1 X1033 Y683
G1 X1034 Y683
G1 X1035 Y682
G1 X1035 Y681
G1 X1036 Y680
G1 X1036 Y679
M5; lift marker up
G4 P0.08
G0 X1014 Y695
M3 S1000;put marker down
G4 P0.2
G1 X1013 Y696
G1 X1012 Y697
G1 X1009 Y701
G1 X1009 Y700
G1 X1010 Y699
G1 X1011 Y698
G1 X1011 Y697
G1 X1012 Y696
G1 X1013 Y695
G1 X1014 Y694
G1 X1015 Y694
G1 X1016 Y693
G1 X1017 Y693
G1 X1018 Y693
G1 X1019 Y693
G1 X1020 Y693
G1 X1021 Y693
G1 X1022 Y693
G1 X1023 Y693
G1 X1024 Y693
G1 X1025 Y694
G1 X1026 Y695
G1 X1025 Y696
G1 X1025 Y697
G1 X1025 Y698
G1 X1024 Y699
G1 X1018 Y706
G1 X1018 Y705
G1 X1019 Y704
G1 X1020 Y703
G1 X1021 Y702
G1 X1021 Y701
G1 X1022 Y700
G1 X1023 Y700
G1 X1024 Y700
G1 X1025 Y701
G1 X1026 Y702
G1 X1025 Y702
G1 X1026 Y703
G1 X1027 Y704
G1 X1028 Y705
G1 X1029 Y706
G1 X1030 Y707
G1 X1031 Y707
G1 X1032 Y708
M5; lift marker up
G4 P0.08
G0 X996 Y691
M3 S1000;put marker down
G4 P0.2
G1 X1002 Y694
G1 X1002 Y695
G1 X1001 Y696
G1 X1000 Y696
G1 X999 Y696
G1 X998 Y696
G1 X997 Y697
G1 X996 Y697
G1 X995 Y698
G1 X994 Y698
G1 X993 Y698
G1 X992 Y698
G1 X992 Y697
G1 X992 Y696
G1 X992 Y695
G1 X992 Y694
G1 X993 Y693
G1 X994 Y692
G1 X995 Y691
G1 X996 Y690
G1 X997 Y690
G1 X998 Y690
G1 X999 Y690
G1 X1000 Y691
G1 X1001 Y692
G1 X1002 Y693
G1 X1003 Y693
G1 X1004 Y692
M5; lift marker up
G4 P0.08
G0 X986 Y671
M3 S1000;put marker down
G4 P0.2
G1 X986 Y672
G1 X985 Y673
G1 X986 Y673
G1 X985 Y674
G1 X984 Y675
G1 X985 Y675
G1 X984 Y676
G1 X984 Y677
G1 X983 Y678
G1 X983 Y679
G1 X982 Y680
G1 X982 Y681
G1 X982 Y682
G1 X982 Y683
G1 X981 Y684
G1 X981 Y686
G1 X981 Y685
G1 X982 Y686
G1 X983 Y686
G1 X984 Y686
G1 X985 Y686
G1 X986 Y685
G1 X987 Y685
G1 X988 Y685
G1 X989 Y685
G1 X990 Y686
G1 X991 Y687
G1 X991 Y688
G1 X991 Y689
G1 X990 Y690
G1 X989 Y691
G1 X990 Y691
G1 X989 Y692
G1 X988 Y693
G1 X987 Y693
G1 X986 Y694
G1 X987 Y694
G1 X986 Y695
G1 X985 Y695
G1 X984 Y696
G1 X983 Y696
G1 X982 Y697
G1 X981 Y697
G1 X980 Y697
G1 X979 Y696
G1 X979 Y695
M5; lift marker up
G4 P0.08
G0 X970 Y680
M3 S1000;put marker down
G4 P0.2
G1 X970 Y681
G1 X970 Y682
G1 X969 Y683
G1 X970 Y683
G1 X969 Y684
G1 X968 Y685
G1 X969 Y685
G1 X968 Y686
G1 X968 Y687
G1 X967 Y688
G1 X964 Y690
G1 X965 Y689
G1 X966 Y689
G1 X967 Y690
G1 X967 Y691
G1 X967 Y692
G1 X967 Y693
G1 X967 Y695
G1 X967 Y694
G1 X968 Y695
G1 X969 Y695
M5; lift marker up
G4 P0.08
G0 X962 Y681
M3 S1000;put marker down
G4 P0.2
G1 X961 Y681
G1 X960 Y681
G1 X959 Y681
G1 X958 Y682
G1 X957 Y682
G1 X955 Y674
G1 X955 Y675
G1 X955 Y676
G1 X955 Y677
G1 X955 Y678
G1 X955 Y679
G1 X955 Y680
G1 X955 Y681
G1 X956 Y682
G1 X955 Y682
G1 X954 Y683
G1 X955 Y683
G1 X954 Y684
G1 X952 Y685
G1 X953 Y684
G1 X954 Y685
G1 X954 Y686
G1 X954 Y687
G1 X954 Y688
G1 X954 Y689
G1 X954 Y690
G1 X954 Y691
G1 X954 Y692
G1 X954 Y693
M5; lift marker up
G4 P0.08
G0 X943 Y699
M3 S1000;put marker down
G4 P0.2
G1 X943 Y700
M5; lift marker up
G4 P0.08
G0 X930 Y682
M3 S1000;put marker down
G4 P0.2
G1 X930 Y681
G1 X931 Y680
G1 X931 Y679
G1 X931 Y678
G1 X931 Y677
G1 X931 Y676
G1 X931 Y675
M5; lift marker up
G4 P0.08
G0 X910 Y686
M3 S1000;put marker down
G4 P0.2
G1 X910 Y687
G1 X910 Y688
G1 X910 Y689
G1 X909 Y690
G1 X909 Y691
G1 X909 Y692
G1 X909 Y693
G1 X909 Y694
G1 X909 Y695
G1 X910 Y696
G1 X910 Y698
G1 X910 Y697
G1 X911 Y698
G1 X912 Y698
G1 X913 Y699
G1 X914 Y699
G1 X915 Y700
G1 X916 Y701
G1 X916 Y702
G1 X917 Y703
G1 X918 Y702
G1 X919 Y702
G1 X920 Y701
G1 X920 Y700
G1 X921 Y699
G1 X921 Y698
G1 X921 Y697
G1 X922 Y696
G1 X922 Y695
G1 X922 Y694
G1 X922 Y693
G1 X923 Y692
G1 X923 Y691
G1 X923 Y690
G1 X923 Y689
G1 X924 Y688
G1 X924 Y687
G1 X924 Y686
G1 X925 Y685
G1 X926 Y684
G1 X927 Y684
G1 X928 Y683
G1 X929 Y684
G1 X929 Y685
G1 X929 Y686
G1 X929 Y687
G1 X928 Y688
G1 X928 Y689
G1 X928 Y690
G1 X928 Y692
G1 X928 Y691
G1 X929 Y692
G1 X930 Y692
G1 X931 Y692
G1 X932 Y692
G1 X933 Y691
G1 X934 Y691
G1 X935 Y691
G1 X936 Y690
G1 X937 Y691
G1 X938 Y692
G1 X938 Y693
G1 X938 Y694
G1 X938 Y695
G1 X938 Y696
G1 X938 Y697
G1 X938 Y698
M5; lift marker up
G4 P0.08
G0 X899 Y693
M3 S1000;put marker down
G4 P0.2
G1 X897 Y693
G1 X898 Y693
G1 X897 Y694
G1 X896 Y694
G1 X895 Y694
M5; lift marker up
G4 P0.08
G0 X883 Y691
M3 S1000;put marker down
G4 P0.2
G1 X881 Y697
G1 X881 Y696
G1 X882 Y695
G1 X882 Y694
G1 X882 Y693
G1 X882 Y692
G1 X882 Y691
G1 X883 Y690
G1 X883 Y689
G1 X883 Y688
G1 X883 Y687
G1 X884 Y686
G1 X884 Y685
G1 X884 Y684
M5; lift marker up
G4 P0.08
G0 X878 Y686
M3 S1000;put marker down
G4 P0.2
G1 X878 Y687
G1 X878 Y688
G1 X878 Y689
G1 X878 Y690
G1 X878 Y691
G1 X878 Y692
G1 X878 Y693
G1 X878 Y694
G1 X877 Y695
G1 X877 Y696
G1 X877 Y697
G1 X878 Y698
G1 X879 Y699
G1 X879 Y700
G1 X878 Y701
M5; lift marker up
G4 P0.08
G0 X874 Y687
M3 S1000;put marker down
G4 P0.2
G1 X874 Y688
G1 X874 Y689
G1 X873 Y690
G1 X873 Y691
G1 X873 Y692
G1 X872 Y693
G1 X872 Y694
G1 X872 Y695
G1 X872 Y696
G1 X871 Y697
G1 X871 Y698
G1 X871 Y699
G1 X871 Y700
G1 X871 Y701
G1 X871 Y702
G1 X870 Y703
G1 X870 Y704
G1 X870 Y705
M5; lift marker up
G4 P0.08
G0 X871 Y680
M3 S1000;put marker down
G4 P0.2
G1 X870 Y680
G1 X869 Y680
G1 X867 Y680
G1 X868 Y680
G1 X867 Y681
G1 X866 Y681
G1 X865 Y682
G1 X864 Y683
G1 X863 Y684
G1 X862 Y685
G1 X862 Y686
G1 X861 Y687
G1 X861 Y688
G1 X860 Y689
G1 X860 Y690
G1 X860 Y691
G1 X859 Y692
G1 X859 Y693
G1 X859 Y694
G1 X859 Y695
G1 X858 Y696
G1 X858 Y697
G1 X858 Y698
G1 X858 Y699
G1 X858 Y700
G1 X858 Y701
G1 X858 Y702
G1 X858 Y703
G1 X858 Y704
G1 X858 Y705
G1 X858 Y706
G1 X858 Y707
G1 X858 Y708
G1 X858 Y709
G1 X858 Y710
G1 X858 Y711
G1 X858 Y712
M5; lift marker up
G4 P0.08
G0 X902 Y679
M3 S1000;put marker down
G4 P0.2
G1 X900 Y679
G1 X901 Y679
G1 X900 Y680
G1 X898 Y680
G1 X899 Y680
G1 X898 Y681
G1 X897 Y681
G1 X896 Y682
G1 X895 Y682
G1 X894 Y683
G1 X893 Y684
G1 X892 Y685
G1 X891 Y686
G1 X890 Y687
G1 X889 Y688
G1 X890 Y688
G1 X889 Y689
G1 X888 Y690
G1 X889 Y690
G1 X888 Y691
G1 X888 Y692
G1 X887 Y693
G1 X887 Y694
G1 X887 Y695
G1 X887 Y696
G1 X886 Y697
G1 X886 Y698
G1 X886 Y699
G1 X886 Y700
G1 X886 Y701
G1 X886 Y702
G1 X886 Y703
G1 X887 Y704
G1 X888 Y705
G1 X889 Y706
G1 X890 Y706
G1 X891 Y706
G1 X892 Y706
G1 X893 Y706
G1 X894 Y705
M5; lift marker up
G4 P0.08
G0 X793 Y901
M3 S1000;put marker down
G4 P0.2
G1 X793 Y902
M5; lift marker up
G4 P0.08
; finished plotting
; lift up pen
G0X0Y0
;ug$1=0 ; unlock motors
